ISO-10303-21;
HEADER;
FILE_DESCRIPTION(('ViewDefinition [CoordinationView, QuantityTakeOffAddOnView]','RevitIdentifiers [ContentGUID: f0cb7fa9-8373-4068-81cf-5cd6e78c73db, VersionGUID: 2e12218f-0ab5-402c-b34d-3ac135a3a6b5, NumberOfSaves: 202]','CoordinateReference [CoordinateBase: Shared Coordinates]','ExchangeRequirement [Architecture]'),'2;1');
FILE_NAME('Sandakerveien-50.ifc','2026-09-11T10:07:52+01:00',(''),(''),'ODA SDAI 25.12','Autodesk - Revit 27.1.0.45 (ENU) - 27.1.0.45','');
FILE_SCHEMA(('IFC4X3_ADD2'));
ENDSEC;

DATA;
#1=IFCORGANIZATION($,'Autodesk Revit 2027 (ENU)',$,$,$);
#2=IFCAPPLICATION(#1,'2027','Autodesk Revit 2027 (ENU)','Revit');
#3=IFCPERSON($,'','KFS',$,$,$,$,$);
#4=IFCORGANIZATION($,'FND','',$,$);
#5=IFCPERSONANDORGANIZATION(#3,#4,$);
#6=IFCOWNERHISTORY(#5,#2,$,.NOCHANGE.,$,$,$,1789108087);
#7=IFCSIUNIT(*,.LENGTHUNIT.,.MILLI.,.METRE.);
#8=IFCSIUNIT(*,.AREAUNIT.,$,.SQUARE_METRE.);
#9=IFCSIUNIT(*,.VOLUMEUNIT.,$,.CUBIC_METRE.);
#10=IFCCARTESIANPOINT((0.,0.,0.));
#11=IFCAXIS2PLACEMENT3D(#10,$,$);
#12=IFCDIRECTION((0.,1.));
#13=IFCGEOMETRICREPRESENTATIONCONTEXT($,'Model',3,0.01,#11,#12);
#14=IFCGEOMETRICREPRESENTATIONSUBCONTEXT('Axis','Model',*,*,*,*,#13,$,.GRAPH_VIEW.,$);
#15=IFCGEOMETRICREPRESENTATIONSUBCONTEXT('Body','Model',*,*,*,*,#13,$,.MODEL_VIEW.,$);
#16=IFCGEOMETRICREPRESENTATIONSUBCONTEXT('Box','Model',*,*,*,*,#13,$,.MODEL_VIEW.,$);
#17=IFCGEOMETRICREPRESENTATIONSUBCONTEXT('FootPrint','Model',*,*,*,*,#13,$,.MODEL_VIEW.,$);
#18=IFCPROJECT('3mot_fWtD0Q87FNDOOSumh',#6,'Q326091580',$,$,'Sandakerveien 50B','Project Status',(#13),#12097);
#19=IFCAXIS2PLACEMENT3D(#10,$,$);
#20=IFCLOCALPLACEMENT(#43,#19);
#21=IFCBUILDING('3mot_fWtD0Q87FNDOOSumg',#6,'',$,$,#20,$,'',.ELEMENT.,$,$,$);
#22=IFCCARTESIANPOINT((0.,0.,-3000.));
#23=IFCAXIS2PLACEMENT3D(#22,$,$);
#24=IFCLOCALPLACEMENT(#20,#23);
#25=IFCBUILDINGSTOREY('0egXZYVej5GRcA0W_$ewrl',#6,'-1',$,$,#24,$,'-1',.ELEMENT.,-3000.);
#26=IFCAXIS2PLACEMENT3D(#10,$,$);
#27=IFCLOCALPLACEMENT(#20,#26);
#28=IFCBUILDINGSTOREY('0AOVyMliz5pBSZEG_8l1wa',#6,'1',$,$,#27,$,'1',.ELEMENT.,0.);
#29=IFCCARTESIANPOINT((0.,0.,3000.));
#30=IFCAXIS2PLACEMENT3D(#29,$,$);
#31=IFCLOCALPLACEMENT(#20,#30);
#32=IFCBUILDINGSTOREY('0egXZYVej5GRcA0W_$ewmM',#6,'2',$,$,#31,$,'2',.ELEMENT.,3000.);
#33=IFCCARTESIANPOINT((0.,0.,6000.));
#34=IFCAXIS2PLACEMENT3D(#33,$,$);
#35=IFCLOCALPLACEMENT(#20,#34);
#36=IFCBUILDINGSTOREY('0egXZYVej5GRcA0W_$ewn6',#6,'3',$,$,#35,$,'3',.ELEMENT.,6000.);
#37=IFCCARTESIANPOINT((0.,0.,9000.));
#38=IFCAXIS2PLACEMENT3D(#37,$,$);
#39=IFCLOCALPLACEMENT(#20,#38);
#40=IFCBUILDINGSTOREY('0egXZYVej5GRcA0W_$ewos',#6,'4',$,$,#39,$,'4',.ELEMENT.,9000.);
#41=IFCCARTESIANPOINT((0.061236524297543941,0.044857857323032137,333.00609185748789));
#42=IFCAXIS2PLACEMENT3D(#41,$,$);
#43=IFCLOCALPLACEMENT($,#42);
#44=IFCSITE('3mot_fWtD0Q87FNDOOSumf',#6,'Default',$,$,#43,$,$,.ELEMENT.,(42,21,31,181945),(-71,-3,-24,-263305),0.,$,$);
#45=IFCPROPERTYSINGLEVALUE('Reference',$,IFCIDENTIFIER('Project Information'),$);
#46=IFCPROPERTYSET('3b9BFsa1sQfY0QXPq8KWff',#6,'Pset_SiteCommon',$,(#45));
#47=IFCPROPERTYSINGLEVALUE('IsExternal',$,IFCBOOLEAN(.F.),$);
#48=IFCPROPERTYSET('0tLvvzR_ZXbJAFyz4c$uYv',#6,'Pset_SpaceCommon',$,(#45,#47));
#49=IFCRELDEFINESBYPROPERTIES('1ZA6PmELdce8VPqowDHvHY',#6,$,$,(#44),#46);
#50=IFCRELDEFINESBYPROPERTIES('1$kiWEi_3p3pTP7Ur1sVas',#6,$,$,(#44),#48);
#53=IFCAXIS2PLACEMENT3D(#10,$,$);
#54=IFCLOCALPLACEMENT(#27,#53);
#55=IFCCARTESIANPOINT((-82.19369940743708,-3690.7476181311163));
#56=IFCCARTESIANPOINT((2445.5529368784087,-3690.7476181311163));
#57=IFCCARTESIANPOINT((1882.0102365669704,1211.5128960777008));
#58=IFCCARTESIANPOINT((238.23568371098534,1224.4796510766334));
#59=IFCCARTESIANPOINT((111.82739525761998,1225.4768105127407));
#60=IFCCARTESIANPOINT((112.22180310250347,1275.4752549130606));
#61=IFCCARTESIANPOINT((84.398774972066761,1275.3629539214367));
#62=IFCCARTESIANPOINT((-554.42791317819024,1272.784482943443));
#63=IFCCARTESIANPOINT((-557.71370310830002,1272.771220639077));
#64=IFCCARTESIANPOINT((-556.40235592706551,1230.7480756333457));
#65=IFCCARTESIANPOINT((-675.80702479878084,1231.689987700483));
#66=IFCCARTESIANPOINT((-652.76524923453246,391.68931789500868));
#67=IFCCARTESIANPOINT((-641.20992698247585,-29.566344650639746));
#68=IFCCARTESIANPOINT((-626.2312238153072,-511.63443422786855));
#69=IFCCARTESIANPOINT((-527.49573403644672,-3689.2946361716527));
#70=IFCPOLYLINE((#55,#56,#57,#58,#59,#60,#61,#62,#63,#64,#65,#66,#67,#68,#69,#55));
#71=IFCARBITRARYCLOSEDPROFILEDEF(.AREA.,$,#70);
#72=IFCCARTESIANPOINT((3563.6298082299741,1737.1847819946793,0.));
#73=IFCDIRECTION((0.,0.,1.));
#74=IFCDIRECTION((-0.0040362277009250392,-0.99999185439979776,0.));
#75=IFCAXIS2PLACEMENT3D(#72,#73,#74);
#76=IFCEXTRUDEDAREASOLID(#71,#75,#73,2455.0060918574959);
#77=IFCSIUNIT(*,.PLANEANGLEUNIT.,$,.RADIAN.);
#78=IFCDIMENSIONALEXPONENTS(0,0,0,0,0,0,0);
#79=IFCMEASUREWITHUNIT(IFCPLANEANGLEMEASURE(0.017453292519943278),#77);
#80=IFCCONVERSIONBASEDUNIT(#78,.PLANEANGLEUNIT.,'DEGREE',#79);
#81=IFCSHAPEREPRESENTATION(#15,'Body','SweptSolid',(#76));
#82=IFCPRODUCTDEFINITIONSHAPE($,$,(#81));
#83=IFCSPACE('2Na3P7RgfB4fj4RPHb2AG6',#6,'11',$,$,#54,#82,'KJ\X\D8KKEN',.ELEMENT.,.NOTDEFINED.,$);
#84=IFCSPACETYPE('1BcdHYEmtIQOLuwgSuqgqr',#6,'NOTDEFINED',$,$,$,$,$,$,.NOTDEFINED.,$);
#85=IFCPROPERTYSINGLEVALUE('Reference',$,IFCIDENTIFIER('KJ\X\D8KKEN 11'),$);
#86=IFCPROPERTYSET('3i_CnrhqUnf7NTMPlazliU',#6,'Pset_SpaceCommon',$,(#47,#85));
#87=IFCRELDEFINESBYPROPERTIES('3ryvXo1ZnPkRBMWUMmOcpR',#6,$,$,(#83),#86);
#88=IFCQUANTITYAREA('GrossSurfaceArea','',$,65.249391064171405,$);
#89=IFCQUANTITYAREA('NetSurfaceArea','',$,65.249391064169927,$);
#90=IFCQUANTITYVOLUME('GrossVolume','',$,33.437030295104783,$);
#91=IFCQUANTITYVOLUME('NetVolume','',$,33.43703029509463,$);
#92=IFCELEMENTQUANTITY('3F6zB1Q2jUeGKBTN62BIrr',#6,'Qto_BodyGeometryValidation',$,'BaseQuantities',(#88,#89,#90,#91));
#93=IFCRELDEFINESBYPROPERTIES('1vGkY7_oAo6GuzB$1Ly7Uu',#6,$,$,(#83),#92);
#94=IFCQUANTITYLENGTH('Height','',$,2455.0060918574964,$);
#95=IFCQUANTITYLENGTH('GrossPerimeter','',$,15482.452597395475,$);
#96=IFCQUANTITYAREA('GrossFloorArea','',$,13.61993781033993,$);
#97=IFCQUANTITYAREA('NetFloorArea','',$,13.61993781033993,$);
#98=IFCQUANTITYAREA('GrossCeilingArea','',$,13.61993781033993,$);
#99=IFCQUANTITYVOLUME('GrossVolume','',$,33.437030295104783,$);
#100=IFCQUANTITYVOLUME('NetVolume','',$,33.43703029509463,$);
#101=IFCELEMENTQUANTITY('35L_PwbN5VJ9lFKmML4hzG',#6,'Qto_SpaceBaseQuantities',$,'BaseQuantities',(#94,#95,#96,#97,#98,#99,#100));
#102=IFCRELDEFINESBYPROPERTIES('1Ex1o$GVM6FS0eJ6PU4YVw',#6,$,$,(#83),#101);
#103=IFCAXIS2PLACEMENT3D(#121,$,$);
#104=IFCLOCALPLACEMENT(#27,#103);
#105=IFCCARTESIANPOINT((-576.80820140146477,-2424.3566570587204));
#106=IFCCARTESIANPOINT((1056.4768808891286,-2424.3566570587204));
#107=IFCCARTESIANPOINT((949.16152224308564,700.89467970749672));
#108=IFCCARTESIANPOINT((35.410820008447885,694.22496655248608));
#109=IFCCARTESIANPOINT((32.620859744190852,694.20460187902427));
#110=IFCCARTESIANPOINT((-116.35823258016507,691.68782279507184));
#111=IFCCARTESIANPOINT((-390.07379348619429,690.19399929619999));
#112=IFCCARTESIANPOINT((-390.90870176571309,690.18944272074111));
#113=IFCCARTESIANPOINT((-599.52115365132079,687.31780116642517));
#114=IFCPOLYLINE((#105,#106,#107,#108,#109,#110,#111,#112,#113,#105));
#115=IFCARBITRARYCLOSEDPROFILEDEF(.AREA.,$,#114);
#116=IFCCARTESIANPOINT((2432.0033802292946,1038.7531752208713,0.));
#117=IFCDIRECTION((-0.0072990756306185378,-0.99997336139266157,0.));
#118=IFCAXIS2PLACEMENT3D(#116,#73,#117);
#119=IFCEXTRUDEDAREASOLID(#115,#118,#73,2455.0060918574964);
#120=IFCSHAPEREPRESENTATION(#15,'Body','SweptSolid',(#119));
#121=IFCCARTESIANPOINT((-122.77534577221944,2379.6233251075778,0.));
#122=IFCPRODUCTDEFINITIONSHAPE($,$,(#120));
#123=IFCSPACE('2Na3P7RgfB4fj4RPHb2AHu',#6,'17',$,$,#104,#122,'SOVEROM',.ELEMENT.,.NOTDEFINED.,$);
#124=IFCPROPERTYSINGLEVALUE('Reference',$,IFCIDENTIFIER('SOVEROM 17'),$);
#125=IFCPROPERTYSET('3VkuR2ODIwdqtwvfOMi_Uq',#6,'Pset_SpaceCommon',$,(#47,#124));
#126=IFCRELDEFINESBYPROPERTIES('2u_8CFrjDlY30_skUCTUhp',#6,$,$,(#123),#125);
#127=IFCQUANTITYAREA('GrossSurfaceArea','',$,33.054062164961451,$);
#128=IFCQUANTITYAREA('NetSurfaceArea','',$,33.054062164961444,$);
#129=IFCQUANTITYVOLUME('GrossVolume','',$,12.183857541854119,$);
#130=IFCQUANTITYVOLUME('NetVolume','',$,12.183857541854119,$);
#131=IFCELEMENTQUANTITY('1IZSTS4DTgtrTdTAgdNAru',#6,'Qto_BodyGeometryValidation',$,'BaseQuantities',(#127,#128,#129,#130));
#132=IFCRELDEFINESBYPROPERTIES('1kP9e$EpZ3QwT2zu8FdjXh',#6,$,$,(#123),#131);
#133=IFCQUANTITYLENGTH('Height','',$,2455.0060918574964,$);
#134=IFCQUANTITYLENGTH('GrossPerimeter','',$,9420.8879344599645,$);
#135=IFCQUANTITYAREA('GrossFloorArea','',$,4.9628624475777245,$);
#136=IFCQUANTITYAREA('NetFloorArea','',$,4.9628624475777245,$);
#137=IFCQUANTITYAREA('GrossCeilingArea','',$,4.9628624475777245,$);
#138=IFCQUANTITYVOLUME('GrossVolume','',$,12.183857541854119,$);
#139=IFCQUANTITYVOLUME('NetVolume','',$,12.183857541854119,$);
#140=IFCELEMENTQUANTITY('3ojDhK$dPmD$NOZeSZL0ZC',#6,'Qto_SpaceBaseQuantities',$,'BaseQuantities',(#133,#134,#135,#136,#137,#138,#139));
#141=IFCRELDEFINESBYPROPERTIES('22XFxWwAt96aUlhLWUtpuZ',#6,$,$,(#123),#140);
#142=IFCAXIS2PLACEMENT3D(#163,$,$);
#143=IFCLOCALPLACEMENT(#27,#142);
#144=IFCCARTESIANPOINT((-575.10137192895252,1478.4865953306778));
#145=IFCCARTESIANPOINT((-1802.3022962260859,1478.4865953306646));
#146=IFCCARTESIANPOINT((-1794.7123103968645,985.90580061132198));
#147=IFCCARTESIANPOINT((-2192.2839783575569,979.77977345339923));
#148=IFCCARTESIANPOINT((-2177.0568722927283,-8.4407812954477972));
#149=IFCCARTESIANPOINT((-2145.7833628932458,-2038.0532812757144));
#150=IFCCARTESIANPOINT((2425.7759673500418,-1967.6119021030568));
#151=IFCCARTESIANPOINT((2427.7785610840056,-1967.5295348337584));
#152=IFCCARTESIANPOINT((3234.8865802540245,-1934.3329446115026));
#153=IFCCARTESIANPOINT((3171.3479037820084,1514.8230840627389));
#154=IFCCARTESIANPOINT((-572.54882037464586,1478.4865953306776));
#155=IFCPOLYLINE((#144,#145,#146,#147,#148,#149,#150,#151,#152,#153,#154,#144));
#156=IFCARBITRARYCLOSEDPROFILEDEF(.AREA.,$,#155);
#157=IFCCARTESIANPOINT((2176.92851940125,1506.0787902478041,0.));
#158=IFCDIRECTION((0.,0.,-1.));
#159=IFCDIRECTION((0.99988130848909162,0.015406782082639653,0.));
#160=IFCAXIS2PLACEMENT3D(#157,#158,#159);
#161=IFCEXTRUDEDAREASOLID(#156,#160,#158,2455.0060918574954);
#162=IFCSHAPEREPRESENTATION(#15,'Body','SweptSolid',(#161));
#163=IFCCARTESIANPOINT((6652.1225354569051,27.783144841227916,0.));
#164=IFCPRODUCTDEFINITIONSHAPE($,$,(#162));
#165=IFCSPACE('2Na3P7RgfB4fj4RPHb2AH$',#6,'19',$,$,#143,#164,'STUE',.ELEMENT.,.NOTDEFINED.,$);
#166=IFCPROPERTYSINGLEVALUE('Reference',$,IFCIDENTIFIER('STUE 19'),$);
#167=IFCPROPERTYSET('3mQwuzSIdQ4xE0UIuVzA6i',#6,'Pset_SpaceCommon',$,(#47,#166));
#168=IFCRELDEFINESBYPROPERTIES('23WDFq9b6zqGpLNg_LL_Or',#6,$,$,(#165),#167);
#169=IFCQUANTITYAREA('GrossSurfaceArea','',$,80.585349320203932,$);
#170=IFCQUANTITYAREA('NetSurfaceArea','',$,80.585349320203946,$);
#171=IFCQUANTITYVOLUME('GrossVolume','',$,45.537395943462727,$);
#172=IFCQUANTITYVOLUME('NetVolume','',$,45.537395943462727,$);
#173=IFCELEMENTQUANTITY('0y7qELWI2T8kwNDFruMggz',#6,'Qto_BodyGeometryValidation',$,'BaseQuantities',(#169,#170,#171,#172));
#174=IFCRELDEFINESBYPROPERTIES('0irJsUtM9oH_6SU$NYVPii',#6,$,$,(#165),#173);
#175=IFCQUANTITYLENGTH('Height','',$,2455.0060918574964,$);
#176=IFCQUANTITYLENGTH('GrossPerimeter','',$,17713.913874049733,$);
#177=IFCQUANTITYAREA('GrossFloorArea','',$,18.548791424386412,$);
#178=IFCQUANTITYAREA('NetFloorArea','',$,18.548791424386412,$);
#179=IFCQUANTITYAREA('GrossCeilingArea','',$,18.548791424386412,$);
#180=IFCQUANTITYVOLUME('GrossVolume','',$,45.537395943462727,$);
#181=IFCQUANTITYVOLUME('NetVolume','',$,45.537395943462727,$);
#182=IFCELEMENTQUANTITY('0vjPOPm4lhC5CJ8YP7Wx0o',#6,'Qto_SpaceBaseQuantities',$,'BaseQuantities',(#175,#176,#177,#178,#179,#180,#181));
#183=IFCRELDEFINESBYPROPERTIES('21_Xjktt3dkgiLxAuK$hut',#6,$,$,(#165),#182);
#192=IFCAXIS2PLACEMENT3D(#213,$,$);
#193=IFCLOCALPLACEMENT(#27,#192);
#194=IFCCARTESIANPOINT((-1271.0719233998286,-913.05704951849486));
#195=IFCCARTESIANPOINT((377.81982270941728,-913.05704951849475));
#196=IFCCARTESIANPOINT((394.16353738552323,55.345911546275389));
#197=IFCCARTESIANPOINT((453.58956577991682,54.563613994435123));
#198=IFCCARTESIANPOINT((453.61132372413533,55.852822600032184));
#199=IFCCARTESIANPOINT((393.59793201861265,55.938204370659022));
#200=IFCCARTESIANPOINT((395.13707561192933,109.36618753210561));
#201=IFCCARTESIANPOINT((398.52795535309883,227.073116567407));
#202=IFCCARTESIANPOINT((456.50055594213501,227.04652553501074));
#203=IFCCARTESIANPOINT((469.03909659388358,969.98410950637424));
#204=IFCCARTESIANPOINT((-1244.4491710480561,984.00065690317899));
#205=IFCCARTESIANPOINT((-1276.4657706707737,-913.05704951849498));
#206=IFCPOLYLINE((#194,#195,#196,#197,#198,#199,#200,#201,#202,#203,#204,#205,#194));
#207=IFCARBITRARYCLOSEDPROFILEDEF(.AREA.,$,#206);
#208=IFCCARTESIANPOINT((452.60424333378825,977.76083258879248,0.));
#209=IFCDIRECTION((-0.99985761423694519,-0.016874574139934553,0.));
#210=IFCAXIS2PLACEMENT3D(#208,#73,#209);
#211=IFCEXTRUDEDAREASOLID(#207,#210,#73,2455.0060918574964);
#212=IFCSHAPEREPRESENTATION(#15,'Body','SweptSolid',(#211));
#213=IFCCARTESIANPOINT((4838.641720881209,1543.4275482669818,0.));
#214=IFCPRODUCTDEFINITIONSHAPE($,$,(#212));
#215=IFCSPACE('2Na3P7RgfB4fj4RPHb2AHf',#6,'6',$,$,#193,#214,'ENTR\X\C9',.ELEMENT.,.NOTDEFINED.,$);
#216=IFCPROPERTYSINGLEVALUE('Reference',$,IFCIDENTIFIER('ENTR\X\C9 6'),$);
#217=IFCPROPERTYSET('1OwUj0PhBZHgmzUwtBHg2y',#6,'Pset_SpaceCommon',$,(#47,#216));
#218=IFCRELDEFINESBYPROPERTIES('3qh6OdaPdPrj3ztUC$5_Nt',#6,$,$,(#215),#217);
#219=IFCQUANTITYAREA('GrossSurfaceArea','',$,24.329762789978322,$);
#220=IFCQUANTITYAREA('NetSurfaceArea','',$,24.329762789978314,$);
#221=IFCQUANTITYVOLUME('GrossVolume','',$,7.7857794138694132,$);
#222=IFCQUANTITYVOLUME('NetVolume','',$,7.7857794138694087,$);
#223=IFCELEMENTQUANTITY('0yGtqjl3HWlQ8jfPSQJjE2',#6,'Qto_BodyGeometryValidation',$,'BaseQuantities',(#219,#220,#221,#222));
#224=IFCRELDEFINESBYPROPERTIES('1Eojb$l6rKTD8PLA2dIqFz',#6,$,$,(#215),#223);
#225=IFCQUANTITYLENGTH('Height','',$,2455.0060918574964,$);
#226=IFCQUANTITYLENGTH('GrossPerimeter','',$,7326.655835521241,$);
#227=IFCQUANTITYAREA('GrossFloorArea','',$,3.1713890404151988,$);
#228=IFCQUANTITYAREA('NetFloorArea','',$,3.1713890404151988,$);
#229=IFCQUANTITYAREA('GrossCeilingArea','',$,3.1713890404151988,$);
#230=IFCQUANTITYVOLUME('GrossVolume','',$,7.7857794138694132,$);
#231=IFCQUANTITYVOLUME('NetVolume','',$,7.7857794138694087,$);
#232=IFCELEMENTQUANTITY('2fSVQPv9QlqbdoKkXLwAam',#6,'Qto_SpaceBaseQuantities',$,'BaseQuantities',(#225,#226,#227,#228,#229,#230,#231));
#233=IFCRELDEFINESBYPROPERTIES('084OmnWsxEbiCNSlyHq8c_',#6,$,$,(#215),#232);
#242=IFCAXIS2PLACEMENT3D(#259,$,$);
#243=IFCLOCALPLACEMENT(#27,#242);
#244=IFCCARTESIANPOINT((-145.00438815122695,-352.40868350968623));
#245=IFCCARTESIANPOINT((-143.70870586745798,-352.40868350968623));
#246=IFCCARTESIANPOINT((435.35573373508714,-344.34091587957238));
#247=IFCCARTESIANPOINT((436.10369094623024,-300.0227181884984));
#248=IFCCARTESIANPOINT((450.79757718509984,570.6240855091462));
#249=IFCCARTESIANPOINT((-336.66646968030352,565.4959111530253));
#250=IFCCARTESIANPOINT((-340.69321291873285,565.46968793496683));
#251=IFCCARTESIANPOINT((-356.18422524870061,-352.4086835096968));
#252=IFCPOLYLINE((#244,#245,#246,#247,#248,#249,#250,#251,#244));
#253=IFCARBITRARYCLOSEDPROFILEDEF(.AREA.,$,#252);
#254=IFCCARTESIANPOINT((441.10435159115161,578.14985390160552,0.));
#255=IFCDIRECTION((-0.99985761423694575,-0.016874574139900875,0.));
#256=IFCAXIS2PLACEMENT3D(#254,#73,#255);
#257=IFCEXTRUDEDAREASOLID(#253,#256,#73,2455.0060918574964);
#258=IFCSHAPEREPRESENTATION(#15,'Body','SweptSolid',(#257));
#259=IFCCARTESIANPOINT((4006.7813739735216,2489.5333611731817,0.));
#260=IFCPRODUCTDEFINITIONSHAPE($,$,(#258));
#261=IFCSPACE('1mEOyuhLPCkBKgiURn8XK_',#6,'13',$,$,#243,#260,'KOTT',.ELEMENT.,.NOTDEFINED.,$);
#262=IFCPROPERTYSINGLEVALUE('Reference',$,IFCIDENTIFIER('KOTT 13'),$);
#263=IFCPROPERTYSET('0sCYyAKnRQlMlWVvQ2Kd6P',#6,'Pset_SpaceCommon',$,(#47,#262));
#264=IFCRELDEFINESBYPROPERTIES('2ut5eL7$GXZanJ41IcFuPa',#6,$,$,(#261),#263);
#265=IFCQUANTITYAREA('GrossSurfaceArea','',$,9.8390451385303201,$);
#266=IFCQUANTITYAREA('NetSurfaceArea','',$,9.8390451385303201,$);
#267=IFCQUANTITYVOLUME('GrossVolume','',$,1.7826209368518278,$);
#268=IFCQUANTITYVOLUME('NetVolume','',$,1.7826209368518267,$);
#269=IFCELEMENTQUANTITY('0oYvPLI5T5nwKMggMW14GR',#6,'Qto_BodyGeometryValidation',$,'BaseQuantities',(#265,#266,#267,#268));
#270=IFCRELDEFINESBYPROPERTIES('0$50r__ueNc7QpVf2gEA6I',#6,$,$,(#261),#269);
#271=IFCQUANTITYLENGTH('Height','',$,2455.0060918574964,$);
#272=IFCQUANTITYLENGTH('GrossPerimeter','',$,3416.2081121369442,$);
#273=IFCQUANTITYAREA('GrossFloorArea','',$,0.72611670609056145,$);
#274=IFCQUANTITYAREA('NetFloorArea','',$,0.72611670609056145,$);
#275=IFCQUANTITYAREA('GrossCeilingArea','',$,0.72611670609056145,$);
#276=IFCQUANTITYVOLUME('GrossVolume','',$,1.7826209368518278,$);
#277=IFCQUANTITYVOLUME('NetVolume','',$,1.7826209368518267,$);
#278=IFCELEMENTQUANTITY('1NN4nsUzcKP1orccBQZqrm',#6,'Qto_SpaceBaseQuantities',$,'BaseQuantities',(#271,#272,#273,#274,#275,#276,#277));
#279=IFCRELDEFINESBYPROPERTIES('1QlCU_XFe44UOzLRmzMw8V',#6,$,$,(#261),#278);
#310=IFCAXIS2PLACEMENT3D(#326,$,$);
#311=IFCLOCALPLACEMENT(#27,#310);
#312=IFCCARTESIANPOINT((-642.99261776135438,576.85744002602826));
#313=IFCCARTESIANPOINT((-563.96383713600278,-65.885077887593724));
#314=IFCCARTESIANPOINT((-305.13364237999446,-37.189097141485192));
#315=IFCCARTESIANPOINT((-201.87537766302444,-968.55147166097709));
#316=IFCCARTESIANPOINT((1207.1651761515257,-824.72517739991076));
#317=IFCCARTESIANPOINT((1033.3950153502456,742.63594403791149));
#318=IFCCARTESIANPOINT((-526.59471656138294,576.85744002602803));
#319=IFCPOLYLINE((#312,#313,#314,#315,#316,#317,#318,#312));
#320=IFCARBITRARYCLOSEDPROFILEDEF(.AREA.,$,#319);
#321=IFCCARTESIANPOINT((575.51139231325635,644.19767923102484,0.));
#322=IFCDIRECTION((0.99391022867031564,0.1101928189335447,0.));
#323=IFCAXIS2PLACEMENT3D(#321,#158,#322);
#324=IFCEXTRUDEDAREASOLID(#320,#323,#158,2455.0060918574954);
#325=IFCSHAPEREPRESENTATION(#15,'Body','SweptSolid',(#324));
#326=IFCCARTESIANPOINT((4867.676119015211,-138.59780177894532,0.));
#327=IFCPRODUCTDEFINITIONSHAPE($,$,(#325));
#328=IFCSPACE('01KkyhPtv1o8zPL02dzb$8',#6,'118',$,$,#311,#327,'BAD',.ELEMENT.,.NOTDEFINED.,$);
#329=IFCPROPERTYSINGLEVALUE('Reference',$,IFCIDENTIFIER('BAD 118'),$);
#330=IFCPROPERTYSET('0SigJ02fZOQtQQg7xajAVz',#6,'Pset_SpaceCommon',$,(#47,#329));
#331=IFCRELDEFINESBYPROPERTIES('1jibP1J0ZGTGMsLT5tJ_jT',#6,$,$,(#328),#330);
#332=IFCQUANTITYAREA('GrossSurfaceArea','',$,20.81076275396482,$);
#333=IFCQUANTITYAREA('NetSurfaceArea','',$,20.810762753964831,$);
#334=IFCQUANTITYVOLUME('GrossVolume','',$,5.886330295074349,$);
#335=IFCQUANTITYVOLUME('NetVolume','',$,5.8863302950743561,$);
#336=IFCELEMENTQUANTITY('1KL4pi867UX$LYK4rok_aA',#6,'Qto_BodyGeometryValidation',$,'BaseQuantities',(#332,#333,#334,#335));
#337=IFCRELDEFINESBYPROPERTIES('2MX0jOGxHEqpwjCL$wv5MX',#6,$,$,(#328),#336);
#338=IFCQUANTITYLENGTH('Height','',$,2455.0060918574964,$);
#339=IFCQUANTITYLENGTH('GrossPerimeter','',$,6523.565709498057,$);
#340=IFCQUANTITYAREA('GrossFloorArea','',$,2.3976845982572121,$);
#341=IFCQUANTITYAREA('NetFloorArea','',$,2.3976845982572121,$);
#342=IFCQUANTITYAREA('GrossCeilingArea','',$,2.3976845982572121,$);
#343=IFCQUANTITYVOLUME('GrossVolume','',$,5.886330295074349,$);
#344=IFCQUANTITYVOLUME('NetVolume','',$,5.8863302950743561,$);
#345=IFCELEMENTQUANTITY('1$EQhl1f2q8$B2zi_P$RcY',#6,'Qto_SpaceBaseQuantities',$,'BaseQuantities',(#338,#339,#340,#341,#342,#343,#344));
#346=IFCRELDEFINESBYPROPERTIES('11HbUSgh6vgBHuZedxSaFM',#6,$,$,(#328),#345);
#349=IFCAXIS2PLACEMENT3D(#373,$,$);
#350=IFCLOCALPLACEMENT(#27,#349);
#351=IFCCARTESIANPOINT((595.67404124890936,-1873.1394833140323));
#352=IFCCARTESIANPOINT((1374.3091174577446,-1873.1394833140325));
#353=IFCCARTESIANPOINT((1374.3091174577446,-1871.5767425736235));
#354=IFCCARTESIANPOINT((1374.3091174577503,1237.9503863996033));
#355=IFCCARTESIANPOINT((1160.5529370287732,1236.568342129588));
#356=IFCCARTESIANPOINT((1157.8833420165465,1236.5510818170089));
#357=IFCCARTESIANPOINT((464.22412757273474,1241.077406217946));
#358=IFCCARTESIANPOINT((-8.7395796431431538,1241.0774062179598));
#359=IFCCARTESIANPOINT((-11.039934529243169,1241.0774062179598));
#360=IFCCARTESIANPOINT((-616.1011159545676,1247.8504791443613));
#361=IFCCARTESIANPOINT((-617.56740425672126,1247.8668928193858));
#362=IFCCARTESIANPOINT((-1604.9430915375954,1244.5129476316611));
#363=IFCCARTESIANPOINT((-1609.2954893561998,-1852.2181003089161));
#364=IFCCARTESIANPOINT((-1517.91596819095,-1852.2181003089161));
#365=IFCCARTESIANPOINT((-1515.6592167717772,-1852.2404387759684));
#366=IFCPOLYLINE((#351,#352,#353,#354,#355,#356,#357,#358,#359,#360,#361,#362,#363,#364,#365,#351));
#367=IFCARBITRARYCLOSEDPROFILEDEF(.AREA.,$,#366);
#368=IFCCARTESIANPOINT((1873.1394833140732,1374.3091174577519,0.));
#369=IFCDIRECTION((0.,-1.,0.));
#370=IFCAXIS2PLACEMENT3D(#368,#73,#369);
#371=IFCEXTRUDEDAREASOLID(#367,#370,#73,2455.0060918574964);
#372=IFCSHAPEREPRESENTATION(#15,'Body','SweptSolid',(#371));
#373=IFCCARTESIANPOINT((-110.83294476067849,4112.8648989581825,0.));
#374=IFCPRODUCTDEFINITIONSHAPE($,$,(#372));
#375=IFCSPACE('1Qfu0hdx1BjfzEWtInKIrW',#6,'120',$,$,#350,#374,'SOVEROM',.ELEMENT.,.NOTDEFINED.,$);
#376=IFCPROPERTYSINGLEVALUE('Reference',$,IFCIDENTIFIER('SOVEROM 120'),$);
#377=IFCPROPERTYSET('3ngMQYMz9pkoOnIlDrypJm',#6,'Pset_SpaceCommon',$,(#47,#376));
#378=IFCRELDEFINESBYPROPERTIES('3mkP9c0v6GTAqR_h5j2Fbn',#6,$,$,(#375),#377);
#379=IFCQUANTITYAREA('GrossSurfaceArea','',$,48.410614783778783,$);
#380=IFCQUANTITYAREA('NetSurfaceArea','',$,48.410614783778499,$);
#381=IFCQUANTITYVOLUME('GrossVolume','',$,22.746994540549768,$);
#382=IFCQUANTITYVOLUME('NetVolume','',$,22.746994540549782,$);
#383=IFCELEMENTQUANTITY('0bQ9nHGDORbzBXINvPrSP3',#6,'Qto_BodyGeometryValidation',$,'BaseQuantities',(#379,#380,#381,#382));
#384=IFCRELDEFINESBYPROPERTIES('0zodVH6xihpxdFN0UYxSKU',#6,$,$,(#375),#383);
#385=IFCQUANTITYLENGTH('Height','',$,2455.0060918574964,$);
#386=IFCQUANTITYLENGTH('GrossPerimeter','',$,12170.84732197562,$);
#387=IFCQUANTITYAREA('GrossFloorArea','',$,9.2655552326304136,$);
#388=IFCQUANTITYAREA('NetFloorArea','',$,9.2655552326304136,$);
#389=IFCQUANTITYAREA('GrossCeilingArea','',$,9.2655552326304136,$);
#390=IFCQUANTITYVOLUME('GrossVolume','',$,22.746994540549768,$);
#391=IFCQUANTITYVOLUME('NetVolume','',$,22.746994540549782,$);
#392=IFCELEMENTQUANTITY('3r6IA1SR_jiNVUgSsshmQs',#6,'Qto_SpaceBaseQuantities',$,'BaseQuantities',(#385,#386,#387,#388,#389,#390,#391));
#393=IFCRELDEFINESBYPROPERTIES('36tmlIMXpb04o0QQsAuB6N',#6,$,$,(#375),#392);
#418=IFCAXIS2PLACEMENT3D(#436,$,$);
#419=IFCLOCALPLACEMENT(#27,#418);
#420=IFCCARTESIANPOINT((-121.80747234855873,-297.42247756624391));
#421=IFCCARTESIANPOINT((551.99841186120591,-297.42247756624391));
#422=IFCCARTESIANPOINT((530.87665194728993,615.03755071498506));
#423=IFCCARTESIANPOINT((100.30632043293397,593.41789303686153));
#424=IFCCARTESIANPOINT((-272.04214371919488,576.07942164565156));
#425=IFCCARTESIANPOINT((-251.82219234855052,-297.42247756624215));
#426=IFCCARTESIANPOINT((-198.33657600128672,-297.42247756624278));
#427=IFCCARTESIANPOINT((-190.31833527726749,-297.4224775662438));
#428=IFCCARTESIANPOINT((-148.85466454595965,-297.42247756624357));
#429=IFCPOLYLINE((#420,#421,#422,#423,#424,#425,#426,#427,#428,#420));
#430=IFCARBITRARYCLOSEDPROFILEDEF(.AREA.,$,#429);
#431=IFCCARTESIANPOINT((544.96764499230471,602.58731672994372,0.));
#432=IFCDIRECTION((-0.99973218924098883,0.023141948825023226,0.));
#433=IFCAXIS2PLACEMENT3D(#431,#73,#432);
#434=IFCEXTRUDEDAREASOLID(#430,#433,#73,2455.0060918574959);
#435=IFCSHAPEREPRESENTATION(#15,'Body','SweptSolid',(#434));
#436=IFCCARTESIANPOINT((3103.1760415698868,2466.827589903377,0.));
#437=IFCPRODUCTDEFINITIONSHAPE($,$,(#435));
#438=IFCSPACE('1ZbzvERVP2EPsD9m_40DUl',#6,'133',$,$,#419,#437,'KOTT',.ELEMENT.,.NOTDEFINED.,$);
#439=IFCPROPERTYSINGLEVALUE('Reference',$,IFCIDENTIFIER('KOTT 133'),$);
#440=IFCPROPERTYSET('20QBiHqmlSpke$bZtD_jkb',#6,'Pset_SpaceCommon',$,(#47,#439));
#441=IFCRELDEFINESBYPROPERTIES('00vBYsEWAM3zmfazpxT$Hi',#6,$,$,(#438),#440);
#442=IFCQUANTITYAREA('GrossSurfaceArea','',$,9.7676075503968249,$);
#443=IFCQUANTITYAREA('NetSurfaceArea','',$,9.7676075503956064,$);
#444=IFCQUANTITYVOLUME('GrossVolume','',$,1.7614771582372515,$);
#445=IFCQUANTITYVOLUME('NetVolume','',$,1.7614771582372464,$);
#446=IFCELEMENTQUANTITY('0zXNJGra1vsHIFSyXnGjJN',#6,'Qto_BodyGeometryValidation',$,'BaseQuantities',(#442,#443,#444,#445));
#447=IFCRELDEFINESBYPROPERTIES('1iiU60uMIvne9yMZa$w$0S',#6,$,$,(#438),#446);
#448=IFCQUANTITYLENGTH('Height','',$,2455.0060918574964,$);
#449=IFCQUANTITYLENGTH('GrossPerimeter','',$,3394.1256591321735,$);
#450=IFCQUANTITYAREA('GrossFloorArea','',$,0.71750419034784951,$);
#451=IFCQUANTITYAREA('NetFloorArea','',$,0.71750419034784951,$);
#452=IFCQUANTITYAREA('GrossCeilingArea','',$,0.71750419034784951,$);
#453=IFCQUANTITYVOLUME('GrossVolume','',$,1.7614771582372515,$);
#454=IFCQUANTITYVOLUME('NetVolume','',$,1.7614771582372464,$);
#455=IFCELEMENTQUANTITY('2vV2CcH2oq2tY5I9rHka9l',#6,'Qto_SpaceBaseQuantities',$,'BaseQuantities',(#448,#449,#450,#451,#452,#453,#454));
#456=IFCRELDEFINESBYPROPERTIES('1l4wffXKLKIJd7PqPkvaDk',#6,$,$,(#438),#455);
#457=IFCCARTESIANPOINT((-260.84029275197406,4891.500011537878,0.));
#458=IFCDIRECTION((0.0098980209236961859,0.99995101339105308,-0.));
#459=IFCAXIS2PLACEMENT3D(#457,#73,#458);
#460=IFCLOCALPLACEMENT(#27,#459);
#461=IFCCARTESIANPOINT((0.,0.));
#462=IFCCARTESIANPOINT((2115.178291619387,-0.));
#463=IFCPOLYLINE((#461,#462));
#464=IFCSHAPEREPRESENTATION(#14,'Axis','Curve2D',(#463));
#465=IFCPRODUCTDEFINITIONSHAPE($,$,(#464,#478));
#466=IFCCARTESIANPOINT((2115.1782916193883,-150.));
#467=IFCCARTESIANPOINT((2113.6935521146543,150.));
#468=IFCCARTESIANPOINT((-0.,150.));
#469=IFCCARTESIANPOINT((1.4847395047331542,-150.));
#470=IFCPOLYLINE((#466,#467,#468,#469,#466));
#471=IFCARBITRARYCLOSEDPROFILEDEF(.AREA.,$,#470);
#472=IFCAXIS2PLACEMENT3D(#10,$,$);
#473=IFCEXTRUDEDAREASOLID(#471,#472,#73,3000.);
#474=IFCCOLOURRGB($,0.50196078431372548,0.50196078431372548,0.50196078431372548);
#475=IFCSURFACESTYLERENDERING(#474,0.,$,$,$,$,IFCNORMALISEDRATIOMEASURE(0.5),IFCSPECULAREXPONENT(64.),.NOTDEFINED.);
#476=IFCSURFACESTYLE('Default Wall',.BOTH.,(#475));
#477=IFCSTYLEDITEM(#473,(#476),$);
#478=IFCSHAPEREPRESENTATION(#15,'Body','SweptSolid',(#473));
#479=IFCWALL('3$Na_1Pi1D4gOO1Cka60nf',#6,'Basic Wall:300:846061',$,$,#460,#465,'846061',.NOTDEFINED.);
#480=IFCQUANTITYLENGTH('Height',$,$,3000.,$);
#481=IFCQUANTITYLENGTH('Length',$,$,2115.1782916193879,$);
#482=IFCQUANTITYLENGTH('Width',$,$,300.,$);
#483=IFCQUANTITYAREA('GrossFootprintArea',$,$,0.63410806563439659,$);
#484=IFCQUANTITYVOLUME('GrossVolume',$,$,1.9023241969031892,$);
#485=IFCQUANTITYAREA('GrossSideArea',$,$,1.9023241969031892,$);
#486=IFCQUANTITYAREA('NetSideArea',$,$,4.1010806563439735,$);
#487=IFCQUANTITYVOLUME('NetVolume',$,$,1.2303241969031917,$);
#488=IFCELEMENTQUANTITY('0anvZyZ0xbmDpF3eL4x5BJ',#6,'Qto_WallBaseQuantities',$,'BaseQuantities',(#480,#481,#482,#483,#484,#485,#486,#487));
#489=IFCRELDEFINESBYPROPERTIES('0uvaB2APuO8Sbod1iHGPTo',#6,$,$,(#479),#488);
#490=IFCMATERIAL('Default Wall',$,'Miscellaneous');
#491=IFCSTYLEDITEM($,(#476),$);
#492=IFCSTYLEDREPRESENTATION(#13,'Style','Material',(#491));
#493=IFCMATERIALDEFINITIONREPRESENTATION($,$,(#492),#490);
#494=IFCMATERIALLAYER(#490,300.,$,'Layer',$,'Miscellaneous',$);
#495=IFCMATERIALLAYERSET((#494),'Basic Wall:300',$);
#496=IFCWALLTYPE('2MCIim7RfDzPU6pTIsk$Ek',#6,'Basic Wall:300',$,$,$,$,'351435',$,.STANDARD.);
#497=IFCPROPERTYSINGLEVALUE('Reference',$,IFCIDENTIFIER('300'),$);
#498=IFCPROPERTYSET('21dDinBBee20MLNnjrpgIY',#6,'Pset_EnvironmentalImpactIndicators',$,(#497));
#499=IFCPROPERTYSINGLEVALUE('Reference',$,IFCLABEL('300'),$);
#500=IFCPROPERTYSET('3maZ$wDLykjmvzghKHpJfd',#6,'Pset_ReinforcementBarPitchOfWall',$,(#499));
#501=IFCPROPERTYSINGLEVALUE('IsExternal',$,IFCBOOLEAN(.T.),$);
#502=IFCPROPERTYSINGLEVALUE('LoadBearing',$,IFCBOOLEAN(.F.),$);
#503=IFCPROPERTYSINGLEVALUE('ExtendToStructure',$,IFCBOOLEAN(.F.),$);
#504=IFCPROPERTYSET('2vylrUjQyTBpHhIa57cGX9',#6,'Pset_WallCommon',$,(#497,#501,#502,#503));
#505=IFCRELDEFINESBYPROPERTIES('3YY1$btGOmNRMHFavToo3T',#6,$,$,(#479),#498);
#506=IFCRELDEFINESBYPROPERTIES('0pQNoyvQ1KI2nMKNOAu3A1',#6,$,$,(#479),#500);
#507=IFCRELDEFINESBYPROPERTIES('041OX73Mg_3g7Iax4pxTH0',#6,$,$,(#479),#504);
#508=IFCQUANTITYAREA('NetSurfaceArea','',$,13.070399488335719,$);
#509=IFCQUANTITYVOLUME('NetVolume','',$,1.2303241969031917,$);
#510=IFCELEMENTQUANTITY('2xnWz0gU4R6DbQZ7jm9lRV',#6,'Qto_BodyGeometryValidation',$,'BaseQuantities',(#508,#509));
#511=IFCRELDEFINESBYPROPERTIES('2MEsT0XwG4G5uNuWj8fhPI',#6,$,$,(#479),#510);
#512=IFCCARTESIANPOINT((-260.83294476063952,4015.7322636815325,0.));
#513=IFCDIRECTION((0.,1.,0.));
#514=IFCAXIS2PLACEMENT3D(#512,#73,#513);
#515=IFCLOCALPLACEMENT(#27,#514);
#516=IFCCARTESIANPOINT((877.25245099425319,-0.));
#517=IFCPOLYLINE((#461,#516));
#518=IFCSHAPEREPRESENTATION(#14,'Axis','Curve2D',(#517));
#519=IFCPRODUCTDEFINITIONSHAPE($,$,(#518,#530));
#520=IFCCARTESIANPOINT((875.76771148952446,-150.));
#521=IFCCARTESIANPOINT((877.25245099425319,150.));
#522=IFCCARTESIANPOINT((1.0948759275768674,150.));
#523=IFCCARTESIANPOINT((0.,-150.));
#524=IFCCARTESIANPOINT((97.132635276660125,-150.));
#525=IFCPOLYLINE((#520,#521,#522,#523,#524,#520));
#526=IFCARBITRARYCLOSEDPROFILEDEF(.AREA.,$,#525);
#527=IFCAXIS2PLACEMENT3D(#10,$,$);
#528=IFCEXTRUDEDAREASOLID(#526,#527,#73,3000.);
#529=IFCSTYLEDITEM(#528,(#476),$);
#530=IFCSHAPEREPRESENTATION(#15,'Body','SweptSolid',(#528));
#531=IFCWALL('3$Na_1Pi1D4gOO1Cka60nt',#6,'Basic Wall:300:846067',$,$,#515,#519,'846067',.NOTDEFINED.);
#532=IFCQUANTITYLENGTH('Height',$,$,3000.,$);
#533=IFCQUANTITYLENGTH('Length',$,$,877.25245099425297,$);
#534=IFCQUANTITYLENGTH('Width',$,$,300.,$);
#535=IFCQUANTITYAREA('GrossFootprintArea',$,$,0.26278879298343011,$);
#536=IFCQUANTITYVOLUME('GrossVolume',$,$,0.78854181756000874,$);
#537=IFCQUANTITYAREA('GrossSideArea',$,$,0.78854181756000874,$);
#538=IFCQUANTITYAREA('NetSideArea',$,$,2.6284727252000293,$);
#539=IFCQUANTITYVOLUME('NetVolume',$,$,0.78836637895029038,$);
#540=IFCELEMENTQUANTITY('2ld$lWaCrLR3P4FunP0Jne',#6,'Qto_WallBaseQuantities',$,'BaseQuantities',(#532,#533,#534,#535,#536,#537,#538,#539));
#541=IFCRELDEFINESBYPROPERTIES('2Ddjurz0mz85CagsERTBG7',#6,$,$,(#531),#540);
#542=IFCPROPERTYSET('2Z6qum9CMgwy82xWy59mAx',#6,'Pset_EnvironmentalImpactIndicators',$,(#497));
#543=IFCPROPERTYSINGLEVALUE('Reference',$,IFCLABEL('300'),$);
#544=IFCPROPERTYSET('0MdHrGxiZ0UabkQJkpARA7',#6,'Pset_ReinforcementBarPitchOfWall',$,(#543));
#545=IFCPROPERTYSET('2o1bzukIWkI1nBx7lOhGuI',#6,'Pset_WallCommon',$,(#497,#501,#502,#503));
#546=IFCRELDEFINESBYPROPERTIES('347spJNJKgKOA_szQ4y3QK',#6,$,$,(#531),#542);
#547=IFCRELDEFINESBYPROPERTIES('2EzqlxvWUV$29BwGH3SUFK',#6,$,$,(#531),#544);
#548=IFCRELDEFINESBYPROPERTIES('0asQgu$L4hiv_OivW3Tnx4',#6,$,$,(#531),#545);
#549=IFCQUANTITYAREA('NetSurfaceArea','',$,7.5813704615714794,$);
#550=IFCQUANTITYVOLUME('NetVolume','',$,0.78836637895029038,$);
#551=IFCELEMENTQUANTITY('0GCQRfBSQ$hdP55WVrfb7b',#6,'Qto_BodyGeometryValidation',$,'BaseQuantities',(#549,#550));
#552=IFCRELDEFINESBYPROPERTIES('1Aaw6MIdMBGNkh3COALZ4w',#6,$,$,(#531),#551);
#553=IFCCARTESIANPOINT((-276.75557069761282,1834.8799482935838,0.));
#554=IFCDIRECTION((0.0072990756306185404,0.99997336139266146,-0.));
#555=IFCAXIS2PLACEMENT3D(#553,#73,#554);
#556=IFCLOCALPLACEMENT(#27,#555);
#557=IFCCARTESIANPOINT((2182.005302324073,-0.));
#558=IFCPOLYLINE((#461,#557));
#559=IFCSHAPEREPRESENTATION(#14,'Axis','Curve2D',(#558));
#560=IFCPRODUCTDEFINITIONSHAPE($,$,(#559,#571));
#561=IFCCARTESIANPOINT((2182.0053023240735,-150.));
#562=IFCCARTESIANPOINT((2180.910426396501,150.));
#563=IFCCARTESIANPOINT((-0.,150.));
#564=IFCCARTESIANPOINT((0.48943570176870399,-150.));
#565=IFCCARTESIANPOINT((2179.1378612070216,-150.));
#566=IFCPOLYLINE((#561,#562,#563,#564,#565,#561));
#567=IFCARBITRARYCLOSEDPROFILEDEF(.AREA.,$,#566);
#568=IFCAXIS2PLACEMENT3D(#10,$,$);
#569=IFCEXTRUDEDAREASOLID(#567,#568,#73,3000.);
#570=IFCSTYLEDITEM(#569,(#476),$);
#571=IFCSHAPEREPRESENTATION(#15,'Body','SweptSolid',(#569));
#572=IFCWALL('3$Na_1Pi1D4gOO1Cka60nz',#6,'Basic Wall:300:846073',$,$,#556,#560,'846073',.NOTDEFINED.);
#573=IFCQUANTITYLENGTH('Height',$,$,3000.,$);
#574=IFCQUANTITYLENGTH('Length',$,$,2182.0053023240735,$);
#575=IFCQUANTITYLENGTH('Width',$,$,300.,$);
#576=IFCQUANTITYAREA('GrossFootprintArea',$,$,0.65436394395282094,$);
#577=IFCQUANTITYVOLUME('GrossVolume',$,$,1.9633642799600748,$);
#578=IFCQUANTITYAREA('GrossSideArea',$,$,1.9633642799600748,$);
#579=IFCQUANTITYAREA('NetSideArea',$,$,4.3045475998669245,$);
#580=IFCQUANTITYVOLUME('NetVolume',$,$,1.2910918318584648,$);
#581=IFCELEMENTQUANTITY('0euOtDIlVjGWtvZGkIDFJc',#6,'Qto_WallBaseQuantities',$,'BaseQuantities',(#573,#574,#575,#576,#577,#578,#579,#580));
#582=IFCRELDEFINESBYPROPERTIES('3UcpuRyTsJI7Rru3mCXRfv',#6,$,$,(#572),#581);
#583=IFCPROPERTYSET('21xb$d2MB2kl6NVP4yUMhT',#6,'Pset_EnvironmentalImpactIndicators',$,(#497));
#584=IFCPROPERTYSINGLEVALUE('Reference',$,IFCLABEL('300'),$);
#585=IFCPROPERTYSET('309bS8fBj1xM8hX6kkBif0',#6,'Pset_ReinforcementBarPitchOfWall',$,(#584));
#586=IFCPROPERTYSET('2jZQYFt4e5etfOzVmiEPo6',#6,'Pset_WallCommon',$,(#497,#501,#502,#503));
#587=IFCRELDEFINESBYPROPERTIES('22uurN0Z3Zyxp2tUr2GaMX',#6,$,$,(#572),#583);
#588=IFCRELDEFINESBYPROPERTIES('2YzNQ0dafFivJ9z6Ixq0p4',#6,$,$,(#572),#585);
#589=IFCRELDEFINESBYPROPERTIES('2xi$hwD5lUu$v$_5mIqSgG',#6,$,$,(#572),#586);
#590=IFCQUANTITYAREA('NetSurfaceArea','',$,13.516013958444331,$);
#591=IFCQUANTITYVOLUME('NetVolume','',$,1.2910918318584648,$);
#592=IFCELEMENTQUANTITY('1b37KiWomndkgLckWKH9z1',#6,'Qto_BodyGeometryValidation',$,'BaseQuantities',(#590,#591));
#593=IFCRELDEFINESBYPROPERTIES('3DXnTNKGZlgJPMkp4spagm',#6,$,$,(#572),#592);
#594=IFCCARTESIANPOINT((-288.31537215496377,-1029.3057819104899,0.));
#595=IFCDIRECTION((0.0040362277009250418,0.99999185439979776,-0.));
#596=IFCAXIS2PLACEMENT3D(#594,#73,#595);
#597=IFCLOCALPLACEMENT(#27,#596);
#598=IFCCARTESIANPOINT((2864.6984921185344,0.));
#599=IFCPOLYLINE((#461,#598));
#600=IFCSHAPEREPRESENTATION(#14,'Axis','Curve2D',(#599));
#601=IFCPRODUCTDEFINITIONSHAPE($,$,(#600,#612));
#602=IFCCARTESIANPOINT((2864.2090564167693,-150.));
#603=IFCCARTESIANPOINT((2864.6984921185344,150.));
#604=IFCCARTESIANPOINT((-0.,150.));
#605=IFCCARTESIANPOINT((34.486704573005866,-150.));
#606=IFCCARTESIANPOINT((336.46242014017776,-150.));
#607=IFCPOLYLINE((#602,#603,#604,#605,#606,#602));
#608=IFCARBITRARYCLOSEDPROFILEDEF(.AREA.,$,#607);
#609=IFCAXIS2PLACEMENT3D(#10,$,$);
#610=IFCEXTRUDEDAREASOLID(#608,#609,#73,3000.);
#611=IFCSTYLEDITEM(#610,(#476),$);
#612=IFCSHAPEREPRESENTATION(#15,'Body','SweptSolid',(#610));
#613=IFCWALL('3$Na_1Pi1D4gOO1Cka60nx',#6,'Basic Wall:300:846079',$,$,#597,#601,'846079',.NOTDEFINED.);
#614=IFCQUANTITYLENGTH('Height',$,$,3000.,$);
#615=IFCQUANTITYLENGTH('Length',$,$,2864.6984921185344,$);
#616=IFCQUANTITYLENGTH('Width',$,$,300.,$);
#617=IFCQUANTITYAREA('GrossFootprintArea',$,$,0.8541631265943449,$);
#618=IFCQUANTITYVOLUME('GrossVolume',$,$,2.5782286429066814,$);
#619=IFCQUANTITYAREA('GrossSideArea',$,$,2.5782286429066814,$);
#620=IFCQUANTITYAREA('NetSideArea',$,$,6.354095476355611,$);
#621=IFCQUANTITYVOLUME('NetVolume',$,$,1.8904893797830364,$);
#622=IFCELEMENTQUANTITY('2CrjjEp$voZMw1$1cBCnno',#6,'Qto_WallBaseQuantities',$,'BaseQuantities',(#614,#615,#616,#617,#618,#619,#620,#621));
#623=IFCRELDEFINESBYPROPERTIES('3gLHenl0l1pmu2GtBFV6X2',#6,$,$,(#613),#622);
#624=IFCPROPERTYSET('1gVBCYryLnp8xnMML1DSzu',#6,'Pset_EnvironmentalImpactIndicators',$,(#497));
#625=IFCPROPERTYSINGLEVALUE('Reference',$,IFCLABEL('300'),$);
#626=IFCPROPERTYSET('0c8k5Aejg5GrrPcKsbE_1y',#6,'Pset_ReinforcementBarPitchOfWall',$,(#625));
#627=IFCPROPERTYSET('2hdkbqb8_74YNEvWUAQU1F',#6,'Pset_WallCommon',$,(#497,#501,#502,#503));
#628=IFCRELDEFINESBYPROPERTIES('3dX00DRGUGQGPqE5EvLu4u',#6,$,$,(#613),#624);
#629=IFCRELDEFINESBYPROPERTIES('0bxvCaoUmWjHaT5dZfMJwH',#6,$,$,(#613),#626);
#630=IFCRELDEFINESBYPROPERTIES('0o2lm4k7Ua63BuL4YPcr2G',#6,$,$,(#613),#627);
#631=IFCQUANTITYAREA('NetSurfaceArea','',$,17.917517129512852,$);
#632=IFCQUANTITYVOLUME('NetVolume','',$,1.8904893797830364,$);
#633=IFCELEMENTQUANTITY('2lZ4MwSiE8_2KZDhmimlgX',#6,'Qto_BodyGeometryValidation',$,'BaseQuantities',(#631,#632));
#634=IFCRELDEFINESBYPROPERTIES('1AMKjHhMHoDpQdXH2Ogod$',#6,$,$,(#613),#633);
#635=IFCCARTESIANPOINT((4999.8941064536175,-274.85812322832317,0.));
#636=IFCDIRECTION((-0.99391022867031575,-0.11019281893354343,-0.));
#637=IFCAXIS2PLACEMENT3D(#635,#73,#636);
#638=IFCLOCALPLACEMENT(#27,#637);
#639=IFCCARTESIANPOINT((5186.1830962262275,0.));
#640=IFCPOLYLINE((#461,#639));
#641=IFCSHAPEREPRESENTATION(#14,'Axis','Curve2D',(#640));
#642=IFCPRODUCTDEFINITIONSHAPE($,$,(#641,#654));
#643=IFCCARTESIANPOINT((5151.6963916532195,-150.));
#644=IFCCARTESIANPOINT((5186.1830962262238,150.));
#645=IFCCARTESIANPOINT((15.895594072276175,150.));
#646=IFCCARTESIANPOINT((0.,-150.));
#647=IFCCARTESIANPOINT((116.39790119993746,-150.));
#648=IFCCARTESIANPOINT((217.15096940354579,-150.));
#649=IFCPOLYLINE((#643,#644,#645,#646,#647,#648,#643));
#650=IFCARBITRARYCLOSEDPROFILEDEF(.AREA.,$,#649);
#651=IFCAXIS2PLACEMENT3D(#10,$,$);
#652=IFCEXTRUDEDAREASOLID(#650,#651,#73,3000.);
#653=IFCSTYLEDITEM(#652,(#476),$);
#654=IFCSHAPEREPRESENTATION(#15,'Body','SweptSolid',(#652));
#655=IFCWALL('3$Na_1Pi1D4gOO1Cka60s1',#6,'Basic Wall:300:846085',$,$,#638,#642,'846085',.NOTDEFINED.);
#656=IFCQUANTITYLENGTH('Height',$,$,3000.,$);
#657=IFCQUANTITYLENGTH('Length',$,$,5186.1830962262256,$);
#658=IFCQUANTITYLENGTH('Width',$,$,300.,$);
#659=IFCQUANTITYAREA('GrossFootprintArea',$,$,1.5482975840710751,$);
#660=IFCQUANTITYVOLUME('GrossVolume',$,$,4.6532587519385542,$);
#661=IFCQUANTITYAREA('GrossSideArea',$,$,4.6532587519385542,$);
#662=IFCQUANTITYAREA('NetSideArea',$,$,15.510862506461848,$);
#663=IFCQUANTITYVOLUME('NetVolume',$,$,4.6448927522132264,$);
#664=IFCELEMENTQUANTITY('1pK8$MJ$$426i8Lty6UXX9',#6,'Qto_WallBaseQuantities',$,'BaseQuantities',(#656,#657,#658,#659,#660,#661,#662,#663));
#665=IFCRELDEFINESBYPROPERTIES('3Q9AANaI4DJjssPfnl82sh',#6,$,$,(#655),#664);
#666=IFCPROPERTYSET('0DVWBONOUfLombaYCW3Cyq',#6,'Pset_EnvironmentalImpactIndicators',$,(#497));
#667=IFCPROPERTYSINGLEVALUE('Reference',$,IFCLABEL('300'),$);
#668=IFCPROPERTYSET('3VRfILrvcNJLQjobGI9bjS',#6,'Pset_ReinforcementBarPitchOfWall',$,(#667));
#669=IFCPROPERTYSET('0vNv$2Qe7JhfYIZ74Pzp$d',#6,'Pset_WallCommon',$,(#497,#501,#502,#503));
#670=IFCRELDEFINESBYPROPERTIES('2CFBN3680xlcr5oPBp$oFc',#6,$,$,(#655),#666);
#671=IFCRELDEFINESBYPROPERTIES('0xwyUqcqtlEqLx6JUEbgiZ',#6,$,$,(#655),#668);
#672=IFCRELDEFINESBYPROPERTIES('0LdhZOJOFZIpEFC15thv4d',#6,$,$,(#655),#669);
#673=IFCQUANTITYAREA('NetSurfaceArea','',$,35.86973646036661,$);
#674=IFCQUANTITYVOLUME('NetVolume','',$,4.6448927522132264,$);
#675=IFCELEMENTQUANTITY('3_DUBkPMfc8Oacj43Rrkgp',#6,'Qto_BodyGeometryValidation',$,'BaseQuantities',(#673,#674));
#676=IFCRELDEFINESBYPROPERTIES('3qaRJySbOSxHflYvaJ3yZr',#6,$,$,(#655),#675);
#677=IFCCARTESIANPOINT((6551.7085050130991,-268.64430522745602,0.));
#678=IFCDIRECTION((-0.99998966958156621,-0.0045454075890074578,-0.));
#679=IFCAXIS2PLACEMENT3D(#677,#73,#678);
#680=IFCLOCALPLACEMENT(#27,#679);
#681=IFCCARTESIANPOINT((1567.6777050277917,0.));
#682=IFCPOLYLINE((#461,#681));
#683=IFCSHAPEREPRESENTATION(#14,'Axis','Curve2D',(#682));
#684=IFCPRODUCTDEFINITIONSHAPE($,$,(#683,#694));
#685=IFCCARTESIANPOINT((1567.6777050277922,-150.));
#686=IFCCARTESIANPOINT((1551.7821109555189,150.));
#687=IFCCARTESIANPOINT((1.3636363636384303,150.));
#688=IFCCARTESIANPOINT((-0.,-150.));
#689=IFCPOLYLINE((#685,#686,#687,#688,#685));
#690=IFCARBITRARYCLOSEDPROFILEDEF(.AREA.,$,#689);
#691=IFCAXIS2PLACEMENT3D(#10,$,$);
#692=IFCEXTRUDEDAREASOLID(#690,#691,#73,3000.);
#693=IFCSTYLEDITEM(#692,(#476),$);
#694=IFCSHAPEREPRESENTATION(#15,'Body','SweptSolid',(#692));
#695=IFCWALL('3$Na_1Pi1D4gOO1Cka60sF',#6,'Basic Wall:300:846091',$,$,#680,#684,'846091',.NOTDEFINED.);
#696=IFCQUANTITYLENGTH('Height',$,$,3000.,$);
#697=IFCQUANTITYLENGTH('Length',$,$,1567.6777050277922,$);
#698=IFCQUANTITYLENGTH('Width',$,$,300.,$);
#699=IFCQUANTITYAREA('GrossFootprintArea',$,$,0.46771442694295107,$);
#700=IFCQUANTITYVOLUME('GrossVolume',$,$,1.4109099345250131,$);
#701=IFCQUANTITYAREA('GrossSideArea',$,$,1.4109099345250131,$);
#702=IFCQUANTITYAREA('NetSideArea',$,$,4.7030331150833771,$);
#703=IFCQUANTITYVOLUME('NetVolume',$,$,1.4031432808288533,$);
#704=IFCELEMENTQUANTITY('3Wny6wTB_EglHD4lt$FLlp',#6,'Qto_WallBaseQuantities',$,'BaseQuantities',(#696,#697,#698,#699,#700,#701,#702,#703));
#705=IFCRELDEFINESBYPROPERTIES('386OODH7HuYHpc4LRHS5MZ',#6,$,$,(#695),#704);
#706=IFCPROPERTYSET('3jvJjN35I85A9raPXFQ3H1',#6,'Pset_EnvironmentalImpactIndicators',$,(#497));
#707=IFCPROPERTYSINGLEVALUE('Reference',$,IFCLABEL('300'),$);
#708=IFCPROPERTYSET('3CoL5dXAtDX3QJgJxhl$N2',#6,'Pset_ReinforcementBarPitchOfWall',$,(#707));
#709=IFCPROPERTYSET('3Q0W97yykSQJxYhVgYOWXP',#6,'Pset_WallCommon',$,(#497,#501,#502,#503));
#710=IFCRELDEFINESBYPROPERTIES('1qyHIbTtrpL3nYbdBqp6Ui',#6,$,$,(#695),#706);
#711=IFCRELDEFINESBYPROPERTIES('0HVkih$5Lp1C0QcqkuAw2n',#6,$,$,(#695),#708);
#712=IFCRELDEFINESBYPROPERTIES('0OeGxOakohUMXoC2QR_cdK',#6,$,$,(#695),#709);
#713=IFCQUANTITYAREA('NetSurfaceArea','',$,12.090989154318995,$);
#714=IFCQUANTITYVOLUME('NetVolume','',$,1.4031432808288533,$);
#715=IFCELEMENTQUANTITY('1zRv5Keaqbqv4Ed4Nystlk',#6,'Qto_BodyGeometryValidation',$,'BaseQuantities',(#713,#714));
#716=IFCRELDEFINESBYPROPERTIES('2UXoEVgTyXFH9Uhzyk_X5I',#6,$,$,(#695),#715);
#717=IFCCARTESIANPOINT((8282.7384040166799,-173.24419920851054,0.));
#718=IFCDIRECTION((-0.99988130848909174,-0.015406782082629144,-0.));
#719=IFCAXIS2PLACEMENT3D(#717,#73,#718);
#720=IFCLOCALPLACEMENT(#27,#719);
#721=IFCCARTESIANPOINT((1435.2715567497451,-0.));
#722=IFCPOLYLINE((#461,#721));
#723=IFCSHAPEREPRESENTATION(#14,'Axis','Curve2D',(#722));
#724=IFCPRODUCTDEFINITIONSHAPE($,$,(#723,#736));
#725=IFCCARTESIANPOINT((1428.491767930007,-220.));
#726=IFCCARTESIANPOINT((1435.2715567497457,220.));
#727=IFCCARTESIANPOINT((2.1351655414294766,220.));
#728=IFCCARTESIANPOINT((-0.,-220.));
#729=IFCCARTESIANPOINT((1229.7534758555094,-220.));
#730=IFCCARTESIANPOINT((1329.7653464155351,-220.));
#731=IFCPOLYLINE((#725,#726,#727,#728,#729,#730,#725));
#732=IFCARBITRARYCLOSEDPROFILEDEF(.AREA.,$,#731);
#733=IFCAXIS2PLACEMENT3D(#10,$,$);
#734=IFCEXTRUDEDAREASOLID(#732,#733,#73,3000.);
#735=IFCSTYLEDITEM(#734,(#476),$);
#736=IFCSHAPEREPRESENTATION(#15,'Body','SweptSolid',(#734));
#737=IFCWALL('3$Na_1Pi1D4gOO1Cka60sL',#6,'Basic Wall:440:846097',$,$,#720,#724,'846097',.NOTDEFINED.);
#738=IFCQUANTITYLENGTH('Height',$,$,3000.,$);
#739=IFCQUANTITYLENGTH('Length',$,$,1435.271556749746,$);
#740=IFCQUANTITYLENGTH('Width',$,$,440.,$);
#741=IFCQUANTITYAREA('GrossFootprintArea',$,$,0.62955819501043131,$);
#742=IFCQUANTITYVOLUME('GrossVolume',$,$,1.8917400363949775,$);
#743=IFCQUANTITYAREA('GrossSideArea',$,$,1.8917400363949775,$);
#744=IFCQUANTITYAREA('NetSideArea',$,$,4.299409173624948,$);
#745=IFCQUANTITYVOLUME('NetVolume',$,$,1.888674585031294,$);
#746=IFCELEMENTQUANTITY('20_WLnLSPGN$RpsBqcM9oT',#6,'Qto_WallBaseQuantities',$,'BaseQuantities',(#738,#739,#740,#741,#742,#743,#744,#745));
#747=IFCRELDEFINESBYPROPERTIES('1og2M6QZjX8Z44_O4iPy$P',#6,$,$,(#737),#746);
#748=IFCMATERIALLAYER(#490,440.,$,'Layer',$,'Miscellaneous',$);
#749=IFCMATERIALLAYERSET((#748),'Basic Wall:440',$);
#750=IFCWALLTYPE('1CCZds$Vb2Lgj8Ft5vjMoB',#6,'Basic Wall:440',$,$,$,$,'649527',$,.STANDARD.);
#751=IFCPROPERTYSINGLEVALUE('Reference',$,IFCIDENTIFIER('440'),$);
#752=IFCPROPERTYSET('2OWCbB3qT9E$celDX8K6W3',#6,'Pset_EnvironmentalImpactIndicators',$,(#751));
#753=IFCPROPERTYSINGLEVALUE('Reference',$,IFCLABEL('440'),$);
#754=IFCPROPERTYSET('2Cv7E8KcHMsfo_G8ynAMdn',#6,'Pset_ReinforcementBarPitchOfWall',$,(#753));
#755=IFCPROPERTYSET('3y2Cz6vqDF5yCYGRqJs$Tz',#6,'Pset_WallCommon',$,(#501,#502,#503,#751));
#756=IFCRELDEFINESBYPROPERTIES('3TOnrOy$bDwrt23X4WBOuR',#6,$,$,(#737),#752);
#757=IFCRELDEFINESBYPROPERTIES('1UWmPaURiXRXqGkWu2RsaJ',#6,$,$,(#737),#754);
#758=IFCRELDEFINESBYPROPERTIES('1Lw5UoZRbCpp8tV4lh42V3',#6,$,$,(#737),#755);
#759=IFCQUANTITYAREA('NetSurfaceArea','',$,12.484173100549935,$);
#760=IFCQUANTITYVOLUME('NetVolume','',$,1.888674585031294,$);
#761=IFCELEMENTQUANTITY('1HbB7HZUO1rOx9_LHMGVeu',#6,'Qto_BodyGeometryValidation',$,'BaseQuantities',(#759,#760));
#762=IFCRELDEFINESBYPROPERTIES('1$02LuJ_Ze$mYkUFX34O5S',#6,$,$,(#737),#761);
#763=IFCCARTESIANPOINT((6701.0266938747491,24.72122728376365,0.));
#764=IFCAXIS2PLACEMENT3D(#763,#73,#369);
#765=IFCLOCALPLACEMENT(#27,#764);
#766=IFCCARTESIANPOINT((443.37018123153177,-0.));
#767=IFCPOLYLINE((#461,#766));
#768=IFCSHAPEREPRESENTATION(#14,'Axis','Curve2D',(#767));
#769=IFCPRODUCTDEFINITIONSHAPE($,$,(#768,#783));
#770=IFCCARTESIANPOINT((443.37018123153172,-150.));
#771=IFCCARTESIANPOINT((442.0065448678929,150.));
#772=IFCCARTESIANPOINT((440.05223046411237,150.));
#773=IFCCARTESIANPOINT((-0.,150.));
#774=IFCCARTESIANPOINT((3.0648367941838144,-48.904158417845863));
#775=IFCCARTESIANPOINT((4.6056978895789804,-148.90415841784585));
#776=IFCCARTESIANPOINT((4.6225832861855967,-150.));
#777=IFCCARTESIANPOINT((143.36708207398587,-150.));
#778=IFCPOLYLINE((#770,#771,#772,#773,#774,#775,#776,#777,#770));
#779=IFCARBITRARYCLOSEDPROFILEDEF(.AREA.,$,#778);
#780=IFCAXIS2PLACEMENT3D(#10,$,$);
#781=IFCEXTRUDEDAREASOLID(#779,#780,#73,3000.);
#782=IFCSTYLEDITEM(#781,(#476),$);
#783=IFCSHAPEREPRESENTATION(#15,'Body','SweptSolid',(#781));
#784=IFCWALL('3$Na_1Pi1D4gOO1Cka60ts',#6,'Basic Wall:300:846194',$,$,#765,#769,'846194',.NOTDEFINED.);
#785=IFCQUANTITYLENGTH('Height',$,$,3000.,$);
#786=IFCQUANTITYLENGTH('Length',$,$,443.37018123153177,$);
#787=IFCQUANTITYLENGTH('Width',$,$,300.,$);
#788=IFCQUANTITYAREA('GrossFootprintArea',$,$,0.13211312142198589,$);
#789=IFCQUANTITYVOLUME('GrossVolume',$,$,0.39780589038110364,$);
#790=IFCQUANTITYAREA('GrossSideArea',$,$,0.39780589038110364,$);
#791=IFCQUANTITYAREA('NetSideArea',$,$,1.3260196346036788,$);
#792=IFCQUANTITYVOLUME('NetVolume',$,$,0.39633936426595767,$);
#793=IFCELEMENTQUANTITY('0TaO6F2x9NiIO$JNpFmcGF',#6,'Qto_WallBaseQuantities',$,'BaseQuantities',(#785,#786,#787,#788,#789,#790,#791,#792));
#794=IFCRELDEFINESBYPROPERTIES('3U3Tuq1bGuraKOYujFcMNG',#6,$,$,(#784),#793);
#795=IFCPROPERTYSET('0RQmqacPh0o6$rXYneZT_b',#6,'Pset_EnvironmentalImpactIndicators',$,(#497));
#796=IFCPROPERTYSINGLEVALUE('Reference',$,IFCLABEL('300'),$);
#797=IFCPROPERTYSET('2TIbp3LrCXuYiIQkKayze8',#6,'Pset_ReinforcementBarPitchOfWall',$,(#796));
#798=IFCPROPERTYSET('3GZKTNCrA_lWMFRIIi2KqJ',#6,'Pset_WallCommon',$,(#497,#501,#502,#503));
#799=IFCRELDEFINESBYPROPERTIES('3V1GM3b9$huucDB149SxTz',#6,$,$,(#784),#795);
#800=IFCRELDEFINESBYPROPERTIES('0HlzIDYskXFCM9rKr$bNP9',#6,$,$,(#784),#797);
#801=IFCRELDEFINESBYPROPERTIES('00gjNK0GkcscYFSxZmw2hJ',#6,$,$,(#784),#798);
#802=IFCQUANTITYAREA('NetSurfaceArea','',$,4.706604803796556,$);
#803=IFCQUANTITYVOLUME('NetVolume','',$,0.39633936426595767,$);
#804=IFCELEMENTQUANTITY('2pLzibmU4Huskqy_GHtKHZ',#6,'Qto_BodyGeometryValidation',$,'BaseQuantities',(#802,#803));
#805=IFCRELDEFINESBYPROPERTIES('0oyTy5PMIrGFHVi1J4QjfJ',#6,$,$,(#784),#804);
#806=IFCCARTESIANPOINT((12324.622079894531,-150.20680299852773,0.));
#807=IFCDIRECTION((-0.99998374267311141,-0.0057021390264015868,-0.));
#808=IFCAXIS2PLACEMENT3D(#806,#73,#807);
#809=IFCLOCALPLACEMENT(#27,#808);
#810=IFCCARTESIANPOINT((4044.0844433570455,0.));
#811=IFCPOLYLINE((#461,#810));
#812=IFCSHAPEREPRESENTATION(#14,'Axis','Curve2D',(#811));
#813=IFCPRODUCTDEFINITIONSHAPE($,$,(#812,#824));
#814=IFCCARTESIANPOINT((4044.0844433570446,-220.));
#815=IFCCARTESIANPOINT((4041.9492778156286,220.));
#816=IFCCARTESIANPOINT((3.8343490222428485,220.));
#817=IFCCARTESIANPOINT((0.,-220.));
#818=IFCCARTESIANPOINT((300.01139097622058,-220.));
#819=IFCPOLYLINE((#814,#815,#816,#817,#818,#814));
#820=IFCARBITRARYCLOSEDPROFILEDEF(.AREA.,$,#819);
#821=IFCAXIS2PLACEMENT3D(#10,$,$);
#822=IFCEXTRUDEDAREASOLID(#820,#821,#73,3000.);
#823=IFCSTYLEDITEM(#822,(#476),$);
#824=IFCSHAPEREPRESENTATION(#15,'Body','SweptSolid',(#822));
#825=IFCWALL('3$Na_1Pi1D4gOO1Cka60t_',#6,'Basic Wall:440:846202',$,$,#809,#813,'846202',.NOTDEFINED.);
#826=IFCQUANTITYLENGTH('Height',$,$,3000.,$);
#827=IFCQUANTITYLENGTH('Length',$,$,4044.0844433570442,$);
#828=IFCQUANTITYLENGTH('Width',$,$,440.,$);
#829=IFCQUANTITYAREA('GrossFootprintArea',$,$,1.7780838618730952,$);
#830=IFCQUANTITYVOLUME('GrossVolume',$,$,5.3381914652312998,$);
#831=IFCQUANTITYAREA('GrossSideArea',$,$,5.3381914652312998,$);
#832=IFCQUANTITYAREA('NetSideArea',$,$,12.132253330071137,$);
#833=IFCQUANTITYVOLUME('NetVolume',$,$,5.3342515856192856,$);
#834=IFCELEMENTQUANTITY('0pedTU3eZNgMPuzR2C2Y5D',#6,'Qto_WallBaseQuantities',$,'BaseQuantities',(#826,#827,#828,#829,#830,#831,#832,#833));
#835=IFCRELDEFINESBYPROPERTIES('1j$TcMjZaJEBQ4WhO0wnt$',#6,$,$,(#825),#834);
#836=IFCPROPERTYSET('17D_T$YUODgOAonI9LVQbi',#6,'Pset_EnvironmentalImpactIndicators',$,(#751));
#837=IFCPROPERTYSINGLEVALUE('Reference',$,IFCLABEL('440'),$);
#838=IFCPROPERTYSET('2RdO1sFfTDZJqxi8Nzldmq',#6,'Pset_ReinforcementBarPitchOfWall',$,(#837));
#839=IFCPROPERTYSET('1t4sNR8DFmkrnYVqmAjx9W',#6,'Pset_WallCommon',$,(#501,#502,#503,#751));
#840=IFCRELDEFINESBYPROPERTIES('2_uAk9ygNsnXSADxU_sKgC',#6,$,$,(#825),#836);
#841=IFCRELDEFINESBYPROPERTIES('2dkjQsIBZBdKQYSRYxfgw_',#6,$,$,(#825),#838);
#842=IFCRELDEFINESBYPROPERTIES('1ZRzwcDrbMn8O1OTJBSKe_',#6,$,$,(#825),#839);
#843=IFCQUANTITYAREA('NetSurfaceArea','',$,30.442831502214627,$);
#844=IFCQUANTITYVOLUME('NetVolume','',$,5.3342515856192856,$);
#845=IFCELEMENTQUANTITY('0b9okyKRTtBSljM4_eRKLb',#6,'Qto_BodyGeometryValidation',$,'BaseQuantities',(#843,#844));
#846=IFCRELDEFINESBYPROPERTIES('2TqFgu3WwOkvT2lJ4e06Zz',#6,$,$,(#825),#845);
#847=IFCCARTESIANPOINT((12184.654997922595,3817.4285432973834,0.));
#848=IFCDIRECTION((-0.0030120345295591177,-0.99999546381370785,-0.));
#849=IFCAXIS2PLACEMENT3D(#847,#73,#848);
#850=IFCLOCALPLACEMENT(#27,#849);
#851=IFCCARTESIANPOINT((3749.8184446231376,-0.));
#852=IFCPOLYLINE((#461,#851));
#853=IFCSHAPEREPRESENTATION(#14,'Axis','Curve2D',(#852));
#854=IFCPRODUCTDEFINITIONSHAPE($,$,(#853,#865));
#855=IFCCARTESIANPOINT((3749.8184446231376,-150.));
#856=IFCCARTESIANPOINT((3747.2041157443368,150.));
#857=IFCCARTESIANPOINT((6.8074760996320949,150.));
#858=IFCCARTESIANPOINT((0.,-150.));
#859=IFCCARTESIANPOINT((300.07722627824921,-150.));
#860=IFCPOLYLINE((#855,#856,#857,#858,#859,#855));
#861=IFCARBITRARYCLOSEDPROFILEDEF(.AREA.,$,#860);
#862=IFCAXIS2PLACEMENT3D(#10,$,$);
#863=IFCEXTRUDEDAREASOLID(#861,#862,#73,3000.);
#864=IFCSTYLEDITEM(#863,(#476),$);
#865=IFCSHAPEREPRESENTATION(#15,'Body','SweptSolid',(#863));
#866=IFCWALL('3$Na_1Pi1D4gOO1Cka60q4',#6,'Basic Wall:300:846208',$,$,#850,#854,'846208',.NOTDEFINED.);
#867=IFCQUANTITYLENGTH('Height',$,$,3000.,$);
#868=IFCQUANTITYLENGTH('Length',$,$,3749.8184446231376,$);
#869=IFCQUANTITYLENGTH('Width',$,$,300.,$);
#870=IFCQUANTITYAREA('GrossFootprintArea',$,$,1.123532262640176,$);
#871=IFCQUANTITYVOLUME('GrossVolume',$,$,3.3748366001608239,$);
#872=IFCQUANTITYAREA('GrossSideArea',$,$,3.3748366001608239,$);
#873=IFCQUANTITYAREA('NetSideArea',$,$,7.8759346348877086,$);
#874=IFCQUANTITYVOLUME('NetVolume',$,$,2.358540578226016,$);
#875=IFCELEMENTQUANTITY('0p6meQyUdOC76bJSvD5$4m',#6,'Qto_WallBaseQuantities',$,'BaseQuantities',(#867,#868,#869,#870,#871,#872,#873,#874));
#876=IFCRELDEFINESBYPROPERTIES('35JRCeWmEpnGrWnXHw$XNa',#6,$,$,(#866),#875);
#877=IFCPROPERTYSET('2lZmgirCd0ZWS8QQn96hnm',#6,'Pset_EnvironmentalImpactIndicators',$,(#497));
#878=IFCPROPERTYSINGLEVALUE('Reference',$,IFCLABEL('300'),$);
#879=IFCPROPERTYSET('0hgV3S8tw4ututTa1iVMWq',#6,'Pset_ReinforcementBarPitchOfWall',$,(#878));
#880=IFCPROPERTYSET('213EyVpMo0XotbA3udTuny',#6,'Pset_WallCommon',$,(#497,#501,#502,#503));
#881=IFCRELDEFINESBYPROPERTIES('2LrhF2lVa2t5kglHK0d$p9',#6,$,$,(#866),#877);
#882=IFCRELDEFINESBYPROPERTIES('3AUxsUMaLcLWuRLa67JabO',#6,$,$,(#866),#879);
#883=IFCRELDEFINESBYPROPERTIES('1XHkFolnc_g3RqcMnCoeU$',#6,$,$,(#866),#880);
#884=IFCQUANTITYAREA('NetSurfaceArea','',$,22.107943785260048,$);
#885=IFCQUANTITYVOLUME('NetVolume','',$,2.358540578226016,$);
#886=IFCELEMENTQUANTITY('0fgyvU3eG3svwANeea05zn',#6,'Qto_BodyGeometryValidation',$,'BaseQuantities',(#884,#885));
#887=IFCRELDEFINESBYPROPERTIES('15NkclcnQQ1NXJKMErj__R',#6,$,$,(#866),#886);
#888=IFCCARTESIANPOINT((11224.225171922168,3688.6632330655839,0.));
#889=IFCDIRECTION((0.99966978004816887,-0.025696903674287376,-0.));
#890=IFCAXIS2PLACEMENT3D(#888,#73,#889);
#891=IFCLOCALPLACEMENT(#27,#890);
#892=IFCCARTESIANPOINT((813.64988243741175,0.));
#893=IFCPOLYLINE((#461,#892));
#894=IFCSHAPEREPRESENTATION(#14,'Axis','Curve2D',(#893));
#895=IFCPRODUCTDEFINITIONSHAPE($,$,(#894,#905));
#896=IFCCARTESIANPOINT((813.64988243741323,-150.));
#897=IFCCARTESIANPOINT((806.84240633778234,150.));
#898=IFCCARTESIANPOINT((0.,150.));
#899=IFCCARTESIANPOINT((3.8551720785073393,-150.));
#900=IFCPOLYLINE((#896,#897,#898,#899,#896));
#901=IFCARBITRARYCLOSEDPROFILEDEF(.AREA.,$,#900);
#902=IFCAXIS2PLACEMENT3D(#10,$,$);
#903=IFCEXTRUDEDAREASOLID(#901,#902,#73,3000.);
#904=IFCSTYLEDITEM(#903,(#476),$);
#905=IFCSHAPEREPRESENTATION(#15,'Body','SweptSolid',(#903));
#906=IFCWALL('3$Na_1Pi1D4gOO1Cka60q3',#6,'Basic Wall:300:846215',$,$,#891,#895,'846215',.NOTDEFINED.);
#907=IFCQUANTITYLENGTH('Height',$,$,3000.,$);
#908=IFCQUANTITYLENGTH('Length',$,$,813.64988243741277,$);
#909=IFCQUANTITYLENGTH('Width',$,$,300.,$);
#910=IFCQUANTITYAREA('GrossFootprintArea',$,$,0.24249556750450318,$);
#911=IFCQUANTITYVOLUME('GrossVolume',$,$,0.72881523932301528,$);
#912=IFCQUANTITYAREA('GrossSideArea',$,$,0.72881523932301528,$);
#913=IFCQUANTITYAREA('NetSideArea',$,$,2.4293841310767177,$);
#914=IFCQUANTITYVOLUME('NetVolume',$,$,0.72748670251351,$);
#915=IFCELEMENTQUANTITY('0PSBpBgBxwAUJeKu8E9Xcj',#6,'Qto_WallBaseQuantities',$,'BaseQuantities',(#907,#908,#909,#910,#911,#912,#913,#914));
#916=IFCRELDEFINESBYPROPERTIES('0xoE7$ibOcF0rEjt6FzaE6',#6,$,$,(#906),#915);
#917=IFCPROPERTYSET('2l4aIuAvQWFS4hRmSZyhCv',#6,'Pset_EnvironmentalImpactIndicators',$,(#497));
#918=IFCPROPERTYSINGLEVALUE('Reference',$,IFCLABEL('300'),$);
#919=IFCPROPERTYSET('0WKV13V9Dki_3f9P8oY0Qm',#6,'Pset_ReinforcementBarPitchOfWall',$,(#918));
#920=IFCPROPERTYSET('0fYQdxc8Wf_BjcayngxOaq',#6,'Pset_WallCommon',$,(#497,#501,#502,#503));
#921=IFCRELDEFINESBYPROPERTIES('2NltvaMiGdJdz72KwIToVu',#6,$,$,(#906),#917);
#922=IFCRELDEFINESBYPROPERTIES('3U_DeVO1Cz5nVFeDDT4_Ro',#6,$,$,(#906),#919);
#923=IFCRELDEFINESBYPROPERTIES('0FAPn1uQsJDRkztrNqRShi',#6,$,$,(#906),#920);
#924=IFCQUANTITYAREA('NetSurfaceArea','',$,7.1352084726249334,$);
#925=IFCQUANTITYVOLUME('NetVolume','',$,0.72748670251351,$);
#926=IFCELEMENTQUANTITY('1_5dfAeTtjiPgug$cZlts_',#6,'Qto_BodyGeometryValidation',$,'BaseQuantities',(#924,#925));
#927=IFCRELDEFINESBYPROPERTIES('0Jl_6Ah4kEMR2kVtxVTveI',#6,$,$,(#906),#926);
#928=IFCCARTESIANPOINT((6652.1225354569096,3688.6137000728295,0.));
#929=IFCAXIS2PLACEMENT3D(#928,$,$);
#930=IFCLOCALPLACEMENT(#27,#929);
#931=IFCCARTESIANPOINT((4575.9571720162039,0.));
#932=IFCPOLYLINE((#461,#931));
#933=IFCSHAPEREPRESENTATION(#14,'Axis','Curve2D',(#932));
#934=IFCPRODUCTDEFINITIONSHAPE($,$,(#933,#944));
#935=IFCCARTESIANPOINT((4572.1019999376858,-150.));
#936=IFCCARTESIANPOINT((4575.9571720162039,150.));
#937=IFCCARTESIANPOINT((0.,150.));
#938=IFCCARTESIANPOINT((0.,-150.));
#939=IFCPOLYLINE((#935,#936,#937,#938,#935));
#940=IFCARBITRARYCLOSEDPROFILEDEF(.AREA.,$,#939);
#941=IFCAXIS2PLACEMENT3D(#10,$,$);
#942=IFCEXTRUDEDAREASOLID(#940,#941,#73,3000.);
#943=IFCSTYLEDITEM(#942,(#476),$);
#944=IFCSHAPEREPRESENTATION(#15,'Body','SweptSolid',(#942));
#945=IFCWALL('3$Na_1Pi1D4gOO1Cka60q9',#6,'Basic Wall:300:846221',$,$,#930,#934,'846221',.NOTDEFINED.);
#946=IFCQUANTITYLENGTH('Height',$,$,3000.,$);
#947=IFCQUANTITYLENGTH('Length',$,$,4575.9571720162039,$);
#948=IFCQUANTITYLENGTH('Width',$,$,300.,$);
#949=IFCQUANTITYAREA('GrossFootprintArea',$,$,1.372208875793083,$);
#950=IFCQUANTITYVOLUME('GrossVolume',$,$,4.1183614548145835,$);
#951=IFCQUANTITYAREA('GrossSideArea',$,$,4.1183614548145835,$);
#952=IFCQUANTITYAREA('NetSideArea',$,$,13.727871516048614,$);
#953=IFCQUANTITYVOLUME('NetVolume',$,$,4.11662662737925,$);
#954=IFCELEMENTQUANTITY('3lkfT_6eUxfnQ$Vbsp1i8d',#6,'Qto_WallBaseQuantities',$,'BaseQuantities',(#946,#947,#948,#949,#950,#951,#952,#953));
#955=IFCRELDEFINESBYPROPERTIES('2T1LMeVcGPKkkwzCZGxxyY',#6,$,$,(#945),#954);
#956=IFCPROPERTYSET('1bV_e6R6OqVM2f$cp2BzDT',#6,'Pset_EnvironmentalImpactIndicators',$,(#497));
#957=IFCPROPERTYSINGLEVALUE('Reference',$,IFCLABEL('300'),$);
#958=IFCPROPERTYSET('1_U2MRbvCw_QT4J8pWJR4p',#6,'Pset_ReinforcementBarPitchOfWall',$,(#957));
#959=IFCPROPERTYSET('0wgUu0FqKS1TR$gOaI2v3_',#6,'Pset_WallCommon',$,(#497,#501,#502,#503));
#960=IFCRELDEFINESBYPROPERTIES('23fRYWjfUV5p9X_yl_0EVq',#6,$,$,(#945),#956);
#961=IFCRELDEFINESBYPROPERTIES('1cWNL4FNRPCN0T_KyRej1R',#6,$,$,(#945),#958);
#962=IFCRELDEFINESBYPROPERTIES('12SkznpLvex5JUA3_784Px',#6,$,$,(#945),#959);
#963=IFCQUANTITYAREA('NetSurfaceArea','',$,31.988669576138953,$);
#964=IFCQUANTITYVOLUME('NetVolume','',$,4.11662662737925,$);
#965=IFCELEMENTQUANTITY('1H3KgBQ7xgNd_zBpDZ_QA5',#6,'Qto_BodyGeometryValidation',$,'BaseQuantities',(#963,#964));
#966=IFCRELDEFINESBYPROPERTIES('26Nn7OX2BuQ2ZcxyligV6m',#6,$,$,(#945),#965);
#967=IFCCARTESIANPOINT((6542.1225354569106,3453.6300030720886,0.));
#968=IFCAXIS2PLACEMENT3D(#967,#73,#513);
#969=IFCLOCALPLACEMENT(#27,#968);
#970=IFCCARTESIANPOINT((384.98369700074147,0.));
#971=IFCPOLYLINE((#461,#970));
#972=IFCSHAPEREPRESENTATION(#14,'Axis','Curve2D',(#971));
#973=IFCPRODUCTDEFINITIONSHAPE($,$,(#972,#986));
#974=IFCCARTESIANPOINT((384.9836970007409,-110.));
#975=IFCCARTESIANPOINT((384.98369700074147,110.));
#976=IFCCARTESIANPOINT((240.03417744951525,110.));
#977=IFCCARTESIANPOINT((0.,110.));
#978=IFCCARTESIANPOINT((2.0252372617448429,-10.));
#979=IFCCARTESIANPOINT((3.7129349798660871,-110.));
#980=IFCCARTESIANPOINT((84.983697000740904,-110.));
#981=IFCPOLYLINE((#974,#975,#976,#977,#978,#979,#980,#974));
#982=IFCARBITRARYCLOSEDPROFILEDEF(.AREA.,$,#981);
#983=IFCAXIS2PLACEMENT3D(#10,$,$);
#984=IFCEXTRUDEDAREASOLID(#982,#983,#73,3000.);
#985=IFCSTYLEDITEM(#984,(#476),$);
#986=IFCSHAPEREPRESENTATION(#15,'Body','SweptSolid',(#984));
#987=IFCWALL('3$Na_1Pi1D4gOO1Cka60qN',#6,'Basic Wall:220:846227',$,$,#969,#973,'846227',.NOTDEFINED.);
#988=IFCQUANTITYLENGTH('Height',$,$,3000.,$);
#989=IFCQUANTITYLENGTH('Length',$,$,384.98369700074147,$);
#990=IFCQUANTITYLENGTH('Width',$,$,220.,$);
#991=IFCQUANTITYAREA('GrossFootprintArea',$,$,0.084287990492377757,$);
#992=IFCQUANTITYVOLUME('GrossVolume',$,$,0.25408924002048938,$);
#993=IFCQUANTITYAREA('GrossSideArea',$,$,0.25408924002048938,$);
#994=IFCQUANTITYAREA('NetSideArea',$,$,1.1549510910022245,$);
#995=IFCQUANTITYVOLUME('NetVolume',$,$,0.25286397147713319,$);
#996=IFCELEMENTQUANTITY('1DDyP0OL3WgIZ1nD01rzv9',#6,'Qto_WallBaseQuantities',$,'BaseQuantities',(#988,#989,#990,#991,#992,#993,#994,#995));
#997=IFCRELDEFINESBYPROPERTIES('2Vy1ZbDnGr4GjVNJN7yH0Y',#6,$,$,(#987),#996);
#998=IFCMATERIALLAYER(#490,220.,$,'Layer',$,'Miscellaneous',$);
#999=IFCMATERIALLAYERSET((#998),'Basic Wall:220',$);
#1000=IFCWALLTYPE('2fraZq3R19_AiRhVx8cxrr',#6,'Basic Wall:220',$,$,$,$,'400438',$,.STANDARD.);
#1001=IFCPROPERTYSINGLEVALUE('Reference',$,IFCIDENTIFIER('220'),$);
#1002=IFCPROPERTYSET('0lnLtBzqhPoLrEofrZ34Pz',#6,'Pset_EnvironmentalImpactIndicators',$,(#1001));
#1003=IFCPROPERTYSINGLEVALUE('Reference',$,IFCLABEL('220'),$);
#1004=IFCPROPERTYSET('07iKm0SGVj3KA6m_iIihGB',#6,'Pset_ReinforcementBarPitchOfWall',$,(#1003));
#1005=IFCPROPERTYSET('14KYa9xIPpxS4m0BY3PkpH',#6,'Pset_WallCommon',$,(#501,#502,#503,#1001));
#1006=IFCRELDEFINESBYPROPERTIES('0o_0yDfvfmY8HGmDcJf9p2',#6,$,$,(#987),#1002);
#1007=IFCRELDEFINESBYPROPERTIES('2piyl9laBJmEhJrBwsnZ_x',#6,$,$,(#987),#1004);
#1008=IFCRELDEFINESBYPROPERTIES('3a4EGcZ9vV7F0Y9cKf77Gd',#6,$,$,(#987),#1005);
#1009=IFCQUANTITYAREA('NetSurfaceArea','',$,3.7874333460357712,$);
#1010=IFCQUANTITYVOLUME('NetVolume','',$,0.25286397147713319,$);
#1011=IFCELEMENTQUANTITY('0cxwcJ3qhG6rj3l5bj3uve',#6,'Qto_BodyGeometryValidation',$,'BaseQuantities',(#1009,#1010));
#1012=IFCRELDEFINESBYPROPERTIES('0by7qZhqnwxa9Iwwye6yVF',#6,$,$,(#987),#1011);
#1013=IFCCARTESIANPOINT((4581.9307030513773,3542.4214464604788,0.));
#1014=IFCDIRECTION((0.99985761423694519,0.016874574139934803,-0.));
#1015=IFCAXIS2PLACEMENT3D(#1013,#73,#1014);
#1016=IFCLOCALPLACEMENT(#27,#1015);
#1017=IFCCARTESIANPOINT((1852.4805481587198,0.));
#1018=IFCPOLYLINE((#461,#1017));
#1019=IFCSHAPEREPRESENTATION(#14,'Axis','Curve2D',(#1018));
#1020=IFCPRODUCTDEFINITIONSHAPE($,$,(#1019,#1032));
#1021=IFCCARTESIANPOINT((1.6718089946648653,-120.));
#1022=IFCCARTESIANPOINT((214.14732837583279,-120.));
#1023=IFCCARTESIANPOINT((314.16156897979749,-120.));
#1024=IFCCARTESIANPOINT((1848.43007363523,-120.));
#1025=IFCCARTESIANPOINT((1852.48054815872,120.));
#1026=IFCCARTESIANPOINT((0.,120.));
#1027=IFCPOLYLINE((#1021,#1022,#1023,#1024,#1025,#1026,#1021));
#1028=IFCARBITRARYCLOSEDPROFILEDEF(.AREA.,$,#1027);
#1029=IFCAXIS2PLACEMENT3D(#10,$,$);
#1030=IFCEXTRUDEDAREASOLID(#1028,#1029,#73,3000.);
#1031=IFCSTYLEDITEM(#1030,(#476),$);
#1032=IFCSHAPEREPRESENTATION(#15,'Body','SweptSolid',(#1030));
#1033=IFCWALL('3$Na_1Pi1D4gOO1Cka60qT',#6,'Basic Wall:240:846233',$,$,#1016,#1020,'846233',.NOTDEFINED.);
#1034=IFCQUANTITYLENGTH('Height',$,$,3000.,$);
#1035=IFCQUANTITYLENGTH('Length',$,$,1852.48054815872,$);
#1036=IFCQUANTITYLENGTH('Width',$,$,240.,$);
#1037=IFCQUANTITYAREA('GrossFootprintArea',$,$,0.44390865753591408,$);
#1038=IFCQUANTITYVOLUME('GrossVolume',$,$,0.93826599467427851,$);
#1039=IFCQUANTITYAREA('GrossSideArea',$,$,0.93826599467427851,$);
#1040=IFCQUANTITYAREA('NetSideArea',$,$,3.9094416444761602,$);
#1041=IFCQUANTITYVOLUME('NetVolume',$,$,0.93620597260774219,$);
#1042=IFCELEMENTQUANTITY('1Mq8aMlyTWKncVwYh$DFeh',#6,'Qto_WallBaseQuantities',$,'BaseQuantities',(#1034,#1035,#1036,#1037,#1038,#1039,#1040,#1041));
#1043=IFCRELDEFINESBYPROPERTIES('26AwPa8DpzoqyxYMb$jFvg',#6,$,$,(#1033),#1042);
#1044=IFCMATERIALLAYER(#490,240.,$,'Layer',$,'Miscellaneous',$);
#1045=IFCMATERIALLAYERSET((#1044),'Basic Wall:240',$);
#1046=IFCWALLTYPE('1YoarVCYn5SB_k$jaYoDAS',#6,'Basic Wall:240',$,$,$,$,'440133',$,.STANDARD.);
#1047=IFCPROPERTYSINGLEVALUE('Reference',$,IFCIDENTIFIER('240'),$);
#1048=IFCPROPERTYSET('1lB6Ah_jDbjZW4MyaB4vSH',#6,'Pset_EnvironmentalImpactIndicators',$,(#1047));
#1049=IFCPROPERTYSINGLEVALUE('Reference',$,IFCLABEL('240'),$);
#1050=IFCPROPERTYSET('1WCEUEjz1wEt6JKhad36xu',#6,'Pset_ReinforcementBarPitchOfWall',$,(#1049));
#1051=IFCPROPERTYSET('0PUInlOTRMtcuVDI$fTO4y',#6,'Pset_WallCommon',$,(#501,#502,#503,#1047));
#1052=IFCRELDEFINESBYPROPERTIES('2w8tSpZcUtL5Im$peA66$L',#6,$,$,(#1033),#1048);
#1053=IFCRELDEFINESBYPROPERTIES('23gch5lwL_jWoZj$hXjHwo',#6,$,$,(#1033),#1050);
#1054=IFCRELDEFINESBYPROPERTIES('32QtbfkiVhO2FZcA2HTyMl',#6,$,$,(#1033),#1051);
#1055=IFCQUANTITYAREA('NetSurfaceArea','',$,11.118453754014546,$);
#1056=IFCQUANTITYVOLUME('NetVolume','',$,0.93620597260774219,$);
#1057=IFCELEMENTQUANTITY('0lOUfcZ3BKkaXj21_Q8xkQ',#6,'Qto_BodyGeometryValidation',$,'BaseQuantities',(#1055,#1056));
#1058=IFCRELDEFINESBYPROPERTIES('3OYQaF0fQdLLOFfK6de4Ko',#6,$,$,(#1033),#1057);
#1059=IFCCARTESIANPOINT((3903.0851317353067,3521.4900556356524,0.));
#1060=IFCDIRECTION((0.9995255052508536,0.030802018651798289,-0.));
#1061=IFCAXIS2PLACEMENT3D(#1059,#73,#1060);
#1062=IFCLOCALPLACEMENT(#27,#1061);
#1063=IFCCARTESIANPOINT((680.83991962427717,0.));
#1064=IFCPOLYLINE((#461,#1063));
#1065=IFCSHAPEREPRESENTATION(#14,'Axis','Curve2D',(#1064));
#1066=IFCPRODUCTDEFINITIONSHAPE($,$,(#1065,#1077));
#1067=IFCCARTESIANPOINT((679.16811062970828,-120.));
#1068=IFCCARTESIANPOINT((680.83991962427694,120.));
#1069=IFCCARTESIANPOINT((7.3959938366719395,120.));
#1070=IFCCARTESIANPOINT((0.,-120.));
#1071=IFCCARTESIANPOINT((100.04747200013011,-120.));
#1072=IFCPOLYLINE((#1067,#1068,#1069,#1070,#1071,#1067));
#1073=IFCARBITRARYCLOSEDPROFILEDEF(.AREA.,$,#1072);
#1074=IFCAXIS2PLACEMENT3D(#10,$,$);
#1075=IFCEXTRUDEDAREASOLID(#1073,#1074,#73,3000.);
#1076=IFCSTYLEDITEM(#1075,(#476),$);
#1077=IFCSHAPEREPRESENTATION(#15,'Body','SweptSolid',(#1075));
#1078=IFCWALL('3$Na_1Pi1D4gOO1Cka60qR',#6,'Basic Wall:240:846239',$,$,#1062,#1066,'846239',.NOTDEFINED.);
#1079=IFCQUANTITYLENGTH('Height',$,$,3000.,$);
#1080=IFCQUANTITYLENGTH('Length',$,$,680.83991962427694,$);
#1081=IFCQUANTITYLENGTH('Width',$,$,240.,$);
#1082=IFCQUANTITYAREA('GrossFootprintArea',$,$,0.16231344437007741,$);
#1083=IFCQUANTITYVOLUME('GrossVolume',$,$,0.48900103965338987,$);
#1084=IFCQUANTITYAREA('GrossSideArea',$,$,0.48900103965338987,$);
#1085=IFCQUANTITYAREA('NetSideArea',$,$,2.0375043318891244,$);
#1086=IFCQUANTITYVOLUME('NetVolume',$,$,0.48694033311023238,$);
#1087=IFCELEMENTQUANTITY('0$uaemFYbajyDNXNMKvgCB',#6,'Qto_WallBaseQuantities',$,'BaseQuantities',(#1079,#1080,#1081,#1082,#1083,#1084,#1085,#1086));
#1088=IFCRELDEFINESBYPROPERTIES('1UYOeqQp$Uax5QF1gaOZT3',#6,$,$,(#1078),#1087);
#1089=IFCPROPERTYSET('2GCNT0lWoxjLbMNChWiZpj',#6,'Pset_EnvironmentalImpactIndicators',$,(#1047));
#1090=IFCPROPERTYSINGLEVALUE('Reference',$,IFCLABEL('240'),$);
#1091=IFCPROPERTYSET('2Ng_s6d5txzFwYcSmc3Nf2',#6,'Pset_ReinforcementBarPitchOfWall',$,(#1090));
#1092=IFCPROPERTYSET('32URBxOOM5LQRFiJvQEH0h',#6,'Pset_WallCommon',$,(#501,#502,#503,#1047));
#1093=IFCRELDEFINESBYPROPERTIES('20OvAN7$YQz_fRg9GCkNZ$',#6,$,$,(#1078),#1089);
#1094=IFCRELDEFINESBYPROPERTIES('2ESBT5LlTLOyWPLgiXKB65',#6,$,$,(#1078),#1091);
#1095=IFCRELDEFINESBYPROPERTIES('1_vtsv9_gY8kNlkK2Lq1Bo',#6,$,$,(#1078),#1092);
#1096=IFCQUANTITYAREA('NetSurfaceArea','',$,5.8228222645893384,$);
#1097=IFCQUANTITYVOLUME('NetVolume','',$,0.48694033311023238,$);
#1098=IFCELEMENTQUANTITY('0zMW7Tz7yM8h2ZOuJNmKWP',#6,'Qto_BodyGeometryValidation',$,'BaseQuantities',(#1096,#1097));
#1099=IFCRELDEFINESBYPROPERTIES('3lMhuE$T9rGwtlVxx2K_it',#6,$,$,(#1078),#1098);
#1100=IFCCARTESIANPOINT((3208.5472762058957,3527.133083684103,0.));
#1101=IFCDIRECTION((0.99973218924098861,-0.023141948825023212,-0.));
#1102=IFCAXIS2PLACEMENT3D(#1100,#73,#1101);
#1103=IFCLOCALPLACEMENT(#27,#1102);
#1104=IFCCARTESIANPOINT((601.86657643603883,0.));
#1105=IFCPOLYLINE((#461,#1104));
#1106=IFCSHAPEREPRESENTATION(#14,'Axis','Curve2D',(#1105));
#1107=IFCPRODUCTDEFINITIONSHAPE($,$,(#1106,#1118));
#1108=IFCCARTESIANPOINT((601.86657643603928,-150.));
#1109=IFCCARTESIANPOINT((595.49480244499739,125.2606364130059));
#1110=IFCCARTESIANPOINT((594.92213199159471,150.));
#1111=IFCCARTESIANPOINT((-0.,150.));
#1112=IFCCARTESIANPOINT((6.3916857783495979,-150.));
#1113=IFCPOLYLINE((#1108,#1109,#1110,#1111,#1112,#1108));
#1114=IFCARBITRARYCLOSEDPROFILEDEF(.AREA.,$,#1113);
#1115=IFCAXIS2PLACEMENT3D(#10,$,$);
#1116=IFCEXTRUDEDAREASOLID(#1114,#1115,#73,3000.);
#1117=IFCSTYLEDITEM(#1116,(#476),$);
#1118=IFCSHAPEREPRESENTATION(#15,'Body','SweptSolid',(#1116));
#1119=IFCWALL('3$Na_1Pi1D4gOO1Cka60rK',#6,'Basic Wall:300:846288',$,$,#1103,#1107,'846288',.NOTDEFINED.);
#1120=IFCQUANTITYLENGTH('Height',$,$,3000.,$);
#1121=IFCQUANTITYLENGTH('Length',$,$,601.86657643603951,$);
#1122=IFCQUANTITYLENGTH('Width',$,$,300.,$);
#1123=IFCQUANTITYAREA('GrossFootprintArea',$,$,0.17855955339739288,$);
#1124=IFCQUANTITYVOLUME('GrossVolume',$,$,0.53592740159192076,$);
#1125=IFCQUANTITYAREA('GrossSideArea',$,$,0.53592740159192076,$);
#1126=IFCQUANTITYAREA('NetSideArea',$,$,1.7864246719730692,$);
#1127=IFCQUANTITYVOLUME('NetVolume',$,$,0.53567866019217858,$);
#1128=IFCELEMENTQUANTITY('2oMbdLEVFIxqoCTGxfXQVE',#6,'Qto_WallBaseQuantities',$,'BaseQuantities',(#1120,#1121,#1122,#1123,#1124,#1125,#1126,#1127));
#1129=IFCRELDEFINESBYPROPERTIES('37Jl1JHQc2qRKPDSZXya6X',#6,$,$,(#1119),#1128);
#1130=IFCPROPERTYSET('0mi3B5uoBs0Q$dAf1V3r9m',#6,'Pset_EnvironmentalImpactIndicators',$,(#497));
#1131=IFCPROPERTYSINGLEVALUE('Reference',$,IFCLABEL('300'),$);
#1132=IFCPROPERTYSET('21dS38iVth1WrKfG$Or6zx',#6,'Pset_ReinforcementBarPitchOfWall',$,(#1131));
#1133=IFCPROPERTYSET('0Rd92e2t$$aHOEIlXN46Z4',#6,'Pset_WallCommon',$,(#497,#501,#502,#503));
#1134=IFCRELDEFINESBYPROPERTIES('1BLi5_cRx1yKjcyZ2PUjOG',#6,$,$,(#1119),#1130);
#1135=IFCRELDEFINESBYPROPERTIES('3kSrOAJeXi$V7iF1ILW370',#6,$,$,(#1119),#1132);
#1136=IFCRELDEFINESBYPROPERTIES('0AwGHrhPnvBhAl1Kb90sjj',#6,$,$,(#1119),#1133);
#1137=IFCQUANTITYAREA('NetSurfaceArea','',$,5.728755514053252,$);
#1138=IFCQUANTITYVOLUME('NetVolume','',$,0.53567866019217858,$);
#1139=IFCELEMENTQUANTITY('2RNi4jyhZtIg1oqKw$MsC1',#6,'Qto_BodyGeometryValidation',$,'BaseQuantities',(#1137,#1138));
#1140=IFCRELDEFINESBYPROPERTIES('2c5CmJ20QlkIuK7_$D$yfs',#6,$,$,(#1119),#1139);
#1141=IFCCARTESIANPOINT((3107.2537919556471,3804.9159173879984,0.));
#1142=IFCDIRECTION((-0.0018416175031702661,-0.99999830422104818,-0.));
#1143=IFCAXIS2PLACEMENT3D(#1141,#73,#1142);
#1144=IFCLOCALPLACEMENT(#27,#1143);
#1145=IFCCARTESIANPOINT((427.69793359855379,0.));
#1146=IFCPOLYLINE((#461,#1145));
#1147=IFCSHAPEREPRESENTATION(#14,'Axis','Curve2D',(#1146));
#1148=IFCPRODUCTDEFINITIONSHAPE($,$,(#1147,#1159));
#1149=IFCCARTESIANPOINT((423.22375355370849,-105.));
#1150=IFCCARTESIANPOINT((427.69793359855356,105.));
#1151=IFCCARTESIANPOINT((127.62985191193158,105.));
#1152=IFCCARTESIANPOINT((0.,105.));
#1153=IFCCARTESIANPOINT((0.87224481405200938,-105.));
#1154=IFCPOLYLINE((#1149,#1150,#1151,#1152,#1153,#1149));
#1155=IFCARBITRARYCLOSEDPROFILEDEF(.AREA.,$,#1154);
#1156=IFCAXIS2PLACEMENT3D(#10,$,$);
#1157=IFCEXTRUDEDAREASOLID(#1155,#1156,#73,3000.);
#1158=IFCSTYLEDITEM(#1157,(#476),$);
#1159=IFCSHAPEREPRESENTATION(#15,'Body','SweptSolid',(#1157));
#1160=IFCWALL('3$Na_1Pi1D4gOO1Cka60rI',#6,'Basic Wall:210:846294',$,$,#1144,#1148,'846294',.NOTDEFINED.);
#1161=IFCQUANTITYLENGTH('Height',$,$,3000.,$);
#1162=IFCQUANTITYLENGTH('Length',$,$,427.69793359855333,$);
#1163=IFCQUANTITYLENGTH('Width',$,$,210.,$);
#1164=IFCQUANTITYAREA('GrossFootprintArea',$,$,0.089255191445512069,$);
#1165=IFCQUANTITYVOLUME('GrossVolume',$,$,0.26944969816708869,$);
#1166=IFCQUANTITYAREA('GrossSideArea',$,$,0.26944969816708869,$);
#1167=IFCQUANTITYAREA('NetSideArea',$,$,1.2830938007956598,$);
#1168=IFCQUANTITYVOLUME('NetVolume',$,$,0.26776557433653619,$);
#1169=IFCELEMENTQUANTITY('2tQLK5GGk3E4z0xAgMXUyp',#6,'Qto_WallBaseQuantities',$,'BaseQuantities',(#1161,#1162,#1163,#1164,#1165,#1166,#1167,#1168));
#1170=IFCRELDEFINESBYPROPERTIES('1uxKmOTVbIycJOywp0Z1NR',#6,$,$,(#1160),#1169);
#1171=IFCMATERIALLAYER(#490,210.,$,'Layer',$,'Miscellaneous',$);
#1172=IFCMATERIALLAYERSET((#1171),'Basic Wall:210',$);
#1173=IFCWALLTYPE('3_TpTOQsrDqwy39fyMLFSo',#6,'Basic Wall:210',$,$,$,$,'391017',$,.STANDARD.);
#1174=IFCPROPERTYSINGLEVALUE('Reference',$,IFCIDENTIFIER('210'),$);
#1175=IFCPROPERTYSET('1u5HG_LimotJwymOg8IK9f',#6,'Pset_EnvironmentalImpactIndicators',$,(#1174));
#1176=IFCPROPERTYSINGLEVALUE('Reference',$,IFCLABEL('210'),$);
#1177=IFCPROPERTYSET('2TX_qM5y_mYO43b_NYJFeb',#6,'Pset_ReinforcementBarPitchOfWall',$,(#1176));
#1178=IFCPROPERTYSET('2qBkx7QUKCo9WSR$Q6WsPH',#6,'Pset_WallCommon',$,(#501,#502,#503,#1174));
#1179=IFCRELDEFINESBYPROPERTIES('3EIT_AqdXXr044lFp9qZcM',#6,$,$,(#1160),#1175);
#1180=IFCRELDEFINESBYPROPERTIES('05xecD7YVvwvuh3LFi_iFX',#6,$,$,(#1160),#1177);
#1181=IFCRELDEFINESBYPROPERTIES('3um0MeCv6m4ak1abfVu44r',#6,$,$,(#1160),#1178);
#1182=IFCQUANTITYAREA('NetSurfaceArea','',$,3.9888071157885197,$);
#1183=IFCQUANTITYVOLUME('NetVolume','',$,0.26776557433653619,$);
#1184=IFCELEMENTQUANTITY('3wQmAg60LNelfH3OaGZkIg',#6,'Qto_BodyGeometryValidation',$,'BaseQuantities',(#1182,#1183));
#1185=IFCRELDEFINESBYPROPERTIES('2bj1QEnGDyTQ4VYH7iioxm',#6,$,$,(#1160),#1184);
#1186=IFCCARTESIANPOINT((3103.8554257862647,4329.96953952063,0.));
#1187=IFCDIRECTION((0.0064653821068888263,-0.99997909919868422,-0.));
#1188=IFCAXIS2PLACEMENT3D(#1186,#73,#1187);
#1189=IFCLOCALPLACEMENT(#27,#1188);
#1190=IFCCARTESIANPOINT((525.93684959527957,0.));
#1191=IFCPOLYLINE((#461,#1190));
#1192=IFCSHAPEREPRESENTATION(#14,'Axis','Curve2D',(#1191));
#1193=IFCPRODUCTDEFINITIONSHAPE($,$,(#1192,#1205));
#1194=IFCCARTESIANPOINT((525.06460478146653,-105.));
#1195=IFCCARTESIANPOINT((525.9368495952798,105.));
#1196=IFCCARTESIANPOINT((1.3640342846492688,105.));
#1197=IFCCARTESIANPOINT((0.,-105.));
#1198=IFCCARTESIANPOINT((216.43029900790222,-105.));
#1199=IFCCARTESIANPOINT((316.43238913171905,-105.));
#1200=IFCPOLYLINE((#1194,#1195,#1196,#1197,#1198,#1199,#1194));
#1201=IFCARBITRARYCLOSEDPROFILEDEF(.AREA.,$,#1200);
#1202=IFCAXIS2PLACEMENT3D(#10,$,$);
#1203=IFCEXTRUDEDAREASOLID(#1201,#1202,#73,3000.);
#1204=IFCSTYLEDITEM(#1203,(#476),$);
#1205=IFCSHAPEREPRESENTATION(#15,'Body','SweptSolid',(#1203));
#1206=IFCWALL('3$Na_1Pi1D4gOO1Cka60rP',#6,'Basic Wall:210:846301',$,$,#1189,#1193,'846301',.NOTDEFINED.);
#1207=IFCQUANTITYLENGTH('Height',$,$,3000.,$);
#1208=IFCQUANTITYLENGTH('Length',$,$,525.93684959527968,$);
#1209=IFCQUANTITYLENGTH('Width',$,$,210.,$);
#1210=IFCQUANTITYAREA('GrossFootprintArea',$,$,0.11021192910967011,$);
#1211=IFCQUANTITYVOLUME('GrossVolume',$,$,0.33079070101232388,$);
#1212=IFCQUANTITYAREA('GrossSideArea',$,$,0.33079070101232388,$);
#1213=IFCQUANTITYAREA('NetSideArea',$,$,1.5751938143443995,$);
#1214=IFCQUANTITYVOLUME('NetVolume',$,$,0.3306357873290105,$);
#1215=IFCELEMENTQUANTITY('1gTb3NnqT_ntweXSP21nuf',#6,'Qto_WallBaseQuantities',$,'BaseQuantities',(#1207,#1208,#1209,#1210,#1211,#1212,#1213,#1214));
#1216=IFCRELDEFINESBYPROPERTIES('19oToQexn4AfMyuuKloEu5',#6,$,$,(#1206),#1215);
#1217=IFCPROPERTYSET('3HL8_fqqxFW9OVe3CotNtk',#6,'Pset_EnvironmentalImpactIndicators',$,(#1174));
#1218=IFCPROPERTYSINGLEVALUE('Reference',$,IFCLABEL('210'),$);
#1219=IFCPROPERTYSET('0VmngyevDWgckCHQ_kucYK',#6,'Pset_ReinforcementBarPitchOfWall',$,(#1218));
#1220=IFCPROPERTYSET('1t03PZ8TZ$$RkeK7vnJvva',#6,'Pset_WallCommon',$,(#501,#502,#503,#1174));
#1221=IFCRELDEFINESBYPROPERTIES('1894ICeA6Xy96bL3frvWLi',#6,$,$,(#1206),#1217);
#1222=IFCRELDEFINESBYPROPERTIES('2GvOmgXXQpOlkuG9_ScvwQ',#6,$,$,(#1206),#1219);
#1223=IFCRELDEFINESBYPROPERTIES('3U6PMi2TEJeT1s91RVj4ST',#6,$,$,(#1206),#1220);
#1224=IFCQUANTITYAREA('NetSurfaceArea','',$,4.629354842621626,$);
#1225=IFCQUANTITYVOLUME('NetVolume','',$,0.3306357873290105,$);
#1226=IFCELEMENTQUANTITY('3XYybnuB0CcuT8HzxORIvp',#6,'Qto_BodyGeometryValidation',$,'BaseQuantities',(#1224,#1225));
#1227=IFCRELDEFINESBYPROPERTIES('286Ubfrso9oL5tqGmRciJn',#6,$,$,(#1206),#1226);
#1228=IFCCARTESIANPOINT((3108.3861801158873,5022.9498815538427,0.));
#1229=IFCDIRECTION((-0.0065251465644661959,-0.9999787110045455,-0.));
#1230=IFCAXIS2PLACEMENT3D(#1228,#73,#1229);
#1231=IFCLOCALPLACEMENT(#27,#1230);
#1232=IFCCARTESIANPOINT((694.35912975207225,-0.));
#1233=IFCPOLYLINE((#461,#1232));
#1234=IFCSHAPEREPRESENTATION(#14,'Axis','Curve2D',(#1233));
#1235=IFCPRODUCTDEFINITIONSHAPE($,$,(#1234,#1245));
#1236=IFCCARTESIANPOINT((694.35912975207282,-105.));
#1237=IFCCARTESIANPOINT((692.99509546740603,105.));
#1238=IFCCARTESIANPOINT((-0.,105.));
#1239=IFCCARTESIANPOINT((0.68514768224306821,-105.));
#1240=IFCPOLYLINE((#1236,#1237,#1238,#1239,#1236));
#1241=IFCARBITRARYCLOSEDPROFILEDEF(.AREA.,$,#1240);
#1242=IFCAXIS2PLACEMENT3D(#10,$,$);
#1243=IFCEXTRUDEDAREASOLID(#1241,#1242,#73,3000.);
#1244=IFCSTYLEDITEM(#1243,(#476),$);
#1245=IFCSHAPEREPRESENTATION(#15,'Body','SweptSolid',(#1243));
#1246=IFCWALL('3$Na_1Pi1D4gOO1Cka60rd',#6,'Basic Wall:210:846307',$,$,#1231,#1235,'846307',.NOTDEFINED.);
#1247=IFCQUANTITYLENGTH('Height',$,$,3000.,$);
#1248=IFCQUANTITYLENGTH('Length',$,$,694.35912975207282,$);
#1249=IFCQUANTITYLENGTH('Width',$,$,210.,$);
#1250=IFCQUANTITYAREA('GrossFootprintArea',$,$,0.14560025314140976,$);
#1251=IFCQUANTITYVOLUME('GrossVolume',$,$,0.43701460870399272,$);
#1252=IFCQUANTITYAREA('GrossSideArea',$,$,0.43701460870399272,$);
#1253=IFCQUANTITYAREA('NetSideArea',$,$,2.0810219462094897,$);
#1254=IFCQUANTITYVOLUME('NetVolume',$,$,0.43680075942422941,$);
#1255=IFCELEMENTQUANTITY('3MU0nUuKqwGdvkB72SQTwb',#6,'Qto_WallBaseQuantities',$,'BaseQuantities',(#1247,#1248,#1249,#1250,#1251,#1252,#1253,#1254));
#1256=IFCRELDEFINESBYPROPERTIES('12BHpNNpK6IohkEjweswSn',#6,$,$,(#1246),#1255);
#1257=IFCPROPERTYSET('0FAzhyUCzbU57rolBfr0TG',#6,'Pset_EnvironmentalImpactIndicators',$,(#1174));
#1258=IFCPROPERTYSINGLEVALUE('Reference',$,IFCLABEL('210'),$);
#1259=IFCPROPERTYSET('1Lb7$CfUhB9Xh6Y9rqIqXm',#6,'Pset_ReinforcementBarPitchOfWall',$,(#1258));
#1260=IFCPROPERTYSET('2wNWEcDl2dTiOU2RlZs1Ab',#6,'Pset_WallCommon',$,(#501,#502,#503,#1174));
#1261=IFCRELDEFINESBYPROPERTIES('0XiRNXf7u4EVaLoiahgWQ6',#6,$,$,(#1246),#1257);
#1262=IFCRELDEFINESBYPROPERTIES('2VnMdsQi$XdoAgP6__TCGd',#6,$,$,(#1246),#1259);
#1263=IFCRELDEFINESBYPROPERTIES('0PLNnWEDOazDZEg9Gy8kXq',#6,$,$,(#1246),#1260);
#1264=IFCQUANTITYAREA('NetSurfaceArea','',$,5.7112243817231194,$);
#1265=IFCQUANTITYVOLUME('NetVolume','',$,0.43680075942422941,$);
#1266=IFCELEMENTQUANTITY('2TgB2dLT6XTWxbHoYmuEbh',#6,'Qto_BodyGeometryValidation',$,'BaseQuantities',(#1264,#1265));
#1267=IFCRELDEFINESBYPROPERTIES('37Ww4iYIa$WxebMA_B4QUN',#6,$,$,(#1246),#1266);
#1268=IFCCARTESIANPOINT((3108.3839447713544,5498.213950944637,0.));
#1269=IFCAXIS2PLACEMENT3D(#1268,#73,#369);
#1270=IFCLOCALPLACEMENT(#27,#1269);
#1271=IFCCARTESIANPOINT((475.94920978172331,0.));
#1272=IFCPOLYLINE((#461,#1271));
#1273=IFCSHAPEREPRESENTATION(#14,'Axis','Curve2D',(#1272));
#1274=IFCPRODUCTDEFINITIONSHAPE($,$,(#1273,#1284));
#1275=IFCCARTESIANPOINT((475.26406209932287,-105.));
#1276=IFCCARTESIANPOINT((475.94920978172331,105.));
#1277=IFCCARTESIANPOINT((1.1753363162196619,105.));
#1278=IFCCARTESIANPOINT((0.,-105.));
#1279=IFCPOLYLINE((#1275,#1276,#1277,#1278,#1275));
#1280=IFCARBITRARYCLOSEDPROFILEDEF(.AREA.,$,#1279);
#1281=IFCAXIS2PLACEMENT3D(#10,$,$);
#1282=IFCEXTRUDEDAREASOLID(#1280,#1281,#73,3000.);
#1283=IFCSTYLEDITEM(#1282,(#476),$);
#1284=IFCSHAPEREPRESENTATION(#15,'Body','SweptSolid',(#1282));
#1285=IFCWALL('3$Na_1Pi1D4gOO1Cka60rj',#6,'Basic Wall:210:846313',$,$,#1270,#1274,'846313',.NOTDEFINED.);
#1286=IFCQUANTITYLENGTH('Height',$,$,3000.,$);
#1287=IFCQUANTITYLENGTH('Length',$,$,475.94920978172314,$);
#1288=IFCQUANTITYLENGTH('Width',$,$,210.,$);
#1289=IFCQUANTITYAREA('GrossFootprintArea',$,$,0.099753983234306717,$);
#1290=IFCQUANTITYVOLUME('GrossVolume',$,$,0.29941635912257336,$);
#1291=IFCQUANTITYAREA('GrossSideArea',$,$,0.29941635912257336,$);
#1292=IFCQUANTITYAREA('NetSideArea',$,$,1.4257921862979683,$);
#1293=IFCQUANTITYVOLUME('NetVolume',$,$,0.29926194970292019,$);
#1294=IFCELEMENTQUANTITY('3r$fzY8q2yLjLFC05rOhnL',#6,'Qto_WallBaseQuantities',$,'BaseQuantities',(#1286,#1287,#1288,#1289,#1290,#1291,#1292,#1293));
#1295=IFCRELDEFINESBYPROPERTIES('0A8qbyruZcEC7fqbSA7sQU',#6,$,$,(#1285),#1294);
#1296=IFCPROPERTYSET('12JMrZ7o0uL0NB9q7NoOZ0',#6,'Pset_EnvironmentalImpactIndicators',$,(#1174));
#1297=IFCPROPERTYSINGLEVALUE('Reference',$,IFCLABEL('210'),$);
#1298=IFCPROPERTYSET('0N3Bg6bQpofPPyMHYucDfx',#6,'Pset_ReinforcementBarPitchOfWall',$,(#1297));
#1299=IFCPROPERTYSET('02DI$C972Qw1LfqYkaubNQ',#6,'Pset_WallCommon',$,(#501,#502,#503,#1174));
#1300=IFCRELDEFINESBYPROPERTIES('0eJV4VnpR7Rr0m1LMTmAlx',#6,$,$,(#1285),#1296);
#1301=IFCRELDEFINESBYPROPERTIES('0KWFzkU$M8Wth453Qbzfol',#6,$,$,(#1285),#1298);
#1302=IFCRELDEFINESBYPROPERTIES('3jIzwv9JiTFJTqEeaQk5uQ',#6,$,$,(#1285),#1299);
#1303=IFCQUANTITYAREA('NetSurfaceArea','',$,4.309634993382633,$);
#1304=IFCQUANTITYVOLUME('NetVolume','',$,0.29926194970292019,$);
#1305=IFCELEMENTQUANTITY('3OZxmjv_16DN8QbvtrnpNO',#6,'Qto_BodyGeometryValidation',$,'BaseQuantities',(#1303,#1304));
#1306=IFCRELDEFINESBYPROPERTIES('23EExUNwUD$bHgRYNemkkT',#6,$,$,(#1285),#1305);
#1307=IFCCARTESIANPOINT((3115.1840017770783,6105.0980419650732,0.));
#1308=IFCDIRECTION((-0.011193328575395161,-0.99993735273536166,-0.));
#1309=IFCAXIS2PLACEMENT3D(#1307,#73,#1308);
#1310=IFCLOCALPLACEMENT(#27,#1309);
#1311=IFCCARTESIANPOINT((608.09748616445518,0.));
#1312=IFCPOLYLINE((#461,#1311));
#1313=IFCSHAPEREPRESENTATION(#14,'Axis','Curve2D',(#1312));
#1314=IFCPRODUCTDEFINITIONSHAPE($,$,(#1313,#1324));
#1315=IFCCARTESIANPOINT((608.09748616445563,-105.));
#1316=IFCCARTESIANPOINT((606.92214984823931,105.));
#1317=IFCCARTESIANPOINT((0.,105.));
#1318=IFCCARTESIANPOINT((1.5320167697439318,-105.));
#1319=IFCPOLYLINE((#1315,#1316,#1317,#1318,#1315));
#1320=IFCARBITRARYCLOSEDPROFILEDEF(.AREA.,$,#1319);
#1321=IFCAXIS2PLACEMENT3D(#10,$,$);
#1322=IFCEXTRUDEDAREASOLID(#1320,#1321,#73,3000.);
#1323=IFCSTYLEDITEM(#1322,(#476),$);
#1324=IFCSHAPEREPRESENTATION(#15,'Body','SweptSolid',(#1322));
#1325=IFCWALL('3$Na_1Pi1D4gOO1Cka60rh',#6,'Basic Wall:210:846319',$,$,#1310,#1314,'846319',.NOTDEFINED.);
#1326=IFCQUANTITYLENGTH('Height',$,$,3000.,$);
#1327=IFCQUANTITYLENGTH('Length',$,$,608.09748616445518,$);
#1328=IFCQUANTITYLENGTH('Width',$,$,210.,$);
#1329=IFCQUANTITYAREA('GrossFootprintArea',$,$,0.12741620002050974,$);
#1330=IFCQUANTITYVOLUME('GrossVolume',$,$,0.38236095440439061,$);
#1331=IFCQUANTITYAREA('GrossSideArea',$,$,0.38236095440439061,$);
#1332=IFCQUANTITYAREA('NetSideArea',$,$,1.8207664495447169,$);
#1333=IFCQUANTITYVOLUME('NetVolume',$,$,0.38224860006152933,$);
#1334=IFCELEMENTQUANTITY('1Qw_c1176ZiB6BA_$_HfBU',#6,'Qto_WallBaseQuantities',$,'BaseQuantities',(#1326,#1327,#1328,#1329,#1330,#1331,#1332,#1333));
#1335=IFCRELDEFINESBYPROPERTIES('1$XLPA3QnHEZ80h33cMEFa',#6,$,$,(#1325),#1334);
#1336=IFCPROPERTYSET('1dgTNy$EDFNjkPGFP1$eGk',#6,'Pset_EnvironmentalImpactIndicators',$,(#1174));
#1337=IFCPROPERTYSINGLEVALUE('Reference',$,IFCLABEL('210'),$);
#1338=IFCPROPERTYSET('2ykJ_a9V0bGuMVsvNOTwrU',#6,'Pset_ReinforcementBarPitchOfWall',$,(#1337));
#1339=IFCPROPERTYSET('3a4WP$UqZxTzB1lm1c0YCo',#6,'Pset_WallCommon',$,(#501,#502,#503,#1174));
#1340=IFCRELDEFINESBYPROPERTIES('3$GiHVkv5LzQ$QOZ8n3nIl',#6,$,$,(#1325),#1336);
#1341=IFCRELDEFINESBYPROPERTIES('22zSJSkDp2lyOCFbO6Xgwp',#6,$,$,(#1325),#1338);
#1342=IFCRELDEFINESBYPROPERTIES('1R95_3HmY9NRnh6r6hZVnJ',#6,$,$,(#1325),#1339);
#1343=IFCQUANTITYAREA('NetSurfaceArea','',$,5.1553218895469657,$);
#1344=IFCQUANTITYVOLUME('NetVolume','',$,0.38224860006152933,$);
#1345=IFCELEMENTQUANTITY('3Xowzr6N0hJWDPFKZ6MrmG',#6,'Qto_BodyGeometryValidation',$,'BaseQuantities',(#1343,#1344));
#1346=IFCRELDEFINESBYPROPERTIES('0wsU3WqmJWUjw7tAn0sdCf',#6,$,$,(#1325),#1345);
#1347=IFCCARTESIANPOINT((3110.7998262093442,7392.4755013835529,0.));
#1348=IFCDIRECTION((0.0033968082073006873,-0.99999423083035965,-0.));
#1349=IFCAXIS2PLACEMENT3D(#1347,#73,#1348);
#1350=IFCLOCALPLACEMENT(#27,#1349);
#1351=IFCCARTESIANPOINT((1288.9168597604335,-0.));
#1352=IFCPOLYLINE((#461,#1351));
#1353=IFCSHAPEREPRESENTATION(#14,'Axis','Curve2D',(#1352));
#1354=IFCPRODUCTDEFINITIONSHAPE($,$,(#1353,#1365));
#1355=IFCCARTESIANPOINT((1287.3848429906889,-105.));
#1356=IFCCARTESIANPOINT((1288.9168597604339,105.));
#1357=IFCCARTESIANPOINT((1.0084897428350421,105.));
#1358=IFCCARTESIANPOINT((0.,-105.));
#1359=IFCCARTESIANPOINT((300.00345933910768,-105.));
#1360=IFCPOLYLINE((#1355,#1356,#1357,#1358,#1359,#1355));
#1361=IFCARBITRARYCLOSEDPROFILEDEF(.AREA.,$,#1360);
#1362=IFCAXIS2PLACEMENT3D(#10,$,$);
#1363=IFCEXTRUDEDAREASOLID(#1361,#1362,#73,3000.);
#1364=IFCSTYLEDITEM(#1363,(#476),$);
#1365=IFCSHAPEREPRESENTATION(#15,'Body','SweptSolid',(#1363));
#1366=IFCWALL('3$Na_1Pi1D4gOO1Cka60rn',#6,'Basic Wall:210:846325',$,$,#1350,#1354,'846325',.NOTDEFINED.);
#1367=IFCQUANTITYLENGTH('Height',$,$,3000.,$);
#1368=IFCQUANTITYLENGTH('Length',$,$,1288.9168597604339,$);
#1369=IFCQUANTITYLENGTH('Width',$,$,210.,$);
#1370=IFCQUANTITYAREA('GrossFootprintArea',$,$,0.27040578736587007,$);
#1371=IFCQUANTITYVOLUME('GrossVolume',$,$,0.81138227311108746,$);
#1372=IFCQUANTITYAREA('GrossSideArea',$,$,0.81138227311108746,$);
#1373=IFCQUANTITYAREA('NetSideArea',$,$,3.8637251100527972,$);
#1374=IFCQUANTITYVOLUME('NetVolume',$,$,0.81121736209761031,$);
#1375=IFCELEMENTQUANTITY('0$G6umic9b$BTZLI2ZqEAk',#6,'Qto_WallBaseQuantities',$,'BaseQuantities',(#1367,#1368,#1369,#1370,#1371,#1372,#1373,#1374));
#1376=IFCRELDEFINESBYPROPERTIES('0mvKM4Ac6z487fHsq$GNSv',#6,$,$,(#1366),#1375);
#1377=IFCPROPERTYSET('2LJEy_i6rLP7iwNViXPy$R',#6,'Pset_EnvironmentalImpactIndicators',$,(#1174));
#1378=IFCPROPERTYSINGLEVALUE('Reference',$,IFCLABEL('210'),$);
#1379=IFCPROPERTYSET('3DzUqni8ZjLfnMyKn3wfBu',#6,'Pset_ReinforcementBarPitchOfWall',$,(#1378));
#1380=IFCPROPERTYSET('1itmF2Ixrh3DVWOzD7ciIF',#6,'Pset_WallCommon',$,(#501,#502,#503,#1174));
#1381=IFCRELDEFINESBYPROPERTIES('3Wd$vPkN0jvBlTEECrKY1d',#6,$,$,(#1366),#1377);
#1382=IFCRELDEFINESBYPROPERTIES('3WqBc$0clhXOgMd52ihApN',#6,$,$,(#1366),#1379);
#1383=IFCRELDEFINESBYPROPERTIES('0eamS2zJwkyz2VeYsYZQy0',#6,$,$,(#1366),#1380);
#1384=IFCQUANTITYAREA('NetSurfaceArea','',$,9.5267152429698339,$);
#1385=IFCQUANTITYVOLUME('NetVolume','',$,0.81121736209761031,$);
#1386=IFCELEMENTQUANTITY('3tLPsRVrgUK9aBJhXtCNQT',#6,'Qto_BodyGeometryValidation',$,'BaseQuantities',(#1384,#1385));
#1387=IFCRELDEFINESBYPROPERTIES('0Lo6FDSiWWR1BAOz3C9YqI',#6,$,$,(#1366),#1386);
#1388=IFCCARTESIANPOINT((-90.122383753898205,7246.469950231799,0.));
#1389=IFCDIRECTION((0.9999990123125122,-0.001405479989195041,-0.));
#1390=IFCAXIS2PLACEMENT3D(#1388,#73,#1389);
#1391=IFCLOCALPLACEMENT(#27,#1390);
#1392=IFCCARTESIANPOINT((3097.1557509593181,0.));
#1393=IFCPOLYLINE((#461,#1392));
#1394=IFCSHAPEREPRESENTATION(#14,'Axis','Curve2D',(#1393));
#1395=IFCPRODUCTDEFINITIONSHAPE($,$,(#1394,#1405));
#1396=IFCCARTESIANPOINT((3097.155750959319,-150.));
#1397=IFCCARTESIANPOINT((3095.7150513266974,150.));
#1398=IFCCARTESIANPOINT((0.,150.));
#1399=IFCCARTESIANPOINT((0.42164441321091289,-150.));
#1400=IFCPOLYLINE((#1396,#1397,#1398,#1399,#1396));
#1401=IFCARBITRARYCLOSEDPROFILEDEF(.AREA.,$,#1400);
#1402=IFCAXIS2PLACEMENT3D(#10,$,$);
#1403=IFCEXTRUDEDAREASOLID(#1401,#1402,#73,3000.);
#1404=IFCSTYLEDITEM(#1403,(#476),$);
#1405=IFCSHAPEREPRESENTATION(#15,'Body','SweptSolid',(#1403));
#1406=IFCWALL('3$Na_1Pi1D4gOO1Cka60ru',#6,'Basic Wall:300:846332',$,$,#1391,#1395,'846332',.NOTDEFINED.);
#1407=IFCQUANTITYLENGTH('Height',$,$,3000.,$);
#1408=IFCQUANTITYLENGTH('Length',$,$,3097.1557509593181,$);
#1409=IFCQUANTITYLENGTH('Width',$,$,300.,$);
#1410=IFCQUANTITYAREA('GrossFootprintArea',$,$,0.92886737368092176,$);
#1411=IFCQUANTITYVOLUME('GrossVolume',$,$,2.7870606958914967,$);
#1412=IFCQUANTITYAREA('GrossSideArea',$,$,2.7870606958914967,$);
#1413=IFCQUANTITYAREA('NetSideArea',$,$,9.2902023196383219,$);
#1414=IFCQUANTITYVOLUME('NetVolume',$,$,2.7866021210427654,$);
#1415=IFCELEMENTQUANTITY('04MjGl_PLpqvxWJQJTVbeT',#6,'Qto_WallBaseQuantities',$,'BaseQuantities',(#1407,#1408,#1409,#1410,#1411,#1412,#1413,#1414));
#1416=IFCRELDEFINESBYPROPERTIES('0zPykiLKQ8YdQzZLkWP13k',#6,$,$,(#1406),#1415);
#1417=IFCPROPERTYSET('3jGeddaHdxpRMLOnjlVqRX',#6,'Pset_EnvironmentalImpactIndicators',$,(#497));
#1418=IFCPROPERTYSINGLEVALUE('Reference',$,IFCLABEL('300'),$);
#1419=IFCPROPERTYSET('2sDslQGqCJizhuWtwitlGs',#6,'Pset_ReinforcementBarPitchOfWall',$,(#1418));
#1420=IFCPROPERTYSET('2mwmITCPfAu2ToGE_IUvdA',#6,'Pset_WallCommon',$,(#497,#501,#502,#503));
#1421=IFCRELDEFINESBYPROPERTIES('2HqFg9xvEpl3GcFB_sA24t',#6,$,$,(#1406),#1417);
#1422=IFCRELDEFINESBYPROPERTIES('1QBdDeWgHxV4QRbZ7XtFOa',#6,$,$,(#1406),#1419);
#1423=IFCRELDEFINESBYPROPERTIES('12sN65gViWKGF6kuzszjPg',#6,$,$,(#1406),#1420);
#1424=IFCQUANTITYAREA('NetSurfaceArea','',$,22.235093487917201,$);
#1425=IFCQUANTITYVOLUME('NetVolume','',$,2.7866021210427654,$);
#1426=IFCELEMENTQUANTITY('0I2f8asXa8IwBqZuBND1pK',#6,'Qto_BodyGeometryValidation',$,'BaseQuantities',(#1424,#1425));
#1427=IFCRELDEFINESBYPROPERTIES('3_bQI4OQR4c4dAeMlrKw2p',#6,$,$,(#1406),#1426);
#1428=IFCCARTESIANPOINT((-239.9115617555195,7005.089984606394,0.));
#1429=IFCAXIS2PLACEMENT3D(#1428,#73,#513);
#1430=IFCLOCALPLACEMENT(#27,#1429);
#1431=IFCCARTESIANPOINT((391.80146188549315,0.));
#1432=IFCPOLYLINE((#461,#1431));
#1433=IFCSHAPEREPRESENTATION(#14,'Axis','Curve2D',(#1432));
#1434=IFCPRODUCTDEFINITIONSHAPE($,$,(#1433,#1445));
#1435=IFCCARTESIANPOINT((391.3798174722823,-150.));
#1436=IFCCARTESIANPOINT((391.80146188549315,150.));
#1437=IFCCARTESIANPOINT((1.4847395047278469,150.));
#1438=IFCCARTESIANPOINT((0.,-150.));
#1439=IFCCARTESIANPOINT((91.379521165742716,-150.));
#1440=IFCPOLYLINE((#1435,#1436,#1437,#1438,#1439,#1435));
#1441=IFCARBITRARYCLOSEDPROFILEDEF(.AREA.,$,#1440);
#1442=IFCAXIS2PLACEMENT3D(#10,$,$);
#1443=IFCEXTRUDEDAREASOLID(#1441,#1442,#73,3000.);
#1444=IFCSTYLEDITEM(#1443,(#476),$);
#1445=IFCSHAPEREPRESENTATION(#15,'Body','SweptSolid',(#1443));
#1446=IFCWALL('3$Na_1Pi1D4gOO1Cka60w7',#6,'Basic Wall:300:846339',$,$,#1430,#1434,'846339',.NOTDEFINED.);
#1447=IFCQUANTITYLENGTH('Height',$,$,3000.,$);
#1448=IFCQUANTITYLENGTH('Length',$,$,391.80146188549315,$);
#1449=IFCQUANTITYLENGTH('Width',$,$,300.,$);
#1450=IFCQUANTITYAREA('GrossFootprintArea',$,$,0.11725448097795714,$);
#1451=IFCQUANTITYVOLUME('GrossVolume',$,$,0.35224183572505419,$);
#1452=IFCQUANTITYAREA('GrossSideArea',$,$,0.35224183572505419,$);
#1453=IFCQUANTITYAREA('NetSideArea',$,$,1.1741394524168471,$);
#1454=IFCQUANTITYVOLUME('NetVolume',$,$,0.35176344293387152,$);
#1455=IFCELEMENTQUANTITY('2AWfhjhjFQzYI1D4o$UuCU',#6,'Qto_WallBaseQuantities',$,'BaseQuantities',(#1447,#1448,#1449,#1450,#1451,#1452,#1453,#1454));
#1456=IFCRELDEFINESBYPROPERTIES('0yTSJz0U7BPRayMrgDi5pJ',#6,$,$,(#1446),#1455);
#1457=IFCPROPERTYSET('0cnxl48EhoBARQrIQPkb1g',#6,'Pset_EnvironmentalImpactIndicators',$,(#497));
#1458=IFCPROPERTYSINGLEVALUE('Reference',$,IFCLABEL('300'),$);
#1459=IFCPROPERTYSET('0DwYffgBEUX6k2ap7A19KJ',#6,'Pset_ReinforcementBarPitchOfWall',$,(#1458));
#1460=IFCPROPERTYSET('28OCO7pei71Kk$uQR5SvIJ',#6,'Pset_WallCommon',$,(#497,#501,#502,#503));
#1461=IFCRELDEFINESBYPROPERTIES('0sBldFAPbwDB3tcDNf$arY',#6,$,$,(#1446),#1457);
#1462=IFCRELDEFINESBYPROPERTIES('3DZme2ebpYN4E6FuOfzpTb',#6,$,$,(#1446),#1459);
#1463=IFCRELDEFINESBYPROPERTIES('0zcSfIkUVrVtFKz2v7eU8N',#6,$,$,(#1446),#1460);
#1464=IFCQUANTITYAREA('NetSurfaceArea','',$,4.3796104926241686,$);
#1465=IFCQUANTITYVOLUME('NetVolume','',$,0.35176344293387152,$);
#1466=IFCELEMENTQUANTITY('1U1feVaMC0O1Uw8mmAgtCp',#6,'Qto_BodyGeometryValidation',$,'BaseQuantities',(#1464,#1465));
#1467=IFCRELDEFINESBYPROPERTIES('2$ET_NbS3H1M$OmbZXwe5_',#6,$,$,(#1446),#1466);
#1468=IFCCARTESIANPOINT((3856.7813739735229,3360.930074971765,0.));
#1469=IFCAXIS2PLACEMENT3D(#1468,#73,#513);
#1470=IFCLOCALPLACEMENT(#27,#1469);
#1471=IFCCARTESIANPOINT((280.73085283409586,0.));
#1472=IFCPOLYLINE((#461,#1471));
#1473=IFCSHAPEREPRESENTATION(#14,'Axis','Curve2D',(#1472));
#1474=IFCPRODUCTDEFINITIONSHAPE($,$,(#1473,#1486));
#1475=IFCCARTESIANPOINT((280.73085283409586,-50.));
#1476=IFCCARTESIANPOINT((277.64918873548243,50.));
#1477=IFCCARTESIANPOINT((2.3148148148145893,50.));
#1478=IFCCARTESIANPOINT((0.,50.));
#1479=IFCCARTESIANPOINT((0.,-50.));
#1480=IFCCARTESIANPOINT((40.616920033785384,-50.));
#1481=IFCPOLYLINE((#1475,#1476,#1477,#1478,#1479,#1480,#1475));
#1482=IFCARBITRARYCLOSEDPROFILEDEF(.AREA.,$,#1481);
#1483=IFCAXIS2PLACEMENT3D(#10,$,$);
#1484=IFCEXTRUDEDAREASOLID(#1482,#1483,#73,3000.);
#1485=IFCSTYLEDITEM(#1484,(#476),$);
#1486=IFCSHAPEREPRESENTATION(#15,'Body','SweptSolid',(#1484));
#1487=IFCWALL('3$Na_1Pi1D4gOO1Cka60wI',#6,'Basic Wall:100:846358',$,$,#1470,#1474,'846358',.NOTDEFINED.);
#1488=IFCQUANTITYLENGTH('Height',$,$,3000.,$);
#1489=IFCQUANTITYLENGTH('Length',$,$,280.73085283409586,$);
#1490=IFCQUANTITYLENGTH('Width',$,$,100.,$);
#1491=IFCQUANTITYAREA('GrossFootprintArea',$,$,0.027919002078478916,$);
#1492=IFCQUANTITYVOLUME('GrossVolume',$,$,0.084219255850228769,$);
#1493=IFCQUANTITYAREA('GrossSideArea',$,$,0.084219255850228769,$);
#1494=IFCQUANTITYAREA('NetSideArea',$,$,0.8421925585022878,$);
#1495=IFCQUANTITYVOLUME('NetVolume',$,$,0.083757006235436762,$);
#1496=IFCELEMENTQUANTITY('22RmrjxBLWkASdl_ltq4Ns',#6,'Qto_WallBaseQuantities',$,'BaseQuantities',(#1488,#1489,#1490,#1491,#1492,#1493,#1494,#1495));
#1497=IFCRELDEFINESBYPROPERTIES('1scNgl1_JN0g1THnu$KWra',#6,$,$,(#1487),#1496);
#1498=IFCMATERIALLAYER(#490,100.,$,'Layer',$,'Miscellaneous',$);
#1499=IFCMATERIALLAYERSET((#1498),'Basic Wall:100',$);
#1500=IFCWALLTYPE('2MCIim7RfDzPU6pTIsk$1J',#6,'Basic Wall:100',$,$,$,$,'352054',$,.STANDARD.);
#1501=IFCPROPERTYSINGLEVALUE('Reference',$,IFCIDENTIFIER('100'),$);
#1502=IFCPROPERTYSET('2qyH3h90MUTZBrb14w9aKV',#6,'Pset_EnvironmentalImpactIndicators',$,(#1501));
#1503=IFCPROPERTYSINGLEVALUE('Reference',$,IFCLABEL('100'),$);
#1504=IFCPROPERTYSET('0Ps23tf6$dkq1bdfChc5Xu',#6,'Pset_ReinforcementBarPitchOfWall',$,(#1503));
#1505=IFCPROPERTYSET('2rk6pwd4X8oex2Yji904Hv',#6,'Pset_WallCommon',$,(#501,#502,#503,#1501));
#1506=IFCRELDEFINESBYPROPERTIES('0KmRqvC8$vexs$rxdG1jGB',#6,$,$,(#1487),#1502);
#1507=IFCRELDEFINESBYPROPERTIES('2KFkdqHRhJjCdZZg8jHtoA',#6,$,$,(#1487),#1504);
#1508=IFCRELDEFINESBYPROPERTIES('14rE5X91RIE4d0wAGT8NAi',#6,$,$,(#1487),#1505);
#1509=IFCQUANTITYAREA('NetSurfaceArea','',$,2.3311205448660814,$);
#1510=IFCQUANTITYVOLUME('NetVolume','',$,0.083757006235436762,$);
#1511=IFCELEMENTQUANTITY('37s6yC2f4ov9AXE3jQ7CAu',#6,'Qto_BodyGeometryValidation',$,'BaseQuantities',(#1509,#1510));
#1512=IFCRELDEFINESBYPROPERTIES('3JFo7lnrw4mvpc9x1CkAHm',#6,$,$,(#1487),#1511);
#1513=IFCCARTESIANPOINT((3000.9034766771356,4062.8648989581825,0.));
#1514=IFCDIRECTION((-1.,0.,0.));
#1515=IFCAXIS2PLACEMENT3D(#1513,#73,#1514);
#1516=IFCLOCALPLACEMENT(#27,#1515);
#1517=IFCCARTESIANPOINT((3111.7573511073551,0.));
#1518=IFCPOLYLINE((#461,#1517));
#1519=IFCSHAPEREPRESENTATION(#14,'Axis','Curve2D',(#1518));
#1520=IFCPRODUCTDEFINITIONSHAPE($,$,(#1519,#1531));
#1521=IFCCARTESIANPOINT((0.64655172413833673,-50.));
#1522=IFCCARTESIANPOINT((3111.7364214377749,-50.));
#1523=IFCCARTESIANPOINT((3111.7364214377749,47.132635276807989));
#1524=IFCCARTESIANPOINT((3111.7573511073551,50.));
#1525=IFCCARTESIANPOINT((0.,50.));
#1526=IFCPOLYLINE((#1521,#1522,#1523,#1524,#1525,#1521));
#1527=IFCARBITRARYCLOSEDPROFILEDEF(.AREA.,$,#1526);
#1528=IFCAXIS2PLACEMENT3D(#10,$,$);
#1529=IFCEXTRUDEDAREASOLID(#1527,#1528,#73,3000.);
#1530=IFCSTYLEDITEM(#1529,(#476),$);
#1531=IFCSHAPEREPRESENTATION(#15,'Body','SweptSolid',(#1529));
#1532=IFCWALL('1ZbzvERVP2EPsD9m_40D9l',#6,'Basic Wall:100:846545',$,$,#1516,#1520,'846545',.NOTDEFINED.);
#1533=IFCQUANTITYLENGTH('Height',$,$,3000.,$);
#1534=IFCQUANTITYLENGTH('Length',$,$,3111.7573511073551,$);
#1535=IFCQUANTITYLENGTH('Width',$,$,100.,$);
#1536=IFCQUANTITYAREA('GrossFootprintArea',$,$,0.31114134456407011,$);
#1537=IFCQUANTITYVOLUME('GrossVolume',$,$,0.79572720533220664,$);
#1538=IFCQUANTITYAREA('GrossSideArea',$,$,0.79572720533220664,$);
#1539=IFCQUANTITYAREA('NetSideArea',$,$,7.9572720533220656,$);
#1540=IFCQUANTITYVOLUME('NetVolume',$,$,0.79562403369221313,$);
#1541=IFCELEMENTQUANTITY('0NH5Q7G79vWN0KbAiRKKuq',#6,'Qto_WallBaseQuantities',$,'BaseQuantities',(#1533,#1534,#1535,#1536,#1537,#1538,#1539,#1540));
#1542=IFCRELDEFINESBYPROPERTIES('1cZ5BAsByaXlsbNXlOJuAQ',#6,$,$,(#1532),#1541);
#1543=IFCPROPERTYSET('0NDR4p54Kn8H5nve6e5Xe0',#6,'Pset_EnvironmentalImpactIndicators',$,(#1501));
#1544=IFCPROPERTYSINGLEVALUE('Reference',$,IFCLABEL('100'),$);
#1545=IFCPROPERTYSET('09xrCDliodq1myVXz6hOdx',#6,'Pset_ReinforcementBarPitchOfWall',$,(#1544));
#1546=IFCPROPERTYSET('2xSyTim202iAzcORlCMtVo',#6,'Pset_WallCommon',$,(#501,#502,#503,#1501));
#1547=IFCRELDEFINESBYPROPERTIES('1YM2lCqS0wYNS00z2ZPmwU',#6,$,$,(#1532),#1543);
#1548=IFCRELDEFINESBYPROPERTIES('16EatoKraJe3MMW9Mrmki2',#6,$,$,(#1532),#1545);
#1549=IFCRELDEFINESBYPROPERTIES('2xR7jay5URyVu8Qz6wz4kG',#6,$,$,(#1532),#1546);
#1550=IFCQUANTITYAREA('NetSurfaceArea','',$,17.558830851116483,$);
#1551=IFCQUANTITYVOLUME('NetVolume','',$,0.79562403369221324,$);
#1552=IFCELEMENTQUANTITY('1vK$O2SfnqM6kuunj6skm6',#6,'Qto_BodyGeometryValidation',$,'BaseQuantities',(#1550,#1551));
#1553=IFCRELDEFINESBYPROPERTIES('0liJwkeh6SyTUir_Vdd$GP',#6,$,$,(#1532),#1552);
#1554=IFCCARTESIANPOINT((-81.837339358661708,2330.7117006642711,0.));
#1555=IFCDIRECTION((0.9996348326993566,0.027022236290312193,0.));
#1556=IFCAXIS2PLACEMENT3D(#1554,#73,#1555);
#1557=IFCLOCALPLACEMENT(#27,#1556);
#1558=IFCCARTESIANPOINT((3618.6412433726091,-0.));
#1559=IFCPOLYLINE((#461,#1558));
#1560=IFCSHAPEREPRESENTATION(#14,'Axis','Curve2D',(#1559));
#1561=IFCPRODUCTDEFINITIONSHAPE($,$,(#1560,#1573));
#1562=IFCCARTESIANPOINT((0.,-50.));
#1563=IFCCARTESIANPOINT((3618.4593442618188,-50.));
#1564=IFCCARTESIANPOINT((3618.6412433726096,50.));
#1565=IFCCARTESIANPOINT((3187.5284739116078,50.));
#1566=IFCCARTESIANPOINT((3087.4919438419565,50.));
#1567=IFCCARTESIANPOINT((0.,50.));
#1568=IFCPOLYLINE((#1562,#1563,#1564,#1565,#1566,#1567,#1562));
#1569=IFCARBITRARYCLOSEDPROFILEDEF(.AREA.,$,#1568);
#1570=IFCAXIS2PLACEMENT3D(#10,$,$);
#1571=IFCEXTRUDEDAREASOLID(#1569,#1570,#73,3000.);
#1572=IFCSTYLEDITEM(#1571,(#476),$);
#1573=IFCSHAPEREPRESENTATION(#15,'Body','SweptSolid',(#1571));
#1574=IFCWALL('1ZbzvERVP2EPsD9m_40DCo',#6,'Basic Wall:100:846732',$,$,#1557,#1561,'846732',.NOTDEFINED.);
#1575=IFCQUANTITYLENGTH('Height',$,$,3000.,$);
#1576=IFCQUANTITYLENGTH('Length',$,$,3618.6412433726091,$);
#1577=IFCQUANTITYLENGTH('Width',$,$,100.,$);
#1578=IFCQUANTITYAREA('GrossFootprintArea',$,$,0.36185502938172098,$);
#1579=IFCQUANTITYVOLUME('GrossVolume',$,$,0.94209237301178306,$);
#1580=IFCQUANTITYAREA('GrossSideArea',$,$,0.94209237301178306,$);
#1581=IFCQUANTITYAREA('NetSideArea',$,$,9.4209237301178277,$);
#1582=IFCQUANTITYVOLUME('NetVolume',$,$,0.94206508814516365,$);
#1583=IFCELEMENTQUANTITY('3sNwa_j$_oICMTPy68QlXw',#6,'Qto_WallBaseQuantities',$,'BaseQuantities',(#1575,#1576,#1577,#1578,#1579,#1580,#1581,#1582));
#1584=IFCRELDEFINESBYPROPERTIES('1LFQpsUwiX86mf56C9Sl6m',#6,$,$,(#1574),#1583);
#1585=IFCPROPERTYSET('2aAhOkIGcgEnytIgWdVyK2',#6,'Pset_EnvironmentalImpactIndicators',$,(#1501));
#1586=IFCPROPERTYSINGLEVALUE('Reference',$,IFCLABEL('100'),$);
#1587=IFCPROPERTYSET('30QAJiVwLe9vNQUtsPg09M',#6,'Pset_ReinforcementBarPitchOfWall',$,(#1586));
#1588=IFCPROPERTYSET('3ZhAHy0n_8qxWtfLGCvDuw',#6,'Pset_WallCommon',$,(#501,#502,#503,#1501));
#1589=IFCRELDEFINESBYPROPERTIES('0dQDC8byoF4oZDmeZDwh9R',#6,$,$,(#1574),#1585);
#1590=IFCRELDEFINESBYPROPERTIES('2$VbHM7Qx32kI9WyB6fwOr',#6,$,$,(#1574),#1587);
#1591=IFCRELDEFINESBYPROPERTIES('1ZpNsL5V2N9fGlDHfiam1K',#6,$,$,(#1574),#1588);
#1592=IFCQUANTITYAREA('NetSurfaceArea','',$,20.57501231797562,$);
#1593=IFCQUANTITYVOLUME('NetVolume','',$,0.94206508814516365,$);
#1594=IFCELEMENTQUANTITY('12AtP3jbI8gzYp5tAhuqJd',#6,'Qto_BodyGeometryValidation',$,'BaseQuantities',(#1592,#1593));
#1595=IFCRELDEFINESBYPROPERTIES('0orvbAqluagrQC3QE8J3bk',#6,$,$,(#1574),#1594);
#1596=IFCCARTESIANPOINT((3535.3006534772471,2428.4908948376687,0.));
#1597=IFCDIRECTION((0.99972652377022531,0.023385415760706657,0.));
#1598=IFCAXIS2PLACEMENT3D(#1596,#73,#1597);
#1599=IFCLOCALPLACEMENT(#27,#1598);
#1600=IFCCARTESIANPOINT((1364.3142136113979,0.));
#1601=IFCPOLYLINE((#461,#1600));
#1602=IFCSHAPEREPRESENTATION(#14,'Axis','Curve2D',(#1601));
#1603=IFCPRODUCTDEFINITIONSHAPE($,$,(#1602,#1617));
#1604=IFCCARTESIANPOINT((1361.9750323248479,-50.));
#1605=IFCCARTESIANPOINT((1364.3142136113975,50.));
#1606=IFCCARTESIANPOINT((1264.2868585074493,50.));
#1607=IFCCARTESIANPOINT((472.77928518073639,50.));
#1608=IFCCARTESIANPOINT((372.75193007678826,50.));
#1609=IFCCARTESIANPOINT((-0.,50.));
#1610=IFCCARTESIANPOINT((0.18189911086054414,-50.));
#1611=IFCCARTESIANPOINT((1261.9126529595706,-50.));
#1612=IFCPOLYLINE((#1604,#1605,#1606,#1607,#1608,#1609,#1610,#1611,#1604));
#1613=IFCARBITRARYCLOSEDPROFILEDEF(.AREA.,$,#1612);
#1614=IFCAXIS2PLACEMENT3D(#10,$,$);
#1615=IFCEXTRUDEDAREASOLID(#1613,#1614,#73,3000.);
#1616=IFCSTYLEDITEM(#1615,(#476),$);
#1617=IFCSHAPEREPRESENTATION(#15,'Body','SweptSolid',(#1615));
#1618=IFCWALL('1ZbzvERVP2EPsD9m_40DC7',#6,'Basic Wall:100:846777',$,$,#1599,#1603,'846777',.NOTDEFINED.);
#1619=IFCQUANTITYLENGTH('Height',$,$,3000.,$);
#1620=IFCQUANTITYLENGTH('Length',$,$,1364.3142136113977,$);
#1621=IFCQUANTITYLENGTH('Width',$,$,100.,$);
#1622=IFCQUANTITYAREA('GrossFootprintArea',$,$,0.13630536734126922,$);
#1623=IFCQUANTITYVOLUME('GrossVolume',$,$,0.4092942640834194,$);
#1624=IFCQUANTITYAREA('GrossSideArea',$,$,0.4092942640834194,$);
#1625=IFCQUANTITYAREA('NetSideArea',$,$,4.0929426408341927,$);
#1626=IFCQUANTITYVOLUME('NetVolume',$,$,0.40891610202380829,$);
#1627=IFCELEMENTQUANTITY('3itH5Q53wi8Fx61W0JbMt2',#6,'Qto_WallBaseQuantities',$,'BaseQuantities',(#1619,#1620,#1621,#1622,#1623,#1624,#1625,#1626));
#1628=IFCRELDEFINESBYPROPERTIES('3gYjRzVlJqaM$0z47SKFD3',#6,$,$,(#1618),#1627);
#1629=IFCPROPERTYSET('3qPAMI_IO5wfuHE36crc52',#6,'Pset_EnvironmentalImpactIndicators',$,(#1501));
#1630=IFCPROPERTYSINGLEVALUE('Reference',$,IFCLABEL('100'),$);
#1631=IFCPROPERTYSET('1aY7RqLw8kBCEXZq3Gie9j',#6,'Pset_ReinforcementBarPitchOfWall',$,(#1630));
#1632=IFCPROPERTYSET('1BjzGi9M$Z3LqoCcmY1hRs',#6,'Pset_WallCommon',$,(#501,#502,#503,#1501));
#1633=IFCRELDEFINESBYPROPERTIES('3eL$3zIHzB1cTdTgllDX2r',#6,$,$,(#1618),#1629);
#1634=IFCRELDEFINESBYPROPERTIES('2dvXJwGZKffJEqKibbNu3O',#6,$,$,(#1618),#1631);
#1635=IFCRELDEFINESBYPROPERTIES('3FKIGhgFf7z7_I2Er0$ZlM',#6,$,$,(#1618),#1632);
#1636=IFCQUANTITYAREA('NetSurfaceArea','',$,9.0510153367794253,$);
#1637=IFCQUANTITYVOLUME('NetVolume','',$,0.40891610202380829,$);
#1638=IFCELEMENTQUANTITY('2P8Oe_RNHZqtXShpK0A57N',#6,'Qto_BodyGeometryValidation',$,'BaseQuantities',(#1636,#1637));
#1639=IFCRELDEFINESBYPROPERTIES('0mFuwD7$nAPC6SnZ70fqFn',#6,$,$,(#1618),#1638);
#1640=IFCCARTESIANPOINT((4848.0724887932429,2508.0430948531744,0.));
#1641=IFCAXIS2PLACEMENT3D(#1640,#73,#513);
#1642=IFCLOCALPLACEMENT(#27,#1641);
#1643=IFCCARTESIANPOINT((919.69678058653983,-0.));
#1644=IFCPOLYLINE((#461,#1643));
#1645=IFCSHAPEREPRESENTATION(#14,'Axis','Curve2D',(#1644));
#1646=IFCPRODUCTDEFINITIONSHAPE($,$,(#1645,#1656));
#1647=IFCCARTESIANPOINT((2.3391812865502133,-50.));
#1648=IFCCARTESIANPOINT((919.69678058653983,-50.));
#1649=IFCCARTESIANPOINT((918.00908286841832,50.));
#1650=IFCCARTESIANPOINT((-0.,50.));
#1651=IFCPOLYLINE((#1647,#1648,#1649,#1650,#1647));
#1652=IFCARBITRARYCLOSEDPROFILEDEF(.AREA.,$,#1651);
#1653=IFCAXIS2PLACEMENT3D(#10,$,$);
#1654=IFCEXTRUDEDAREASOLID(#1652,#1653,#73,3000.);
#1655=IFCSTYLEDITEM(#1654,(#476),$);
#1656=IFCSHAPEREPRESENTATION(#15,'Body','SweptSolid',(#1654));
#1657=IFCWALL('1ZbzvERVP2EPsD9m_40DDY',#6,'Basic Wall:100:846812',$,$,#1642,#1646,'846812',.NOTDEFINED.);
#1658=IFCQUANTITYLENGTH('Height',$,$,3000.,$);
#1659=IFCQUANTITYLENGTH('Length',$,$,919.69678058653994,$);
#1660=IFCQUANTITYLENGTH('Width',$,$,100.,$);
#1661=IFCQUANTITYAREA('GrossFootprintArea',$,$,0.091768334108420405,$);
#1662=IFCQUANTITYVOLUME('GrossVolume',$,$,0.15880272486052546,$);
#1663=IFCQUANTITYAREA('GrossSideArea',$,$,0.15880272486052546,$);
#1664=IFCQUANTITYAREA('NetSideArea',$,$,1.588027248605254,$);
#1665=IFCQUANTITYVOLUME('NetVolume',$,$,0.1587050023252608,$);
#1666=IFCELEMENTQUANTITY('2VuN5x$dggzE5hHvo5uoK1',#6,'Qto_WallBaseQuantities',$,'BaseQuantities',(#1658,#1659,#1660,#1661,#1662,#1663,#1664,#1665));
#1667=IFCRELDEFINESBYPROPERTIES('1AB9oM99pKQE19orcstpCT',#6,$,$,(#1657),#1666);
#1668=IFCPROPERTYSET('1Q93nRfHQ59AVVxozxY7gF',#6,'Pset_EnvironmentalImpactIndicators',$,(#1501));
#1669=IFCPROPERTYSINGLEVALUE('Reference',$,IFCLABEL('100'),$);
#1670=IFCPROPERTYSET('2NipuvYA91oCBRZxbapTtL',#6,'Pset_ReinforcementBarPitchOfWall',$,(#1669));
#1671=IFCPROPERTYSET('3WWUKOIz3Dv10bIharfU4e',#6,'Pset_WallCommon',$,(#501,#502,#503,#1501));
#1672=IFCRELDEFINESBYPROPERTIES('38DP7NqxwkjOrsS_SidUvI',#6,$,$,(#1657),#1668);
#1673=IFCRELDEFINESBYPROPERTIES('3y632pP7arm2tT8AhB4nme',#6,$,$,(#1657),#1670);
#1674=IFCRELDEFINESBYPROPERTIES('1KryNR5DiEIWGl3DywG8Yt',#6,$,$,(#1657),#1671);
#1675=IFCQUANTITYAREA('NetSurfaceArea','',$,4.3817615018458032,$);
#1676=IFCQUANTITYVOLUME('NetVolume','',$,0.15870500232526077,$);
#1677=IFCELEMENTQUANTITY('04Jom4Y0NKCpqr6UkUYa80',#6,'Qto_BodyGeometryValidation',$,'BaseQuantities',(#1675,#1676));
#1678=IFCRELDEFINESBYPROPERTIES('0fTtqZKvlwIZC$IK0wbeJa',#6,$,$,(#1657),#1677);
#1679=IFCCARTESIANPOINT((4848.0760435801303,2410.9511307742628,0.));
#1680=IFCDIRECTION((-0.011924194769738146,-0.99992890426224479,0.));
#1681=IFCAXIS2PLACEMENT3D(#1679,#73,#1680);
#1682=IFCLOCALPLACEMENT(#27,#1681);
#1683=IFCCARTESIANPOINT((122.94105488287643,0.));
#1684=IFCPOLYLINE((#461,#1683));
#1685=IFCSHAPEREPRESENTATION(#14,'Axis','Curve2D',(#1684));
#1686=IFCPRODUCTDEFINITIONSHAPE($,$,(#1685,#1696));
#1687=IFCCARTESIANPOINT((122.94105488287659,-50.));
#1688=IFCCARTESIANPOINT((122.94105488287653,50.));
#1689=IFCCARTESIANPOINT((-0.,50.));
#1690=IFCCARTESIANPOINT((3.5326709782858479,-50.));
#1691=IFCPOLYLINE((#1687,#1688,#1689,#1690,#1687));
#1692=IFCARBITRARYCLOSEDPROFILEDEF(.AREA.,$,#1691);
#1693=IFCAXIS2PLACEMENT3D(#10,$,$);
#1694=IFCEXTRUDEDAREASOLID(#1692,#1693,#73,3000.);
#1695=IFCSTYLEDITEM(#1694,(#476),$);
#1696=IFCSHAPEREPRESENTATION(#15,'Body','SweptSolid',(#1694));
#1697=IFCWALL('1ZbzvERVP2EPsD9m_40DI5',#6,'Basic Wall:100:846907',$,$,#1682,#1686,'846907',.NOTDEFINED.);
#1698=IFCQUANTITYLENGTH('Height',$,$,3000.,$);
#1699=IFCQUANTITYLENGTH('Length',$,$,122.94105488287661,$);
#1700=IFCQUANTITYLENGTH('Width',$,$,100.,$);
#1701=IFCQUANTITYAREA('GrossFootprintArea',$,$,0.012117471939373358,$);
#1702=IFCQUANTITYVOLUME('GrossVolume',$,$,0.03688231646486298,$);
#1703=IFCQUANTITYAREA('GrossSideArea',$,$,0.03688231646486298,$);
#1704=IFCQUANTITYAREA('NetSideArea',$,$,0.3688231646486298,$);
#1705=IFCQUANTITYVOLUME('NetVolume',$,$,0.036352415818120064,$);
#1706=IFCELEMENTQUANTITY('3V9AboW5jw0CzTBEV530PW',#6,'Qto_WallBaseQuantities',$,'BaseQuantities',(#1698,#1699,#1700,#1701,#1702,#1703,#1704,#1705));
#1707=IFCRELDEFINESBYPROPERTIES('0JDbl3an1mn6VSM$2_tDQs',#6,$,$,(#1697),#1706);
#1708=IFCPROPERTYSET('1FiIdhi2WXJiVtjEQzQLxN',#6,'Pset_EnvironmentalImpactIndicators',$,(#1501));
#1709=IFCPROPERTYSINGLEVALUE('Reference',$,IFCLABEL('100'),$);
#1710=IFCPROPERTYSET('2ekFLFYS2_xHMkFWnPKLwU',#6,'Pset_ReinforcementBarPitchOfWall',$,(#1709));
#1711=IFCPROPERTYSET('2WV$uVw5kRgkNBA3phzF8Q',#6,'Pset_WallCommon',$,(#501,#502,#503,#1501));
#1712=IFCRELDEFINESBYPROPERTIES('24P4pmR9qqkIsdAFH6xKXN',#6,$,$,(#1697),#1708);
#1713=IFCRELDEFINESBYPROPERTIES('02GgNaURGbqRQ02gyAoJDU',#6,$,$,(#1697),#1710);
#1714=IFCRELDEFINESBYPROPERTIES('2dYPOUReWgR5yEOI7Rbtum',#6,$,$,(#1697),#1711);
#1715=IFCQUANTITYAREA('NetSurfaceArea','',$,1.3514703983369825,$);
#1716=IFCQUANTITYVOLUME('NetVolume','',$,0.036352415818120064,$);
#1717=IFCELEMENTQUANTITY('0FiqUfYFdzAcitQP5Y1gj_',#6,'Qto_BodyGeometryValidation',$,'BaseQuantities',(#1715,#1716));
#1718=IFCRELDEFINESBYPROPERTIES('3J0bCMGvoSoRmPOtphW9P0',#6,$,$,(#1697),#1717);
#1719=IFCCARTESIANPOINT((6602.1225354569106,3457.3429380519547,0.));
#1720=IFCAXIS2PLACEMENT3D(#1719,#73,#369);
#1721=IFCLOCALPLACEMENT(#27,#1720);
#1722=IFCCARTESIANPOINT((3437.2274086577686,-0.));
#1723=IFCPOLYLINE((#461,#1722));
#1724=IFCSHAPEREPRESENTATION(#14,'Axis','Curve2D',(#1723));
#1725=IFCPRODUCTDEFINITIONSHAPE($,$,(#1724,#1739));
#1726=IFCCARTESIANPOINT((1.6876977181213257,-50.));
#1727=IFCCARTESIANPOINT((1899.0155566147491,-50.));
#1728=IFCCARTESIANPOINT((1999.0193372616188,-50.));
#1729=IFCCARTESIANPOINT((3437.2274086577686,-50.));
#1730=IFCCARTESIANPOINT((3435.686547562374,50.));
#1731=IFCCARTESIANPOINT((3036.9205263924709,50.));
#1732=IFCCARTESIANPOINT((2936.9205263924709,50.));
#1733=IFCCARTESIANPOINT((-0.,50.));
#1734=IFCPOLYLINE((#1726,#1727,#1728,#1729,#1730,#1731,#1732,#1733,#1726));
#1735=IFCARBITRARYCLOSEDPROFILEDEF(.AREA.,$,#1734);
#1736=IFCAXIS2PLACEMENT3D(#10,$,$);
#1737=IFCEXTRUDEDAREASOLID(#1735,#1736,#73,3000.);
#1738=IFCSTYLEDITEM(#1737,(#476),$);
#1739=IFCSHAPEREPRESENTATION(#15,'Body','SweptSolid',(#1737));
#1740=IFCWALL('1ZbzvERVP2EPsD9m_40DJ4',#6,'Basic Wall:100:846970',$,$,#1721,#1725,'846970',.NOTDEFINED.);
#1741=IFCQUANTITYLENGTH('Height',$,$,3000.,$);
#1742=IFCQUANTITYLENGTH('Length',$,$,3437.2274086577686,$);
#1743=IFCQUANTITYLENGTH('Width',$,$,100.,$);
#1744=IFCQUANTITYAREA('GrossFootprintArea',$,$,0.34356131292510173,$);
#1745=IFCQUANTITYVOLUME('GrossVolume',$,$,0.86590596426871258,$);
#1746=IFCQUANTITYAREA('GrossSideArea',$,$,0.86590596426871258,$);
#1747=IFCQUANTITYAREA('NetSideArea',$,$,8.659059642687124,$);
#1748=IFCQUANTITYVOLUME('NetVolume',$,$,0.86588393877530356,$);
#1749=IFCELEMENTQUANTITY('2iDUckFqK_v_ZzEwXQhAnu',#6,'Qto_WallBaseQuantities',$,'BaseQuantities',(#1741,#1742,#1743,#1744,#1745,#1746,#1747,#1748));
#1750=IFCRELDEFINESBYPROPERTIES('2lyn7rD9Td6PnGJ1rNGPWq',#6,$,$,(#1740),#1749);
#1751=IFCPROPERTYSET('1s7Chs6y6$aW9G$uWpVhQM',#6,'Pset_EnvironmentalImpactIndicators',$,(#1501));
#1752=IFCPROPERTYSINGLEVALUE('Reference',$,IFCLABEL('100'),$);
#1753=IFCPROPERTYSET('1lkEYWZl3mPHLKsefV5gZ$',#6,'Pset_ReinforcementBarPitchOfWall',$,(#1752));
#1754=IFCPROPERTYSET('1dtSw3W$uzy3ITuX3Ii505',#6,'Pset_WallCommon',$,(#501,#502,#503,#1501));
#1755=IFCRELDEFINESBYPROPERTIES('1YDQeMJnQwOjjO4n5n5Zy1',#6,$,$,(#1740),#1751);
#1756=IFCRELDEFINESBYPROPERTIES('1PFcf9DAVb36bJTI47WwNk',#6,$,$,(#1740),#1753);
#1757=IFCRELDEFINESBYPROPERTIES('2mJ2LNIPWKo6fsI4VpDUMb',#6,$,$,(#1740),#1754);
#1758=IFCQUANTITYAREA('NetSurfaceArea','',$,19.016879734848246,$);
#1759=IFCQUANTITYVOLUME('NetVolume','',$,0.86588393877530345,$);
#1760=IFCELEMENTQUANTITY('1yhuWoZTF1JJrclAlxL9Lw',#6,'Qto_BodyGeometryValidation',$,'BaseQuantities',(#1758,#1759));
#1761=IFCRELDEFINESBYPROPERTIES('2AskGE$pOGqnDIbTFbZEcw',#6,$,$,(#1740),#1760);
#1762=IFCCARTESIANPOINT((4886.1119949981203,1493.838442935868,0.));
#1763=IFCDIRECTION((0.9999621949605747,0.0086953234344398517,0.));
#1764=IFCAXIS2PLACEMENT3D(#1762,#73,#1763);
#1765=IFCLOCALPLACEMENT(#27,#1764);
#1766=IFCCARTESIANPOINT((1666.5083090428338,0.));
#1767=IFCPOLYLINE((#461,#1766));
#1768=IFCSHAPEREPRESENTATION(#14,'Axis','Curve2D',(#1767));
#1769=IFCPRODUCTDEFINITIONSHAPE($,$,(#1768,#1781));
#1770=IFCCARTESIANPOINT((-0.,-50.));
#1771=IFCCARTESIANPOINT((149.27297370876221,-50.));
#1772=IFCCARTESIANPOINT((249.27675435563225,-50.));
#1773=IFCCARTESIANPOINT((1665.6387438254424,-50.));
#1774=IFCCARTESIANPOINT((1666.5083090428338,50.));
#1775=IFCCARTESIANPOINT((2.0622833269131164,50.));
#1776=IFCPOLYLINE((#1770,#1771,#1772,#1773,#1774,#1775,#1770));
#1777=IFCARBITRARYCLOSEDPROFILEDEF(.AREA.,$,#1776);
#1778=IFCAXIS2PLACEMENT3D(#10,$,$);
#1779=IFCEXTRUDEDAREASOLID(#1777,#1778,#73,3000.);
#1780=IFCSTYLEDITEM(#1779,(#476),$);
#1781=IFCSHAPEREPRESENTATION(#15,'Body','SweptSolid',(#1779));
#1782=IFCWALL('1ZbzvERVP2EPsD9m_40DHp',#6,'Basic Wall:100:847053',$,$,#1765,#1769,'847053',.NOTDEFINED.);
#1783=IFCQUANTITYLENGTH('Height',$,$,3000.,$);
#1784=IFCQUANTITYLENGTH('Length',$,$,1666.5083090428341,$);
#1785=IFCQUANTITYLENGTH('Width',$,$,100.,$);
#1786=IFCQUANTITYAREA('GrossFootprintArea',$,$,0.16650423847706791,$);
#1787=IFCQUANTITYVOLUME('GrossVolume',$,$,0.34519162314763291,$);
#1788=IFCQUANTITYAREA('GrossSideArea',$,$,0.34519162314763291,$);
#1789=IFCQUANTITYAREA('NetSideArea',$,$,3.4519162314763294,$);
#1790=IFCQUANTITYVOLUME('NetVolume',$,$,0.34501271543120399,$);
#1791=IFCELEMENTQUANTITY('3EV6dW3mdB7SkmRPKbql0N',#6,'Qto_WallBaseQuantities',$,'BaseQuantities',(#1783,#1784,#1785,#1786,#1787,#1788,#1789,#1790));
#1792=IFCRELDEFINESBYPROPERTIES('0t3gcDuMJbIdxLsA9ebbOv',#6,$,$,(#1782),#1791);
#1793=IFCPROPERTYSET('0LtYnW_D7eHur3lDGzKIuC',#6,'Pset_EnvironmentalImpactIndicators',$,(#1501));
#1794=IFCPROPERTYSINGLEVALUE('Reference',$,IFCLABEL('100'),$);
#1795=IFCPROPERTYSET('15kKKqT3hSxFHVQPEfqCVt',#6,'Pset_ReinforcementBarPitchOfWall',$,(#1794));
#1796=IFCPROPERTYSET('1hn1IOrcBxZ33$hSFeubpf',#6,'Pset_WallCommon',$,(#501,#502,#503,#1501));
#1797=IFCRELDEFINESBYPROPERTIES('2xOA0WqJBL6BWGJ0peER_z',#6,$,$,(#1782),#1793);
#1798=IFCRELDEFINESBYPROPERTIES('08rwEIzKTlkpIz$X$q67t6',#6,$,$,(#1782),#1795);
#1799=IFCRELDEFINESBYPROPERTIES('26lLx4GZpsHuP0dzy$6FFu',#6,$,$,(#1782),#1796);
#1800=IFCQUANTITYAREA('NetSurfaceArea','',$,8.2453379159250417,$);
#1801=IFCQUANTITYVOLUME('NetVolume','',$,0.34501271543120399,$);
#1802=IFCELEMENTQUANTITY('3ynJSatIcjp344Gtuaix5R',#6,'Qto_BodyGeometryValidation',$,'BaseQuantities',(#1800,#1801));
#1803=IFCRELDEFINESBYPROPERTIES('3kUPbpeYjXI98srWuqDwu3',#6,$,$,(#1782),#1802);
#1804=IFCCARTESIANPOINT((-401.,-1117.));
#1805=IFCCARTESIANPOINT((401.,-1117.));
#1806=IFCCARTESIANPOINT((401.,1079.));
#1807=IFCCARTESIANPOINT((325.,1079.));
#1808=IFCCARTESIANPOINT((325.,-1041.));
#1809=IFCCARTESIANPOINT((-325.,-1041.));
#1810=IFCCARTESIANPOINT((-325.,1079.));
#1811=IFCCARTESIANPOINT((-401.,1079.));
#1812=IFCPOLYLINE((#1804,#1805,#1806,#1807,#1808,#1809,#1810,#1811,#1804));
#1813=IFCARBITRARYCLOSEDPROFILEDEF(.AREA.,'650',#1812);
#1814=IFCCARTESIANPOINT((325.,125.,1079.));
#1815=IFCAXIS2PLACEMENT3D(#1814,#369,#1514);
#1816=IFCEXTRUDEDAREASOLID(#1813,#1815,#73,24.999999999994444);
#1817=IFCCARTESIANPOINT((-1117.,-401.));
#1818=IFCCARTESIANPOINT((1079.,-401.));
#1819=IFCCARTESIANPOINT((1079.,-325.));
#1820=IFCCARTESIANPOINT((-1041.,-325.));
#1821=IFCCARTESIANPOINT((-1041.,325.));
#1822=IFCCARTESIANPOINT((1079.,325.));
#1823=IFCCARTESIANPOINT((1079.,401.));
#1824=IFCCARTESIANPOINT((-1117.,401.));
#1825=IFCPOLYLINE((#1817,#1818,#1819,#1820,#1821,#1822,#1823,#1824,#1817));
#1826=IFCARBITRARYCLOSEDPROFILEDEF(.AREA.,'650',#1825);
#1827=IFCCARTESIANPOINT((325.,-0.,1079.));
#1828=IFCAXIS2PLACEMENT3D(#1827,#369,#158);
#1829=IFCEXTRUDEDAREASOLID(#1826,#1828,#73,25.000000000005567);
#1830=IFCCARTESIANPOINT((0.,0.));
#1831=IFCDIRECTION((1.,0.));
#1832=IFCAXIS2PLACEMENT2D(#1830,#1831);
#1833=IFCRECTANGLEPROFILEDEF(.AREA.,'650',#1832,649.99999999999989,51.000000000000007);
#1834=IFCCARTESIANPOINT((325.,74.499999999995183,0.));
#1835=IFCAXIS2PLACEMENT3D(#1834,$,$);
#1836=IFCEXTRUDEDAREASOLID(#1833,#1835,#73,2119.9999999999995);
#1837=IFCCOLOURRGB($,0.46274509803921571,0.27450980392156865,0.20000000000000001);
#1838=IFCSURFACESTYLERENDERING(#1837,0.,$,$,$,$,IFCNORMALISEDRATIOMEASURE(0.5),IFCSPECULAREXPONENT(128.),.NOTDEFINED.);
#1839=IFCSURFACESTYLE('Door - Frame',.BOTH.,(#1838));
#1840=IFCSTYLEDITEM(#1816,(#1839),$);
#1841=IFCSTYLEDITEM(#1829,(#1839),$);
#1842=IFCCOLOURRGB($,0.82352941176470584,0.62352941176470589,0.37254901960784315);
#1843=IFCSURFACESTYLERENDERING(#1842,0.,$,$,$,$,IFCNORMALISEDRATIOMEASURE(0.5),IFCSPECULAREXPONENT(128.),.NOTDEFINED.);
#1844=IFCSURFACESTYLE('Door - Panel',.BOTH.,(#1843));
#1845=IFCSTYLEDITEM(#1836,(#1844),$);
#1846=IFCSHAPEREPRESENTATION(#15,'Body','SweptSolid',(#1816,#1829,#1836));
#1847=IFCAXIS2PLACEMENT3D(#10,$,$);
#1848=IFCREPRESENTATIONMAP(#1847,#1846);
#1849=IFCDOORLININGPROPERTIES('1ZbzvERVP2EPsD9mw40DHO',#6,'M_Single-Flush:650:847078',$,$,$,$,$,$,$,$,$,$,$,$,$,$);
#1850=IFCDOORPANELPROPERTIES('1ZbzvERVP2EPsD9ms40DHO',#6,'M_Single-Flush:650:847078:1',$,$,.SWINGING.,$,.NOTDEFINED.,$);
#1851=IFCDOORTYPE('0VgiU3C6a043vB9IBYwH3c',#6,'M_Single-Flush:650',$,$,(#1849,#1850,#1903),(#1848),'390618',$,.DOOR.,.SINGLE_SWING_LEFT.,.F.,$);
#1852=IFCMATERIAL('Door - Frame',$,'Miscellaneous');
#1853=IFCSTYLEDITEM($,(#1839),$);
#1854=IFCSTYLEDREPRESENTATION(#13,'Style','Material',(#1853));
#1855=IFCMATERIALDEFINITIONREPRESENTATION($,$,(#1854),#1852);
#1856=IFCMATERIAL('Door - Panel',$,'Wood');
#1857=IFCSTYLEDITEM($,(#1844),$);
#1858=IFCSTYLEDREPRESENTATION(#13,'Style','Material',(#1857));
#1859=IFCMATERIALDEFINITIONREPRESENTATION($,$,(#1858),#1856);
#1860=IFCMATERIALCONSTITUENT('Frame/Mullion',$,#1852,0.21422310079874626,'Miscellaneous');
#1861=IFCSHAPEREPRESENTATION(#15,'Body','SweptSolid',(#1816,#1829));
#1862=IFCSHAPEASPECT((#1861),'Frame/Mullion',$,.U.,#1848);
#1863=IFCMATERIALCONSTITUENT('Panel',$,#1856,0.78577689920125382,'Wood');
#1864=IFCSHAPEREPRESENTATION(#15,'Body','SweptSolid',(#1836));
#1865=IFCSHAPEASPECT((#1864),'Panel',$,.U.,#1848);
#1866=IFCMATERIALCONSTITUENTSET($,$,(#1860,#1863));
#1867=IFCCARTESIANTRANSFORMATIONOPERATOR3D($,$,#10,1.,$);
#1868=IFCMAPPEDITEM(#1848,#1867);
#1869=IFCSHAPEREPRESENTATION(#15,'Body','MappedRepresentation',(#1868));
#1870=IFCPRODUCTDEFINITIONSHAPE($,$,(#1869));
#1871=IFCCARTESIANPOINT((440.26817768053166,4012.8648989581957,0.));
#1872=IFCAXIS2PLACEMENT3D(#1871,$,$);
#1874=IFCDOOR('1ZbzvERVP2EPsD9m_40DHO',#6,'M_Single-Flush:650:847078',$,$,#11985,#1870,'847078',2119.9999999999995,650.,.DOOR.,$,$);
#1875=IFCMATERIALCONSTITUENT('Door - Frame',$,#1852,0.21422310079876455,'Miscellaneous');
#1876=IFCMATERIALCONSTITUENT('Door - Panel',$,#1856,0.7857768992012355,'Wood');
#1877=IFCMATERIALCONSTITUENTSET($,$,(#1875,#1876));
#1878=IFCPROPERTYSINGLEVALUE('Reference',$,IFCIDENTIFIER('650'),$);
#1879=IFCPROPERTYSET('358QVnr1hvAEFFCmKVgA3a',#6,'Pset_DoorCommon',$,(#47,#1878));
#1880=IFCPROPERTYSET('1nPF$CicDbZfvM9nND7PHg',#6,'Pset_EnvironmentalImpactIndicators',$,(#1878));
#1881=IFCRELDEFINESBYPROPERTIES('27xhBQkEq0iCfBYiSBh49K',#6,$,$,(#1874),#1879);
#1882=IFCRELDEFINESBYPROPERTIES('3rk7Rvq$XhpSIxs1iFISn0',#6,$,$,(#1874),#1880);
#1883=IFCQUANTITYAREA('GrossSurfaceArea','',$,3.0385399999999994,$);
#1884=IFCQUANTITYAREA('NetSurfaceArea','',$,5.0831079999999567,$);
#1885=IFCQUANTITYVOLUME('GrossVolume','',$,0.070277999999999965,$);
#1886=IFCQUANTITYVOLUME('NetVolume','',$,0.089437599999999395,$);
#1887=IFCELEMENTQUANTITY('01$v1Wxvs7Vj5XkwjHluc5',#6,'Qto_BodyGeometryValidation',$,'BaseQuantities',(#1883,#1884,#1885,#1886));
#1888=IFCRELDEFINESBYPROPERTIES('3fQU5ifrQ52avla19jpg0K',#6,$,$,(#1874),#1887);
#1889=IFCQUANTITYLENGTH('Width','',$,650.,$);
#1890=IFCQUANTITYLENGTH('Height','',$,2120.,$);
#1891=IFCQUANTITYLENGTH('Perimeter','',$,1402.,$);
#1892=IFCQUANTITYAREA('Area','',$,2.5415539999999774,$);
#1893=IFCELEMENTQUANTITY('3SnbL8j6bKeRIUMx4H0QrS',#6,'Qto_DoorBaseQuantities',$,'BaseQuantities',(#1889,#1890,#1891,#1892));
#1894=IFCRELDEFINESBYPROPERTIES('3bq1d12b$ZsTxNwfjdJqYR',#6,$,$,(#1874),#1893);
#1895=IFCSIUNIT(*,.MASSUNIT.,.KILO.,.GRAM.);
#1896=IFCDERIVEDUNITELEMENT(#1895,1);
#1897=IFCSIUNIT(*,.THERMODYNAMICTEMPERATUREUNIT.,$,.KELVIN.);
#1898=IFCDERIVEDUNITELEMENT(#1897,-1);
#1899=IFCSIUNIT(*,.TIMEUNIT.,$,.SECOND.);
#1900=IFCDERIVEDUNITELEMENT(#1899,-3);
#1901=IFCDERIVEDUNIT((#1896,#1898,#1900),.THERMALTRANSMITTANCEUNIT.,$,$);
#1902=IFCPROPERTYSINGLEVALUE('ThermalTransmittance',$,IFCTHERMALTRANSMITTANCEMEASURE(3.7021000000000002),$);
#1903=IFCPROPERTYSET('0PuXmVfUX0rGgi3VGOZl1q',#6,'Pset_DoorCommon',$,(#1902));
#1904=IFCCARTESIANPOINT((-426.,-1082.));
#1905=IFCCARTESIANPOINT((426.,-1082.));
#1906=IFCCARTESIANPOINT((426.,1044.));
#1907=IFCCARTESIANPOINT((350.,1044.));
#1908=IFCCARTESIANPOINT((350.,-1006.));
#1909=IFCCARTESIANPOINT((-350.,-1006.));
#1910=IFCCARTESIANPOINT((-350.,1044.));
#1911=IFCCARTESIANPOINT((-426.,1044.));
#1912=IFCPOLYLINE((#1904,#1905,#1906,#1907,#1908,#1909,#1910,#1911,#1904));
#1913=IFCARBITRARYCLOSEDPROFILEDEF(.AREA.,'700',#1912);
#1914=IFCCARTESIANPOINT((350.,100.,1044.));
#1915=IFCDIRECTION((1.,0.,0.));
#1916=IFCAXIS2PLACEMENT3D(#1914,#513,#1915);
#1917=IFCEXTRUDEDAREASOLID(#1913,#1916,#73,24.999999999994444);
#1918=IFCCARTESIANPOINT((-1082.,-426.));
#1919=IFCCARTESIANPOINT((1044.,-426.));
#1920=IFCCARTESIANPOINT((1044.,-350.));
#1921=IFCCARTESIANPOINT((-1006.,-350.));
#1922=IFCCARTESIANPOINT((-1006.,350.));
#1923=IFCCARTESIANPOINT((1044.,350.));
#1924=IFCCARTESIANPOINT((1044.,426.));
#1925=IFCCARTESIANPOINT((-1082.,426.));
#1926=IFCPOLYLINE((#1918,#1919,#1920,#1921,#1922,#1923,#1924,#1925,#1918));
#1927=IFCARBITRARYCLOSEDPROFILEDEF(.AREA.,'700',#1926);
#1928=IFCCARTESIANPOINT((350.,-25.,1044.));
#1929=IFCAXIS2PLACEMENT3D(#1928,#513,#158);
#1930=IFCEXTRUDEDAREASOLID(#1927,#1929,#73,25.000000000005578);
#1931=IFCCARTESIANPOINT((0.,0.));
#1932=IFCAXIS2PLACEMENT2D(#1931,#1831);
#1933=IFCRECTANGLEPROFILEDEF(.AREA.,'700',#1932,51.000000000000007,699.99999999999989);
#1934=IFCCARTESIANPOINT((350.,74.499999999999361,0.));
#1935=IFCAXIS2PLACEMENT3D(#1934,#73,#513);
#1936=IFCEXTRUDEDAREASOLID(#1933,#1935,#73,2049.9999999999995);
#1937=IFCSTYLEDITEM(#1917,(#1839),$);
#1938=IFCSTYLEDITEM(#1930,(#1839),$);
#1939=IFCSTYLEDITEM(#1936,(#1844),$);
#1940=IFCSHAPEREPRESENTATION(#15,'Body','SweptSolid',(#1917,#1930,#1936));
#1941=IFCAXIS2PLACEMENT3D(#10,$,$);
#1942=IFCREPRESENTATIONMAP(#1941,#1940);
#1943=IFCDOORLININGPROPERTIES('1ZbzvERVP2EPsD9mw40DHE',#6,'M_Single-Flush:700:847088',$,$,$,$,$,$,$,$,$,$,$,$,$,$);
#1944=IFCDOORPANELPROPERTIES('1ZbzvERVP2EPsD9ms40DHE',#6,'M_Single-Flush:700:847088:1',$,$,.SWINGING.,$,.NOTDEFINED.,$);
#1945=IFCDOORTYPE('29MsE3vMzNvEanlH4fuoEF',#6,'M_Single-Flush:700',$,$,(#1943,#1944,#1982),(#1942),'49480',$,.DOOR.,.SINGLE_SWING_RIGHT.,.F.,$);
#1946=IFCMATERIALCONSTITUENT('Frame/Mullion',$,#1852,0.20453335014443025,'Miscellaneous');
#1947=IFCSHAPEREPRESENTATION(#15,'Body','SweptSolid',(#1917,#1930));
#1948=IFCSHAPEASPECT((#1947),'Frame/Mullion',$,.U.,#1942);
#1949=IFCMATERIALCONSTITUENT('Panel',$,#1856,0.7954666498555697,'Wood');
#1950=IFCSHAPEREPRESENTATION(#15,'Body','SweptSolid',(#1936));
#1951=IFCSHAPEASPECT((#1950),'Panel',$,.U.,#1942);
#1952=IFCMATERIALCONSTITUENTSET($,$,(#1946,#1949));
#1953=IFCMAPPEDITEM(#1942,#1867);
#1954=IFCSHAPEREPRESENTATION(#15,'Body','MappedRepresentation',(#1953));
#1955=IFCPRODUCTDEFINITIONSHAPE($,$,(#1954));
#1956=IFCCARTESIANPOINT((1232.3609020093588,2316.2189838085383,0.));
#1957=IFCDIRECTION((0.9996348326993566,0.027022236290312193,0.));
#1958=IFCAXIS2PLACEMENT3D(#1956,#73,#1957);
#1960=IFCDOOR('1ZbzvERVP2EPsD9m_40DHE',#6,'M_Single-Flush:700:847088',$,$,#12007,#1955,'847088',2049.9999999999995,700.00000000000023,.DOOR.,$,$);
#1961=IFCMATERIALCONSTITUENT('Door - Frame',$,#1852,0.20453335014444798,'Miscellaneous');
#1962=IFCMATERIALCONSTITUENT('Door - Panel',$,#1856,0.79546664985555204,'Wood');
#1963=IFCMATERIALCONSTITUENTSET($,$,(#1961,#1962));
#1964=IFCPROPERTYSINGLEVALUE('Reference',$,IFCIDENTIFIER('700'),$);
#1965=IFCPROPERTYSET('1YGllt03ieRzcnBfl0jqKv',#6,'Pset_DoorCommon',$,(#47,#1964));
#1966=IFCPROPERTYSET('26Abd3tf1Cz8s8PAcvE2ik',#6,'Pset_EnvironmentalImpactIndicators',$,(#1964));
#1967=IFCRELDEFINESBYPROPERTIES('3EYp4IBX$94acyVaEHqAFM',#6,$,$,(#1960),#1965);
#1968=IFCRELDEFINESBYPROPERTIES('1Ex$21i_3txKrw10sKQ_N7',#6,$,$,(#1960),#1966);
#1969=IFCQUANTITYAREA('GrossSurfaceArea','',$,3.1504999999999992,$);
#1970=IFCQUANTITYAREA('NetSurfaceArea','',$,5.1587079999999563,$);
#1971=IFCQUANTITYVOLUME('GrossVolume','',$,0.073184999999999986,$);
#1972=IFCQUANTITYVOLUME('NetVolume','',$,0.092002599999999393,$);
#1973=IFCELEMENTQUANTITY('0hfrcV$Ypk_RezqNIDEH05',#6,'Qto_BodyGeometryValidation',$,'BaseQuantities',(#1969,#1970,#1971,#1972));
#1974=IFCRELDEFINESBYPROPERTIES('19Cke8NNJS2q7Q8z8CTE77',#6,$,$,(#1960),#1973);
#1975=IFCQUANTITYLENGTH('Width','',$,700.,$);
#1976=IFCQUANTITYLENGTH('Height','',$,2050.,$);
#1977=IFCQUANTITYLENGTH('Perimeter','',$,1502.,$);
#1978=IFCQUANTITYAREA('Area','',$,2.5793539999999777,$);
#1979=IFCELEMENTQUANTITY('2kcbisXLPNfak14z27i$zQ',#6,'Qto_DoorBaseQuantities',$,'BaseQuantities',(#1975,#1976,#1977,#1978));
#1980=IFCRELDEFINESBYPROPERTIES('03yRezxSKjek7V3a_3k1MD',#6,$,$,(#1960),#1979);
#1981=IFCPROPERTYSINGLEVALUE('ThermalTransmittance',$,IFCTHERMALTRANSMITTANCEMEASURE(3.7021000000000002),$);
#1982=IFCPROPERTYSET('1Q3LOsMjKr0zTNMknycSTz',#6,'Pset_DoorCommon',$,(#1981));
#1983=IFCCARTESIANPOINT((-476.,-1087.));
#1984=IFCCARTESIANPOINT((476.,-1087.));
#1985=IFCCARTESIANPOINT((476.,1049.));
#1986=IFCCARTESIANPOINT((400.,1049.));
#1987=IFCCARTESIANPOINT((400.,-1011.));
#1988=IFCCARTESIANPOINT((-400.,-1011.));
#1989=IFCCARTESIANPOINT((-400.,1049.));
#1990=IFCCARTESIANPOINT((-476.,1049.));
#1991=IFCPOLYLINE((#1983,#1984,#1985,#1986,#1987,#1988,#1989,#1990,#1983));
#1992=IFCARBITRARYCLOSEDPROFILEDEF(.AREA.,'800',#1991);
#1993=IFCCARTESIANPOINT((400.,100.,1049.));
#1994=IFCAXIS2PLACEMENT3D(#1993,#513,#1915);
#1995=IFCEXTRUDEDAREASOLID(#1992,#1994,#73,24.999999999994451);
#1996=IFCCARTESIANPOINT((-1087.,-476.));
#1997=IFCCARTESIANPOINT((1049.,-476.));
#1998=IFCCARTESIANPOINT((1049.,-400.));
#1999=IFCCARTESIANPOINT((-1011.,-400.));
#2000=IFCCARTESIANPOINT((-1011.,400.));
#2001=IFCCARTESIANPOINT((1049.,400.));
#2002=IFCCARTESIANPOINT((1049.,476.));
#2003=IFCCARTESIANPOINT((-1087.,476.));
#2004=IFCPOLYLINE((#1996,#1997,#1998,#1999,#2000,#2001,#2002,#2003,#1996));
#2005=IFCARBITRARYCLOSEDPROFILEDEF(.AREA.,'800',#2004);
#2006=IFCCARTESIANPOINT((400.,-25.,1049.));
#2007=IFCAXIS2PLACEMENT3D(#2006,#513,#158);
#2008=IFCEXTRUDEDAREASOLID(#2005,#2007,#73,25.000000000005567);
#2009=IFCCARTESIANPOINT((0.,0.));
#2010=IFCAXIS2PLACEMENT2D(#2009,#1831);
#2011=IFCRECTANGLEPROFILEDEF(.AREA.,'800',#2010,51.000000000000007,799.99999999999989);
#2012=IFCCARTESIANPOINT((400.,74.499999999999261,0.));
#2013=IFCAXIS2PLACEMENT3D(#2012,#73,#513);
#2014=IFCEXTRUDEDAREASOLID(#2011,#2013,#73,2059.9999999999991);
#2015=IFCSTYLEDITEM(#1995,(#1839),$);
#2016=IFCSTYLEDITEM(#2008,(#1839),$);
#2017=IFCSTYLEDITEM(#2014,(#1844),$);
#2018=IFCSHAPEREPRESENTATION(#15,'Body','SweptSolid',(#1995,#2008,#2014));
#2019=IFCAXIS2PLACEMENT3D(#10,$,$);
#2020=IFCREPRESENTATIONMAP(#2019,#2018);
#2021=IFCDOORLININGPROPERTIES('1ZbzvERVP2EPsD9mw40DH7',#6,'M_Single-Flush:800:847097',$,$,$,$,$,$,$,$,$,$,$,$,$,$);
#2022=IFCDOORPANELPROPERTIES('1ZbzvERVP2EPsD9ms40DH7',#6,'M_Single-Flush:800:847097:1',$,$,.SWINGING.,$,.NOTDEFINED.,$);
#2023=IFCDOORTYPE('3p21I4NunT8Lht6J0JAJdc',#6,'M_Single-Flush:800',$,$,(#2021,#2022,#2059),(#2020),'451692',$,.DOOR.,.SINGLE_SWING_RIGHT.,.F.,$);
#2024=IFCMATERIALCONSTITUENT('Frame/Mullion',$,#1852,0.18653989098114884,'Miscellaneous');
#2025=IFCSHAPEREPRESENTATION(#15,'Body','SweptSolid',(#1995,#2008));
#2026=IFCSHAPEASPECT((#2025),'Frame/Mullion',$,.U.,#2020);
#2027=IFCMATERIALCONSTITUENT('Panel',$,#1856,0.81346010901885113,'Wood');
#2028=IFCSHAPEREPRESENTATION(#15,'Body','SweptSolid',(#2014));
#2029=IFCSHAPEASPECT((#2028),'Panel',$,.U.,#2020);
#2030=IFCMATERIALCONSTITUENTSET($,$,(#2024,#2027));
#2031=IFCMAPPEDITEM(#2020,#1867);
#2032=IFCSHAPEREPRESENTATION(#15,'Body','MappedRepresentation',(#2031));
#2033=IFCPRODUCTDEFINITIONSHAPE($,$,(#2032));
#2034=IFCCARTESIANPOINT((6552.1225354569115,3210.3235203808717,0.));
#2035=IFCAXIS2PLACEMENT3D(#2034,#73,#369);
#2037=IFCDOOR('1ZbzvERVP2EPsD9m_40DH7',#6,'M_Single-Flush:800:847097',$,$,#12051,#2033,'847097',2059.9999999999995,800.,.DOOR.,$,$);
#2038=IFCMATERIALCONSTITUENT('Door - Frame',$,#1852,0.18653989098116533,'Miscellaneous');
#2039=IFCMATERIALCONSTITUENT('Door - Panel',$,#1856,0.81346010901883459,'Wood');
#2040=IFCMATERIALCONSTITUENTSET($,$,(#2038,#2039));
#2041=IFCPROPERTYSINGLEVALUE('Reference',$,IFCIDENTIFIER('800'),$);
#2042=IFCPROPERTYSET('2YQZ_3kSvK8s8lWm97ZFE4',#6,'Pset_DoorCommon',$,(#47,#2041));
#2043=IFCPROPERTYSET('00h5UqxjuNvndqSNn4KV$3',#6,'Pset_EnvironmentalImpactIndicators',$,(#2041));
#2044=IFCRELDEFINESBYPROPERTIES('3Y_Sx8_dTQrQKSX$_kitIb',#6,$,$,(#2037),#2042);
#2045=IFCRELDEFINESBYPROPERTIES('2ZjHU6qdNx$43cteYzxMQG',#6,$,$,(#2037),#2043);
#2046=IFCQUANTITYAREA('GrossSurfaceArea','',$,3.5877199999999987,$);
#2047=IFCQUANTITYAREA('NetSurfaceArea','',$,5.6444079999999559,$);
#2048=IFCQUANTITYVOLUME('GrossVolume','',$,0.084047999999999956,$);
#2049=IFCQUANTITYVOLUME('NetVolume','',$,0.10332159999999953,$);
#2050=IFCELEMENTQUANTITY('2qhbckmMDjGEcO1wNazVgY',#6,'Qto_BodyGeometryValidation',$,'BaseQuantities',(#2046,#2047,#2048,#2049));
#2051=IFCRELDEFINESBYPROPERTIES('0A8lR6z7m3pLY01DzAIntu',#6,$,$,(#2037),#2050);
#2052=IFCQUANTITYLENGTH('Width','',$,800.,$);
#2053=IFCQUANTITYLENGTH('Height','',$,2060.,$);
#2054=IFCQUANTITYLENGTH('Perimeter','',$,1702.,$);
#2055=IFCQUANTITYAREA('Area','',$,2.822203999999978,$);
#2056=IFCELEMENTQUANTITY('1Xyr6HmBzplg6nI$EpQJZ2',#6,'Qto_DoorBaseQuantities',$,'BaseQuantities',(#2052,#2053,#2054,#2055));
#2057=IFCRELDEFINESBYPROPERTIES('1Q2k0Vi4YIwDHrq4vIcQc2',#6,$,$,(#2037),#2056);
#2058=IFCPROPERTYSINGLEVALUE('ThermalTransmittance',$,IFCTHERMALTRANSMITTANCEMEASURE(3.7021000000000002),$);
#2059=IFCPROPERTYSET('1GBZXTxhJxj6rcaG1IYVdV',#6,'Pset_DoorCommon',$,(#2058));
#2060=IFCCARTESIANPOINT((-451.,-1087.));
#2061=IFCCARTESIANPOINT((451.,-1087.));
#2062=IFCCARTESIANPOINT((451.,1049.));
#2063=IFCCARTESIANPOINT((375.,1049.));
#2064=IFCCARTESIANPOINT((375.,-1011.));
#2065=IFCCARTESIANPOINT((-375.,-1011.));
#2066=IFCCARTESIANPOINT((-375.,1049.));
#2067=IFCCARTESIANPOINT((-451.,1049.));
#2068=IFCPOLYLINE((#2060,#2061,#2062,#2063,#2064,#2065,#2066,#2067,#2060));
#2069=IFCARBITRARYCLOSEDPROFILEDEF(.AREA.,'750',#2068);
#2070=IFCCARTESIANPOINT((375.,100.,1049.));
#2071=IFCAXIS2PLACEMENT3D(#2070,#513,#1915);
#2072=IFCEXTRUDEDAREASOLID(#2069,#2071,#73,24.999999999994451);
#2073=IFCCARTESIANPOINT((-1087.,-451.));
#2074=IFCCARTESIANPOINT((1049.,-451.));
#2075=IFCCARTESIANPOINT((1049.,-375.));
#2076=IFCCARTESIANPOINT((-1011.,-375.));
#2077=IFCCARTESIANPOINT((-1011.,375.));
#2078=IFCCARTESIANPOINT((1049.,375.));
#2079=IFCCARTESIANPOINT((1049.,451.));
#2080=IFCCARTESIANPOINT((-1087.,451.));
#2081=IFCPOLYLINE((#2073,#2074,#2075,#2076,#2077,#2078,#2079,#2080,#2073));
#2082=IFCARBITRARYCLOSEDPROFILEDEF(.AREA.,'750',#2081);
#2083=IFCCARTESIANPOINT((375.,-25.,1049.));
#2084=IFCAXIS2PLACEMENT3D(#2083,#513,#158);
#2085=IFCEXTRUDEDAREASOLID(#2082,#2084,#73,25.000000000005578);
#2086=IFCCARTESIANPOINT((0.,0.));
#2087=IFCAXIS2PLACEMENT2D(#2086,#1831);
#2088=IFCRECTANGLEPROFILEDEF(.AREA.,'750',#2087,51.000000000000007,749.99999999999989);
#2089=IFCCARTESIANPOINT((375.,74.499999999999304,0.));
#2090=IFCAXIS2PLACEMENT3D(#2089,#73,#513);
#2091=IFCEXTRUDEDAREASOLID(#2088,#2090,#73,2059.9999999999991);
#2092=IFCSTYLEDITEM(#2072,(#1839),$);
#2093=IFCSTYLEDITEM(#2085,(#1839),$);
#2094=IFCSTYLEDITEM(#2091,(#1844),$);
#2095=IFCSHAPEREPRESENTATION(#15,'Body','SweptSolid',(#2072,#2085,#2091));
#2096=IFCAXIS2PLACEMENT3D(#10,$,$);
#2097=IFCREPRESENTATIONMAP(#2096,#2095);
#2098=IFCDOORLININGPROPERTIES('1ZbzvERVP2EPsD9mw40DH0',#6,'M_Single-Flush:750:847102',$,$,$,$,$,$,$,$,$,$,$,$,$,$);
#2099=IFCDOORPANELPROPERTIES('1ZbzvERVP2EPsD9ms40DH0',#6,'M_Single-Flush:750:847102:1',$,$,.SWINGING.,$,.NOTDEFINED.,$);
#2100=IFCDOORTYPE('1xFrZ1tWPCI9b8$$F3umlv',#6,'M_Single-Flush:750',$,$,(#2098,#2099,#2137),(#2097),'354397',$,.DOOR.,.SINGLE_SWING_RIGHT.,.F.,$);
#2101=IFCMATERIALCONSTITUENT('Frame/Mullion',$,#1852,0.19497213895578719,'Miscellaneous');
#2102=IFCSHAPEREPRESENTATION(#15,'Body','SweptSolid',(#2072,#2085));
#2103=IFCSHAPEASPECT((#2102),'Frame/Mullion',$,.U.,#2097);
#2104=IFCMATERIALCONSTITUENT('Panel',$,#1856,0.80502786104421287,'Wood');
#2105=IFCSHAPEREPRESENTATION(#15,'Body','SweptSolid',(#2091));
#2106=IFCSHAPEASPECT((#2105),'Panel',$,.U.,#2097);
#2107=IFCMATERIALCONSTITUENTSET($,$,(#2101,#2104));
#2108=IFCMAPPEDITEM(#2097,#1867);
#2109=IFCSHAPEREPRESENTATION(#15,'Body','MappedRepresentation',(#2108));
#2110=IFCPRODUCTDEFINITIONSHAPE($,$,(#2109));
#2111=IFCCARTESIANPOINT((5394.6204269857244,1448.2583650644999,0.));
#2112=IFCDIRECTION((0.99996219496057481,0.0086953234344398535,0.));
#2113=IFCAXIS2PLACEMENT3D(#2111,#73,#2112);
#2115=IFCDOOR('1ZbzvERVP2EPsD9m_40DH0',#6,'M_Single-Flush:750:847102',$,$,#12073,#2110,'847102',2059.9999999999995,750.00000000000023,.DOOR.,$,$);
#2116=IFCMATERIALCONSTITUENT('Door - Frame',$,#1852,0.19497213895580429,'Miscellaneous');
#2117=IFCMATERIALCONSTITUENT('Door - Panel',$,#1856,0.80502786104419577,'Wood');
#2118=IFCMATERIALCONSTITUENTSET($,$,(#2116,#2117));
#2119=IFCPROPERTYSINGLEVALUE('Reference',$,IFCIDENTIFIER('750'),$);
#2120=IFCPROPERTYSET('2fk0HVV_iHuQFsh4svIbyS',#6,'Pset_DoorCommon',$,(#47,#2119));
#2121=IFCPROPERTYSET('2$DJoL4QN2KCvRp4IGCEeV',#6,'Pset_EnvironmentalImpactIndicators',$,(#2119));
#2122=IFCRELDEFINESBYPROPERTIES('3x1Lt2Jky5CSdeHWPm5sek',#6,$,$,(#2115),#2120);
#2123=IFCRELDEFINESBYPROPERTIES('0EXPTF8bsbfBlQL$hgC1hq',#6,$,$,(#2115),#2121);
#2124=IFCQUANTITYAREA('GrossSurfaceArea','',$,3.3766199999999982,$);
#2125=IFCQUANTITYAREA('NetSurfaceArea','',$,5.413107999999955,$);
#2126=IFCQUANTITYVOLUME('GrossVolume','',$,0.07879499999999999,$);
#2127=IFCQUANTITYVOLUME('NetVolume','',$,0.097878599999999455,$);
#2128=IFCELEMENTQUANTITY('1iL9Ptw0_g0BF3mxdzvLZb',#6,'Qto_BodyGeometryValidation',$,'BaseQuantities',(#2124,#2125,#2126,#2127));
#2129=IFCRELDEFINESBYPROPERTIES('143WJohh$F09AdlQW$3bh3',#6,$,$,(#2115),#2128);
#2130=IFCQUANTITYLENGTH('Width','',$,750.,$);
#2131=IFCQUANTITYLENGTH('Height','',$,2060.,$);
#2132=IFCQUANTITYLENGTH('Perimeter','',$,1602.,$);
#2133=IFCQUANTITYAREA('Area','',$,2.7065539999999784,$);
#2134=IFCELEMENTQUANTITY('03JBAkc9kEi3i5StSGUs09',#6,'Qto_DoorBaseQuantities',$,'BaseQuantities',(#2130,#2131,#2132,#2133));
#2135=IFCRELDEFINESBYPROPERTIES('3x$BVMl0QZ5_WBJ9E_EWlF',#6,$,$,(#2115),#2134);
#2136=IFCPROPERTYSINGLEVALUE('ThermalTransmittance',$,IFCTHERMALTRANSMITTANCEMEASURE(3.7021000000000002),$);
#2137=IFCPROPERTYSET('1AAv3DIz0$$xWwAWFoK9FG',#6,'Pset_DoorCommon',$,(#2136));
#2138=IFCCARTESIANPOINT((-351.,-1117.));
#2139=IFCCARTESIANPOINT((351.,-1117.));
#2140=IFCCARTESIANPOINT((351.,1079.));
#2141=IFCCARTESIANPOINT((275.,1079.));
#2142=IFCCARTESIANPOINT((275.,-1041.));
#2143=IFCCARTESIANPOINT((-275.,-1041.));
#2144=IFCCARTESIANPOINT((-275.,1079.));
#2145=IFCCARTESIANPOINT((-351.,1079.));
#2146=IFCPOLYLINE((#2138,#2139,#2140,#2141,#2142,#2143,#2144,#2145,#2138));
#2147=IFCARBITRARYCLOSEDPROFILEDEF(.AREA.,'550',#2146);
#2148=IFCCARTESIANPOINT((275.,100.,1079.));
#2149=IFCAXIS2PLACEMENT3D(#2148,#513,#1915);
#2150=IFCEXTRUDEDAREASOLID(#2147,#2149,#73,24.999999999994451);
#2151=IFCCARTESIANPOINT((-1117.,-351.));
#2152=IFCCARTESIANPOINT((1079.,-351.));
#2153=IFCCARTESIANPOINT((1079.,-275.));
#2154=IFCCARTESIANPOINT((-1041.,-275.));
#2155=IFCCARTESIANPOINT((-1041.,275.));
#2156=IFCCARTESIANPOINT((1079.,275.));
#2157=IFCCARTESIANPOINT((1079.,351.));
#2158=IFCCARTESIANPOINT((-1117.,351.));
#2159=IFCPOLYLINE((#2151,#2152,#2153,#2154,#2155,#2156,#2157,#2158,#2151));
#2160=IFCARBITRARYCLOSEDPROFILEDEF(.AREA.,'550',#2159);
#2161=IFCCARTESIANPOINT((275.,-25.,1079.));
#2162=IFCAXIS2PLACEMENT3D(#2161,#513,#158);
#2163=IFCEXTRUDEDAREASOLID(#2160,#2162,#73,25.000000000005578);
#2164=IFCCARTESIANPOINT((0.,0.));
#2165=IFCAXIS2PLACEMENT2D(#2164,#1831);
#2166=IFCRECTANGLEPROFILEDEF(.AREA.,'550',#2165,51.000000000000007,549.99999999999989);
#2167=IFCCARTESIANPOINT((275.,74.500000000000526,0.));
#2168=IFCAXIS2PLACEMENT3D(#2167,#73,#513);
#2169=IFCEXTRUDEDAREASOLID(#2166,#2168,#73,2119.9999999999995);
#2170=IFCSTYLEDITEM(#2150,(#1839),$);
#2171=IFCSTYLEDITEM(#2163,(#1839),$);
#2172=IFCSTYLEDITEM(#2169,(#1844),$);
#2173=IFCSHAPEREPRESENTATION(#15,'Body','SweptSolid',(#2150,#2163,#2169));
#2174=IFCAXIS2PLACEMENT3D(#10,$,$);
#2175=IFCREPRESENTATIONMAP(#2174,#2173);
#2176=IFCDOORLININGPROPERTIES('1ZbzvERVP2EPsD9mw40DMx',#6,'M_Single-Flush:550:847109',$,$,$,$,$,$,$,$,$,$,$,$,$,$);
#2177=IFCDOORPANELPROPERTIES('1ZbzvERVP2EPsD9ms40DMx',#6,'M_Single-Flush:550:847109:1',$,$,.SWINGING.,$,.NOTDEFINED.,$);
#2178=IFCDOORTYPE('3BOdZdn6kzxuMk0PYmKeCS',#6,'M_Single-Flush:550',$,$,(#2176,#2177,#2214),(#2175),'442367',$,.DOOR.,.SINGLE_SWING_RIGHT.,.F.,$);
#2179=IFCMATERIALCONSTITUENT('Frame/Mullion',$,#1852,0.24000838385798115,'Miscellaneous');
#2180=IFCSHAPEREPRESENTATION(#15,'Body','SweptSolid',(#2150,#2163));
#2181=IFCSHAPEASPECT((#2180),'Frame/Mullion',$,.U.,#2175);
#2182=IFCMATERIALCONSTITUENT('Panel',$,#1856,0.75999161614201882,'Wood');
#2183=IFCSHAPEREPRESENTATION(#15,'Body','SweptSolid',(#2169));
#2184=IFCSHAPEASPECT((#2183),'Panel',$,.U.,#2175);
#2185=IFCMATERIALCONSTITUENTSET($,$,(#2179,#2182));
#2186=IFCMAPPEDITEM(#2175,#1867);
#2187=IFCSHAPEREPRESENTATION(#15,'Body','MappedRepresentation',(#2186));
#2188=IFCPRODUCTDEFINITIONSHAPE($,$,(#2187));
#2189=IFCCARTESIANPOINT((4798.0724887932438,3240.9713272849067,0.));
#2190=IFCAXIS2PLACEMENT3D(#2189,#73,#369);
#2192=IFCDOOR('1ZbzvERVP2EPsD9m_40DMx',#6,'M_Single-Flush:550:847109',$,$,#12029,#2188,'847109',2119.9999999999995,550.00000000000057,.DOOR.,$,$);
#2193=IFCMATERIALCONSTITUENT('Door - Frame',$,#1852,0.24000838385800108,'Miscellaneous');
#2194=IFCMATERIALCONSTITUENT('Door - Panel',$,#1856,0.75999161614199895,'Wood');
#2195=IFCMATERIALCONSTITUENTSET($,$,(#2193,#2194));
#2196=IFCPROPERTYSINGLEVALUE('Reference',$,IFCIDENTIFIER('550'),$);
#2197=IFCPROPERTYSET('0b2pzFSMOf3UMPFNI_LDDu',#6,'Pset_DoorCommon',$,(#47,#2196));
#2198=IFCPROPERTYSET('27eSzf4DBmFRY521hkDCmn',#6,'Pset_EnvironmentalImpactIndicators',$,(#2196));
#2199=IFCRELDEFINESBYPROPERTIES('1vk4mZ5lZRxt9fuTpcA2sj',#6,$,$,(#2192),#2197);
#2200=IFCRELDEFINESBYPROPERTIES('1b07Yu3Z8QdXkqHxyyiUWT',#6,$,$,(#2192),#2198);
#2201=IFCQUANTITYAREA('GrossSurfaceArea','',$,2.6043399999999988,$);
#2202=IFCQUANTITYAREA('NetSurfaceArea','',$,4.6085079999999561,$);
#2203=IFCQUANTITYVOLUME('GrossVolume','',$,0.059465999999999991,$);
#2204=IFCQUANTITYVOLUME('NetVolume','',$,0.078245599999999138,$);
#2205=IFCELEMENTQUANTITY('1WUDwkzCc_JluNYYSNAMCg',#6,'Qto_BodyGeometryValidation',$,'BaseQuantities',(#2201,#2202,#2203,#2204));
#2206=IFCRELDEFINESBYPROPERTIES('3Nq6evEvD0KgM2SDdyGg1S',#6,$,$,(#2192),#2205);
#2207=IFCQUANTITYLENGTH('Width','',$,550.,$);
#2208=IFCQUANTITYLENGTH('Height','',$,2120.,$);
#2209=IFCQUANTITYLENGTH('Perimeter','',$,1201.9999999999998,$);
#2210=IFCQUANTITYAREA('Area','',$,2.3042539999999785,$);
#2211=IFCELEMENTQUANTITY('3DuEa2aWvDROnxxSglqSd6',#6,'Qto_DoorBaseQuantities',$,'BaseQuantities',(#2207,#2208,#2209,#2210));
#2212=IFCRELDEFINESBYPROPERTIES('0pSUy1EYHIVAJvq2BW0VC$',#6,$,$,(#2192),#2211);
#2213=IFCPROPERTYSINGLEVALUE('ThermalTransmittance',$,IFCTHERMALTRANSMITTANCEMEASURE(3.7021000000000002),$);
#2214=IFCPROPERTYSET('11$lu2LIhPzWRnnZzl5yCC',#6,'Pset_DoorCommon',$,(#2213));
#2215=IFCCARTESIANPOINT((-476.,-1087.));
#2216=IFCCARTESIANPOINT((476.,-1087.));
#2217=IFCCARTESIANPOINT((476.,1049.));
#2218=IFCCARTESIANPOINT((400.,1049.));
#2219=IFCCARTESIANPOINT((400.,-1011.));
#2220=IFCCARTESIANPOINT((-400.,-1011.));
#2221=IFCCARTESIANPOINT((-400.,1049.));
#2222=IFCCARTESIANPOINT((-476.,1049.));
#2223=IFCPOLYLINE((#2215,#2216,#2217,#2218,#2219,#2220,#2221,#2222,#2215));
#2224=IFCARBITRARYCLOSEDPROFILEDEF(.AREA.,'800',#2223);
#2225=IFCCARTESIANPOINT((400.,265.,1049.));
#2226=IFCAXIS2PLACEMENT3D(#2225,#369,#1514);
#2227=IFCEXTRUDEDAREASOLID(#2224,#2226,#73,24.999999999994451);
#2228=IFCCARTESIANPOINT((-1087.,-476.));
#2229=IFCCARTESIANPOINT((1049.,-476.));
#2230=IFCCARTESIANPOINT((1049.,-400.));
#2231=IFCCARTESIANPOINT((-1011.,-400.));
#2232=IFCCARTESIANPOINT((-1011.,400.));
#2233=IFCCARTESIANPOINT((1049.,400.));
#2234=IFCCARTESIANPOINT((1049.,476.));
#2235=IFCCARTESIANPOINT((-1087.,476.));
#2236=IFCPOLYLINE((#2228,#2229,#2230,#2231,#2232,#2233,#2234,#2235,#2228));
#2237=IFCARBITRARYCLOSEDPROFILEDEF(.AREA.,'800',#2236);
#2238=IFCCARTESIANPOINT((400.,-0.,1049.));
#2239=IFCAXIS2PLACEMENT3D(#2238,#369,#158);
#2240=IFCEXTRUDEDAREASOLID(#2237,#2239,#73,25.000000000005567);
#2241=IFCCARTESIANPOINT((0.,5.3290705182007514E-015));
#2242=IFCAXIS2PLACEMENT2D(#2241,#1831);
#2243=IFCRECTANGLEPROFILEDEF(.AREA.,'800',#2242,799.99999999999989,51.);
#2244=IFCCARTESIANPOINT((400.,214.49999999999528,0.));
#2245=IFCAXIS2PLACEMENT3D(#2244,$,$);
#2246=IFCEXTRUDEDAREASOLID(#2243,#2245,#73,2059.9999999999991);
#2247=IFCSTYLEDITEM(#2227,(#1839),$);
#2248=IFCSTYLEDITEM(#2240,(#1839),$);
#2249=IFCSTYLEDITEM(#2246,(#1844),$);
#2250=IFCSHAPEREPRESENTATION(#15,'Body','SweptSolid',(#2227,#2240,#2246));
#2251=IFCAXIS2PLACEMENT3D(#10,$,$);
#2252=IFCREPRESENTATIONMAP(#2251,#2250);
#2253=IFCDOORLININGPROPERTIES('1ZbzvERVP2EPsD9mw40DMq',#6,'M_Single-Flush:800:847114',$,$,$,$,$,$,$,$,$,$,$,$,$,$);
#2254=IFCDOORPANELPROPERTIES('1ZbzvERVP2EPsD9ms40DMq',#6,'M_Single-Flush:800:847114:1',$,$,.SWINGING.,$,.NOTDEFINED.,$);
#2255=IFCDOORTYPE('3ZmFKrWQSOzjxA2PAtdLD1',#6,'M_Single-Flush:800',$,$,(#2253,#2254,#2291),(#2252),'451692',$,.DOOR.,.SINGLE_SWING_LEFT.,.F.,$);
#2256=IFCMATERIALCONSTITUENT('Frame/Mullion',$,#1852,0.18653989098114884,'Miscellaneous');
#2257=IFCSHAPEREPRESENTATION(#15,'Body','SweptSolid',(#2227,#2240));
#2258=IFCSHAPEASPECT((#2257),'Frame/Mullion',$,.U.,#2252);
#2259=IFCMATERIALCONSTITUENT('Panel',$,#1856,0.81346010901885113,'Wood');
#2260=IFCSHAPEREPRESENTATION(#15,'Body','SweptSolid',(#2246));
#2261=IFCSHAPEASPECT((#2260),'Panel',$,.U.,#2252);
#2262=IFCMATERIALCONSTITUENTSET($,$,(#2256,#2259));
#2263=IFCMAPPEDITEM(#2252,#1867);
#2264=IFCSHAPEREPRESENTATION(#15,'Body','MappedRepresentation',(#2263));
#2265=IFCPRODUCTDEFINITIONSHAPE($,$,(#2264));
#2266=IFCCARTESIANPOINT((6293.1923529810365,3691.3194590021726,0.));
#2267=IFCDIRECTION((-0.99985761423694519,-0.016874574139934803,0.));
#2268=IFCAXIS2PLACEMENT3D(#2266,#73,#2267);
#2270=IFCDOOR('1ZbzvERVP2EPsD9m_40DMq',#6,'M_Single-Flush:800:847114',$,$,#11963,#2265,'847114',2059.9999999999995,799.99999999999909,.DOOR.,$,$);
#2271=IFCMATERIALCONSTITUENT('Door - Frame',$,#1852,0.18653989098116536,'Miscellaneous');
#2272=IFCMATERIALCONSTITUENT('Door - Panel',$,#1856,0.81346010901883459,'Wood');
#2273=IFCMATERIALCONSTITUENTSET($,$,(#2271,#2272));
#2274=IFCPROPERTYSET('2IyMv0E3ILI4s31LSbP0DU',#6,'Pset_DoorCommon',$,(#47,#2041));
#2275=IFCPROPERTYSET('1b9CXqmWaNR4JEAVD$kyVt',#6,'Pset_EnvironmentalImpactIndicators',$,(#2041));
#2276=IFCRELDEFINESBYPROPERTIES('24RU9EVaAhQm5Q7bu0P2fj',#6,$,$,(#2270),#2274);
#2277=IFCRELDEFINESBYPROPERTIES('3$TOTAeCDJCONg8X99rj98',#6,$,$,(#2270),#2275);
#2278=IFCQUANTITYAREA('GrossSurfaceArea','',$,3.5877199999999987,$);
#2279=IFCQUANTITYAREA('NetSurfaceArea','',$,5.6444079999999559,$);
#2280=IFCQUANTITYVOLUME('GrossVolume','',$,0.084047999999999956,$);
#2281=IFCQUANTITYVOLUME('NetVolume','',$,0.10332159999999932,$);
#2282=IFCELEMENTQUANTITY('24Ibx6luSuxWZZGHYzzqiQ',#6,'Qto_BodyGeometryValidation',$,'BaseQuantities',(#2278,#2279,#2280,#2281));
#2283=IFCRELDEFINESBYPROPERTIES('0JFqlRbcHf2CUaOmJwIIgy',#6,$,$,(#2270),#2282);
#2284=IFCQUANTITYLENGTH('Width','',$,800.,$);
#2285=IFCQUANTITYLENGTH('Height','',$,2060.,$);
#2286=IFCQUANTITYLENGTH('Perimeter','',$,1702.,$);
#2287=IFCQUANTITYAREA('Area','',$,2.822203999999978,$);
#2288=IFCELEMENTQUANTITY('13brx7K_BGQABXdj6l_CZY',#6,'Qto_DoorBaseQuantities',$,'BaseQuantities',(#2284,#2285,#2286,#2287));
#2289=IFCRELDEFINESBYPROPERTIES('23ZJYDoN3VP5iyWWu8tynI',#6,$,$,(#2270),#2288);
#2290=IFCPROPERTYSINGLEVALUE('ThermalTransmittance',$,IFCTHERMALTRANSMITTANCEMEASURE(3.7021000000000002),$);
#2291=IFCPROPERTYSET('0kGu$MWi_X6wQz6YQRmkif',#6,'Pset_DoorCommon',$,(#2290));
#2292=IFCCARTESIANPOINT((-8.4376949871511897E-015,0.));
#2293=IFCAXIS2PLACEMENT2D(#2292,#1831);
#2294=IFCRECTANGLEPROFILEDEF(.AREA.,'1400x1600',#2293,11.999999999999996,1273.9999999999966);
#2295=IFCCARTESIANPOINT((700.,228.,63.));
#2296=IFCAXIS2PLACEMENT3D(#2295,#73,#369);
#2297=IFCEXTRUDEDAREASOLID(#2294,#2296,#73,1474.0000000000057);
#2298=IFCCARTESIANPOINT((-681.,-781.));
#2299=IFCCARTESIANPOINT((681.,-781.));
#2300=IFCCARTESIANPOINT((681.,781.));
#2301=IFCCARTESIANPOINT((-681.,781.));
#2302=IFCPOLYLINE((#2298,#2299,#2300,#2301,#2298));
#2303=IFCCARTESIANPOINT((-637.,-737.));
#2304=IFCCARTESIANPOINT((-637.,737.));
#2305=IFCCARTESIANPOINT((637.,737.));
#2306=IFCCARTESIANPOINT((637.,-737.));
#2307=IFCPOLYLINE((#2303,#2304,#2305,#2306,#2303));
#2308=IFCARBITRARYPROFILEDEFWITHVOIDS(.AREA.,'1400x1600',#2302,(#2307));
#2309=IFCCARTESIANPOINT((700.,206.,800.));
#2310=IFCAXIS2PLACEMENT3D(#2309,#513,#1915);
#2311=IFCEXTRUDEDAREASOLID(#2308,#2310,#73,44.000000000027441);
#2312=IFCCARTESIANPOINT((-700.,-800.));
#2313=IFCCARTESIANPOINT((700.,-800.));
#2314=IFCCARTESIANPOINT((700.,800.));
#2315=IFCCARTESIANPOINT((-700.,800.));
#2316=IFCPOLYLINE((#2312,#2313,#2314,#2315,#2312));
#2317=IFCCARTESIANPOINT((-681.,-781.));
#2318=IFCCARTESIANPOINT((-681.,781.));
#2319=IFCCARTESIANPOINT((681.,781.));
#2320=IFCCARTESIANPOINT((681.,-781.));
#2321=IFCPOLYLINE((#2317,#2318,#2319,#2320,#2317));
#2322=IFCARBITRARYPROFILEDEFWITHVOIDS(.AREA.,'1400x1600',#2316,(#2321));
#2323=IFCCARTESIANPOINT((700.,206.,800.));
#2324=IFCAXIS2PLACEMENT3D(#2323,#513,#1915);
#2325=IFCEXTRUDEDAREASOLID(#2322,#2324,#73,94.000000000027441);
#2326=IFCCARTESIANPOINT((-700.,-800.));
#2327=IFCCARTESIANPOINT((700.,-800.));
#2328=IFCCARTESIANPOINT((700.,800.));
#2329=IFCCARTESIANPOINT((-700.,800.));
#2330=IFCPOLYLINE((#2326,#2327,#2328,#2329,#2326));
#2331=IFCCARTESIANPOINT((-668.,-768.));
#2332=IFCCARTESIANPOINT((-668.,768.));
#2333=IFCCARTESIANPOINT((668.,768.));
#2334=IFCCARTESIANPOINT((668.,-768.));
#2335=IFCPOLYLINE((#2331,#2332,#2333,#2334,#2331));
#2336=IFCARBITRARYPROFILEDEFWITHVOIDS(.AREA.,'1400x1600',#2330,(#2335));
#2337=IFCCARTESIANPOINT((700.,-0.,800.));
#2338=IFCAXIS2PLACEMENT3D(#2337,#513,#1915);
#2339=IFCEXTRUDEDAREASOLID(#2336,#2338,#73,205.9999999999726);
#2340=IFCCOLOURRGB($,0.,0.50196078431372548,0.75294117647058822);
#2341=IFCSURFACESTYLERENDERING(#2340,0.90000000000000002,$,$,$,$,IFCNORMALISEDRATIOMEASURE(0.5),IFCSPECULAREXPONENT(12.),.NOTDEFINED.);
#2342=IFCSURFACESTYLE('Glass',.BOTH.,(#2341));
#2343=IFCSTYLEDITEM(#2297,(#2342),$);
#2344=IFCCOLOURRGB($,0.47058823529411764,0.47058823529411764,0.47058823529411764);
#2345=IFCSURFACESTYLERENDERING(#2344,0.,$,$,$,$,IFCNORMALISEDRATIOMEASURE(0.5),IFCSPECULAREXPONENT(64.),.NOTDEFINED.);
#2346=IFCSURFACESTYLE('Metal, Paint Finish, White, Matte',.BOTH.,(#2345));
#2347=IFCSTYLEDITEM(#2311,(#2346),$);
#2348=IFCSTYLEDITEM(#2325,(#2346),$);
#2349=IFCSTYLEDITEM(#2339,(#2346),$);
#2350=IFCSHAPEREPRESENTATION(#15,'Body','SweptSolid',(#2297,#2311,#2325,#2339));
#2351=IFCAXIS2PLACEMENT3D(#10,$,$);
#2352=IFCREPRESENTATIONMAP(#2351,#2350);
#2353=IFCWINDOWLININGPROPERTIES('1ZbzvERVP2EPsD9mw40DMg',#6,'R_Window:1400x1600:847124',$,$,$,$,$,$,$,$,$,$,$,$,$);
#2354=IFCWINDOWTYPE('1kOxiK6Gv_GLjKR_VJL2_5',#6,'R_Window:1400x1600',$,$,(#2353,#2399),(#2352),'543830',$,.WINDOW.,.NOTDEFINED.,.F.,$);
#2355=IFCMATERIAL('Glass',$,'Glass');
#2356=IFCSTYLEDITEM($,(#2342),$);
#2357=IFCSTYLEDREPRESENTATION(#13,'Style','Material',(#2356));
#2358=IFCMATERIALDEFINITIONREPRESENTATION($,$,(#2357),#2355);
#2359=IFCMATERIAL('Metal, Paint Finish, White, Matte',$,'Metal');
#2360=IFCSTYLEDITEM($,(#2346),$);
#2361=IFCSTYLEDREPRESENTATION(#13,'Style','Material',(#2360));
#2362=IFCMATERIALDEFINITIONREPRESENTATION($,$,(#2361),#2359);
#2363=IFCMATERIALCONSTITUENT('Glass',$,#2355,0.35202698826835865,'Glass');
#2364=IFCSHAPEREPRESENTATION(#15,'Body','SweptSolid',(#2297));
#2365=IFCSHAPEASPECT((#2364),'Glass',$,.U.,#2352);
#2366=IFCMATERIALCONSTITUENT('Frame/Mullion',$,#2359,0.64797301173164135,'Metal');
#2367=IFCSHAPEREPRESENTATION(#15,'Body','SweptSolid',(#2311,#2325,#2339));
#2368=IFCSHAPEASPECT((#2367),'Frame/Mullion',$,.U.,#2352);
#2369=IFCMATERIALCONSTITUENTSET($,$,(#2363,#2366));
#2370=IFCMAPPEDITEM(#2352,#1867);
#2371=IFCSHAPEREPRESENTATION(#15,'Body','MappedRepresentation',(#2370));
#2372=IFCPRODUCTDEFINITIONSHAPE($,$,(#2371));
#2373=IFCCARTESIANPOINT((-135.07595329857753,-227.02928284053965,1000.));
#2374=IFCDIRECTION((0.0040362277009250418,0.99999185439979776,0.));
#2375=IFCAXIS2PLACEMENT3D(#2373,#73,#2374);
#2377=IFCWINDOW('1ZbzvERVP2EPsD9m_40DMg',#6,'R_Window:1400x1600:847124',$,$,#11874,#2372,'847124',1599.9999999999943,1399.9999999999998,.WINDOW.,.NOTDEFINED.,$);
#2378=IFCMATERIALCONSTITUENT('Glass',$,#2355,0.27214282132677942,'Glass');
#2379=IFCMATERIALCONSTITUENT('Metal, Paint Finish, White, Matte',$,#2359,0.72785717867322053,'Metal');
#2380=IFCMATERIALCONSTITUENTSET($,$,(#2378,#2379));
#2381=IFCPROPERTYSINGLEVALUE('Reference',$,IFCIDENTIFIER('1400x1600'),$);
#2382=IFCPROPERTYSET('1dL9KtRGCZjDfIGwDWNCQV',#6,'Pset_EnvironmentalImpactIndicators',$,(#2381));
#2383=IFCPROPERTYSET('1cvY74VuSG3hvpZR0MX7W6',#6,'Pset_WindowCommon',$,(#501,#2381));
#2384=IFCRELDEFINESBYPROPERTIES('2bvEn3RGz_T48jfaNKD$Ts',#6,$,$,(#2377),#2382);
#2385=IFCRELDEFINESBYPROPERTIES('3ATI3ppcukT6M9SbbP9Dri',#6,$,$,(#2377),#2383);
#2386=IFCQUANTITYAREA('GrossSurfaceArea','',$,5.7159999999998021,$);
#2387=IFCQUANTITYAREA('NetSurfaceArea','',$,8.9538720000002492,$);
#2388=IFCQUANTITYVOLUME('GrossVolume','',$,0.46143999999993562,$);
#2389=IFCQUANTITYVOLUME('NetVolume','',$,0.082803991999999729,$);
#2390=IFCELEMENTQUANTITY('2Bp0i2TUosVLABgozEvBPg',#6,'Qto_BodyGeometryValidation',$,'BaseQuantities',(#2386,#2387,#2388,#2389));
#2391=IFCRELDEFINESBYPROPERTIES('1DW$WPzeTEslsx5RwZMWjx',#6,$,$,(#2377),#2390);
#2392=IFCQUANTITYLENGTH('Width','',$,1400.,$);
#2393=IFCQUANTITYLENGTH('Height','',$,1600.,$);
#2394=IFCQUANTITYLENGTH('Perimeter','',$,5999.99999999998,$);
#2395=IFCQUANTITYAREA('Area','',$,4.4769360000001255,$);
#2396=IFCELEMENTQUANTITY('0G6aBQOqUhHAJa9WAUCBIR',#6,'Qto_WindowBaseQuantities',$,'BaseQuantities',(#2392,#2393,#2394,#2395));
#2397=IFCRELDEFINESBYPROPERTIES('0dniO8QU1p1ZbEdStvHmpS',#6,$,$,(#2377),#2396);
#2398=IFCPROPERTYSINGLEVALUE('ThermalTransmittance',$,IFCTHERMALTRANSMITTANCEMEASURE(3.6886000000000001),$);
#2399=IFCPROPERTYSET('2ExLEVcz4paEBhrG0xogkD',#6,'Pset_WindowCommon',$,(#2398));
#2400=IFCMAPPEDITEM(#2352,#1867);
#2401=IFCSHAPEREPRESENTATION(#15,'Body','MappedRepresentation',(#2400));
#2402=IFCPRODUCTDEFINITIONSHAPE($,$,(#2401));
#2403=IFCCARTESIANPOINT((-122.09641200047308,2472.6372518369235,1000.));
#2404=IFCDIRECTION((0.0072990756306185412,0.99997336139266157,0.));
#2405=IFCAXIS2PLACEMENT3D(#2403,#73,#2404);
#2407=IFCWINDOW('1ZbzvERVP2EPsD9m_40DMf',#6,'R_Window:1400x1600:847127',$,$,#11852,#2402,'847127',1599.9999999999943,1400.,.WINDOW.,.NOTDEFINED.,$);
#2408=IFCMATERIALCONSTITUENT('Glass',$,#2355,0.27214282132677942,'Glass');
#2409=IFCMATERIALCONSTITUENT('Metal, Paint Finish, White, Matte',$,#2359,0.72785717867322053,'Metal');
#2410=IFCMATERIALCONSTITUENTSET($,$,(#2408,#2409));
#2411=IFCPROPERTYSET('3pwgfnWxLDY9yAA50uU_2j',#6,'Pset_EnvironmentalImpactIndicators',$,(#2381));
#2412=IFCPROPERTYSET('28Q31MkgBU8uHXdWn$aQO3',#6,'Pset_WindowCommon',$,(#501,#2381));
#2413=IFCRELDEFINESBYPROPERTIES('15jmZTGuWibLOvGAteeu7a',#6,$,$,(#2407),#2411);
#2414=IFCRELDEFINESBYPROPERTIES('25JjoaAlaamOuY3P5Mk4gf',#6,$,$,(#2407),#2412);
#2415=IFCQUANTITYAREA('GrossSurfaceArea','',$,5.7159999999998021,$);
#2416=IFCQUANTITYAREA('NetSurfaceArea','',$,8.9538720000002492,$);
#2417=IFCQUANTITYVOLUME('GrossVolume','',$,0.46143999999993562,$);
#2418=IFCQUANTITYVOLUME('NetVolume','',$,0.08280399199999991,$);
#2419=IFCELEMENTQUANTITY('0nHgWZ_0mMgkhrAFf$BE0C',#6,'Qto_BodyGeometryValidation',$,'BaseQuantities',(#2415,#2416,#2417,#2418));
#2420=IFCRELDEFINESBYPROPERTIES('1ovPvzoVXe1mpb77wsfZCU',#6,$,$,(#2407),#2419);
#2421=IFCQUANTITYLENGTH('Width','',$,1400.,$);
#2422=IFCQUANTITYLENGTH('Height','',$,1600.,$);
#2423=IFCQUANTITYLENGTH('Perimeter','',$,5999.99999999998,$);
#2424=IFCQUANTITYAREA('Area','',$,4.4769360000001255,$);
#2425=IFCELEMENTQUANTITY('18oJjOXqgF19GWakPoBNfD',#6,'Qto_WindowBaseQuantities',$,'BaseQuantities',(#2421,#2422,#2423,#2424));
#2426=IFCRELDEFINESBYPROPERTIES('3JFxQTRcnhzwL0BCzAR4is',#6,$,$,(#2407),#2425);
#2427=IFCMAPPEDITEM(#2352,#1867);
#2428=IFCSHAPEREPRESENTATION(#15,'Body','MappedRepresentation',(#2427));
#2429=IFCPRODUCTDEFINITIONSHAPE($,$,(#2428));
#2430=IFCCARTESIANPOINT((-108.23784543308113,5153.6707891598617,1000.));
#2431=IFCDIRECTION((0.0098980209236961859,0.99995101339105308,0.));
#2432=IFCAXIS2PLACEMENT3D(#2430,#73,#2431);
#2434=IFCWINDOW('1ZbzvERVP2EPsD9m_40DMd',#6,'R_Window:1400x1600:847129',$,$,#11830,#2429,'847129',1599.9999999999943,1399.9999999999993,.WINDOW.,.NOTDEFINED.,$);
#2435=IFCMATERIALCONSTITUENT('Glass',$,#2355,0.27214282132677942,'Glass');
#2436=IFCMATERIALCONSTITUENT('Metal, Paint Finish, White, Matte',$,#2359,0.72785717867322053,'Metal');
#2437=IFCMATERIALCONSTITUENTSET($,$,(#2435,#2436));
#2438=IFCPROPERTYSET('1qgnwLPi2WniqOuShPIsXy',#6,'Pset_EnvironmentalImpactIndicators',$,(#2381));
#2439=IFCPROPERTYSET('0EGcqgj5f42fLYWaHRSIYQ',#6,'Pset_WindowCommon',$,(#501,#2381));
#2440=IFCRELDEFINESBYPROPERTIES('0$nbPDpdXtIdpGk$Omo4DV',#6,$,$,(#2434),#2438);
#2441=IFCRELDEFINESBYPROPERTIES('0Sx1gfs5qEHV16B$GdRVV1',#6,$,$,(#2434),#2439);
#2442=IFCQUANTITYAREA('GrossSurfaceArea','',$,5.7159999999998021,$);
#2443=IFCQUANTITYAREA('NetSurfaceArea','',$,8.9538720000002492,$);
#2444=IFCQUANTITYVOLUME('GrossVolume','',$,0.46143999999993562,$);
#2445=IFCQUANTITYVOLUME('NetVolume','',$,0.082803991999999771,$);
#2446=IFCELEMENTQUANTITY('1$KDM35KqOg68IXdfneBgC',#6,'Qto_BodyGeometryValidation',$,'BaseQuantities',(#2442,#2443,#2444,#2445));
#2447=IFCRELDEFINESBYPROPERTIES('3FoqWQY1oFcZC$66i42a0O',#6,$,$,(#2434),#2446);
#2448=IFCQUANTITYLENGTH('Width','',$,1400.,$);
#2449=IFCQUANTITYLENGTH('Height','',$,1600.,$);
#2450=IFCQUANTITYLENGTH('Perimeter','',$,5999.99999999998,$);
#2451=IFCQUANTITYAREA('Area','',$,4.4769360000001255,$);
#2452=IFCELEMENTQUANTITY('2K$Iu4XZEZhlXb2INx17TE',#6,'Qto_WindowBaseQuantities',$,'BaseQuantities',(#2448,#2449,#2450,#2451));
#2453=IFCRELDEFINESBYPROPERTIES('0BvtMy$PrPhJnKu3k$ABYF',#6,$,$,(#2434),#2452);
#2454=IFCCARTESIANPOINT((-8.4376949871511897E-015,0.));
#2455=IFCAXIS2PLACEMENT2D(#2454,#1831);
#2456=IFCRECTANGLEPROFILEDEF(.AREA.,'900 x 1000',#2455,11.999999999999996,773.99999999999716);
#2457=IFCCARTESIANPOINT((450.,228.,63.));
#2458=IFCAXIS2PLACEMENT3D(#2457,#73,#369);
#2459=IFCEXTRUDEDAREASOLID(#2456,#2458,#73,1174.0000000000084);
#2460=IFCCARTESIANPOINT((-431.,-631.));
#2461=IFCCARTESIANPOINT((431.,-631.));
#2462=IFCCARTESIANPOINT((431.,631.));
#2463=IFCCARTESIANPOINT((-431.,631.));
#2464=IFCPOLYLINE((#2460,#2461,#2462,#2463,#2460));
#2465=IFCCARTESIANPOINT((-387.,-587.));
#2466=IFCCARTESIANPOINT((-387.,587.));
#2467=IFCCARTESIANPOINT((387.,587.));
#2468=IFCCARTESIANPOINT((387.,-587.));
#2469=IFCPOLYLINE((#2465,#2466,#2467,#2468,#2465));
#2470=IFCARBITRARYPROFILEDEFWITHVOIDS(.AREA.,'900 x 1000',#2464,(#2469));
#2471=IFCCARTESIANPOINT((450.,206.,650.));
#2472=IFCAXIS2PLACEMENT3D(#2471,#513,#1915);
#2473=IFCEXTRUDEDAREASOLID(#2470,#2472,#73,44.000000000027441);
#2474=IFCCARTESIANPOINT((-450.,-650.));
#2475=IFCCARTESIANPOINT((450.,-650.));
#2476=IFCCARTESIANPOINT((450.,650.));
#2477=IFCCARTESIANPOINT((-450.,650.));
#2478=IFCPOLYLINE((#2474,#2475,#2476,#2477,#2474));
#2479=IFCCARTESIANPOINT((-431.,-631.));
#2480=IFCCARTESIANPOINT((-431.,631.));
#2481=IFCCARTESIANPOINT((431.,631.));
#2482=IFCCARTESIANPOINT((431.,-631.));
#2483=IFCPOLYLINE((#2479,#2480,#2481,#2482,#2479));
#2484=IFCARBITRARYPROFILEDEFWITHVOIDS(.AREA.,'900 x 1000',#2478,(#2483));
#2485=IFCCARTESIANPOINT((450.,206.,650.));
#2486=IFCAXIS2PLACEMENT3D(#2485,#513,#1915);
#2487=IFCEXTRUDEDAREASOLID(#2484,#2486,#73,94.000000000027441);
#2488=IFCCARTESIANPOINT((-450.,-650.));
#2489=IFCCARTESIANPOINT((450.,-650.));
#2490=IFCCARTESIANPOINT((450.,650.));
#2491=IFCCARTESIANPOINT((-450.,650.));
#2492=IFCPOLYLINE((#2488,#2489,#2490,#2491,#2488));
#2493=IFCCARTESIANPOINT((-418.,-618.));
#2494=IFCCARTESIANPOINT((-418.,618.));
#2495=IFCCARTESIANPOINT((418.,618.));
#2496=IFCCARTESIANPOINT((418.,-618.));
#2497=IFCPOLYLINE((#2493,#2494,#2495,#2496,#2493));
#2498=IFCARBITRARYPROFILEDEFWITHVOIDS(.AREA.,'900 x 1000',#2492,(#2497));
#2499=IFCCARTESIANPOINT((450.,-0.,650.));
#2500=IFCAXIS2PLACEMENT3D(#2499,#513,#1915);
#2501=IFCEXTRUDEDAREASOLID(#2498,#2500,#73,205.9999999999726);
#2502=IFCSTYLEDITEM(#2459,(#2342),$);
#2503=IFCSTYLEDITEM(#2473,(#2346),$);
#2504=IFCSTYLEDITEM(#2487,(#2346),$);
#2505=IFCSTYLEDITEM(#2501,(#2346),$);
#2506=IFCSHAPEREPRESENTATION(#15,'Body','SweptSolid',(#2459,#2473,#2487,#2501));
#2507=IFCAXIS2PLACEMENT3D(#10,$,$);
#2508=IFCREPRESENTATIONMAP(#2507,#2506);
#2509=IFCWINDOWLININGPROPERTIES('1ZbzvERVP2EPsD9mw40DMT',#6,'R_Window:900 x 1000:847139',$,$,$,$,$,$,$,$,$,$,$,$,$);
#2510=IFCWINDOWTYPE('36iimcO5disvAEXDqLG7Rs',#6,'R_Window:900 x 1000',$,$,(#2509,#2547),(#2508),'543444',$,.WINDOW.,.NOTDEFINED.,.F.,$);
#2511=IFCMATERIALCONSTITUENT('Glass',$,#2355,0.26594881386680713,'Glass');
#2512=IFCSHAPEREPRESENTATION(#15,'Body','SweptSolid',(#2459));
#2513=IFCSHAPEASPECT((#2512),'Glass',$,.U.,#2508);
#2514=IFCMATERIALCONSTITUENT('Frame/Mullion',$,#2359,0.73405118613319287,'Metal');
#2515=IFCSHAPEREPRESENTATION(#15,'Body','SweptSolid',(#2473,#2487,#2501));
#2516=IFCSHAPEASPECT((#2515),'Frame/Mullion',$,.U.,#2508);
#2517=IFCMATERIALCONSTITUENTSET($,$,(#2511,#2514));
#2518=IFCMAPPEDITEM(#2508,#1867);
#2519=IFCSHAPEREPRESENTATION(#15,'Body','MappedRepresentation',(#2518));
#2520=IFCPRODUCTDEFINITIONSHAPE($,$,(#2519));
#2521=IFCCARTESIANPOINT((12031.683479634994,2831.1103749153904,1000.));
#2522=IFCDIRECTION((-0.0030120345295591177,-0.99999546381370785,0.));
#2523=IFCAXIS2PLACEMENT3D(#2521,#73,#2522);
#2525=IFCWINDOW('1ZbzvERVP2EPsD9m_40DMT',#6,'R_Window:900 x 1000:847139',$,$,#11896,#2520,'847139',1299.9999999999973,900.00000000000068,.WINDOW.,.NOTDEFINED.,$);
#2526=IFCMATERIALCONSTITUENT('Glass',$,#2355,0.19944895293301756,'Glass');
#2527=IFCMATERIALCONSTITUENT('Metal, Paint Finish, White, Matte',$,#2359,0.80055104706698255,'Metal');
#2528=IFCMATERIALCONSTITUENTSET($,$,(#2526,#2527));
#2529=IFCPROPERTYSINGLEVALUE('Reference',$,IFCIDENTIFIER('900 x 1000'),$);
#2530=IFCPROPERTYSET('0jjoNp7C$r984bft20Iw8j',#6,'Pset_EnvironmentalImpactIndicators',$,(#2529));
#2531=IFCPROPERTYSET('1qBOXAh$fDbWC9pBdG5ubx',#6,'Pset_WindowCommon',$,(#501,#2529));
#2532=IFCRELDEFINESBYPROPERTIES('287AWAl2pPDqBiQcg3Rtp9',#6,$,$,(#2525),#2530);
#2533=IFCRELDEFINESBYPROPERTIES('2nq8Y_JqEWc7x7iAfXo10i',#6,$,$,(#2525),#2531);
#2534=IFCQUANTITYAREA('GrossSurfaceArea','',$,3.2463999999998654,$);
#2535=IFCQUANTITYAREA('NetSurfaceArea','',$,5.5914720000001941,$);
#2536=IFCQUANTITYVOLUME('GrossVolume','',$,0.24101999999996676,$);
#2537=IFCQUANTITYVOLUME('NetVolume','',$,0.054671192,$);
#2538=IFCELEMENTQUANTITY('1s$$zGd0vYcsXKR0PtIJMM',#6,'Qto_BodyGeometryValidation',$,'BaseQuantities',(#2534,#2535,#2536,#2537));
#2539=IFCRELDEFINESBYPROPERTIES('3uGGHfn3PxCthjAdNS86wQ',#6,$,$,(#2525),#2538);
#2540=IFCQUANTITYLENGTH('Width','',$,900.00000000000011,$);
#2541=IFCQUANTITYLENGTH('Height','',$,1300.,$);
#2542=IFCQUANTITYLENGTH('Perimeter','',$,4399.9999999999873,$);
#2543=IFCQUANTITYAREA('Area','',$,2.795736000000097,$);
#2544=IFCELEMENTQUANTITY('18nUMctuNX0bi3WmYqYC0Y',#6,'Qto_WindowBaseQuantities',$,'BaseQuantities',(#2540,#2541,#2542,#2543));
#2545=IFCRELDEFINESBYPROPERTIES('3xICcMwbRrVVNmm$REKoxm',#6,$,$,(#2525),#2544);
#2546=IFCPROPERTYSINGLEVALUE('ThermalTransmittance',$,IFCTHERMALTRANSMITTANCEMEASURE(3.6886000000000001),$);
#2547=IFCPROPERTYSET('184HqDBAZ$EQ4BSL1zFEPN',#6,'Pset_WindowCommon',$,(#2546));
#2548=IFCMAPPEDITEM(#2508,#1867);
#2549=IFCSHAPEREPRESENTATION(#15,'Body','MappedRepresentation',(#2548));
#2550=IFCPRODUCTDEFINITIONSHAPE($,$,(#2549));
#2551=IFCCARTESIANPOINT((12029.093708660828,1971.3064114923786,1000.));
#2552=IFCDIRECTION((-0.0030120345295591177,-0.99999546381370785,0.));
#2553=IFCAXIS2PLACEMENT3D(#2551,#73,#2552);
#2555=IFCWINDOW('1ZbzvERVP2EPsD9m_40DM9',#6,'R_Window:900 x 1000:847159',$,$,#11918,#2550,'847159',1299.9999999999973,900.00000000000102,.WINDOW.,.NOTDEFINED.,$);
#2556=IFCMATERIALCONSTITUENT('Glass',$,#2355,0.19944895293301756,'Glass');
#2557=IFCMATERIALCONSTITUENT('Metal, Paint Finish, White, Matte',$,#2359,0.80055104706698255,'Metal');
#2558=IFCMATERIALCONSTITUENTSET($,$,(#2556,#2557));
#2559=IFCPROPERTYSET('1Mrtp9jMSlhqFWQXa6xaU9',#6,'Pset_EnvironmentalImpactIndicators',$,(#2529));
#2560=IFCPROPERTYSET('1iywjp65oRFiZ4$xp3ky5Q',#6,'Pset_WindowCommon',$,(#501,#2529));
#2561=IFCRELDEFINESBYPROPERTIES('2eHQ9_yMismM12lZEvWhl2',#6,$,$,(#2555),#2559);
#2562=IFCRELDEFINESBYPROPERTIES('2DU2rLVSLZi9hy6ibCUhwz',#6,$,$,(#2555),#2560);
#2563=IFCQUANTITYAREA('GrossSurfaceArea','',$,3.2463999999998654,$);
#2564=IFCQUANTITYAREA('NetSurfaceArea','',$,5.5914720000001941,$);
#2565=IFCQUANTITYVOLUME('GrossVolume','',$,0.24101999999996676,$);
#2566=IFCQUANTITYVOLUME('NetVolume','',$,0.054671192,$);
#2567=IFCELEMENTQUANTITY('1xf6Dusdja9FvnYk0cXIzo',#6,'Qto_BodyGeometryValidation',$,'BaseQuantities',(#2563,#2564,#2565,#2566));
#2568=IFCRELDEFINESBYPROPERTIES('0wPRB7oOc6lvMLTL1MhYEv',#6,$,$,(#2555),#2567);
#2569=IFCQUANTITYLENGTH('Width','',$,900.00000000000011,$);
#2570=IFCQUANTITYLENGTH('Height','',$,1300.,$);
#2571=IFCQUANTITYLENGTH('Perimeter','',$,4399.9999999999873,$);
#2572=IFCQUANTITYAREA('Area','',$,2.795736000000097,$);
#2573=IFCELEMENTQUANTITY('2AnN9euy7scGmpAN0i5ylG',#6,'Qto_WindowBaseQuantities',$,'BaseQuantities',(#2569,#2570,#2571,#2572));
#2574=IFCRELDEFINESBYPROPERTIES('2ecX4ES0pgcHTNZP5AUrRo',#6,$,$,(#2555),#2573);
#2575=IFCMAPPEDITEM(#2508,#1867);
#2576=IFCSHAPEREPRESENTATION(#15,'Body','MappedRepresentation',(#2575));
#2577=IFCPRODUCTDEFINITIONSHAPE($,$,(#2576));
#2578=IFCCARTESIANPOINT((12026.578033148893,1136.1021415297598,1000.));
#2579=IFCDIRECTION((-0.0030120345295591177,-0.99999546381370785,0.));
#2580=IFCAXIS2PLACEMENT3D(#2578,#73,#2579);
#2582=IFCWINDOW('1ZbzvERVP2EPsD9m_40DM7',#6,'R_Window:900 x 1000:847161',$,$,#11940,#2577,'847161',1299.9999999999973,900.00000000000068,.WINDOW.,.NOTDEFINED.,$);
#2583=IFCMATERIALCONSTITUENT('Glass',$,#2355,0.19944895293301756,'Glass');
#2584=IFCMATERIALCONSTITUENT('Metal, Paint Finish, White, Matte',$,#2359,0.80055104706698255,'Metal');
#2585=IFCMATERIALCONSTITUENTSET($,$,(#2583,#2584));
#2586=IFCPROPERTYSET('2zfwF5dZAOjouM22oVFCwp',#6,'Pset_EnvironmentalImpactIndicators',$,(#2529));
#2587=IFCPROPERTYSET('26bSwICfmBnRKdjt1ZN8rh',#6,'Pset_WindowCommon',$,(#501,#2529));
#2588=IFCRELDEFINESBYPROPERTIES('2r09_Mq4zrxUa5VR28x9Ls',#6,$,$,(#2582),#2586);
#2589=IFCRELDEFINESBYPROPERTIES('31IVkpIzMj4iRovjkohmUH',#6,$,$,(#2582),#2587);
#2590=IFCQUANTITYAREA('GrossSurfaceArea','',$,3.2463999999998654,$);
#2591=IFCQUANTITYAREA('NetSurfaceArea','',$,5.5914720000001941,$);
#2592=IFCQUANTITYVOLUME('GrossVolume','',$,0.24101999999996676,$);
#2593=IFCQUANTITYVOLUME('NetVolume','',$,0.054671191999999993,$);
#2594=IFCELEMENTQUANTITY('3TAkhT3Z9umlwhsZFRhBSm',#6,'Qto_BodyGeometryValidation',$,'BaseQuantities',(#2590,#2591,#2592,#2593));
#2595=IFCRELDEFINESBYPROPERTIES('0goi0wZym5ZVpZduUgQzRW',#6,$,$,(#2582),#2594);
#2596=IFCQUANTITYLENGTH('Width','',$,900.00000000000011,$);
#2597=IFCQUANTITYLENGTH('Height','',$,1300.,$);
#2598=IFCQUANTITYLENGTH('Perimeter','',$,4399.9999999999873,$);
#2599=IFCQUANTITYAREA('Area','',$,2.795736000000097,$);
#2600=IFCELEMENTQUANTITY('2BdZty_lRJmVx9EMgtTco1',#6,'Qto_WindowBaseQuantities',$,'BaseQuantities',(#2596,#2597,#2598,#2599));
#2601=IFCRELDEFINESBYPROPERTIES('3zDTDGoDzRvyyFMzMvqyoP',#6,$,$,(#2582),#2600);
#2602=IFCCARTESIANPOINT((3956.7813739735229,3404.6286591041639,0.));
#2603=IFCAXIS2PLACEMENT3D(#2602,#73,#369);
#2604=IFCLOCALPLACEMENT(#27,#2603);
#2605=IFCCARTESIANPOINT((917.4344792175325,0.));
#2606=IFCPOLYLINE((#461,#2605));
#2607=IFCSHAPEREPRESENTATION(#14,'Axis','Curve2D',(#2606));
#2608=IFCPRODUCTDEFINITIONSHAPE($,$,(#2607,#2618));
#2609=IFCCARTESIANPOINT((917.4344792175325,-50.));
#2610=IFCCARTESIANPOINT((915.09529793098261,50.));
#2611=IFCCARTESIANPOINT((-0.,50.));
#2612=IFCCARTESIANPOINT((3.0816640986135209,-50.));
#2613=IFCPOLYLINE((#2609,#2610,#2611,#2612,#2609));
#2614=IFCARBITRARYCLOSEDPROFILEDEF(.AREA.,$,#2613);
#2615=IFCAXIS2PLACEMENT3D(#10,$,$);
#2616=IFCEXTRUDEDAREASOLID(#2614,#2615,#73,3000.);
#2617=IFCSTYLEDITEM(#2616,(#476),$);
#2618=IFCSHAPEREPRESENTATION(#15,'Body','SweptSolid',(#2616));
#2619=IFCWALL('1ZbzvERVP2EPsD9m_40DNj',#6,'Basic Wall:100:847187',$,$,#2604,#2608,'847187',.NOTDEFINED.);
#2620=IFCQUANTITYLENGTH('Height',$,$,3000.,$);
#2621=IFCQUANTITYLENGTH('Length',$,$,917.43447921753261,$);
#2622=IFCQUANTITYLENGTH('Width',$,$,100.,$);
#2623=IFCQUANTITYAREA('GrossFootprintArea',$,$,0.091472405652495092,$);
#2624=IFCQUANTITYVOLUME('GrossVolume',$,$,0.27452858937929492,$);
#2625=IFCQUANTITYAREA('GrossSideArea',$,$,0.27452858937929492,$);
#2626=IFCQUANTITYAREA('NetSideArea',$,$,2.7452858937929485,$);
#2627=IFCQUANTITYVOLUME('NetVolume',$,$,0.27441721695748528,$);
#2628=IFCELEMENTQUANTITY('1_CEw366zJIqFl0eHUZ4uL',#6,'Qto_WallBaseQuantities',$,'BaseQuantities',(#2620,#2621,#2622,#2623,#2624,#2625,#2626,#2627));
#2629=IFCRELDEFINESBYPROPERTIES('2XEFPqvustYpZDBSyCZ4qE',#6,$,$,(#2619),#2628);
#2630=IFCPROPERTYSET('1puGe3eDEiKQ5_n8bBjfZS',#6,'Pset_EnvironmentalImpactIndicators',$,(#1501));
#2631=IFCPROPERTYSINGLEVALUE('Reference',$,IFCLABEL('100'),$);
#2632=IFCPROPERTYSET('0r9gXXmuc4HFuvmwQEuXZs',#6,'Pset_ReinforcementBarPitchOfWall',$,(#2631));
#2633=IFCPROPERTYSET('26FD_nqDPG6sUbDd4tt4Io',#6,'Pset_WallCommon',$,(#501,#502,#503,#1501));
#2634=IFCRELDEFINESBYPROPERTIES('3U$wZz11TCBmw2Ux_RZNDW',#6,$,$,(#2619),#2630);
#2635=IFCRELDEFINESBYPROPERTIES('2Ll03DIk5mW1SD5Ftr$C0F',#6,$,$,(#2619),#2632);
#2636=IFCRELDEFINESBYPROPERTIES('0urJTZyo8W7NX_Q$Msu2Oh',#6,$,$,(#2619),#2633);
#2637=IFCQUANTITYAREA('NetSurfaceArea','',$,6.2715136317669282,$);
#2638=IFCQUANTITYVOLUME('NetVolume','',$,0.27441721695748528,$);
#2639=IFCELEMENTQUANTITY('3tlv6roY1dly_62ZHUDzQm',#6,'Qto_BodyGeometryValidation',$,'BaseQuantities',(#2637,#2638));
#2640=IFCRELDEFINESBYPROPERTIES('2IzWZiXszt9DfnorEv3Xps',#6,$,$,(#2619),#2639);
#2641=IFCCARTESIANPOINT((3053.1760415698891,3380.6894576662935,0.));
#2642=IFCAXIS2PLACEMENT3D(#2641,#73,#369);
#2643=IFCLOCALPLACEMENT(#27,#2642);
#2644=IFCCARTESIANPOINT((916.56507851612218,0.));
#2645=IFCPOLYLINE((#461,#2644));
#2646=IFCSHAPEREPRESENTATION(#14,'Axis','Curve2D',(#2645));
#2647=IFCPRODUCTDEFINITIONSHAPE($,$,(#2646,#2657));
#2648=IFCCARTESIANPOINT((0.,-50.));
#2649=IFCCARTESIANPOINT((916.56507851612173,-50.));
#2650=IFCCARTESIANPOINT((913.86186776291652,50.));
#2651=IFCCARTESIANPOINT((0.,50.));
#2652=IFCPOLYLINE((#2648,#2649,#2650,#2651,#2648));
#2653=IFCARBITRARYCLOSEDPROFILEDEF(.AREA.,$,#2652);
#2654=IFCAXIS2PLACEMENT3D(#10,$,$);
#2655=IFCEXTRUDEDAREASOLID(#2653,#2654,#73,3000.);
#2656=IFCSTYLEDITEM(#2655,(#476),$);
#2657=IFCSHAPEREPRESENTATION(#15,'Body','SweptSolid',(#2655));
#2658=IFCWALL('1ZbzvERVP2EPsD9m_40DKM',#6,'Basic Wall:100:847272',$,$,#2643,#2647,'847272',.NOTDEFINED.);
#2659=IFCQUANTITYLENGTH('Height',$,$,3000.,$);
#2660=IFCQUANTITYLENGTH('Length',$,$,916.56507851612241,$);
#2661=IFCQUANTITYLENGTH('Width',$,$,100.,$);
#2662=IFCQUANTITYAREA('GrossFootprintArea',$,$,0.091521347313951895,$);
#2663=IFCQUANTITYVOLUME('GrossVolume',$,$,0.16896952355483655,$);
#2664=IFCQUANTITYAREA('GrossSideArea',$,$,0.16896952355483655,$);
#2665=IFCQUANTITYAREA('NetSideArea',$,$,1.6896952355483648,$);
#2666=IFCQUANTITYVOLUME('NetVolume',$,$,0.1685640419418557,$);
#2667=IFCELEMENTQUANTITY('2fqqqn_paTzg0wiMFLGjkm',#6,'Qto_WallBaseQuantities',$,'BaseQuantities',(#2659,#2660,#2661,#2662,#2663,#2664,#2665,#2666));
#2668=IFCRELDEFINESBYPROPERTIES('1wvVMbGUDGBxv$UlapbeXk',#6,$,$,(#2658),#2667);
#2669=IFCPROPERTYSET('2EVt4Fntxpx2FmFmCbllV9',#6,'Pset_EnvironmentalImpactIndicators',$,(#1501));
#2670=IFCPROPERTYSINGLEVALUE('Reference',$,IFCLABEL('100'),$);
#2671=IFCPROPERTYSET('2qeo5FKBWicutEJZHTt7ZC',#6,'Pset_ReinforcementBarPitchOfWall',$,(#2670));
#2672=IFCPROPERTYSET('0Z8uDc9pYrgaWPFTBfmBJN',#6,'Pset_WallCommon',$,(#501,#502,#503,#1501));
#2673=IFCRELDEFINESBYPROPERTIES('2gHlMTJaEHc4lqzEAbotTP',#6,$,$,(#2658),#2669);
#2674=IFCRELDEFINESBYPROPERTIES('2CK6JuKVPO9TqgXJ7AUafd',#6,$,$,(#2658),#2671);
#2675=IFCRELDEFINESBYPROPERTIES('0It8y9Qw71AYNRzfTS$Z4D',#6,$,$,(#2658),#2672);
#2676=IFCQUANTITYAREA('NetSurfaceArea','',$,4.578433123673971,$);
#2677=IFCQUANTITYVOLUME('NetVolume','',$,0.1685640419418557,$);
#2678=IFCELEMENTQUANTITY('0_7WP2ixSdugpS2lCRAohB',#6,'Qto_BodyGeometryValidation',$,'BaseQuantities',(#2676,#2677));
#2679=IFCRELDEFINESBYPROPERTIES('1IfvtbJUwPCcLjPeQShgVu',#6,$,$,(#2658),#2678);
#2680=IFCCARTESIANPOINT((-326.,-1117.));
#2681=IFCCARTESIANPOINT((326.,-1117.));
#2682=IFCCARTESIANPOINT((326.,1079.));
#2683=IFCCARTESIANPOINT((250.,1079.));
#2684=IFCCARTESIANPOINT((250.,-1041.));
#2685=IFCCARTESIANPOINT((-250.,-1041.));
#2686=IFCCARTESIANPOINT((-250.,1079.));
#2687=IFCCARTESIANPOINT((-326.,1079.));
#2688=IFCPOLYLINE((#2680,#2681,#2682,#2683,#2684,#2685,#2686,#2687,#2680));
#2689=IFCARBITRARYCLOSEDPROFILEDEF(.AREA.,'500',#2688);
#2690=IFCCARTESIANPOINT((250.,125.,1079.));
#2691=IFCAXIS2PLACEMENT3D(#2690,#369,#1514);
#2692=IFCEXTRUDEDAREASOLID(#2689,#2691,#73,24.999999999994444);
#2693=IFCCARTESIANPOINT((-1117.,-326.));
#2694=IFCCARTESIANPOINT((1079.,-326.));
#2695=IFCCARTESIANPOINT((1079.,-250.));
#2696=IFCCARTESIANPOINT((-1041.,-250.));
#2697=IFCCARTESIANPOINT((-1041.,250.));
#2698=IFCCARTESIANPOINT((1079.,250.));
#2699=IFCCARTESIANPOINT((1079.,326.));
#2700=IFCCARTESIANPOINT((-1117.,326.));
#2701=IFCPOLYLINE((#2693,#2694,#2695,#2696,#2697,#2698,#2699,#2700,#2693));
#2702=IFCARBITRARYCLOSEDPROFILEDEF(.AREA.,'500',#2701);
#2703=IFCCARTESIANPOINT((250.,-0.,1079.));
#2704=IFCAXIS2PLACEMENT3D(#2703,#369,#158);
#2705=IFCEXTRUDEDAREASOLID(#2702,#2704,#73,25.000000000005578);
#2706=IFCCARTESIANPOINT((0.,0.));
#2707=IFCAXIS2PLACEMENT2D(#2706,#1831);
#2708=IFCRECTANGLEPROFILEDEF(.AREA.,'500',#2707,499.99999999999994,51.000000000000007);
#2709=IFCCARTESIANPOINT((250.,74.49999999999504,0.));
#2710=IFCAXIS2PLACEMENT3D(#2709,$,$);
#2711=IFCEXTRUDEDAREASOLID(#2708,#2710,#73,2119.9999999999995);
#2712=IFCSTYLEDITEM(#2692,(#1839),$);
#2713=IFCSTYLEDITEM(#2705,(#1839),$);
#2714=IFCSTYLEDITEM(#2711,(#1844),$);
#2715=IFCSHAPEREPRESENTATION(#15,'Body','SweptSolid',(#2692,#2705,#2711));
#2716=IFCAXIS2PLACEMENT3D(#10,$,$);
#2717=IFCREPRESENTATIONMAP(#2716,#2715);
#2718=IFCDOORLININGPROPERTIES('1ZbzvERVP2EPsD9mw40DQg',#6,'M_Single-Flush:500:847380',$,$,$,$,$,$,$,$,$,$,$,$,$,$);
#2719=IFCDOORPANELPROPERTIES('1ZbzvERVP2EPsD9ms40DQg',#6,'M_Single-Flush:500:847380:1',$,$,.SWINGING.,$,.NOTDEFINED.,$);
#2720=IFCDOORTYPE('1b6v$k$$V2HENUN8izD1H6',#6,'M_Single-Flush:500',$,$,(#2718,#2719,#2756),(#2717),'600262',$,.DOOR.,.SINGLE_SWING_LEFT.,.F.,$);
#2721=IFCMATERIALCONSTITUENT('Frame/Mullion',$,#1852,0.25588028013916259,'Miscellaneous');
#2722=IFCSHAPEREPRESENTATION(#15,'Body','SweptSolid',(#2692,#2705));
#2723=IFCSHAPEASPECT((#2722),'Frame/Mullion',$,.U.,#2717);
#2724=IFCMATERIALCONSTITUENT('Panel',$,#1856,0.74411971986083736,'Wood');
#2725=IFCSHAPEREPRESENTATION(#15,'Body','SweptSolid',(#2711));
#2726=IFCSHAPEASPECT((#2725),'Panel',$,.U.,#2717);
#2727=IFCMATERIALCONSTITUENTSET($,$,(#2721,#2724));
#2728=IFCMAPPEDITEM(#2717,#1867);
#2729=IFCSHAPEREPRESENTATION(#15,'Body','MappedRepresentation',(#2728));
#2730=IFCPRODUCTDEFINITIONSHAPE($,$,(#2729));
#2731=IFCCARTESIANPOINT((3103.1760415698823,2550.7398859772284,0.));
#2732=IFCAXIS2PLACEMENT3D(#2731,#73,#513);
#2734=IFCDOOR('1ZbzvERVP2EPsD9m_40DQg',#6,'M_Single-Flush:500:847380',$,$,#12095,#2730,'847380',2119.9999999999995,500.00000000000057,.DOOR.,$,$);
#2735=IFCMATERIALCONSTITUENT('Door - Frame',$,#1852,0.25588028013918329,'Miscellaneous');
#2736=IFCMATERIALCONSTITUENT('Door - Panel',$,#1856,0.7441197198608166,'Wood');
#2737=IFCMATERIALCONSTITUENTSET($,$,(#2735,#2736));
#2738=IFCPROPERTYSINGLEVALUE('Reference',$,IFCIDENTIFIER('500'),$);
#2739=IFCPROPERTYSET('15y$ymrCbuBSBeP6dRSoyr',#6,'Pset_DoorCommon',$,(#47,#2738));
#2740=IFCPROPERTYSET('01p44WZpEDAZIMJ2j0_h8N',#6,'Pset_EnvironmentalImpactIndicators',$,(#2738));
#2741=IFCRELDEFINESBYPROPERTIES('2z4zEOq5qpztgXbx3WYvo8',#6,$,$,(#2734),#2739);
#2742=IFCRELDEFINESBYPROPERTIES('0dwvNu0mI9pIdAk5zahNkN',#6,$,$,(#2734),#2740);
#2743=IFCQUANTITYAREA('GrossSurfaceArea','',$,2.3872399999999998,$);
#2744=IFCQUANTITYAREA('NetSurfaceArea','',$,4.3712079999999558,$);
#2745=IFCQUANTITYVOLUME('GrossVolume','',$,0.054059999999999983,$);
#2746=IFCQUANTITYVOLUME('NetVolume','',$,0.072649599999999384,$);
#2747=IFCELEMENTQUANTITY('3vZG4dfbOgSvWPyCOpx$CS',#6,'Qto_BodyGeometryValidation',$,'BaseQuantities',(#2743,#2744,#2745,#2746));
#2748=IFCRELDEFINESBYPROPERTIES('3IJ0CPkXBde4mYunh5A2Sm',#6,$,$,(#2734),#2747);
#2749=IFCQUANTITYLENGTH('Width','',$,500.00000000000006,$);
#2750=IFCQUANTITYLENGTH('Height','',$,2120.,$);
#2751=IFCQUANTITYLENGTH('Perimeter','',$,1102.,$);
#2752=IFCQUANTITYAREA('Area','',$,2.1856039999999779,$);
#2753=IFCELEMENTQUANTITY('1F1VcCixxFZoaw7i8UzYxO',#6,'Qto_DoorBaseQuantities',$,'BaseQuantities',(#2749,#2750,#2751,#2752));
#2754=IFCRELDEFINESBYPROPERTIES('0ADH68Kt1_MXTgcJn9QbVq',#6,$,$,(#2734),#2753);
#2755=IFCPROPERTYSINGLEVALUE('ThermalTransmittance',$,IFCTHERMALTRANSMITTANCEMEASURE(3.7021000000000002),$);
#2756=IFCPROPERTYSET('1wW1LlkuTPUmqo6kYnbvNQ',#6,'Pset_DoorCommon',$,(#2755));
#2757=IFCCARTESIANPOINT((4838.6417208812081,1619.8157844503928,0.));
#2758=IFCDIRECTION((-0.011924194769738146,-0.99992890426224479,0.));
#2759=IFCAXIS2PLACEMENT3D(#2757,#73,#2758);
#2760=IFCLOCALPLACEMENT(#27,#2759);
#2761=IFCCARTESIANPOINT((1770.2379169400924,0.));
#2762=IFCPOLYLINE((#461,#2761));
#2763=IFCSHAPEREPRESENTATION(#14,'Axis','Curve2D',(#2762));
#2764=IFCPRODUCTDEFINITIONSHAPE($,$,(#2763,#2778));
#2765=IFCCARTESIANPOINT((1770.2379169400911,-50.));
#2766=IFCCARTESIANPOINT((1757.9423586997739,50.));
#2767=IFCCARTESIANPOINT((1110.3595512526711,50.));
#2768=IFCCARTESIANPOINT((1010.3524411733987,50.));
#2769=IFCCARTESIANPOINT((175.39171112716528,50.));
#2770=IFCCARTESIANPOINT((75.370448325096831,50.));
#2771=IFCCARTESIANPOINT((-0.,50.));
#2772=IFCCARTESIANPOINT((-0.,-50.));
#2773=IFCPOLYLINE((#2765,#2766,#2767,#2768,#2769,#2770,#2771,#2772,#2765));
#2774=IFCARBITRARYCLOSEDPROFILEDEF(.AREA.,$,#2773);
#2775=IFCAXIS2PLACEMENT3D(#10,$,$);
#2776=IFCEXTRUDEDAREASOLID(#2774,#2775,#73,3000.);
#2777=IFCSTYLEDITEM(#2776,(#476),$);
#2778=IFCSHAPEREPRESENTATION(#15,'Body','SweptSolid',(#2776));
#2779=IFCWALL('1ZbzvERVP2EPsD9m_40DS6',#6,'Basic Wall:100:847800',$,$,#2760,#2764,'847800',.NOTDEFINED.);
#2780=IFCQUANTITYLENGTH('Height',$,$,3000.,$);
#2781=IFCQUANTITYLENGTH('Length',$,$,1770.2379169400929,$);
#2782=IFCQUANTITYLENGTH('Width',$,$,100.,$);
#2783=IFCQUANTITYAREA('GrossFootprintArea',$,$,0.1764090137819935,$);
#2784=IFCQUANTITYVOLUME('GrossVolume',$,$,0.53107137508202784,$);
#2785=IFCQUANTITYAREA('GrossSideArea',$,$,0.53107137508202784,$);
#2786=IFCQUANTITYAREA('NetSideArea',$,$,5.3107137508202769,$);
#2787=IFCQUANTITYVOLUME('NetVolume',$,$,0.52922704134598186,$);
#2788=IFCELEMENTQUANTITY('3TCNJsfNOD69CcjadHjMeA',#6,'Qto_WallBaseQuantities',$,'BaseQuantities',(#2780,#2781,#2782,#2783,#2784,#2785,#2786,#2787));
#2789=IFCRELDEFINESBYPROPERTIES('0hkt_WbwUAUqlxh8VJU$9f',#6,$,$,(#2779),#2788);
#2790=IFCPROPERTYSET('20i0o12yD__WoQIP2SfmHj',#6,'Pset_EnvironmentalImpactIndicators',$,(#1501));
#2791=IFCPROPERTYSINGLEVALUE('Reference',$,IFCLABEL('100'),$);
#2792=IFCPROPERTYSET('0eONMiZYqN_c_$Fil5IgZA',#6,'Pset_ReinforcementBarPitchOfWall',$,(#2791));
#2793=IFCPROPERTYSET('0ILhM_k5gd9j7865nz5sRa',#6,'Pset_WallCommon',$,(#501,#502,#503,#1501));
#2794=IFCRELDEFINESBYPROPERTIES('0RpjglWGbD3rM2Z1pUN5DS',#6,$,$,(#2779),#2790);
#2795=IFCRELDEFINESBYPROPERTIES('2D4m$vaZNJPX21b3nN6Yuk',#6,$,$,(#2779),#2792);
#2796=IFCRELDEFINESBYPROPERTIES('0nHN7lKkmv1zQmX9X3lhxj',#6,$,$,(#2779),#2793);
#2797=IFCQUANTITYAREA('NetSurfaceArea','',$,11.539618059094419,$);
#2798=IFCQUANTITYVOLUME('NetVolume','',$,0.52922704134598186,$);
#2799=IFCELEMENTQUANTITY('08kWcFJsswdi2dFKkh3sso',#6,'Qto_BodyGeometryValidation',$,'BaseQuantities',(#2797,#2798));
#2800=IFCRELDEFINESBYPROPERTIES('0RyjjIuxi5YkYUZ4Jv4Ngs',#6,$,$,(#2779),#2799);
#2801=IFCCARTESIANPOINT((5135.8140916079474,558.93896529070423,0.));
#2802=IFCAXIS2PLACEMENT3D(#2801,#73,#1514);
#2803=IFCLOCALPLACEMENT(#27,#2802);
#2804=IFCCARTESIANPOINT((260.41606906720244,-0.));
#2805=IFCPOLYLINE((#461,#2804));
#2806=IFCSHAPEREPRESENTATION(#14,'Axis','Curve2D',(#2805));
#2807=IFCPRODUCTDEFINITIONSHAPE($,$,(#2806,#2818));
#2808=IFCCARTESIANPOINT((259.2235648082596,-50.));
#2809=IFCCARTESIANPOINT((260.41606906720278,50.));
#2810=IFCCARTESIANPOINT((-0.,50.));
#2811=IFCCARTESIANPOINT((0.,-50.));
#2812=IFCCARTESIANPOINT((100.,-50.));
#2813=IFCPOLYLINE((#2808,#2809,#2810,#2811,#2812,#2808));
#2814=IFCARBITRARYCLOSEDPROFILEDEF(.AREA.,$,#2813);
#2815=IFCAXIS2PLACEMENT3D(#10,$,$);
#2816=IFCEXTRUDEDAREASOLID(#2814,#2815,#73,3000.);
#2817=IFCSTYLEDITEM(#2816,(#476),$);
#2818=IFCSHAPEREPRESENTATION(#15,'Body','SweptSolid',(#2816));
#2819=IFCWALL('1ZbzvERVP2EPsD9m_40Cf2',#6,'Basic Wall:100:848636',$,$,#2803,#2807,'848636',.NOTDEFINED.);
#2820=IFCQUANTITYLENGTH('Height',$,$,3000.,$);
#2821=IFCQUANTITYLENGTH('Length',$,$,260.41606906720295,$);
#2822=IFCQUANTITYLENGTH('Width',$,$,100.,$);
#2823=IFCQUANTITYAREA('GrossFootprintArea',$,$,0.025981981693773123,$);
#2824=IFCQUANTITYVOLUME('GrossVolume',$,$,0.078124820720160887,$);
#2825=IFCQUANTITYAREA('GrossSideArea',$,$,0.078124820720160887,$);
#2826=IFCQUANTITYAREA('NetSideArea',$,$,0.78124820720160881,$);
#2827=IFCQUANTITYVOLUME('NetVolume',$,$,0.077945945081319329,$);
#2828=IFCELEMENTQUANTITY('3FSiBJU6_U06BGLBDXN3aI',#6,'Qto_WallBaseQuantities',$,'BaseQuantities',(#2820,#2821,#2822,#2823,#2824,#2825,#2826,#2827));
#2829=IFCRELDEFINESBYPROPERTIES('1f2jRRo4f4H$Hr_S_tt72Z',#6,$,$,(#2819),#2828);
#2830=IFCPROPERTYSET('2Lwv0Vv5zQBT$f$nsIR1zU',#6,'Pset_EnvironmentalImpactIndicators',$,(#1501));
#2831=IFCPROPERTYSINGLEVALUE('Reference',$,IFCLABEL('100'),$);
#2832=IFCPROPERTYSET('3joe4KTHCfMGWPOxEzPFkj',#6,'Pset_ReinforcementBarPitchOfWall',$,(#2831));
#2833=IFCPROPERTYSET('0QegI_28Aew1EGw8dPtusw',#6,'Pset_WallCommon',$,(#501,#502,#503,#1501));
#2834=IFCRELDEFINESBYPROPERTIES('0I5Xh8v1TZIQON0SIvqHcg',#6,$,$,(#2819),#2830);
#2835=IFCRELDEFINESBYPROPERTIES('00xo9Fjr4bcuZdgXGALjq9',#6,$,$,(#2819),#2832);
#2836=IFCRELDEFINESBYPROPERTIES('3EqX_lKES1iELn2_xoDxS6',#6,$,$,(#2819),#2833);
#2837=IFCQUANTITYAREA('NetSurfaceArea','',$,2.2109041952517479,$);
#2838=IFCQUANTITYVOLUME('NetVolume','',$,0.077945945081319329,$);
#2839=IFCELEMENTQUANTITY('1pIqKl60jqPHBEizH1gYm2',#6,'Qto_BodyGeometryValidation',$,'BaseQuantities',(#2837,#2838));
#2840=IFCRELDEFINESBYPROPERTIES('1GDgVOoI2OK2NsaFHh2Yp4',#6,$,$,(#2819),#2839);
#2841=IFCCARTESIANPOINT((5085.8140916079492,1446.007875191649,0.));
#2842=IFCAXIS2PLACEMENT3D(#2841,#73,#369);
#2843=IFCLOCALPLACEMENT(#27,#2842);
#2844=IFCCARTESIANPOINT((837.06890990094496,0.));
#2845=IFCPOLYLINE((#461,#2844));
#2846=IFCSHAPEREPRESENTATION(#14,'Axis','Curve2D',(#2845));
#2847=IFCPRODUCTDEFINITIONSHAPE($,$,(#2846,#2857));
#2848=IFCCARTESIANPOINT((837.06890990094462,-50.));
#2849=IFCCARTESIANPOINT((837.06890990094485,50.));
#2850=IFCCARTESIANPOINT((-0.,50.));
#2851=IFCCARTESIANPOINT((0.8695652173914763,-50.));
#2852=IFCPOLYLINE((#2848,#2849,#2850,#2851,#2848));
#2853=IFCARBITRARYCLOSEDPROFILEDEF(.AREA.,$,#2852);
#2854=IFCAXIS2PLACEMENT3D(#10,$,$);
#2855=IFCEXTRUDEDAREASOLID(#2853,#2854,#73,3000.);
#2856=IFCSTYLEDITEM(#2855,(#476),$);
#2857=IFCSHAPEREPRESENTATION(#15,'Body','SweptSolid',(#2855));
#2858=IFCWALL('1ZbzvERVP2EPsD9m_40CkS',#6,'Basic Wall:100:848674',$,$,#2843,#2847,'848674',.NOTDEFINED.);
#2859=IFCQUANTITYLENGTH('Height',$,$,3000.,$);
#2860=IFCQUANTITYLENGTH('Length',$,$,837.06890990094496,$);
#2861=IFCQUANTITYLENGTH('Width',$,$,100.,$);
#2862=IFCQUANTITYAREA('GrossFootprintArea',$,$,0.083663412729224909,$);
#2863=IFCQUANTITYVOLUME('GrossVolume',$,$,0.25112067297028351,$);
#2864=IFCQUANTITYAREA('GrossSideArea',$,$,0.25112067297028351,$);
#2865=IFCQUANTITYAREA('NetSideArea',$,$,2.5112067297028347,$);
#2866=IFCQUANTITYVOLUME('NetVolume',$,$,0.25099023818767474,$);
#2867=IFCELEMENTQUANTITY('3TXYlK1tWdC6RsCW9CZ0If',#6,'Qto_WallBaseQuantities',$,'BaseQuantities',(#2859,#2860,#2861,#2862,#2863,#2864,#2865,#2866));
#2868=IFCRELDEFINESBYPROPERTIES('3pz6Jtz1LN3imgQFpJP9JP',#6,$,$,(#2858),#2867);
#2869=IFCPROPERTYSET('13OBalBFB8eQvzrizbFToa',#6,'Pset_EnvironmentalImpactIndicators',$,(#1501));
#2870=IFCPROPERTYSINGLEVALUE('Reference',$,IFCLABEL('100'),$);
#2871=IFCPROPERTYSET('2R9PqBbzPpyWB4jw5MAJfI',#6,'Pset_ReinforcementBarPitchOfWall',$,(#2870));
#2872=IFCPROPERTYSET('2xE_yIsYCWhVtMy_vPEgGC',#6,'Pset_WallCommon',$,(#501,#502,#503,#1501));
#2873=IFCRELDEFINESBYPROPERTIES('1PhSB$9UygjGDtq6ge$SQV',#6,$,$,(#2858),#2869);
#2874=IFCRELDEFINESBYPROPERTIES('0FYIEvI6QKfqkaGqrVJ15Y',#6,$,$,(#2858),#2871);
#2875=IFCRELDEFINESBYPROPERTIES('3MgYJ$hhmPQF4BF3iBmOFo',#6,$,$,(#2858),#2872);
#2876=IFCQUANTITYAREA('NetSurfaceArea','',$,5.7871429311525553,$);
#2877=IFCQUANTITYVOLUME('NetVolume','',$,0.25099023818767474,$);
#2878=IFCELEMENTQUANTITY('2ayV_yvRYf2oBfa$egnKVD',#6,'Qto_BodyGeometryValidation',$,'BaseQuantities',(#2876,#2877));
#2879=IFCRELDEFINESBYPROPERTIES('1fS1Whcws3ScUOKfazDr8j',#6,$,$,(#2858),#2878);
#2880=IFCCARTESIANPOINT((7049.7413974010869,470.42241165948201,0.));
#2881=IFCAXIS2PLACEMENT3D(#2880,#73,#1514);
#2882=IFCLOCALPLACEMENT(#27,#2881);
#2883=IFCCARTESIANPOINT((397.61886194418253,0.));
#2884=IFCPOLYLINE((#461,#2883));
#2885=IFCSHAPEREPRESENTATION(#14,'Axis','Curve2D',(#2884));
#2886=IFCPRODUCTDEFINITIONSHAPE($,$,(#2885,#2894));
#2887=IFCCARTESIANPOINT((198.80943097209112,-1.0658141036401503E-014));
#2888=IFCDIRECTION((-1.,0.));
#2889=IFCAXIS2PLACEMENT2D(#2887,#2888);
#2890=IFCRECTANGLEPROFILEDEF(.AREA.,$,#2889,397.61886194418224,100.);
#2891=IFCAXIS2PLACEMENT3D(#10,$,$);
#2892=IFCEXTRUDEDAREASOLID(#2890,#2891,#73,3000.);
#2893=IFCSTYLEDITEM(#2892,(#476),$);
#2894=IFCSHAPEREPRESENTATION(#15,'Body','SweptSolid',(#2892));
#2895=IFCWALL('1ZbzvERVP2EPsD9m_40Csr',#6,'Basic Wall:100:849163',$,$,#2882,#2886,'849163',.NOTDEFINED.);
#2896=IFCQUANTITYLENGTH('Height',$,$,3000.,$);
#2897=IFCQUANTITYLENGTH('Length',$,$,397.61886194418224,$);
#2898=IFCQUANTITYLENGTH('Width',$,$,100.,$);
#2899=IFCQUANTITYAREA('GrossFootprintArea',$,$,0.039761886194418221,$);
#2900=IFCQUANTITYVOLUME('GrossVolume',$,$,0.11928565858325468,$);
#2901=IFCQUANTITYAREA('GrossSideArea',$,$,0.11928565858325468,$);
#2902=IFCQUANTITYAREA('NetSideArea',$,$,1.1928565858325468,$);
#2903=IFCQUANTITYVOLUME('NetVolume',$,$,0.11928565858325459,$);
#2904=IFCELEMENTQUANTITY('0S8FaOQbIvDNfk$Fo2XqeF',#6,'Qto_WallBaseQuantities',$,'BaseQuantities',(#2896,#2897,#2898,#2899,#2900,#2901,#2902,#2903));
#2905=IFCRELDEFINESBYPROPERTIES('20OjEzT5KsGTmKvKeK5THs',#6,$,$,(#2895),#2904);
#2906=IFCPROPERTYSET('2fF6aOm8qDtZI$_2qaTgUZ',#6,'Pset_EnvironmentalImpactIndicators',$,(#1501));
#2907=IFCPROPERTYSINGLEVALUE('Reference',$,IFCLABEL('100'),$);
#2908=IFCPROPERTYSET('1vZRepIpXYcofHSiO3VMET',#6,'Pset_ReinforcementBarPitchOfWall',$,(#2907));
#2909=IFCPROPERTYSET('2KqDvDPnx7V_$YyN9o1h7A',#6,'Pset_WallCommon',$,(#501,#502,#503,#1501));
#2910=IFCRELDEFINESBYPROPERTIES('2dhoZG7wF2UPF3kD0PMRwN',#6,$,$,(#2895),#2906);
#2911=IFCRELDEFINESBYPROPERTIES('2AexgVFrfrZPtlkI1bawTD',#6,$,$,(#2895),#2908);
#2912=IFCRELDEFINESBYPROPERTIES('3$TbqsfFwar6sU5FN0GOlJ',#6,$,$,(#2895),#2909);
#2913=IFCQUANTITYAREA('NetSurfaceArea','',$,3.0652369440539284,$);
#2914=IFCQUANTITYVOLUME('NetVolume','',$,0.11928565858325459,$);
#2915=IFCELEMENTQUANTITY('3Jy6v0OeZv5GDsqxVt5414',#6,'Qto_BodyGeometryValidation',$,'BaseQuantities',(#2913,#2914));
#2916=IFCRELDEFINESBYPROPERTIES('3Cp5zxCIYS05FdwfCKcPkX',#6,$,$,(#2895),#2915);
#2917=IFCCARTESIANPOINT((6999.7413974010869,420.42241165948229,0.));
#2918=IFCAXIS2PLACEMENT3D(#2917,#73,#369);
#2919=IFCLOCALPLACEMENT(#27,#2918);
#2920=IFCCARTESIANPOINT((394.18012791364868,-0.));
#2921=IFCPOLYLINE((#461,#2920));
#2922=IFCSHAPEREPRESENTATION(#14,'Axis','Curve2D',(#2921));
#2923=IFCPRODUCTDEFINITIONSHAPE($,$,(#2922,#2933));
#2924=IFCCARTESIANPOINT((394.18012791364868,-50.));
#2925=IFCCARTESIANPOINT((392.63926681825404,50.));
#2926=IFCCARTESIANPOINT((0.,50.));
#2927=IFCCARTESIANPOINT((0.,-50.));
#2928=IFCPOLYLINE((#2924,#2925,#2926,#2927,#2924));
#2929=IFCARBITRARYCLOSEDPROFILEDEF(.AREA.,$,#2928);
#2930=IFCAXIS2PLACEMENT3D(#10,$,$);
#2931=IFCEXTRUDEDAREASOLID(#2929,#2930,#73,3000.);
#2932=IFCSTYLEDITEM(#2931,(#476),$);
#2933=IFCSHAPEREPRESENTATION(#15,'Body','SweptSolid',(#2931));
#2934=IFCWALL('1ZbzvERVP2EPsD9m_40CsG',#6,'Basic Wall:100:849198',$,$,#2919,#2923,'849198',.NOTDEFINED.);
#2935=IFCQUANTITYLENGTH('Height',$,$,3000.,$);
#2936=IFCQUANTITYLENGTH('Length',$,$,394.18012791364868,$);
#2937=IFCQUANTITYLENGTH('Width',$,$,100.,$);
#2938=IFCQUANTITYAREA('GrossFootprintArea',$,$,0.039340969736595129,$);
#2939=IFCQUANTITYVOLUME('GrossVolume',$,$,0.11825403837409462,$);
#2940=IFCQUANTITYAREA('GrossSideArea',$,$,0.11825403837409462,$);
#2941=IFCQUANTITYAREA('NetSideArea',$,$,1.1825403837409461,$);
#2942=IFCQUANTITYVOLUME('NetVolume',$,$,0.11802290920978539,$);
#2943=IFCELEMENTQUANTITY('3E5fbasrNNSaogLj3REcWl',#6,'Qto_WallBaseQuantities',$,'BaseQuantities',(#2935,#2936,#2937,#2938,#2939,#2940,#2941,#2942));
#2944=IFCRELDEFINESBYPROPERTIES('3DELkiIkQcZ8CNhdhL_Yte',#6,$,$,(#2934),#2943);
#2945=IFCPROPERTYSET('3pN0MYXrljBUQyaqw83gjv',#6,'Pset_EnvironmentalImpactIndicators',$,(#1501));
#2946=IFCPROPERTYSINGLEVALUE('Reference',$,IFCLABEL('100'),$);
#2947=IFCPROPERTYSET('01th4PZayi3Ixww$_6vOM5',#6,'Pset_ReinforcementBarPitchOfWall',$,(#2946));
#2948=IFCPROPERTYSET('0umcK_zI2TZo4W_VH3hrpH',#6,'Pset_WallCommon',$,(#501,#502,#503,#1501));
#2949=IFCRELDEFINESBYPROPERTIES('3QEmrefOqpIuOeNCX$bS6Q',#6,$,$,(#2934),#2945);
#2950=IFCRELDEFINESBYPROPERTIES('3H6Vuv5CW$DXLOZ3ojHN32',#6,$,$,(#2934),#2947);
#2951=IFCRELDEFINESBYPROPERTIES('0Kv0SfXGhpcVi9ncAHE9Hu',#6,$,$,(#2934),#2948);
#2952=IFCQUANTITYAREA('NetSurfaceArea','',$,3.0391757353489748,$);
#2953=IFCQUANTITYVOLUME('NetVolume','',$,0.11802290920978539,$);
#2954=IFCELEMENTQUANTITY('1SjofNsZ_nfP09Rl$uk4Y5',#6,'Qto_BodyGeometryValidation',$,'BaseQuantities',(#2952,#2953));
#2955=IFCRELDEFINESBYPROPERTIES('1lwMaoqTHQSLFzT4Gpyl89',#6,$,$,(#2934),#2954);
#2956=IFCAXIS2PLACEMENT3D(#10,$,$);
#2957=IFCLOCALPLACEMENT(#27,#2956);
#2958=IFCCARTESIANPOINT((-441.59578501367611,-7656.7918930654851));
#2959=IFCCARTESIANPOINT((3738.7999059408535,-7644.2512154736669));
#2960=IFCCARTESIANPOINT((3783.905818743392,-2173.2356455540548));
#2961=IFCCARTESIANPOINT((3785.8601331471723,-2173.2356455540539));
#2962=IFCCARTESIANPOINT((3794.2710534113562,-322.83318743373877));
#2963=IFCCARTESIANPOINT((4397.2751633183934,5116.1051986356288));
#2964=IFCCARTESIANPOINT((-4028.3166309288458,5067.7026100762141));
#2965=IFCCARTESIANPOINT((-4023.2488667575908,1461.988402227928));
#2966=IFCCARTESIANPOINT((-308.51809650720958,1465.7724797910441));
#2967=IFCCARTESIANPOINT((-284.13566828746923,412.45158069825135));
#2968=IFCCARTESIANPOINT((-293.82954460593561,97.885294164003085));
#2969=IFCCARTESIANPOINT((-325.08936495856153,-1754.3314871362174));
#2970=IFCCARTESIANPOINT((-470.03888450978883,-1754.3314871362174));
#2971=IFCCARTESIANPOINT((-470.03888450977689,-6550.2886591526003));
#2972=IFCPOLYLINE((#2958,#2959,#2960,#2961,#2962,#2963,#2964,#2965,#2966,#2967,#2968,#2969,#2970,#2971,#2958));
#2973=IFCARBITRARYCLOSEDPROFILEDEF(.AREA.,$,#2972);
#2974=IFCCARTESIANPOINT((4677.7910483206933,3368.5748155630422,0.));
#2975=IFCAXIS2PLACEMENT3D(#2974,#158,#369);
#2976=IFCEXTRUDEDAREASOLID(#2973,#2975,#73,250.00000000000003);
#2977=IFCCOLOURRGB($,0.49803921568627452,0.49803921568627452,0.49803921568627452);
#2978=IFCSURFACESTYLERENDERING(#2977,0.,$,$,$,$,IFCNORMALISEDRATIOMEASURE(0.5),IFCSPECULAREXPONENT(64.),.NOTDEFINED.);
#2979=IFCSURFACESTYLE('Default Floor',.BOTH.,(#2978));
#2980=IFCSTYLEDITEM(#2976,(#2979),$);
#2981=IFCSHAPEREPRESENTATION(#15,'Body','SweptSolid',(#2976));
#2982=IFCPRODUCTDEFINITIONSHAPE($,$,(#2981));
#2983=IFCSLAB('1ZbzvERVP2EPsD9m_40C2K',#6,'Floor:250:849962',$,$,#2957,#2982,'849962',.FLOOR.);
#2984=IFCSLABTYPE('3Zu5Bv0LOHrPC10026FoR_',#6,'Floor:250',$,$,$,$,'339',$,.FLOOR.);
#2985=IFCMATERIAL('Default Floor',$,'Miscellaneous');
#2986=IFCSTYLEDITEM($,(#2979),$);
#2987=IFCSTYLEDREPRESENTATION(#13,'Style','Material',(#2986));
#2988=IFCMATERIALDEFINITIONREPRESENTATION($,$,(#2987),#2985);
#2989=IFCMATERIALLAYER(#2985,250.00000000000003,$,'Layer',$,'Miscellaneous',$);
#2990=IFCMATERIALLAYERSET((#2989),'Floor:250',$);
#2991=IFCMATERIALLAYERSETUSAGE(#2990,.AXIS3.,.POSITIVE.,0.,$);
#2992=IFCPROPERTYSINGLEVALUE('Reference',$,IFCIDENTIFIER('250'),$);
#2993=IFCPROPERTYSET('3z_JYHDsJnNNqJkP43UvEA',#6,'Pset_EnvironmentalImpactIndicators',$,(#2992));
#2994=IFCPROPERTYSINGLEVALUE('Reference',$,IFCLABEL('250'),$);
#2995=IFCPROPERTYSET('0aFRK01j1LOLnZgTaoLDBq',#6,'Pset_ReinforcementBarPitchOfSlab',$,(#2994));
#2996=IFCPROPERTYSINGLEVALUE('PitchAngle',$,IFCPLANEANGLEMEASURE(0.),$);
#2997=IFCPROPERTYSET('28jekXTfnSCttqNaCC6szN',#6,'Pset_SlabCommon',$,(#47,#502,#2992,#2996));
#2998=IFCRELDEFINESBYPROPERTIES('3ighguIvV3UiXnnns$_MTz',#6,$,$,(#2983),#2993);
#2999=IFCRELDEFINESBYPROPERTIES('2yvF6YfBzIycqzgk4eV3Yr',#6,$,$,(#2983),#2995);
#3000=IFCRELDEFINESBYPROPERTIES('0lOSihJKkHewdgYtCe1V0t',#6,$,$,(#2983),#2997);
#3001=IFCQUANTITYAREA('GrossSurfaceArea','',$,146.73564552638243,$);
#3002=IFCQUANTITYAREA('NetSurfaceArea','',$,146.73564552638229,$);
#3003=IFCQUANTITYVOLUME('GrossVolume','',$,17.029731429450326,$);
#3004=IFCQUANTITYVOLUME('NetVolume','',$,17.029731429450329,$);
#3005=IFCELEMENTQUANTITY('3Ey3zNdKPTP4mk_$eSb2KV',#6,'Qto_BodyGeometryValidation',$,'BaseQuantities',(#3001,#3002,#3003,#3004));
#3006=IFCRELDEFINESBYPROPERTIES('1Kbq$EE3emtKlz$DBexm1Z',#6,$,$,(#2983),#3005);
#3007=IFCQUANTITYLENGTH('Depth','',$,250.00000000000003,$);
#3008=IFCQUANTITYLENGTH('Perimeter','',$,41991.176363119252,$);
#3009=IFCQUANTITYAREA('GrossArea','',$,68.118925717801304,$);
#3010=IFCQUANTITYAREA('NetArea','',$,68.118925717801275,$);
#3011=IFCQUANTITYVOLUME('GrossVolume','',$,17.029731429450326,$);
#3012=IFCQUANTITYVOLUME('NetVolume','',$,17.029731429450329,$);
#3013=IFCELEMENTQUANTITY('1UDwslDdcRc2VC9a2BDrdr',#6,'Qto_SlabBaseQuantities',$,'BaseQuantities',(#3007,#3008,#3009,#3010,#3011,#3012));
#3014=IFCRELDEFINESBYPROPERTIES('2L9ZFnHEn$RRkJxZRphucS',#6,$,$,(#2983),#3013);
#3046=IFCCARTESIANPOINT((-117.76363636363696,285.75000000000023,0.));
#3047=IFCCARTESIANPOINT((-38.099999999998325,285.75000000000023,0.));
#3048=IFCCARTESIANPOINT((-38.099999999998325,285.75000000000023,31.749999999999346));
#3049=IFCCARTESIANPOINT((-114.3000000000002,285.75000000000023,31.749999999999346));
#3050=IFCCARTESIANPOINT((117.76363636363696,285.75000000000063,0.));
#3051=IFCCARTESIANPOINT((114.3000000000002,285.75000000000063,31.749999999999346));
#3052=IFCCARTESIANPOINT((38.099999999998325,285.7500000000004,31.749999999999346));
#3053=IFCCARTESIANPOINT((38.099999999998325,285.7500000000004,0.));
#3054=IFCCARTESIANPOINT((32.995567884185611,304.7999999999995,0.));
#3055=IFCCARTESIANPOINT((19.049999999999095,318.7455678841859,0.));
#3056=IFCCARTESIANPOINT((-0.,323.8499999999986,0.));
#3057=IFCCARTESIANPOINT((-19.049999999999198,318.74556788418585,0.));
#3058=IFCCARTESIANPOINT((-32.995567884185675,304.79999999999939,0.));
#3059=IFCCARTESIANPOINT((-111.99987374624985,322.14096495575558,0.));
#3060=IFCCARTESIANPOINT((-95.272783137573896,354.96972871087962,0.));
#3061=IFCCARTESIANPOINT((-69.219728710879522,381.02278313757404,0.));
#3062=IFCCARTESIANPOINT((-36.390964955755507,397.7498737462501,0.));
#3063=IFCCARTESIANPOINT((-0.,403.5136363636372,0.));
#3064=IFCCARTESIANPOINT((36.390964955755145,397.74987374625016,0.));
#3065=IFCCARTESIANPOINT((69.219728710879195,381.02278313757427,0.));
#3066=IFCCARTESIANPOINT((95.272783137573654,354.96972871087991,0.));
#3067=IFCCARTESIANPOINT((111.99987374624973,322.14096495575598,0.));
#3068=IFCCARTESIANPOINT((32.995567884185611,304.7999999999995,31.749999999999346));
#3069=IFCCARTESIANPOINT((19.049999999999098,318.7455678841859,31.749999999999346));
#3070=IFCCARTESIANPOINT((-0.,323.8499999999986,31.749999999999346));
#3071=IFCCARTESIANPOINT((-19.049999999999198,318.74556788418585,31.749999999999346));
#3072=IFCCARTESIANPOINT((-32.995567884185675,304.79999999999939,31.749999999999346));
#3073=IFCCARTESIANPOINT((-26.022783942092435,311.77278394209264,31.749999999999346));
#3074=IFCCARTESIANPOINT((-26.022783942092435,311.77278394209264,0.));
#3075=IFCCARTESIANPOINT((-35.547783942092003,295.27499999999981,0.));
#3076=IFCCARTESIANPOINT((-35.547783942092003,295.27499999999981,31.749999999999346));
#3077=IFCCARTESIANPOINT((-9.5249999999996291,321.29778394209228,31.749999999999346));
#3078=IFCCARTESIANPOINT((-9.5249999999996255,321.29778394209228,0.));
#3079=IFCCARTESIANPOINT((35.212497039757302,296.52630775462529,31.749999999999346));
#3080=IFCCARTESIANPOINT((35.547783942091968,295.27499999999992,0.));
#3081=IFCCARTESIANPOINT((26.022783942092357,311.77278394209276,31.749999999999346));
#3082=IFCCARTESIANPOINT((26.02278394209236,311.77278394209276,0.));
#3083=IFCCARTESIANPOINT((9.5249999999995261,321.29778394209228,31.749999999999346));
#3084=IFCCARTESIANPOINT((9.5249999999995225,321.29778394209228,0.));
#3085=IFCCARTESIANPOINT((108.70575981253612,321.07064245705709,31.749999999999346));
#3086=IFCCARTESIANPOINT((92.470642457056456,352.93385433703025,31.749999999999346));
#3087=IFCCARTESIANPOINT((67.183854337029587,378.22064245705701,31.749999999999346));
#3088=IFCCARTESIANPOINT((35.320642457056344,394.45575981253654,31.749999999999346));
#3089=IFCCARTESIANPOINT((-0.,400.05000000000041,31.749999999999346));
#3090=IFCCARTESIANPOINT((-35.320642457056671,394.45575981253643,31.749999999999346));
#3091=IFCCARTESIANPOINT((-67.183854337029857,378.22064245705684,31.749999999999346));
#3092=IFCCARTESIANPOINT((-92.47064245705667,352.93385433702997,31.749999999999346));
#3093=IFCCARTESIANPOINT((-108.70575981253623,321.07064245705675,31.749999999999346));
#3094=IFCPOLYLOOP((#3047,#3048,#3049,#3046));
#3095=IFCFACEOUTERBOUND(#3094,.T.);
#3096=IFCFACE((#3095));
#3097=IFCPOLYLOOP((#3051,#3052,#3053,#3050));
#3098=IFCFACEOUTERBOUND(#3097,.T.);
#3099=IFCFACE((#3098));
#3100=IFCPOLYLOOP((#3067,#3050,#3053,#3080,#3054,#3082,#3055,#3084,#3056,#3078,#3057,#3074,#3058,#3075,#3047,#3046,#3059,#3060,#3061,#3062,#3063,#3064,#3065,#3066));
#3101=IFCFACEOUTERBOUND(#3100,.T.);
#3102=IFCFACE((#3101));
#3103=IFCPOLYLOOP((#3073,#3072,#3058,#3074,#3057,#3071));
#3104=IFCFACEOUTERBOUND(#3103,.T.);
#3105=IFCFACE((#3104));
#3106=IFCPOLYLOOP((#3075,#3058,#3072,#3076,#3048,#3047));
#3107=IFCFACEOUTERBOUND(#3106,.T.);
#3108=IFCFACE((#3107));
#3109=IFCPOLYLOOP((#3068,#3054,#3080,#3053,#3052,#3079));
#3110=IFCFACEOUTERBOUND(#3109,.T.);
#3111=IFCFACE((#3110));
#3112=IFCPOLYLOOP((#3077,#3071,#3057,#3078,#3056,#3070));
#3113=IFCFACEOUTERBOUND(#3112,.T.);
#3114=IFCFACE((#3113));
#3115=IFCPOLYLOOP((#3055,#3082,#3054,#3068,#3081,#3069));
#3116=IFCFACEOUTERBOUND(#3115,.T.);
#3117=IFCFACE((#3116));
#3118=IFCPOLYLOOP((#3083,#3070,#3056,#3084,#3055,#3069));
#3119=IFCFACEOUTERBOUND(#3118,.T.);
#3120=IFCFACE((#3119));
#3121=IFCPOLYLOOP((#3052,#3051,#3085,#3086,#3087,#3088,#3089,#3090,#3091,#3092,#3093,#3049,#3048,#3076,#3072,#3073,#3071,#3077,#3070,#3083,#3069,#3081,#3068,#3079));
#3122=IFCFACEOUTERBOUND(#3121,.T.);
#3123=IFCFACE((#3122));
#3124=IFCPOLYLOOP((#3059,#3046,#3049,#3093));
#3125=IFCFACEOUTERBOUND(#3124,.T.);
#3126=IFCFACE((#3125));
#3127=IFCPOLYLOOP((#3061,#3060,#3092,#3091));
#3128=IFCFACEOUTERBOUND(#3127,.T.);
#3129=IFCFACE((#3128));
#3130=IFCPOLYLOOP((#3093,#3092,#3060,#3059));
#3131=IFCFACEOUTERBOUND(#3130,.T.);
#3132=IFCFACE((#3131));
#3133=IFCPOLYLOOP((#3091,#3090,#3062,#3061));
#3134=IFCFACEOUTERBOUND(#3133,.T.);
#3135=IFCFACE((#3134));
#3136=IFCPOLYLOOP((#3090,#3089,#3063,#3062));
#3137=IFCFACEOUTERBOUND(#3136,.T.);
#3138=IFCFACE((#3137));
#3139=IFCPOLYLOOP((#3064,#3063,#3089,#3088));
#3140=IFCFACEOUTERBOUND(#3139,.T.);
#3141=IFCFACE((#3140));
#3142=IFCPOLYLOOP((#3085,#3051,#3050,#3067));
#3143=IFCFACEOUTERBOUND(#3142,.T.);
#3144=IFCFACE((#3143));
#3145=IFCPOLYLOOP((#3065,#3064,#3088,#3087));
#3146=IFCFACEOUTERBOUND(#3145,.T.);
#3147=IFCFACE((#3146));
#3148=IFCPOLYLOOP((#3087,#3086,#3066,#3065));
#3149=IFCFACEOUTERBOUND(#3148,.T.);
#3150=IFCFACE((#3149));
#3151=IFCPOLYLOOP((#3085,#3067,#3066,#3086));
#3152=IFCFACEOUTERBOUND(#3151,.T.);
#3153=IFCFACE((#3152));
#3154=IFCCARTESIANPOINT((-38.099999999997884,342.89999999999986,206.37500000000716));
#3155=IFCCARTESIANPOINT((-57.149999999998577,342.89999999999986,31.749999999998849));
#3156=IFCCARTESIANPOINT((-38.099999999998268,342.89999999999986,31.749999999998838));
#3157=IFCCARTESIANPOINT((38.100000000000001,342.90000000000003,206.37500000000713));
#3158=IFCCARTESIANPOINT((38.100000000000001,342.90000000000003,31.749999999998849));
#3159=IFCCARTESIANPOINT((57.150000000000325,342.90000000000009,31.749999999998849));
#3160=IFCCARTESIANPOINT((51.490370800623566,367.69645569056826,31.749999999998849));
#3161=IFCCARTESIANPOINT((35.632442176227038,387.58166922304747,31.749999999998849));
#3162=IFCCARTESIANPOINT((12.717071375604014,398.61713018119059,31.749999999998849));
#3163=IFCCARTESIANPOINT((-12.717071375602453,398.61713018119059,31.749999999998849));
#3164=IFCCARTESIANPOINT((-35.632442176225453,387.5816692230473,31.749999999998849));
#3165=IFCCARTESIANPOINT((-51.490370800621903,367.69645569056803,31.749999999998849));
#3166=IFCCARTESIANPOINT((-32.995567884185178,361.94999999999925,206.37500000000716));
#3167=IFCCARTESIANPOINT((-19.049999999998544,375.89556788418588,206.37500000000716));
#3168=IFCCARTESIANPOINT((0.,381.,206.37500000000716));
#3169=IFCCARTESIANPOINT((19.050000000000182,375.89556788418594,206.37500000000716));
#3170=IFCCARTESIANPOINT((32.995567884186855,361.94999999999936,206.37500000000716));
#3171=IFCCARTESIANPOINT((-35.547783942091534,352.42499999999961,206.37500000000716));
#3172=IFCCARTESIANPOINT((35.54778394209324,352.42499999999967,206.37500000000716));
#3173=IFCCARTESIANPOINT((-26.022783942091859,368.92278394209251,206.37500000000716));
#3174=IFCCARTESIANPOINT((-24.174756775913956,393.09939970211894,31.749999999998849));
#3175=IFCCARTESIANPOINT((9.5250000000005031,378.44778394209226,206.37500000000716));
#3176=IFCCARTESIANPOINT((26.022783942093525,368.92278394209268,206.37500000000716));
#3177=IFCCARTESIANPOINT((0.,398.61713018119059,31.749999999998849));
#3178=IFCCARTESIANPOINT((-54.320185400310237,355.29822784528392,31.749999999998849));
#3179=IFCCARTESIANPOINT((54.320185400311949,355.2982278452842,31.749999999998849));
#3180=IFCCARTESIANPOINT((-43.561406488423678,377.63906245680766,31.749999999998849));
#3181=IFCCARTESIANPOINT((-9.5249999999988599,378.44778394209226,206.37500000000716));
#3182=IFCCARTESIANPOINT((24.174756775915526,393.099399702119,31.749999999998849));
#3183=IFCCARTESIANPOINT((43.561406488425305,377.63906245680784,31.749999999998849));
#3184=IFCCARTESIANPOINT((32.995567884187182,361.94999999999953,31.749999999998849));
#3185=IFCCARTESIANPOINT((19.05000000000037,375.89556788418628,31.749999999998849));
#3186=IFCCARTESIANPOINT((0.,381.,31.749999999998849));
#3187=IFCCARTESIANPOINT((-19.049999999998729,375.89556788418622,31.749999999998849));
#3188=IFCCARTESIANPOINT((-32.995567884185505,361.94999999999942,31.749999999998849));
#3189=IFCCARTESIANPOINT((-26.022783942092119,368.92278394209279,31.749999999998838));
#3190=IFCCARTESIANPOINT((-35.547783942091883,352.42499999999961,31.749999999998838));
#3191=IFCCARTESIANPOINT((-9.5249999999989541,378.4477839420926,31.749999999998838));
#3192=IFCCARTESIANPOINT((26.022783942093771,368.92278394209296,31.749999999998838));
#3193=IFCCARTESIANPOINT((35.999997926639026,350.73731443378301,206.37500000000711));
#3194=IFCCARTESIANPOINT((35.547783942093588,352.42499999999973,31.749999999998838));
#3195=IFCCARTESIANPOINT((9.525000000000599,378.44778394209266,31.749999999998838));
#3196=IFCPOLYLOOP((#3154,#3155,#3156));
#3197=IFCFACEOUTERBOUND(#3196,.T.);
#3198=IFCFACE((#3197));
#3199=IFCPOLYLOOP((#3158,#3159,#3157));
#3200=IFCFACEOUTERBOUND(#3199,.T.);
#3201=IFCFACE((#3200));
#3202=IFCPOLYLOOP((#3154,#3178,#3155));
#3203=IFCFACEOUTERBOUND(#3202,.T.);
#3204=IFCFACE((#3203));
#3205=IFCPOLYLOOP((#3173,#3167,#3164));
#3206=IFCFACEOUTERBOUND(#3205,.T.);
#3207=IFCFACE((#3206));
#3208=IFCPOLYLOOP((#3180,#3165,#3166));
#3209=IFCFACEOUTERBOUND(#3208,.T.);
#3210=IFCFACE((#3209));
#3211=IFCPOLYLOOP((#3166,#3165,#3171));
#3212=IFCFACEOUTERBOUND(#3211,.T.);
#3213=IFCFACE((#3212));
#3214=IFCPOLYLOOP((#3154,#3171,#3178));
#3215=IFCFACEOUTERBOUND(#3214,.T.);
#3216=IFCFACE((#3215));
#3217=IFCPOLYLOOP((#3179,#3172,#3193,#3157));
#3218=IFCFACEOUTERBOUND(#3217,.T.);
#3219=IFCFACE((#3218));
#3220=IFCPOLYLOOP((#3166,#3173,#3180));
#3221=IFCFACEOUTERBOUND(#3220,.T.);
#3222=IFCFACE((#3221));
#3223=IFCPOLYLOOP((#3168,#3162,#3177,#3163));
#3224=IFCFACEOUTERBOUND(#3223,.T.);
#3225=IFCFACE((#3224));
#3226=IFCPOLYLOOP((#3169,#3161,#3182));
#3227=IFCFACEOUTERBOUND(#3226,.T.);
#3228=IFCFACE((#3227));
#3229=IFCPOLYLOOP((#3161,#3169,#3176));
#3230=IFCFACEOUTERBOUND(#3229,.T.);
#3231=IFCFACE((#3230));
#3232=IFCPOLYLOOP((#3174,#3164,#3167));
#3233=IFCFACEOUTERBOUND(#3232,.T.);
#3234=IFCFACE((#3233));
#3235=IFCPOLYLOOP((#3182,#3175,#3169));
#3236=IFCFACEOUTERBOUND(#3235,.T.);
#3237=IFCFACE((#3236));
#3238=IFCPOLYLOOP((#3183,#3161,#3176));
#3239=IFCFACEOUTERBOUND(#3238,.T.);
#3240=IFCFACE((#3239));
#3241=IFCPOLYLOOP((#3181,#3168,#3163));
#3242=IFCFACEOUTERBOUND(#3241,.T.);
#3243=IFCFACE((#3242));
#3244=IFCPOLYLOOP((#3183,#3170,#3160));
#3245=IFCFACEOUTERBOUND(#3244,.T.);
#3246=IFCFACE((#3245));
#3247=IFCPOLYLOOP((#3173,#3164,#3180));
#3248=IFCFACEOUTERBOUND(#3247,.T.);
#3249=IFCFACE((#3248));
#3250=IFCPOLYLOOP((#3174,#3181,#3163));
#3251=IFCFACEOUTERBOUND(#3250,.T.);
#3252=IFCFACE((#3251));
#3253=IFCPOLYLOOP((#3162,#3175,#3182));
#3254=IFCFACEOUTERBOUND(#3253,.T.);
#3255=IFCFACE((#3254));
#3256=IFCPOLYLOOP((#3179,#3160,#3172));
#3257=IFCFACEOUTERBOUND(#3256,.T.);
#3258=IFCFACE((#3257));
#3259=IFCPOLYLOOP((#3170,#3183,#3176));
#3260=IFCFACEOUTERBOUND(#3259,.T.);
#3261=IFCFACE((#3260));
#3262=IFCPOLYLOOP((#3172,#3160,#3170));
#3263=IFCFACEOUTERBOUND(#3262,.T.);
#3264=IFCFACE((#3263));
#3265=IFCPOLYLOOP((#3179,#3157,#3159));
#3266=IFCFACEOUTERBOUND(#3265,.T.);
#3267=IFCFACE((#3266));
#3268=IFCPOLYLOOP((#3181,#3174,#3167));
#3269=IFCFACEOUTERBOUND(#3268,.T.);
#3270=IFCFACE((#3269));
#3271=IFCPOLYLOOP((#3162,#3168,#3175));
#3272=IFCFACEOUTERBOUND(#3271,.T.);
#3273=IFCFACE((#3272));
#3274=IFCPOLYLOOP((#3171,#3165,#3178));
#3275=IFCFACEOUTERBOUND(#3274,.T.);
#3276=IFCFACE((#3275));
#3277=IFCPOLYLOOP((#3158,#3194,#3184,#3192,#3185,#3195,#3186,#3191,#3187,#3189,#3188,#3190,#3156,#3155,#3178,#3165,#3180,#3164,#3174,#3163,#3177,#3162,#3182,#3161,#3183,#3160,#3179,#3159));
#3278=IFCFACEOUTERBOUND(#3277,.T.);
#3279=IFCFACE((#3278));
#3280=IFCPOLYLOOP((#3188,#3189,#3187,#3167,#3173,#3166));
#3281=IFCFACEOUTERBOUND(#3280,.T.);
#3282=IFCFACE((#3281));
#3283=IFCPOLYLOOP((#3154,#3156,#3190,#3188,#3166,#3171));
#3284=IFCFACEOUTERBOUND(#3283,.T.);
#3285=IFCFACE((#3284));
#3286=IFCPOLYLOOP((#3167,#3187,#3191,#3186,#3168,#3181));
#3287=IFCFACEOUTERBOUND(#3286,.T.);
#3288=IFCFACE((#3287));
#3289=IFCPOLYLOOP((#3185,#3192,#3184,#3170,#3176,#3169));
#3290=IFCFACEOUTERBOUND(#3289,.T.);
#3291=IFCFACE((#3290));
#3292=IFCPOLYLOOP((#3168,#3186,#3195,#3185,#3169,#3175));
#3293=IFCFACEOUTERBOUND(#3292,.T.);
#3294=IFCFACE((#3293));
#3295=IFCPOLYLOOP((#3184,#3194,#3158,#3157,#3193,#3172,#3170));
#3296=IFCFACEOUTERBOUND(#3295,.T.);
#3297=IFCFACE((#3296));
#3298=IFCCARTESIANPOINT((-157.62934351578264,97.472128048275479,400.05000000000001));
#3299=IFCCARTESIANPOINT((-171.06066395069993,73.77386398591446,400.05000000000001));
#3300=IFCCARTESIANPOINT((-177.58511020086289,49.424299089054131,400.05000000000001));
#3301=IFCCARTESIANPOINT((-181.98457146844476,24.473714386105627,400.05000000000001));
#3302=IFCCARTESIANPOINT((-184.12574403160019,0.,400.05000000000001));
#3303=IFCCARTESIANPOINT((-179.79507157105454,-49.499812730165871,400.05000000000001));
#3304=IFCCARTESIANPOINT((-166.34700001581447,-99.688699038144563,400.05000000000001));
#3305=IFCCARTESIANPOINT((-148.04696022387267,-149.96764514162442,400.05000000000001));
#3306=IFCCARTESIANPOINT((-124.70458082616943,-200.02553930115999,400.05000000000001));
#3307=IFCCARTESIANPOINT((-90.097158248555971,-249.91259411357427,400.05000000000001));
#3308=IFCCARTESIANPOINT((-65.691016996320627,-274.31873536580997,400.05000000000001));
#3309=IFCCARTESIANPOINT((-44.899086249818872,-286.32296217927524,400.05000000000001));
#3310=IFCCARTESIANPOINT((-11.580323672501383,-298.45000000000164,400.05000000000001));
#3311=IFCCARTESIANPOINT((11.580323672501263,-298.45000000000158,400.05000000000001));
#3312=IFCCARTESIANPOINT((44.899086249817806,-286.32296217927558,400.05000000000001));
#3313=IFCCARTESIANPOINT((65.691016996320258,-274.3187353658102,400.05000000000001));
#3314=IFCCARTESIANPOINT((90.097158248555289,-249.91259411357493,400.05000000000001));
#3315=IFCCARTESIANPOINT((124.70458082616925,-200.02553930116002,400.05000000000001));
#3316=IFCCARTESIANPOINT((148.04696022387148,-149.96764514162859,400.05000000000001));
#3317=IFCCARTESIANPOINT((166.34700001581359,-99.68869903814678,400.05000000000001));
#3318=IFCCARTESIANPOINT((179.79507157105442,-49.499812730166589,400.05000000000001));
#3319=IFCCARTESIANPOINT((184.12574403160022,0.,400.05000000000001));
#3320=IFCCARTESIANPOINT((181.98457146844441,24.473714386107996,400.05000000000001));
#3321=IFCCARTESIANPOINT((177.5851102008632,49.424299089052013,400.05000000000001));
#3322=IFCCARTESIANPOINT((171.06066395069982,73.773863985914218,400.05000000000001));
#3323=IFCCARTESIANPOINT((157.62934351578272,97.472128048275351,400.05000000000001));
#3324=IFCCARTESIANPOINT((129.09426284348103,121.41590371601747,400.05000000000001));
#3325=IFCCARTESIANPOINT((95.775500266165579,133.54294153674292,400.05000000000001));
#3326=IFCCARTESIANPOINT((24.844446986610194,146.04999999999833,400.05000000000001));
#3327=IFCCARTESIANPOINT((-24.844446986610297,146.04999999999831,400.05000000000001));
#3328=IFCCARTESIANPOINT((-95.775500266164372,133.54294153674326,400.05000000000001));
#3329=IFCCARTESIANPOINT((-129.09426284348126,121.41590371601731,400.05000000000001));
#3330=IFCPOLYLOOP((#3298,#3299,#3300,#3301,#3302,#3303,#3304,#3305,#3306,#3307,#3308,#3309,#3310,#3311,#3312,#3313,#3314,#3315,#3316,#3317,#3318,#3319,#3320,#3321,#3322,#3323,#3324,#3325,#3326,#3327,#3328,#3329));
#3331=IFCFACEOUTERBOUND(#3330,.T.);
#3332=IFCFACE((#3331));
#3333=IFCCARTESIANPOINT((-162.588783588111,101.59999999999883,387.21814527230197));
#3334=IFCCARTESIANPOINT((-132.31824233621822,127.,387.21814527230197));
#3335=IFCCARTESIANPOINT((-97.425279109145123,139.69999999999825,387.21814527230197));
#3336=IFCCARTESIANPOINT((-25.399999999994225,152.39999999999938,387.21814527230197));
#3337=IFCCARTESIANPOINT((25.399999999993522,152.39999999999949,387.21814527230197));
#3338=IFCCARTESIANPOINT((97.425279109144697,139.6999999999984,387.21814527230197));
#3339=IFCCARTESIANPOINT((132.31824233621839,127.,387.21814527230197));
#3340=IFCCARTESIANPOINT((162.58878358811094,101.59999999999901,387.21814527230197));
#3341=IFCCARTESIANPOINT((176.98458651060216,76.199999999998596,387.21814527230197));
#3342=IFCCARTESIANPOINT((183.7904959983527,50.799999999998207,387.21814527230197));
#3343=IFCCARTESIANPOINT((188.28624413420997,25.303345331532061,387.21814527230197));
#3344=IFCCARTESIANPOINT((190.50000000000054,0.,387.21814527230197));
#3345=IFCCARTESIANPOINT((186.07248826841956,-50.606690663061713,387.21814527230197));
#3346=IFCCARTESIANPOINT((172.408872212196,-101.60000000000127,387.21814527230197));
#3347=IFCCARTESIANPOINT((153.91918431147465,-152.39999999999748,387.21814527230197));
#3348=IFCCARTESIANPOINT((130.23075527719948,-203.20000000000144,387.21814527230197));
#3349=IFCCARTESIANPOINT((94.990008483198167,-254.,387.21814527230197));
#3350=IFCCARTESIANPOINT((69.590008483198162,-279.40000000000151,387.21814527230197));
#3351=IFCCARTESIANPOINT((47.592963227073739,-292.10000000000156,387.21814527230197));
#3352=IFCCARTESIANPOINT((12.700000000003103,-304.80000000000058,387.21814527230197));
#3353=IFCCARTESIANPOINT((-12.70000000000339,-304.80000000000058,387.21814527230197));
#3354=IFCCARTESIANPOINT((-47.59296322707398,-292.10000000000173,387.21814527230197));
#3355=IFCCARTESIANPOINT((-69.590008483198886,-279.40000000000146,387.21814527230197));
#3356=IFCCARTESIANPOINT((-94.990008483197656,-254.,387.21814527230197));
#3357=IFCCARTESIANPOINT((-130.23075527719948,-203.20000000000232,387.21814527230197));
#3358=IFCCARTESIANPOINT((-153.91918431147275,-152.40000000000211,387.21814527230197));
#3359=IFCCARTESIANPOINT((-172.40887221219506,-101.60000000000556,387.21814527230197));
#3360=IFCCARTESIANPOINT((-186.07248826841939,-50.606690663062871,387.21814527230197));
#3361=IFCCARTESIANPOINT((-190.50000000000048,0.,387.21814527230197));
#3362=IFCCARTESIANPOINT((-188.28624413421008,25.303345331531208,387.21814527230197));
#3363=IFCCARTESIANPOINT((-183.79049599835255,50.799999999999351,387.21814527230197));
#3364=IFCCARTESIANPOINT((-176.98458651060204,76.199999999998667,387.21814527230197));
#3365=IFCPOLYLOOP((#3333,#3334,#3335,#3336,#3337,#3338,#3339,#3340,#3341,#3342,#3343,#3344,#3345,#3346,#3347,#3348,#3349,#3350,#3351,#3352,#3353,#3354,#3355,#3356,#3357,#3358,#3359,#3360,#3361,#3362,#3363,#3364));
#3366=IFCFACEOUTERBOUND(#3365,.T.);
#3367=IFCFACE((#3366));
#3368=IFCPOLYLOOP((#3333,#3364,#3299,#3298));
#3369=IFCFACEOUTERBOUND(#3368,.T.);
#3370=IFCFACE((#3369));
#3371=IFCPOLYLOOP((#3364,#3363,#3300,#3299));
#3372=IFCFACEOUTERBOUND(#3371,.T.);
#3373=IFCFACE((#3372));
#3374=IFCPOLYLOOP((#3363,#3362,#3301,#3300));
#3375=IFCFACEOUTERBOUND(#3374,.T.);
#3376=IFCFACE((#3375));
#3377=IFCPOLYLOOP((#3362,#3361,#3302,#3301));
#3378=IFCFACEOUTERBOUND(#3377,.T.);
#3379=IFCFACE((#3378));
#3380=IFCPOLYLOOP((#3361,#3360,#3303,#3302));
#3381=IFCFACEOUTERBOUND(#3380,.T.);
#3382=IFCFACE((#3381));
#3383=IFCPOLYLOOP((#3360,#3359,#3304,#3303));
#3384=IFCFACEOUTERBOUND(#3383,.T.);
#3385=IFCFACE((#3384));
#3386=IFCPOLYLOOP((#3359,#3358,#3305,#3304));
#3387=IFCFACEOUTERBOUND(#3386,.T.);
#3388=IFCFACE((#3387));
#3389=IFCPOLYLOOP((#3358,#3357,#3306,#3305));
#3390=IFCFACEOUTERBOUND(#3389,.T.);
#3391=IFCFACE((#3390));
#3392=IFCPOLYLOOP((#3357,#3356,#3307,#3306));
#3393=IFCFACEOUTERBOUND(#3392,.T.);
#3394=IFCFACE((#3393));
#3395=IFCPOLYLOOP((#3356,#3355,#3308,#3307));
#3396=IFCFACEOUTERBOUND(#3395,.T.);
#3397=IFCFACE((#3396));
#3398=IFCPOLYLOOP((#3355,#3354,#3309,#3308));
#3399=IFCFACEOUTERBOUND(#3398,.T.);
#3400=IFCFACE((#3399));
#3401=IFCPOLYLOOP((#3354,#3353,#3310,#3309));
#3402=IFCFACEOUTERBOUND(#3401,.T.);
#3403=IFCFACE((#3402));
#3404=IFCPOLYLOOP((#3353,#3352,#3311,#3310));
#3405=IFCFACEOUTERBOUND(#3404,.T.);
#3406=IFCFACE((#3405));
#3407=IFCPOLYLOOP((#3352,#3351,#3312,#3311));
#3408=IFCFACEOUTERBOUND(#3407,.T.);
#3409=IFCFACE((#3408));
#3410=IFCPOLYLOOP((#3351,#3350,#3313,#3312));
#3411=IFCFACEOUTERBOUND(#3410,.T.);
#3412=IFCFACE((#3411));
#3413=IFCPOLYLOOP((#3350,#3349,#3314,#3313));
#3414=IFCFACEOUTERBOUND(#3413,.T.);
#3415=IFCFACE((#3414));
#3416=IFCPOLYLOOP((#3349,#3348,#3315,#3314));
#3417=IFCFACEOUTERBOUND(#3416,.T.);
#3418=IFCFACE((#3417));
#3419=IFCPOLYLOOP((#3348,#3347,#3316,#3315));
#3420=IFCFACEOUTERBOUND(#3419,.T.);
#3421=IFCFACE((#3420));
#3422=IFCPOLYLOOP((#3347,#3346,#3317,#3316));
#3423=IFCFACEOUTERBOUND(#3422,.T.);
#3424=IFCFACE((#3423));
#3425=IFCPOLYLOOP((#3346,#3345,#3318,#3317));
#3426=IFCFACEOUTERBOUND(#3425,.T.);
#3427=IFCFACE((#3426));
#3428=IFCPOLYLOOP((#3345,#3344,#3319,#3318));
#3429=IFCFACEOUTERBOUND(#3428,.T.);
#3430=IFCFACE((#3429));
#3431=IFCPOLYLOOP((#3344,#3343,#3320,#3319));
#3432=IFCFACEOUTERBOUND(#3431,.T.);
#3433=IFCFACE((#3432));
#3434=IFCPOLYLOOP((#3343,#3342,#3321,#3320));
#3435=IFCFACEOUTERBOUND(#3434,.T.);
#3436=IFCFACE((#3435));
#3437=IFCPOLYLOOP((#3342,#3341,#3322,#3321));
#3438=IFCFACEOUTERBOUND(#3437,.T.);
#3439=IFCFACE((#3438));
#3440=IFCPOLYLOOP((#3341,#3340,#3323,#3322));
#3441=IFCFACEOUTERBOUND(#3440,.T.);
#3442=IFCFACE((#3441));
#3443=IFCPOLYLOOP((#3340,#3339,#3324,#3323));
#3444=IFCFACEOUTERBOUND(#3443,.T.);
#3445=IFCFACE((#3444));
#3446=IFCPOLYLOOP((#3339,#3338,#3325,#3324));
#3447=IFCFACEOUTERBOUND(#3446,.T.);
#3448=IFCFACE((#3447));
#3449=IFCPOLYLOOP((#3338,#3337,#3326,#3325));
#3450=IFCFACEOUTERBOUND(#3449,.T.);
#3451=IFCFACE((#3450));
#3452=IFCPOLYLOOP((#3337,#3336,#3327,#3326));
#3453=IFCFACEOUTERBOUND(#3452,.T.);
#3454=IFCFACE((#3453));
#3455=IFCPOLYLOOP((#3336,#3335,#3328,#3327));
#3456=IFCFACEOUTERBOUND(#3455,.T.);
#3457=IFCFACE((#3456));
#3458=IFCPOLYLOOP((#3335,#3334,#3329,#3328));
#3459=IFCFACEOUTERBOUND(#3458,.T.);
#3460=IFCFACE((#3459));
#3461=IFCPOLYLOOP((#3334,#3333,#3298,#3329));
#3462=IFCFACEOUTERBOUND(#3461,.T.);
#3463=IFCFACE((#3462));
#3464=IFCCARTESIANPOINT((228.58688693507665,469.88688693507396,704.84999999999945));
#3465=IFCCARTESIANPOINT((-228.58688693507568,469.88688693507396,704.84999999999945));
#3466=IFCCARTESIANPOINT((-228.58688693507602,298.44999999999982,704.84999999999945));
#3467=IFCCARTESIANPOINT((-223.27087045362197,271.72458040199211,704.84999999999945));
#3468=IFCCARTESIANPOINT((-208.1321363287511,249.06786367124906,704.84999999999945));
#3469=IFCCARTESIANPOINT((-185.47541959800836,233.92912954637754,704.84999999999945));
#3470=IFCCARTESIANPOINT((-158.75000000000026,228.61311306492277,704.84999999999945));
#3471=IFCCARTESIANPOINT((158.7499999999992,228.61311306492169,704.84999999999945));
#3472=IFCCARTESIANPOINT((185.47541959800699,233.92912954637575,704.84999999999945));
#3473=IFCCARTESIANPOINT((208.13213632875014,249.0678636712467,704.84999999999945));
#3474=IFCCARTESIANPOINT((223.27087045362148,271.72458040198933,704.84999999999945));
#3475=IFCCARTESIANPOINT((228.58688693507665,298.44999999999737,704.84999999999945));
#3476=IFCCARTESIANPOINT((228.58688693507665,469.88688693507396,654.04999999998006));
#3477=IFCCARTESIANPOINT((228.58688693507631,298.44999999999692,654.04999999998006));
#3478=IFCCARTESIANPOINT((223.27087045362148,271.72458040198933,654.04999999998006));
#3479=IFCCARTESIANPOINT((208.13213632875014,249.0678636712467,654.04999999998006));
#3480=IFCCARTESIANPOINT((185.47541959800699,233.92912954637575,654.04999999998006));
#3481=IFCCARTESIANPOINT((158.74999999999974,228.61311306492169,654.04999999998006));
#3482=IFCCARTESIANPOINT((-158.75000000000077,228.61311306492277,654.04999999998006));
#3483=IFCCARTESIANPOINT((-185.47541959800836,233.92912954637754,654.04999999998006));
#3484=IFCCARTESIANPOINT((-208.1321363287511,249.06786367124906,654.04999999998006));
#3485=IFCCARTESIANPOINT((-223.27087045362197,271.72458040199211,654.04999999998006));
#3486=IFCCARTESIANPOINT((-228.58688693507602,298.44999999999936,654.04999999998006));
#3487=IFCCARTESIANPOINT((-228.58688693507568,469.88688693507396,654.04999999998006));
#3488=IFCCARTESIANPOINT((-225.19407316110266,281.39317332467357,704.84999999999945));
#3489=IFCCARTESIANPOINT((-225.92887869434907,285.08729020099622,654.04999999998006));
#3490=IFCCARTESIANPOINT((-215.70150339118678,260.39622203662094,654.04999999998006));
#3491=IFCCARTESIANPOINT((-215.70150339118678,260.39622203662094,704.84999999999945));
#3492=IFCCARTESIANPOINT((-175.80682672143672,232.00592684806844,704.84999999999945));
#3493=IFCCARTESIANPOINT((-172.11270979900479,231.27112130565024,654.04999999998006));
#3494=IFCCARTESIANPOINT((-196.8037779633801,241.49849660881355,654.04999999998006));
#3495=IFCCARTESIANPOINT((-196.8037779633801,241.49849660881355,704.84999999999945));
#3496=IFCCARTESIANPOINT((175.80682666664202,232.00592683716781,704.84999999999945));
#3497=IFCCARTESIANPOINT((172.11270979900266,231.27112130564865,654.04999999998006));
#3498=IFCCARTESIANPOINT((196.80377796337814,241.498496608811,654.04999999998006));
#3499=IFCCARTESIANPOINT((196.8037779633782,241.498496608811,704.84999999999945));
#3500=IFCCARTESIANPOINT((225.19407314995635,281.39317326863573,704.84999999999945));
#3501=IFCCARTESIANPOINT((225.92887869434884,285.08729020099292,654.04999999998006));
#3502=IFCCARTESIANPOINT((215.70150339118558,260.39622203661764,654.04999999998006));
#3503=IFCCARTESIANPOINT((215.70150339118558,260.39622203661764,704.84999999999945));
#3504=IFCPOLYLOOP((#3471,#3496,#3472,#3499,#3473,#3503,#3474,#3500,#3475,#3464,#3465,#3466,#3488,#3467,#3491,#3468,#3495,#3469,#3492,#3470));
#3505=IFCFACEOUTERBOUND(#3504,.T.);
#3506=IFCFACE((#3505));
#3507=IFCPOLYLOOP((#3486,#3487,#3476,#3477,#3501,#3478,#3502,#3479,#3498,#3480,#3497,#3481,#3482,#3493,#3483,#3494,#3484,#3490,#3485,#3489));
#3508=IFCFACEOUTERBOUND(#3507,.T.);
#3509=IFCFACE((#3508));
#3510=IFCPOLYLOOP((#3465,#3464,#3476,#3487));
#3511=IFCFACEOUTERBOUND(#3510,.T.);
#3512=IFCFACE((#3511));
#3513=IFCPOLYLOOP((#3466,#3465,#3487,#3486));
#3514=IFCFACEOUTERBOUND(#3513,.T.);
#3515=IFCFACE((#3514));
#3516=IFCPOLYLOOP((#3485,#3467,#3488,#3466,#3486,#3489));
#3517=IFCFACEOUTERBOUND(#3516,.T.);
#3518=IFCFACE((#3517));
#3519=IFCPOLYLOOP((#3492,#3469,#3483,#3493,#3482,#3470));
#3520=IFCFACEOUTERBOUND(#3519,.T.);
#3521=IFCFACE((#3520));
#3522=IFCPOLYLOOP((#3467,#3485,#3490,#3484,#3468,#3491));
#3523=IFCFACEOUTERBOUND(#3522,.T.);
#3524=IFCFACE((#3523));
#3525=IFCPOLYLOOP((#3484,#3494,#3483,#3469,#3495,#3468));
#3526=IFCFACEOUTERBOUND(#3525,.T.);
#3527=IFCFACE((#3526));
#3528=IFCPOLYLOOP((#3471,#3470,#3482,#3481));
#3529=IFCFACEOUTERBOUND(#3528,.T.);
#3530=IFCFACE((#3529));
#3531=IFCPOLYLOOP((#3480,#3472,#3496,#3471,#3481,#3497));
#3532=IFCFACEOUTERBOUND(#3531,.T.);
#3533=IFCFACE((#3532));
#3534=IFCPOLYLOOP((#3500,#3474,#3478,#3501,#3477,#3475));
#3535=IFCFACEOUTERBOUND(#3534,.T.);
#3536=IFCFACE((#3535));
#3537=IFCPOLYLOOP((#3472,#3480,#3498,#3479,#3473,#3499));
#3538=IFCFACEOUTERBOUND(#3537,.T.);
#3539=IFCFACE((#3538));
#3540=IFCPOLYLOOP((#3479,#3502,#3478,#3474,#3503,#3473));
#3541=IFCFACEOUTERBOUND(#3540,.T.);
#3542=IFCFACE((#3541));
#3543=IFCPOLYLOOP((#3464,#3475,#3477,#3476));
#3544=IFCFACEOUTERBOUND(#3543,.T.);
#3545=IFCFACE((#3544));
#3546=IFCCARTESIANPOINT((-38.099999999999731,342.89999999999907,336.55000000000024));
#3547=IFCCARTESIANPOINT((38.099999999999731,342.89999999999878,336.55000000000024));
#3548=IFCCARTESIANPOINT((34.326913867082034,359.43097046037769,336.55000000000024));
#3549=IFCCARTESIANPOINT((23.754961450817735,372.68777948203069,336.55000000000024));
#3550=IFCCARTESIANPOINT((8.4780475837356697,380.04475345412624,336.55000000000024));
#3551=IFCCARTESIANPOINT((-8.4780475837353997,380.04475345412629,336.55000000000024));
#3552=IFCCARTESIANPOINT((-23.754961450817511,372.68777948203081,336.55000000000024));
#3553=IFCCARTESIANPOINT((-34.326913867081906,359.43097046037798,336.55000000000024));
#3554=IFCCARTESIANPOINT((-38.099999999999731,342.89999999999907,206.37499999999966));
#3555=IFCCARTESIANPOINT((-34.326913867081906,359.43097046037798,206.37499999999966));
#3556=IFCCARTESIANPOINT((-23.754961450817511,372.68777948203081,206.37499999999966));
#3557=IFCCARTESIANPOINT((-8.4780475837353997,380.04475345412629,206.37499999999966));
#3558=IFCCARTESIANPOINT((8.4780475837356697,380.04475345412624,206.37499999999966));
#3559=IFCCARTESIANPOINT((23.754961450817735,372.68777948203069,206.37499999999966));
#3560=IFCCARTESIANPOINT((34.326913867082034,359.43097046037769,206.37499999999966));
#3561=IFCCARTESIANPOINT((38.099999999999731,342.89999999999878,206.37499999999966));
#3562=IFCCARTESIANPOINT((35.670624580925171,353.54378916227716,206.37499999999966));
#3563=IFCCARTESIANPOINT((36.213456933540932,351.16548523018798,336.55000000000024));
#3564=IFCCARTESIANPOINT((29.040937658950018,366.05937497120402,336.55000000000024));
#3565=IFCCARTESIANPOINT((29.040937658950003,366.05937497120402,206.37499999999966));
#3566=IFCCARTESIANPOINT((16.11650451727693,376.36626646807838,336.55000000000024));
#3567=IFCCARTESIANPOINT((16.11650451727693,376.36626646807832,206.37499999999966));
#3568=IFCCARTESIANPOINT((0.,380.04475345412624,336.55000000000024));
#3569=IFCCARTESIANPOINT((0.,380.04475345412624,206.37499999999966));
#3570=IFCCARTESIANPOINT((-16.116504517276265,376.36626646807866,336.55000000000024));
#3571=IFCCARTESIANPOINT((-16.116504517276283,376.36626646807866,206.37499999999966));
#3572=IFCCARTESIANPOINT((-29.040937658949566,366.05937497120453,336.55000000000024));
#3573=IFCCARTESIANPOINT((-29.040937658949581,366.05937497120453,206.37499999999966));
#3574=IFCCARTESIANPOINT((-35.670624580911088,353.54378916233867,336.55000000000024));
#3575=IFCCARTESIANPOINT((-36.213456933540769,351.16548523018872,206.37499999999966));
#3576=IFCPOLYLOOP((#3574,#3546,#3547,#3563,#3548,#3564,#3549,#3566,#3550,#3568,#3551,#3570,#3552,#3572,#3553));
#3577=IFCFACEOUTERBOUND(#3576,.T.);
#3578=IFCFACE((#3577));
#3579=IFCPOLYLOOP((#3558,#3567,#3559,#3565,#3560,#3562,#3561,#3554,#3575,#3555,#3573,#3556,#3571,#3557,#3569));
#3580=IFCFACEOUTERBOUND(#3579,.T.);
#3581=IFCFACE((#3580));
#3582=IFCPOLYLOOP((#3547,#3546,#3554,#3561));
#3583=IFCFACEOUTERBOUND(#3582,.T.);
#3584=IFCFACE((#3583));
#3585=IFCPOLYLOOP((#3560,#3548,#3563,#3547,#3561,#3562));
#3586=IFCFACEOUTERBOUND(#3585,.T.);
#3587=IFCFACE((#3586));
#3588=IFCPOLYLOOP((#3559,#3549,#3564,#3548,#3560,#3565));
#3589=IFCFACEOUTERBOUND(#3588,.T.);
#3590=IFCFACE((#3589));
#3591=IFCPOLYLOOP((#3574,#3553,#3555,#3575,#3554,#3546));
#3592=IFCFACEOUTERBOUND(#3591,.T.);
#3593=IFCFACE((#3592));
#3594=IFCPOLYLOOP((#3558,#3550,#3566,#3549,#3559,#3567));
#3595=IFCFACEOUTERBOUND(#3594,.T.);
#3596=IFCFACE((#3595));
#3597=IFCPOLYLOOP((#3568,#3550,#3558,#3569,#3557,#3551));
#3598=IFCFACEOUTERBOUND(#3597,.T.);
#3599=IFCFACE((#3598));
#3600=IFCPOLYLOOP((#3556,#3552,#3570,#3551,#3557,#3571));
#3601=IFCFACEOUTERBOUND(#3600,.T.);
#3602=IFCFACE((#3601));
#3603=IFCPOLYLOOP((#3552,#3556,#3573,#3555,#3553,#3572));
#3604=IFCFACEOUTERBOUND(#3603,.T.);
#3605=IFCFACE((#3604));
#3606=IFCCARTESIANPOINT((177.80000000000285,419.10000000000031,387.21814527230214));
#3607=IFCCARTESIANPOINT((177.80000000000285,419.10000000000031,374.64999999999918));
#3608=IFCCARTESIANPOINT((177.80000000000285,298.44999999999789,374.64999999999918));
#3609=IFCCARTESIANPOINT((177.80000000000285,298.44999999999789,387.21814527230219));
#3610=IFCCARTESIANPOINT((192.8020829112169,434.10208291121432,387.21814527230214));
#3611=IFCCARTESIANPOINT((192.80208291121679,298.44999999999789,387.21814527230219));
#3612=IFCCARTESIANPOINT((211.46509306122209,452.76509306121949,402.44786358886489));
#3613=IFCCARTESIANPOINT((207.87238019474688,449.17238019474433,394.61530700061769));
#3614=IFCCARTESIANPOINT((201.19600722956798,442.49600722956552,389.16713552030802));
#3615=IFCCARTESIANPOINT((201.19600722956793,298.44999999999789,389.16713552030819));
#3616=IFCCARTESIANPOINT((207.8723801947466,298.44999999999789,394.61530700061797));
#3617=IFCCARTESIANPOINT((211.46509306122161,298.44999999999789,402.44786358886495));
#3618=IFCCARTESIANPOINT((195.97290932893685,298.44999999999789,387.95438133208478));
#3619=IFCCARTESIANPOINT((196.99904507039238,438.29904507038992,388.19264039630508));
#3620=IFCCARTESIANPOINT((204.53419371215745,445.8341937121549,391.89122126046283));
#3621=IFCCARTESIANPOINT((204.53419371215728,298.44999999999789,391.89122126046311));
#3622=IFCCARTESIANPOINT((210.10815177299349,451.40815177299089,399.48956443666816));
#3623=IFCCARTESIANPOINT((209.66873662798412,298.44999999999789,398.53158529474143));
#3624=IFCCARTESIANPOINT((218.7732505714396,460.07325057143697,438.15000000000163));
#3625=IFCCARTESIANPOINT((218.77325057143932,298.44999999999789,438.15000000000043));
#3626=IFCCARTESIANPOINT((228.58688693507705,469.88688693507447,654.05000000000234));
#3627=IFCCARTESIANPOINT((228.58688693507705,298.44999999999789,654.05000000000223));
#3628=IFCCARTESIANPOINT((228.58688693507705,469.88688693507447,704.84999999999945));
#3629=IFCCARTESIANPOINT((228.58688693507705,298.44999999999789,704.84999999999934));
#3630=IFCCARTESIANPOINT((237.9181699828672,479.21816998286465,704.84999999999945));
#3631=IFCCARTESIANPOINT((237.91816998286714,298.44999999999789,704.84999999999934));
#3632=IFCCARTESIANPOINT((250.56984264863272,491.86984264862991,693.25687793289501));
#3633=IFCCARTESIANPOINT((248.52886518781168,489.8288651878089,699.12876402149891));
#3634=IFCCARTESIANPOINT((243.94559467866225,485.24559467865964,703.32855766798696));
#3635=IFCCARTESIANPOINT((243.9455946786621,298.44999999999789,703.32855766798673));
#3636=IFCCARTESIANPOINT((248.52886518781125,298.44999999999789,699.12876402149857));
#3637=IFCCARTESIANPOINT((250.56984264863209,298.44999999999789,693.25687793289489));
#3638=IFCCARTESIANPOINT((237.91816998286714,422.88407953195826,704.84999999999945));
#3639=IFCCARTESIANPOINT((240.11079117920571,481.41079117920327,704.2965386339032));
#3640=IFCCARTESIANPOINT((240.11215402566611,298.44999999999789,704.29619462424682));
#3641=IFCCARTESIANPOINT((241.17523234348405,389.93619379261906,704.42524112916067));
#3642=IFCCARTESIANPOINT((246.49816562080187,391.84779734955879,701.51342217637387));
#3643=IFCCARTESIANPOINT((250.56984264863229,367.43576328636607,693.25687793289501));
#3644=IFCCARTESIANPOINT((249.82692636071766,298.44999999999789,695.39424588513452));
#3645=IFCCARTESIANPOINT((249.64868798862537,400.27642455621816,697.01671833133787));
#3646=IFCCARTESIANPOINT((237.91816998286714,360.66703976597807,704.84999999999945));
#3647=IFCCARTESIANPOINT((244.00931122640262,401.25117653216046,703.29396690372369));
#3648=IFCCARTESIANPOINT((246.23722993323668,298.44999999999789,701.22866084474265));
#3649=IFCCARTESIANPOINT((246.23722993323696,487.5372299332343,701.22866084474288));
#3650=IFCCARTESIANPOINT((250.56984264863249,429.65280296749791,693.25687793289501));
#3651=IFCCARTESIANPOINT((249.54935391822221,490.84935391821938,696.19282097719702));
#3652=IFCCARTESIANPOINT((248.29900802660876,413.26095260010351,699.46629698068648));
#3653=IFCCARTESIANPOINT((253.39602735109855,494.69602735109601,660.95343896644704));
#3654=IFCCARTESIANPOINT((253.39602735109855,298.44999999999789,660.95343896644715));
#3655=IFCCARTESIANPOINT((247.07019101821609,488.37019101821346,654.04999999999927));
#3656=IFCCARTESIANPOINT((249.62763249881917,490.92763249881654,654.58777210759069));
#3657=IFCCARTESIANPOINT((251.75190210696053,493.05190210695781,656.11000218163974));
#3658=IFCCARTESIANPOINT((253.08319734051028,494.38319734050748,658.35885939532432));
#3659=IFCCARTESIANPOINT((253.08319734050971,298.44999999999789,658.35885939532443));
#3660=IFCCARTESIANPOINT((251.75190210696019,298.44999999999789,656.11000218164008));
#3661=IFCCARTESIANPOINT((249.62763249881908,298.44999999999789,654.58777210759092));
#3662=IFCCARTESIANPOINT((247.07019101821612,298.44999999999789,654.04999999999927));
#3663=IFCCARTESIANPOINT((247.07019101821609,386.43817883695607,654.04999999999927));
#3664=IFCCARTESIANPOINT((253.39602735109858,396.57302192398356,660.95343896644704));
#3665=IFCCARTESIANPOINT((253.39602735109838,342.44410870489264,660.95343896644704));
#3666=IFCCARTESIANPOINT((247.07019101821609,444.3760917080495,654.04999999999927));
#3667=IFCCARTESIANPOINT((253.39602735109875,450.70193514307442,660.95343896644704));
#3668=IFCCARTESIANPOINT((247.07019101821609,342.44407952679217,654.04999999999927));
#3669=IFCCARTESIANPOINT((251.75190206415144,364.44113537637406,656.1100021349223));
#3670=IFCCARTESIANPOINT((251.58324238435296,404.36895599898298,655.93291287676004));
#3671=IFCCARTESIANPOINT((251.69349158867942,454.77139343471077,656.04711683649089));
#3672=IFCCARTESIANPOINT((241.30000000000555,482.60000000000298,654.04999999999939));
#3673=IFCCARTESIANPOINT((241.30000000000555,298.44999999999789,654.0499999999995));
#3674=IFCCARTESIANPOINT((231.48636363636822,472.78636363636565,438.14999999999918));
#3675=IFCCARTESIANPOINT((231.48636363636822,298.44999999999789,438.14999999999964));
#3676=IFCCARTESIANPOINT((222.34168242667167,463.64168242666909,393.47599625439705));
#3677=IFCCARTESIANPOINT((222.3416824266717,298.44999999999789,393.47599625439722));
#3678=IFCCARTESIANPOINT((197.80716643892876,439.10716643892619,374.64999999999918));
#3679=IFCCARTESIANPOINT((208.54167028714321,449.84167028714057,377.02978220926849));
#3680=IFCCARTESIANPOINT((217.26469529415181,458.56469529414915,383.72319471396202));
#3681=IFCCARTESIANPOINT((217.26469529415149,298.44999999999789,383.7231947139623));
#3682=IFCCARTESIANPOINT((208.54167028714315,298.44999999999789,377.02978220926866));
#3683=IFCCARTESIANPOINT((197.80716643892879,298.44999999999789,374.64999999999918));
#3684=IFCCARTESIANPOINT((203.17441836303598,444.47441836303341,375.83989110463386));
#3685=IFCCARTESIANPOINT((203.17441836303595,298.44999999999789,375.83989110463392));
#3686=IFCCARTESIANPOINT((212.90318279064732,298.44999999999789,380.37648846161551));
#3687=IFCCARTESIANPOINT((212.90318279064752,454.20318279064492,380.37648846161522));
#3688=IFCCARTESIANPOINT((219.80318886041144,298.44999999999789,388.59959548417982));
#3689=IFCCARTESIANPOINT((219.80318886041184,461.10318886040915,388.59959548417959));
#3690=IFCCARTESIANPOINT((158.75000000000037,279.39999999999537,387.21814527230214));
#3691=IFCCARTESIANPOINT((172.22038418160588,284.97961581839235,387.21814527230214));
#3692=IFCCARTESIANPOINT((172.22038418160588,284.97961581839235,374.64999999999918));
#3693=IFCCARTESIANPOINT((158.75000000000026,279.39999999999537,374.64999999999918));
#3694=IFCCARTESIANPOINT((174.04123150818435,289.37553012922882,387.21814527230214));
#3695=IFCCARTESIANPOINT((175.0101920908044,291.71480790919514,374.64999999999918));
#3696=IFCCARTESIANPOINT((175.92061575213452,293.91276505988367,374.64999999999918));
#3697=IFCCARTESIANPOINT((165.48519209080311,282.18980790919386,387.21814527230219));
#3698=IFCCARTESIANPOINT((165.48519209080305,282.18980790919386,374.64999999999918));
#3699=IFCCARTESIANPOINT((168.85278813620448,283.58471186379313,374.64999999999918));
#3700=IFCCARTESIANPOINT((173.61528813620512,288.34721186379375,374.64999999999918));
#3701=IFCCARTESIANPOINT((175.92061575409357,293.91276506461332,387.21814527230214));
#3702=IFCCARTESIANPOINT((162.11759604540177,280.79490395459459,387.21814527230214));
#3703=IFCCARTESIANPOINT((162.11759604540165,280.79490395459459,374.64999999999918));
#3704=IFCCARTESIANPOINT((168.85278813620448,283.58471186379313,387.21814527230214));
#3705=IFCCARTESIANPOINT((158.75000000000031,264.39791708878136,387.21814527230214));
#3706=IFCCARTESIANPOINT((175.77604145560863,268.96003114711033,387.21814527230214));
#3707=IFCCARTESIANPOINT((188.23996885288784,281.42395854438956,387.21814527230214));
#3708=IFCCARTESIANPOINT((158.75000000000028,245.73490693877619,402.447863588865));
#3709=IFCCARTESIANPOINT((178.92319275011374,249.74760446630739,402.447863588865));
#3710=IFCCARTESIANPOINT((196.02519977447011,261.17480022552809,402.447863588865));
#3711=IFCCARTESIANPOINT((207.45239553369083,278.27680724988443,402.447863588865));
#3712=IFCCARTESIANPOINT((158.75000000000023,256.00399277043039,389.16713552030797));
#3713=IFCCARTESIANPOINT((158.7500000000002,249.32761980525149,394.61530700061763));
#3714=IFCCARTESIANPOINT((191.20163653400451,265.99836330366435,391.34560244129744));
#3715=IFCCARTESIANPOINT((196.36997041158568,285.03753967957999,388.15069760309302));
#3716=IFCCARTESIANPOINT((202.21356724444189,281.19315492334869,392.07986477590151));
#3717=IFCCARTESIANPOINT((172.16246019034654,260.8300295926818,388.15069758759216));
#3718=IFCCARTESIANPOINT((176.00684494307458,254.98643282749467,392.07986467183434));
#3719=IFCCARTESIANPOINT((188.00982453676545,271.20392552454115,388.16428878183922));
#3720=IFCCARTESIANPOINT((199.1499307769858,268.5128119363323,396.29534482408786));
#3721=IFCCARTESIANPOINT((186.74456556314038,256.24424257797472,396.91170406046899));
#3722=IFCCARTESIANPOINT((206.35908138487659,281.47164891824025,396.73629539523671));
#3723=IFCCARTESIANPOINT((173.27232447856608,250.2590726549804,396.37461460769345));
#3724=IFCCARTESIANPOINT((209.45874429745643,288.36340362494116,402.447863588865));
#3725=IFCCARTESIANPOINT((209.8543565598186,298.44999999999789,398.93625961023264));
#3726=IFCCARTESIANPOINT((208.82650635231022,290.62616622034267,396.9793615331356));
#3727=IFCCARTESIANPOINT((206.09635403181417,288.95583487322784,393.61050065869892));
#3728=IFCCARTESIANPOINT((202.92333967528333,290.07063483809895,390.65095829528525));
#3729=IFCCARTESIANPOINT((199.37248859979047,282.71807031451954,389.76187630824813));
#3730=IFCCARTESIANPOINT((197.08853842859477,273.98778194393219,391.0250440320645));
#3731=IFCCARTESIANPOINT((194.34364013620939,276.3215523048118,388.91499667850684));
#3732=IFCCARTESIANPOINT((191.68901810166898,278.84916696627647,387.70463645545271));
#3733=IFCCARTESIANPOINT((196.64095102826593,268.95167527385752,393.31388336954132));
#3734=IFCCARTESIANPOINT((190.16976840007612,261.26154676697081,394.07002407071582));
#3735=IFCCARTESIANPOINT((184.1871493186112,259.67036945434052,391.74309525582822));
#3736=IFCCARTESIANPOINT((184.33554449788625,264.07175086041127,389.37362257463741));
#3737=IFCCARTESIANPOINT((182.58135980724145,255.96915137503041,394.09931491758834));
#3738=IFCCARTESIANPOINT((180.13674170946825,265.6622848276819,387.91188723402786));
#3739=IFCCARTESIANPOINT((190.6370588874218,269.42242163692515,389.51509258916639));
#3740=IFCCARTESIANPOINT((193.65666297688767,261.76040453098761,396.90435156068963));
#3741=IFCCARTESIANPOINT((158.75000000000026,247.53126337201385,398.53158529474126));
#3742=IFCCARTESIANPOINT((168.03206838703804,247.58122513582177,402.447863588865));
#3743=IFCCARTESIANPOINT((196.99904507039253,298.44999999999789,388.19264039630508));
#3744=IFCCARTESIANPOINT((190.52102588205241,289.9369792721937,387.21814527230214));
#3745=IFCCARTESIANPOINT((167.26302072780442,266.67897411794598,387.21814527230214));
#3746=IFCCARTESIANPOINT((158.75000000000023,260.20095492960598,388.19264039630508));
#3747=IFCCARTESIANPOINT((169.69239435965582,256.39983205228293,389.69796682389517));
#3748=IFCCARTESIANPOINT((158.7500000000002,252.66580628784095,391.89122126046283));
#3749=IFCCARTESIANPOINT((178.13891105145029,258.99539269903437,389.99823703254009));
#3750=IFCCARTESIANPOINT((167.50956747140137,253.2639066379632,391.45273131020343));
#3751=IFCCARTESIANPOINT((182.00800515424825,275.19199484574995,387.21814527230214));
#3752=IFCCARTESIANPOINT((201.73879765408046,269.72580373770626,402.447863588865));
#3753=IFCCARTESIANPOINT((187.47419626229191,255.46120234591774,402.447863588865));
#3754=IFCCARTESIANPOINT((158.75000000000028,238.42674942855865,438.15000000000163));
#3755=IFCCARTESIANPOINT((181.71990355038852,242.99574732224877,438.15000000000163));
#3756=IFCCARTESIANPOINT((201.19284750792434,256.00715249207383,438.15000000000163));
#3757=IFCCARTESIANPOINT((214.20425267774945,275.48009644960962,438.15000000000163));
#3758=IFCCARTESIANPOINT((209.86142404571444,290.38781142603835,402.447863588865));
#3759=IFCCARTESIANPOINT((216.48875162459453,286.96504822480375,438.15000000000163));
#3760=IFCCARTESIANPOINT((207.69855009283691,265.74362447084172,438.15000000000163));
#3761=IFCCARTESIANPOINT((166.81218928502642,247.33857609572374,402.447863588865));
#3762=IFCCARTESIANPOINT((170.23495177519439,240.7112483754037,438.15000000000163));
#3763=IFCCARTESIANPOINT((191.45637552915645,249.50144990716129,438.15000000000163));
#3764=IFCCARTESIANPOINT((158.75000000000026,228.61311306492118,654.05000000000234));
#3765=IFCCARTESIANPOINT((185.47541959800816,233.92912954637558,654.05000000000234));
#3766=IFCCARTESIANPOINT((208.13213632875127,249.0678636712469,654.05000000000234));
#3767=IFCCARTESIANPOINT((223.27087045362259,271.72458040199001,654.05000000000234));
#3768=IFCCARTESIANPOINT((216.1296365486877,285.15965482148022,438.15000000000043));
#3769=IFCCARTESIANPOINT((225.92887869434983,285.08729020099395,654.05000000000234));
#3770=IFCCARTESIANPOINT((215.70150339118695,260.39622203661844,654.05000000000234));
#3771=IFCCARTESIANPOINT((172.04034428566464,241.070363273711,438.15000000000043));
#3772=IFCCARTESIANPOINT((172.11270979900422,231.27112130564839,654.05000000000234));
#3773=IFCCARTESIANPOINT((196.8037779633797,241.49849660881125,654.05000000000234));
#3774=IFCCARTESIANPOINT((158.75000000000026,228.61311306492118,704.84999999999945));
#3775=IFCCARTESIANPOINT((185.47541959800816,233.92912954637558,704.84999999999945));
#3776=IFCCARTESIANPOINT((208.13213632875127,249.0678636712469,704.84999999999945));
#3777=IFCCARTESIANPOINT((223.27087045362259,271.72458040199001,704.84999999999945));
#3778=IFCCARTESIANPOINT((225.1940731389335,281.39317321321596,704.84999999999945));
#3779=IFCCARTESIANPOINT((215.70150339118695,260.39622203661844,704.84999999999945));
#3780=IFCCARTESIANPOINT((175.8068267873503,232.0059268611777,704.84999999999945));
#3781=IFCCARTESIANPOINT((196.8037779633797,241.49849660881125,704.84999999999945));
#3782=IFCCARTESIANPOINT((158.75000000000026,219.281830017131,704.84999999999945));
#3783=IFCCARTESIANPOINT((189.04634702310665,225.30814812645272,704.84999999999945));
#3784=IFCCARTESIANPOINT((214.7303498490148,242.4696501509834,704.84999999999945));
#3785=IFCCARTESIANPOINT((231.89185187354551,268.15365297689146,704.84999999999945));
#3786=IFCCARTESIANPOINT((158.75000000000023,206.63015735136577,693.25687793289489));
#3787=IFCCARTESIANPOINT((187.12389179926117,211.12414032382063,693.25687793289489));
#3788=IFCCARTESIANPOINT((212.72034937668175,224.16618687642085,693.25687793289489));
#3789=IFCCARTESIANPOINT((233.03381312357735,244.47965062331639,693.25687793289489));
#3790=IFCCARTESIANPOINT((246.07585967617763,270.07610820073694,693.25687793289489));
#3791=IFCCARTESIANPOINT((158.75000000000014,213.25440532133604,703.32855766798696));
#3792=IFCCARTESIANPOINT((158.75000000000011,208.67113481218681,699.12876402149891));
#3793=IFCCARTESIANPOINT((220.85735849345923,236.34264151761298,701.43490873824294));
#3794=IFCCARTESIANPOINT((239.42143618054365,257.96830916868214,698.33775427628973));
#3795=IFCCARTESIANPOINT((199.23169083904301,217.7785638232846,698.33775427621356));
#3796=IFCCARTESIANPOINT((227.90975453069382,251.08382298858214,703.96542087675937));
#3797=IFCCARTESIANPOINT((223.02185370266031,234.17814630181084,697.02769697338158));
#3798=IFCCARTESIANPOINT((205.5833940248051,229.82854629606908,704.23256284655884));
#3799=IFCCARTESIANPOINT((158.75000000000014,215.77579168085498,703.9650059251353));
#3800=IFCCARTESIANPOINT((183.97722740394789,217.92164859451321,703.72799381796654));
#3801=IFCCARTESIANPOINT((158.75000000000011,210.96277006676144,701.22866084474288));
#3802=IFCCARTESIANPOINT((180.65164290527943,212.19516923138426,700.19873735091926));
#3803=IFCCARTESIANPOINT((201.50291167721787,221.37698488554068,701.14206182746761));
#3804=IFCCARTESIANPOINT((158.7500000000002,207.82389958706057,696.69127079695693));
#3805=IFCCARTESIANPOINT((241.42420831922243,298.44999999999789,703.96500592511507));
#3806=IFCCARTESIANPOINT((239.49114873740692,273.95100490358681,703.73304775472889));
#3807=IFCCARTESIANPOINT((245.00483077114777,276.54835710265979,700.19873735030717));
#3808=IFCCARTESIANPOINT((235.0824955917451,256.89649860156533,702.21749671287671));
#3809=IFCCARTESIANPOINT((249.37610041290529,298.44999999999789,696.69127079705038));
#3810=IFCCARTESIANPOINT((179.79574581049695,210.25625849216124,697.53484604686207));
#3811=IFCCARTESIANPOINT((194.78472701486723,214.52757812641011,695.80228707158699));
#3812=IFCCARTESIANPOINT((246.94374150873026,277.40425419214603,697.53484604631751));
#3813=IFCCARTESIANPOINT((242.67242187273723,262.41527298291805,695.80228707128322));
#3814=IFCCARTESIANPOINT((209.64891059509625,222.90356501920897,696.51860684507596));
#3815=IFCCARTESIANPOINT((234.29643498277133,247.55108940826091,696.51860684571227));
#3816=IFCCARTESIANPOINT((208.53901953618364,228.39868257254756,702.8922929547391));
#3817=IFCCARTESIANPOINT((177.44273247370907,213.69447724509311,702.30684259962459));
#3818=IFCCARTESIANPOINT((243.52906135821081,279.80860807208995,702.29786408225425));
#3819=IFCCARTESIANPOINT((171.24212190008606,208.6087150869767,693.25687793289478));
#3820=IFCCARTESIANPOINT((178.98906726883496,209.24665926193637,695.30312687915921));
#3821=IFCCARTESIANPOINT((248.59128491309957,285.95787810040491,693.25687793289489));
#3822=IFCCARTESIANPOINT((247.95334073887906,278.2109327344055,695.30312687884896));
#3823=IFCCARTESIANPOINT((222.23577200360913,240.82580705614976,703.01868850486755));
#3824=IFCCARTESIANPOINT((217.69820787836878,238.95167355270164,703.99266389706668));
#3825=IFCCARTESIANPOINT((221.81532226860898,246.80152950076186,704.63116140027353));
#3826=IFCCARTESIANPOINT((231.97465516351579,262.08300227797884,704.58308385232692));
#3827=IFCCARTESIANPOINT((234.90501092820637,283.3018264884447,704.84999999999945));
#3828=IFCCARTESIANPOINT((223.3111008612801,255.31165156393746,704.84999999999945));
#3829=IFCCARTESIANPOINT((171.12609109658734,221.7435875960596,704.84999999999945));
#3830=IFCCARTESIANPOINT((182.38667506283329,220.26824875969237,704.59979602765839));
#3831=IFCCARTESIANPOINT((193.5733219052486,219.44592691835015,702.63230882414734));
#3832=IFCCARTESIANPOINT((228.56745975493175,242.29390788764923,699.39481676089633));
#3833=IFCCARTESIANPOINT((214.22824839725928,228.24720480732344,699.56636522203257));
#3834=IFCCARTESIANPOINT((236.64349957021844,255.81314269296263,700.42847553344427));
#3835=IFCCARTESIANPOINT((201.88834843606071,233.88889913871807,704.84999999999945));
#3836=IFCCARTESIANPOINT((238.39334595321299,279.54623172422913,704.5623016579882));
#3837=IFCCARTESIANPOINT((158.75000000000023,203.80397264889967,660.95343896644704));
#3838=IFCCARTESIANPOINT((187.99723090156573,208.43627894628656,660.95343896644704));
#3839=IFCCARTESIANPOINT((214.3815390650459,221.87975542288331,660.95343896644704));
#3840=IFCCARTESIANPOINT((235.32024457711489,242.81846093495227,660.95343896644704));
#3841=IFCCARTESIANPOINT((248.76372105371163,269.20276909843238,660.95343896644704));
#3842=IFCCARTESIANPOINT((158.75000000000026,210.12980898178219,654.04999999999927));
#3843=IFCCARTESIANPOINT((186.04243997107051,214.45250681169114,654.04999999999927));
#3844=IFCCARTESIANPOINT((210.66330576016165,226.99746451981974,654.04999999999927));
#3845=IFCCARTESIANPOINT((230.20253548017843,246.53669423983652,654.04999999999927));
#3846=IFCCARTESIANPOINT((242.74749318830712,271.15756002892761,654.04999999999927));
#3847=IFCCARTESIANPOINT((158.75000000000011,204.11680265948817,658.35885939532432));
#3848=IFCCARTESIANPOINT((158.75000000000011,205.44809789303775,656.11000218163997));
#3849=IFCCARTESIANPOINT((158.75000000000011,207.57236750117906,654.58777210759081));
#3850=IFCCARTESIANPOINT((249.92346130830421,276.03105588179483,657.34925844118311));
#3851=IFCCARTESIANPOINT((181.16894411698078,207.27653869113072,657.34925844164866));
#3852=IFCCARTESIANPOINT((224.52925996100345,232.67074004358864,656.13636304296813));
#3853=IFCCARTESIANPOINT((240.26902674604452,255.54396970408547,655.31312180420116));
#3854=IFCCARTESIANPOINT((201.65603030059611,216.93097325554439,655.31312180477926));
#3855=IFCCARTESIANPOINT((242.85056524257149,255.76117248678173,658.30483106744339));
#3856=IFCCARTESIANPOINT((201.43882750950172,214.34943475517878,658.304831068368));
#3857=IFCCARTESIANPOINT((247.59264264608282,276.81343494753116,654.86887891357537));
#3858=IFCCARTESIANPOINT((180.3865650566018,209.60735735458456,654.86887891376034));
#3859=IFCCARTESIANPOINT((220.43292062017002,236.76707937982812,654.04999999999927));
#3860=IFCCARTESIANPOINT((227.72677720693397,239.25613882993957,654.59497654279539));
#3861=IFCCARTESIANPOINT((215.01496838088764,226.68618414742502,654.73597652369915));
#3862=IFCCARTESIANPOINT((158.75000000000026,215.89999999999267,654.04999999999939));
#3863=IFCCARTESIANPOINT((184.25935288565381,219.94028457982796,654.04999999999939));
#3864=IFCCARTESIANPOINT((207.27167257674705,231.66564711434171,654.04999999999939));
#3865=IFCCARTESIANPOINT((225.53435288565649,249.92832742325112,654.04999999999939));
#3866=IFCCARTESIANPOINT((237.25971542017027,272.94064711434436,654.04999999999939));
#3867=IFCCARTESIANPOINT((158.75000000000026,225.71363636363,438.14999999999918));
#3868=IFCCARTESIANPOINT((186.58500129412087,231.25036236705932,438.14999999999918));
#3869=IFCCARTESIANPOINT((210.1823759661267,247.0176240338715,438.14999999999918));
#3870=IFCCARTESIANPOINT((225.9496376329389,270.61499870587727,438.14999999999918));
#3871=IFCCARTESIANPOINT((228.71800063465358,284.53249935293758,438.14999999999918));
#3872=IFCCARTESIANPOINT((218.0660067995328,258.81631136987437,438.14999999999918));
#3873=IFCCARTESIANPOINT((198.3836886301238,239.1339932004654,438.14999999999918));
#3874=IFCCARTESIANPOINT((172.66750064706054,228.48199936534465,438.14999999999918));
#3875=IFCCARTESIANPOINT((158.75000000000028,234.85831757332656,393.47599625439705));
#3876=IFCCARTESIANPOINT((183.08548330090966,239.69894616803856,393.47599625439705));
#3877=IFCCARTESIANPOINT((203.71610987096105,253.48389012903715,393.47599625439705));
#3878=IFCCARTESIANPOINT((217.50105383195967,274.11451669908848,393.47599625439705));
#3879=IFCCARTESIANPOINT((218.94146896045973,281.35597255965257,393.47599625439705));
#3880=IFCCARTESIANPOINT((210.60858185146034,263.79920341406279,393.47599625439693));
#3881=IFCCARTESIANPOINT((175.84402787801528,238.25853112659638,393.47599625439705));
#3882=IFCCARTESIANPOINT((193.40079658593532,246.59141814853783,393.47599625439705));
#3883=IFCCARTESIANPOINT((158.75000000000031,259.39283356106949,374.64999999999918));
#3884=IFCCARTESIANPOINT((178.27858321946456,264.62550166404884,374.64999999999918));
#3885=IFCCARTESIANPOINT((192.57449833594939,278.92141678053366,374.64999999999918));
#3886=IFCCARTESIANPOINT((158.7500000000002,239.93530470584648,383.72319471396213));
#3887=IFCCARTESIANPOINT((158.7500000000002,248.65832971285505,377.02978220926855));
#3888=IFCCARTESIANPOINT((197.10882673263825,260.09117486077827,379.69289847058991));
#3889=IFCCARTESIANPOINT((202.78780202454743,282.22140744653547,375.90185025338263));
#3890=IFCCARTESIANPOINT((211.04438095878709,277.66068501219729,381.37650560392268));
#3891=IFCCARTESIANPOINT((174.97859306085553,254.4121982222826,375.90185023506712));
#3892=IFCCARTESIANPOINT((179.53931600357274,246.15561971966832,381.3765053685994));
#3893=IFCCARTESIANPOINT((191.5567048755232,265.6432957264463,375.73321315146666));
#3894=IFCCARTESIANPOINT((206.29088395127181,261.71286280924824,385.79695796853377));
#3895=IFCCARTESIANPOINT((192.9572178244652,248.21393846354923,386.88086870404737));
#3896=IFCCARTESIANPOINT((178.84654104610306,241.13125357692115,386.8201748027974));
#3897=IFCCARTESIANPOINT((170.91774165045493,237.27863187068255,393.47599625439716));
#3898=IFCCARTESIANPOINT((158.7500000000002,237.52761674496585,388.34832025413817));
#3899=IFCCARTESIANPOINT((168.23826057094786,238.69845779272583,386.43543341029124));
#3900=IFCCARTESIANPOINT((158.7500000000002,244.29681720935079,380.37648846161539));
#3901=IFCCARTESIANPOINT((168.3942510826179,241.85558265026319,382.49085955945492));
#3902=IFCCARTESIANPOINT((169.3516615126116,245.83943439111985,379.27308714316803));
#3903=IFCCARTESIANPOINT((178.56262858769648,250.43167542622436,378.16256987659375));
#3904=IFCCARTESIANPOINT((186.22679643356199,257.23586271699236,376.91120286960046));
#3905=IFCCARTESIANPOINT((188.52992491020993,252.28692104232584,380.22454294267902));
#3906=IFCCARTESIANPOINT((196.77027820663182,254.50462589491912,383.25235460586191));
#3907=IFCCARTESIANPOINT((182.12223290672162,260.48519317182109,375.25822492208482));
#3908=IFCCARTESIANPOINT((188.28165719024702,248.33995234017618,383.31497480313834));
#3909=IFCCARTESIANPOINT((219.87992485383674,286.07390893404471,393.47599625439716));
#3910=IFCCARTESIANPOINT((219.6723833795117,298.44999999999789,388.3483204932607));
#3911=IFCCARTESIANPOINT((217.41644855777392,282.59331676124526,386.87260827410722));
#3912=IFCCARTESIANPOINT((195.19083238743909,288.68570839026575,374.64999999999918));
#3913=IFCCARTESIANPOINT((203.8394801287653,272.07411443556185,378.33731275144538));
#3914=IFCCARTESIANPOINT((208.35676707550826,283.79897604011524,378.03446048185293));
#3915=IFCCARTESIANPOINT((215.24366371450532,287.75673187539371,382.58172729111163));
#3916=IFCCARTESIANPOINT((205.65634360447913,266.79756577992288,381.66883913121791));
#3917=IFCCARTESIANPOINT((158.75000000000026,254.02558163696227,375.83989110463386));
#3918=IFCCARTESIANPOINT((168.51429160973245,262.00916761255911,374.64999999999918));
#3919=IFCCARTESIANPOINT((185.42654077770698,271.77345922229125,374.64999999999918));
#3920=IFCCARTESIANPOINT((196.56449965076533,275.26783985809237,375.2086030775078));
#3921=IFCCARTESIANPOINT((212.60240207678925,272.24386069739307,385.51926306968721));
#3922=IFCCARTESIANPOINT((-158.74999999999957,279.39999999999532,374.64999999999918));
#3923=IFCCARTESIANPOINT((-158.74999999999957,279.39999999999532,387.21814527230214));
#3924=IFCCARTESIANPOINT((-158.74999999999966,264.39791708878147,387.21814527230214));
#3925=IFCCARTESIANPOINT((-158.74999999999966,256.0039927704313,389.16713552030802));
#3926=IFCCARTESIANPOINT((-158.74999999999966,249.32761980525248,394.61530700061769));
#3927=IFCCARTESIANPOINT((-158.74999999999966,245.73490693877721,402.44786358886506));
#3928=IFCCARTESIANPOINT((6.3503300212112919,264.39791708878192,387.21814527230214));
#3929=IFCCARTESIANPOINT((4.1154669805365528E-008,252.35370408147836,391.50876069723586));
#3930=IFCCARTESIANPOINT((-6.349999537627304,245.73490693877673,402.447863588865));
#3931=IFCCARTESIANPOINT((158.75000000000023,258.53777505633752,388.57881511396283));
#3932=IFCCARTESIANPOINT((19.201111316671049,257.20068108433475,388.63005314485554));
#3933=IFCCARTESIANPOINT((-158.74999999999966,248.24312679896394,396.9796353388428));
#3934=IFCCARTESIANPOINT((-19.201111283538665,248.56146440841948,395.67997892950967));
#3935=IFCCARTESIANPOINT((-158.74999999999966,252.66580628784192,391.89122126046283));
#3936=IFCCARTESIANPOINT((-158.74999999999966,260.20095492960695,388.19264039630508));
#3937=IFCCARTESIANPOINT((-76.828524656502907,258.0050998724688,388.32282866771669));
#3938=IFCCARTESIANPOINT((-10.745526082906693,260.66700410557132,387.58706424598807));
#3939=IFCCARTESIANPOINT((82.550165010605753,264.3979170887817,387.21814527230214));
#3940=IFCCARTESIANPOINT((76.504511837006831,259.82194398134845,387.77590446378861));
#3941=IFCCARTESIANPOINT((76.828524666608303,248.09916310176138,396.40644569917612));
#3942=IFCCARTESIANPOINT((10.74552610731379,246.84452778175148,398.86672487917258));
#3943=IFCCARTESIANPOINT((-82.549999768813464,245.73490693877699,402.447863588865));
#3944=IFCCARTESIANPOINT((-76.504511840785355,247.1989999391746,398.076701633911));
#3945=IFCCARTESIANPOINT((-158.74999999999966,238.42674942855896,438.15000000000049));
#3946=IFCCARTESIANPOINT((-158.74999999999966,228.61311306492115,654.05000000000234));
#3947=IFCCARTESIANPOINT((-158.7499999999996,228.61311306492118,704.84999999999945));
#3948=IFCCARTESIANPOINT((-158.74999999999969,219.28183001713117,704.84999999999945));
#3949=IFCCARTESIANPOINT((-158.74999999999966,213.25440532133715,703.32855766798696));
#3950=IFCCARTESIANPOINT((-158.74999999999966,208.67113481218774,699.12876402149891));
#3951=IFCCARTESIANPOINT((-158.74999999999957,206.63015735136676,693.25687793289478));
#3952=IFCCARTESIANPOINT((34.315760397306924,219.28183001713157,704.84999999999945));
#3953=IFCCARTESIANPOINT((-34.315596402881603,206.63015735136636,693.25687793289478));
#3954=IFCCARTESIANPOINT((5.0826026853911797E-008,210.70183438057163,701.51342217763386));
#3955=IFCCARTESIANPOINT((158.75000000000014,217.08784597439677,704.29619462426331));
#3956=IFCCARTESIANPOINT((96.53288019865353,219.28183001713134,704.84999999999945));
#3957=IFCCARTESIANPOINT((65.424440412365257,215.89430877403314,704.38988152832974));
#3958=IFCCARTESIANPOINT((-62.216877364238748,219.28183001713188,704.84999999999945));
#3959=IFCCARTESIANPOINT((-158.74999999999966,217.08784597399983,704.29619462416292));
#3960=IFCCARTESIANPOINT((-55.401304733866795,215.07941552609387,704.13456142065718));
#3961=IFCCARTESIANPOINT((-158.7499999999996,207.37307363934062,695.39424588530539));
#3962=IFCCARTESIANPOINT((-96.532798201440599,206.63015735136656,693.25687793289478));
#3963=IFCCARTESIANPOINT((-65.424440543836027,207.38376686210009,696.59140666443375));
#3964=IFCCARTESIANPOINT((62.216271155638886,206.63015735136605,693.25687793289501));
#3965=IFCCARTESIANPOINT((158.75000000000011,207.37307363926897,695.39424588510235));
#3966=IFCCARTESIANPOINT((55.401304936021795,207.70913802458875,697.38094638146265));
#3967=IFCCARTESIANPOINT((79.375000015489945,211.92194812900524,702.49998254070147));
#3968=IFCCARTESIANPOINT((76.784578369578057,209.49900334017769,700.2485370412611));
#3969=IFCCARTESIANPOINT((6.3013087663538299,213.18720374951701,703.29206132895035));
#3970=IFCCARTESIANPOINT((-76.687107360981102,212.07221549535473,702.60521202307109));
#3971=IFCCARTESIANPOINT((-79.565823772716911,209.62113724623762,700.39384711080845));
#3972=IFCCARTESIANPOINT((-158.74999999999966,210.96277006676246,701.22866084474288));
#3973=IFCCARTESIANPOINT((-6.5963991301657234,208.71096750076589,699.18895344920611));
#3974=IFCCARTESIANPOINT((-2.8228839079488779,216.93550846774195,704.63137713503033));
#3975=IFCCARTESIANPOINT((2.8228838469631885,207.05244368733133,695.57521678094918));
#3976=IFCCARTESIANPOINT((-96.514463585132134,208.2839924567437,698.50118642422899));
#3977=IFCCARTESIANPOINT((-158.74999999999966,203.80397264889965,660.95343896644715));
#3978=IFCCARTESIANPOINT((-158.74999999999966,204.1168026594892,658.35885939532432));
#3979=IFCCARTESIANPOINT((-158.74999999999966,205.44809789303889,656.11000218163974));
#3980=IFCCARTESIANPOINT((-158.74999999999966,207.5723675011802,654.58777210759081));
#3981=IFCCARTESIANPOINT((-158.74999999999957,210.12980898178219,654.04999999999927));
#3982=IFCCARTESIANPOINT((-17.226366947674396,210.12980898178219,654.04999999999927));
#3983=IFCCARTESIANPOINT((0.,203.80397264890007,660.95343896644704));
#3984=IFCCARTESIANPOINT((-70.761818960492718,203.80397264890033,660.95343896644704));
#3985=IFCCARTESIANPOINT((70.761820333464158,210.12980898178219,654.04999999999927));
#3986=IFCCARTESIANPOINT((79.375000000000185,203.80397264889982,660.95343896644704));
#3987=IFCCARTESIANPOINT((39.687500000000213,203.80397264889993,660.95343896644704));
#3988=IFCCARTESIANPOINT((-87.988183473836983,210.12980898178219,654.04999999999927));
#3989=IFCCARTESIANPOINT((114.75591016673212,210.12980898178219,654.04999999999927));
#3990=IFCCARTESIANPOINT((-114.75590948024616,203.80397264890047,660.95343896644704));
#3991=IFCCARTESIANPOINT((114.75590948024666,203.80397264889973,660.95343896644704));
#3992=IFCCARTESIANPOINT((-114.7559101667316,210.12980898178216,654.04999999999927));
#3993=IFCCARTESIANPOINT((-101.37204726893955,205.44809789516171,656.11000217932303));
#3994=IFCCARTESIANPOINT((26.767722885593596,210.12980898178219,654.04999999999927));
#3995=IFCCARTESIANPOINT((97.065448252260538,205.44809797675455,656.11000209027929));
#3996=IFCCARTESIANPOINT((-52.607275210755695,210.12980898178222,654.04999999999927));
#3997=IFCCARTESIANPOINT((-35.380909480246224,203.80397264890021,660.95343896644704));
#3998=IFCCARTESIANPOINT((-53.071365474866667,205.25498175768658,656.33077900142837));
#3999=IFCCARTESIANPOINT((19.843745656297983,205.23514638677867,656.35465970762971));
#4000=IFCCARTESIANPOINT((58.529037486587235,205.11765135112421,656.50118275813804));
#4001=IFCCARTESIANPOINT((-16.621989057635787,205.01146631446457,656.64166681361064));
#4002=IFCCARTESIANPOINT((-158.74999999999957,215.89999999999267,654.04999999999939));
#4003=IFCCARTESIANPOINT((-158.7499999999996,225.71363636363,438.14999999999964));
#4004=IFCCARTESIANPOINT((-158.74999999999969,234.8583175733265,393.47599625439722));
#4005=IFCCARTESIANPOINT((-158.74999999999966,239.93530470584756,383.72319471396207));
#4006=IFCCARTESIANPOINT((-158.74999999999966,248.65832971285613,377.02978220926849));
#4007=IFCCARTESIANPOINT((-158.74999999999966,259.39283356106949,374.64999999999918));
#4008=IFCCARTESIANPOINT((-17.226368565944188,234.8583175733271,393.47599625439716));
#4009=IFCCARTESIANPOINT((-158.74999999999966,238.21521494320766,387.02745640477997));
#4010=IFCCARTESIANPOINT((-1.2133408083592202E-006,238.78273614665622,385.20466791990145));
#4011=IFCCARTESIANPOINT((-158.74999999999966,244.29681720935184,380.37648846161522));
#4012=IFCCARTESIANPOINT((-4.8174521785071531E-007,246.21599287395944,378.33523844232809));
#4013=IFCCARTESIANPOINT((-6.5025364733672933E-005,259.39283356106949,374.64999999999918));
#4014=IFCCARTESIANPOINT((158.7500000000002,252.29519352517644,376.22350891331757));
#4015=IFCCARTESIANPOINT((-158.74999999999966,252.2951935157925,376.2235089153981));
#4016=IFCCARTESIANPOINT((158.7500000000002,237.39681113958648,388.59959548417964));
#4017=IFCCARTESIANPOINT((-55.421981689831505,236.51030900793916,389.02502516667829));
#4018=IFCCARTESIANPOINT((54.843520722581303,236.05156912975309,390.03274614740297));
#4019=IFCCARTESIANPOINT((-42.039059790156401,242.15373375322287,381.39595384869239));
#4020=IFCCARTESIANPOINT((-2.0590616944815564E-008,252.82266464041561,375.51445679521015));
#4021=IFCCARTESIANPOINT((-177.80000000000211,298.44999999999879,387.21814527230214));
#4022=IFCCARTESIANPOINT((-172.22038418160508,284.97961581839343,387.21814527230214));
#4023=IFCCARTESIANPOINT((-172.22038418160508,284.97961581839343,374.64999999999918));
#4024=IFCCARTESIANPOINT((-177.80000000000211,298.44999999999897,374.64999999999918));
#4025=IFCCARTESIANPOINT((-167.8244698707687,283.15876849181501,387.21814527230214));
#4026=IFCCARTESIANPOINT((-165.48519209080234,282.18980790919494,374.64999999999918));
#4027=IFCCARTESIANPOINT((-163.28723494011376,281.27938424786481,374.64999999999918));
#4028=IFCCARTESIANPOINT((-175.0101920908036,291.71480790919611,387.21814527230214));
#4029=IFCCARTESIANPOINT((-175.0101920908036,291.71480790919617,374.64999999999918));
#4030=IFCCARTESIANPOINT((-173.61528813620433,288.34721186379477,374.64999999999918));
#4031=IFCCARTESIANPOINT((-168.85278813620371,283.58471186379415,374.64999999999918));
#4032=IFCCARTESIANPOINT((-163.28723493538413,281.2793842459057,387.21814527230214));
#4033=IFCCARTESIANPOINT((-176.40509604540287,295.08240395459751,387.21814527230214));
#4034=IFCCARTESIANPOINT((-176.40509604540284,295.08240395459757,374.64999999999918));
#4035=IFCCARTESIANPOINT((-173.61528813620433,288.34721186379477,387.21814527230214));
#4036=IFCCARTESIANPOINT((-192.80208291121616,298.44999999999874,387.21814527230214));
#4037=IFCCARTESIANPOINT((-188.23996885288705,281.42395854439053,387.21814527230214));
#4038=IFCCARTESIANPOINT((-175.77604145560781,268.96003114711141,387.21814527230214));
#4039=IFCCARTESIANPOINT((-211.4650930612213,298.44999999999862,402.447863588865));
#4040=IFCCARTESIANPOINT((-207.45239553368995,278.27680724988528,402.447863588865));
#4041=IFCCARTESIANPOINT((-196.02519977446926,261.17480022552905,402.447863588865));
#4042=IFCCARTESIANPOINT((-178.92319275011297,249.74760446630847,402.447863588865));
#4043=IFCCARTESIANPOINT((-201.19600722956716,298.44999999999879,389.16713552030802));
#4044=IFCCARTESIANPOINT((-207.872380194746,298.44999999999874,394.61530700061763));
#4045=IFCCARTESIANPOINT((-191.20163669633297,265.99836346599471,391.34560244129744));
#4046=IFCCARTESIANPOINT((-172.16246032041741,260.83002958841365,388.15069760309302));
#4047=IFCCARTESIANPOINT((-176.00684507664872,254.9864327555575,392.07986477590146));
#4048=IFCCARTESIANPOINT((-196.36997040731563,285.03753980965251,388.15069758759216));
#4049=IFCCARTESIANPOINT((-202.21356717250268,281.19315505692447,392.07986467183434));
#4050=IFCCARTESIANPOINT((-185.99607447545628,269.1901754632338,388.16428878183922));
#4051=IFCCARTESIANPOINT((-188.68718806366496,258.0500692230134,396.29534482408786));
#4052=IFCCARTESIANPOINT((-200.95575742202263,270.4554344368587,396.91170406046899));
#4053=IFCCARTESIANPOINT((-175.72835108175673,250.8409186151226,396.73629539523665));
#4054=IFCCARTESIANPOINT((-206.94092734501695,283.92767552143289,396.37461460769333));
#4055=IFCCARTESIANPOINT((-168.8365963750563,247.74125570254287,402.447863588865));
#4056=IFCCARTESIANPOINT((-158.7499999999996,247.34564344018077,398.93625961023258));
#4057=IFCCARTESIANPOINT((-166.57383377965451,248.37349364768909,396.9793615331356));
#4058=IFCCARTESIANPOINT((-168.24416512676979,251.10364596818519,393.61050065869892));
#4059=IFCCARTESIANPOINT((-167.12936516189842,254.276660324716,390.65095829528525));
#4060=IFCCARTESIANPOINT((-174.48192968547761,257.82751140020878,389.76187630824808));
#4061=IFCCARTESIANPOINT((-183.2122180560651,260.11146157140462,391.02504403206439));
#4062=IFCCARTESIANPOINT((-180.8784476951856,262.85635986378992,388.91499667850684));
#4063=IFCCARTESIANPOINT((-178.35083303372099,265.51098189833027,387.70463645545271));
#4064=IFCCARTESIANPOINT((-188.24832472613951,260.55904897173309,393.3138833695412));
#4065=IFCCARTESIANPOINT((-195.93845323302631,267.03023159992267,394.07002407071587));
#4066=IFCCARTESIANPOINT((-197.52963054565694,273.01285068138776,391.74309525582834));
#4067=IFCCARTESIANPOINT((-193.12824913958639,272.86445550211334,389.37362257463741));
#4068=IFCCARTESIANPOINT((-201.23084862496719,274.61864019275794,394.0993149175884));
#4069=IFCCARTESIANPOINT((-191.5377151723155,277.06325829053094,387.91188723402786));
#4070=IFCCARTESIANPOINT((-187.77757836307228,266.56294111257751,389.51509258916639));
#4071=IFCCARTESIANPOINT((-195.43959546900973,263.54333702311135,396.9043515606898));
#4072=IFCCARTESIANPOINT((-209.66873662798363,298.44999999999868,398.53158529474126));
#4073=IFCCARTESIANPOINT((-209.61877486417566,289.16793161296084,402.447863588865));
#4074=IFCCARTESIANPOINT((-167.26302072780371,266.67897411794689,387.21814527230214));
#4075=IFCCARTESIANPOINT((-190.52102588205148,289.93697927219472,387.21814527230214));
#4076=IFCCARTESIANPOINT((-196.99904507039156,298.44999999999879,388.19264039630508));
#4077=IFCCARTESIANPOINT((-200.80016794771447,287.50760564034323,389.69796682389517));
#4078=IFCCARTESIANPOINT((-204.53419371215656,298.44999999999879,391.89122126046283));
#4079=IFCCARTESIANPOINT((-198.20460730096332,279.06108894854879,389.99823703254026));
#4080=IFCCARTESIANPOINT((-203.93609336203417,289.69043252859763,391.45273131020343));
#4081=IFCCARTESIANPOINT((-182.00800515424746,275.19199484575097,387.21814527230214));
#4082=IFCCARTESIANPOINT((-187.47419626229109,255.46120234591876,402.447863588865));
#4083=IFCCARTESIANPOINT((-201.7387976540796,269.72580373770717,402.447863588865));
#4084=IFCCARTESIANPOINT((-218.77325057143881,298.44999999999857,438.15000000000163));
#4085=IFCCARTESIANPOINT((-214.20425267774857,275.48009644961047,438.15000000000163));
#4086=IFCCARTESIANPOINT((-201.19284750792346,256.00715249207485,438.15000000000163));
#4087=IFCCARTESIANPOINT((-181.7199035503877,242.99574732224985,438.15000000000163));
#4088=IFCCARTESIANPOINT((-166.81218857395908,247.33857595428492,402.447863588865));
#4089=IFCCARTESIANPOINT((-170.23495177519365,240.71124837540478,438.15000000000163));
#4090=IFCCARTESIANPOINT((-191.45637552915559,249.50144990716234,438.15000000000163));
#4091=IFCCARTESIANPOINT((-209.86142390427364,290.38781071497255,402.447863588865));
#4092=IFCCARTESIANPOINT((-216.48875162459368,286.96504822480455,438.15000000000163));
#4093=IFCCARTESIANPOINT((-207.69855009283603,265.74362447084263,438.15000000000163));
#4094=IFCCARTESIANPOINT((-228.58688693507631,298.44999999999851,654.05000000000234));
#4095=IFCCARTESIANPOINT((-223.27087045362171,271.72458040199081,654.05000000000234));
#4096=IFCCARTESIANPOINT((-208.13213632875039,249.06786367124786,654.05000000000234));
#4097=IFCCARTESIANPOINT((-185.47541959800736,233.92912954637666,654.05000000000234));
#4098=IFCCARTESIANPOINT((-172.04034517851724,241.07036345131161,438.15000000000043));
#4099=IFCCARTESIANPOINT((-172.11270979900348,231.27112130564947,654.05000000000234));
#4100=IFCCARTESIANPOINT((-196.80377796337888,241.49849660881227,654.05000000000234));
#4101=IFCCARTESIANPOINT((-216.12963672628638,285.15965571433424,438.15000000000043));
#4102=IFCCARTESIANPOINT((-225.92887869434901,285.08729020099463,654.05000000000234));
#4103=IFCCARTESIANPOINT((-215.70150339118607,260.39622203661929,654.05000000000234));
#4104=IFCCARTESIANPOINT((-228.58688693507631,298.44999999999851,704.84999999999945));
#4105=IFCCARTESIANPOINT((-223.27087045362171,271.72458040199081,704.84999999999945));
#4106=IFCCARTESIANPOINT((-208.13213632875039,249.06786367124786,704.84999999999945));
#4107=IFCCARTESIANPOINT((-185.47541959800736,233.92912954637666,704.84999999999945));
#4108=IFCCARTESIANPOINT((-175.8068267867815,232.0059268610658,704.84999999999945));
#4109=IFCCARTESIANPOINT((-196.80377796337888,241.49849660881227,704.84999999999945));
#4110=IFCCARTESIANPOINT((-225.19407313881965,281.39317321264849,704.84999999999945));
#4111=IFCCARTESIANPOINT((-215.70150339118607,260.39622203661929,704.84999999999945));
#4112=IFCCARTESIANPOINT((-237.91816998286649,298.44999999999845,704.84999999999945));
#4113=IFCCARTESIANPOINT((-231.8918518735446,268.15365297689226,704.84999999999945));
#4114=IFCCARTESIANPOINT((-214.73034984901386,242.46965015098436,704.84999999999945));
#4115=IFCCARTESIANPOINT((-189.04634702310585,225.3081481264538,704.84999999999945));
#4116=IFCCARTESIANPOINT((-250.56984264863175,298.4499999999984,693.25687793289489));
#4117=IFCCARTESIANPOINT((-246.07585967617669,270.07610820073762,693.25687793289489));
#4118=IFCCARTESIANPOINT((-233.03381312357638,244.47965062331724,693.25687793289489));
#4119=IFCCARTESIANPOINT((-212.72034937668084,224.16618687642185,693.25687793289489));
#4120=IFCCARTESIANPOINT((-187.12389179926041,211.12414032382171,693.25687793289489));
#4121=IFCCARTESIANPOINT((-243.94559467866137,298.44999999999857,703.32855766798696));
#4122=IFCCARTESIANPOINT((-248.52886518781071,298.44999999999851,699.12876402149891));
#4123=IFCCARTESIANPOINT((-220.85735848238429,236.34264150653985,701.43490873824294));
#4124=IFCCARTESIANPOINT((-199.23169083131515,217.77856381945557,698.33775427628973));
#4125=IFCCARTESIANPOINT((-239.42143617671269,257.96830916095587,698.33775427621356));
#4126=IFCCARTESIANPOINT((-206.11617701141512,229.29024546930535,703.96542087675937));
#4127=IFCCARTESIANPOINT((-223.02185369818636,234.1781462973388,697.02769697338158));
#4128=IFCCARTESIANPOINT((-227.37145370392813,251.61660597519392,704.23256284655884));
#4129=IFCCARTESIANPOINT((-241.42420831914256,298.44999999999857,703.96500592513519));
#4130=IFCCARTESIANPOINT((-239.27835140548407,273.22277259605079,703.72799381796654));
#4131=IFCCARTESIANPOINT((-246.23722993323605,298.44999999999857,701.22866084474288));
#4132=IFCCARTESIANPOINT((-245.00483076861312,276.54835709471934,700.19873735091926));
#4133=IFCCARTESIANPOINT((-235.82301511445655,255.69708832278101,701.14206182746761));
#4134=IFCCARTESIANPOINT((-249.37610041293698,298.44999999999845,696.69127079695681));
#4135=IFCCARTESIANPOINT((-158.74999999999966,215.77579168077696,703.96500592511529));
#4136=IFCCARTESIANPOINT((-183.24899509641051,217.70885126259239,703.73304775472889));
#4137=IFCCARTESIANPOINT((-180.65164289733764,212.19516922885157,700.19873735030717));
#4138=IFCCARTESIANPOINT((-200.30350139843191,222.11750440825412,702.21749671287671));
#4139=IFCCARTESIANPOINT((-158.7499999999996,207.82389958709405,696.69127079705049));
#4140=IFCCARTESIANPOINT((-246.94374150783617,277.40425418950184,697.53484604686207));
#4141=IFCCARTESIANPOINT((-242.67242187358718,262.41527298513165,695.80228707158699));
#4142=IFCCARTESIANPOINT((-179.79574580785129,210.25625849126908,697.53484604631751));
#4143=IFCCARTESIANPOINT((-194.78472701707915,214.52757812726196,695.8022870712831));
#4144=IFCCARTESIANPOINT((-234.29643498078829,247.55108940490271,696.51860684507596));
#4145=IFCCARTESIANPOINT((-209.6489105917363,222.90356501722786,696.51860684571216));
#4146=IFCCARTESIANPOINT((-228.80131742744982,248.66098046381549,702.8922929547391));
#4147=IFCCARTESIANPOINT((-243.50552275490418,279.75726752628958,702.30684259962459));
#4148=IFCCARTESIANPOINT((-177.39139192790756,213.67093864178852,702.29786408225425));
#4149=IFCCARTESIANPOINT((-248.5912849130207,285.95787809991253,693.25687793289489));
#4150=IFCCARTESIANPOINT((-247.95334073806097,278.21093273116372,695.30312687915921));
#4151=IFCCARTESIANPOINT((-171.24212189959258,208.60871508689976,693.25687793289489));
#4152=IFCCARTESIANPOINT((-178.98906726559198,209.2466592611203,695.30312687884896));
#4153=IFCCARTESIANPOINT((-216.37419294384762,234.96422799639009,703.01868850486755));
#4154=IFCCARTESIANPOINT((-218.2483264472956,239.50179212163036,703.99266389706668));
#4155=IFCCARTESIANPOINT((-210.39847049923532,235.38467773139013,704.63116140027353));
#4156=IFCCARTESIANPOINT((-195.11699772201828,225.22534483648334,704.58308385232692));
#4157=IFCCARTESIANPOINT((-173.89817351155276,222.29498907179294,704.84999999999945));
#4158=IFCCARTESIANPOINT((-201.88834843605986,233.88889913871907,704.84999999999945));
#4159=IFCCARTESIANPOINT((-235.45641240393792,286.07390890341139,704.84999999999945));
#4160=IFCCARTESIANPOINT((-236.93175124030486,274.81332493716513,704.59979602765839));
#4161=IFCCARTESIANPOINT((-237.75407308164708,263.62667809475005,702.63230882414734));
#4162=IFCCARTESIANPOINT((-214.90609211234809,228.63254024506742,699.39481676089633));
#4163=IFCCARTESIANPOINT((-228.9527951926737,242.97175160273963,699.56636522203257));
#4164=IFCCARTESIANPOINT((-201.3868573070346,220.55650042978075,700.42847553344427));
#4165=IFCCARTESIANPOINT((-223.31110086127924,255.31165156393828,704.84999999999945));
#4166=IFCCARTESIANPOINT((-177.65376827576796,218.80665404678624,704.5623016579882));
#4167=IFCCARTESIANPOINT((-253.39602735109781,298.44999999999834,660.95343896644704));
#4168=IFCCARTESIANPOINT((-248.76372105371075,269.20276909843307,660.95343896644704));
#4169=IFCCARTESIANPOINT((-235.32024457711393,242.81846093495309,660.95343896644704));
#4170=IFCCARTESIANPOINT((-214.38153906504499,221.87975542288427,660.95343896644704));
#4171=IFCCARTESIANPOINT((-187.9972309015649,208.43627894628764,660.95343896644704));
#4172=IFCCARTESIANPOINT((-247.07019101821527,298.4499999999984,654.04999999999927));
#4173=IFCCARTESIANPOINT((-242.74749318830621,271.15756002892829,654.04999999999927));
#4174=IFCCARTESIANPOINT((-230.20253548017752,246.53669423983735,654.04999999999927));
#4175=IFCCARTESIANPOINT((-210.66330576016074,226.99746451982074,654.04999999999927));
#4176=IFCCARTESIANPOINT((-186.04243997106971,214.45250681169225,654.04999999999927));
#4177=IFCCARTESIANPOINT((-253.08319734050934,298.44999999999845,658.35885939532432));
#4178=IFCCARTESIANPOINT((-251.75190210695968,298.44999999999845,656.11000218163997));
#4179=IFCCARTESIANPOINT((-249.62763249881849,298.44999999999845,654.58777210759081));
#4180=IFCCARTESIANPOINT((-181.1689441182026,207.27653869169515,657.34925844118311));
#4181=IFCCARTESIANPOINT((-249.92346130886654,276.03105588301781,657.34925844164866));
#4182=IFCCARTESIANPOINT((-224.52925995640859,232.67074003899563,656.13636304296813));
#4183=IFCCARTESIANPOINT((-201.65603029591185,216.93097325395476,655.31312180420116));
#4184=IFCCARTESIANPOINT((-240.26902674445282,255.54396969940279,655.31312180477926));
#4185=IFCCARTESIANPOINT((-201.43882751321556,214.34943475742779,658.30483106744339));
#4186=IFCCARTESIANPOINT((-242.85056524481848,255.76117249049713,658.30483106836823));
#4187=IFCCARTESIANPOINT((-180.3865650524663,209.60735735391651,654.86887891357537));
#4188=IFCCARTESIANPOINT((-247.59264264541272,276.81343494339689,654.86887891376034));
#4189=IFCCARTESIANPOINT((-220.43292062016911,236.76707937982903,654.04999999999927));
#4190=IFCCARTESIANPOINT((-217.94386117005769,229.47322279306516,654.59497654279539));
#4191=IFCCARTESIANPOINT((-230.51381585257218,242.18503161911133,654.73597652369915));
#4192=IFCCARTESIANPOINT((-241.30000000000481,298.4499999999984,654.04999999999939));
#4193=IFCCARTESIANPOINT((-237.25971542016936,272.94064711434504,654.04999999999939));
#4194=IFCCARTESIANPOINT((-225.53435288565552,249.928327423252,654.04999999999939));
#4195=IFCCARTESIANPOINT((-207.27167257674617,231.66564711434273,654.04999999999939));
#4196=IFCCARTESIANPOINT((-184.25935288565304,219.94028457982907,654.04999999999939));
#4197=IFCCARTESIANPOINT((-231.48636363636749,298.44999999999845,438.14999999999918));
#4198=IFCCARTESIANPOINT((-225.94963763293799,270.61499870587807,438.14999999999918));
#4199=IFCCARTESIANPOINT((-210.18237596612579,247.01762403387247,438.14999999999918));
#4200=IFCCARTESIANPOINT((-186.58500129412008,231.2503623670604,438.14999999999918));
#4201=IFCCARTESIANPOINT((-172.66750064705985,228.48199936534573,438.14999999999918));
#4202=IFCCARTESIANPOINT((-198.38368863012292,239.13399320046645,438.14999999999918));
#4203=IFCCARTESIANPOINT((-218.06600679953189,258.81631136987528,438.14999999999918));
#4204=IFCCARTESIANPOINT((-228.71800063465273,284.53249935293826,438.14999999999918));
#4205=IFCCARTESIANPOINT((-222.34168242667087,298.44999999999857,393.47599625439705));
#4206=IFCCARTESIANPOINT((-217.50105383195879,274.11451669908934,393.47599625439705));
#4207=IFCCARTESIANPOINT((-203.71610987096017,253.48389012903814,393.47599625439705));
#4208=IFCCARTESIANPOINT((-183.08548330090883,239.69894616803961,393.47599625439705));
#4209=IFCCARTESIANPOINT((-175.84402744034492,238.25853103953955,393.47599625439705));
#4210=IFCCARTESIANPOINT((-193.4007965859345,246.59141814853885,393.47599625439705));
#4211=IFCCARTESIANPOINT((-218.94146887340096,281.3559721219836,393.47599625439705));
#4212=IFCCARTESIANPOINT((-210.60858185145946,263.79920341406375,393.47599625439705));
#4213=IFCCARTESIANPOINT((-197.80716643892802,298.44999999999874,374.64999999999918));
#4214=IFCCARTESIANPOINT((-192.57449833594853,278.92141678053463,374.64999999999918));
#4215=IFCCARTESIANPOINT((-178.27858321946374,264.62550166404992,374.64999999999918));
#4216=IFCCARTESIANPOINT((-217.26469529415101,298.44999999999874,383.72319471396213));
#4217=IFCCARTESIANPOINT((-208.54167028714247,298.44999999999874,377.02978220926855));
#4218=IFCCARTESIANPOINT((-197.10882513921905,260.09117326736094,379.69289847058991));
#4219=IFCCARTESIANPOINT((-174.97859255346194,254.41219797545187,375.90185025338263));
#4220=IFCCARTESIANPOINT((-179.53931498780005,246.15561904121233,381.37650560392251));
#4221=IFCCARTESIANPOINT((-202.7878017777148,282.22140693914355,375.90185023506712));
#4222=IFCCARTESIANPOINT((-211.04438028032894,277.66068399642626,381.37650536859934));
#4223=IFCCARTESIANPOINT((-191.55670427355108,265.64329512447603,375.73321315146666));
#4224=IFCCARTESIANPOINT((-195.487137190749,250.90911604872736,385.79695796853377));
#4225=IFCCARTESIANPOINT((-208.98606153644812,264.24278217553393,386.88086870404737));
#4226=IFCCARTESIANPOINT((-216.06874642307625,278.35345895389628,386.8201748027974));
#4227=IFCCARTESIANPOINT((-219.92136812931491,286.28225834954401,393.47599625439716));
#4228=IFCCARTESIANPOINT((-219.6723832550316,298.44999999999868,388.34832025413817));
#4229=IFCCARTESIANPOINT((-218.50154220727157,288.96173942905125,386.43543341029118));
#4230=IFCCARTESIANPOINT((-212.90318279064672,298.44999999999874,380.37648846161539));
#4231=IFCCARTESIANPOINT((-215.34441734973424,288.80574891738098,382.49085955945492));
#4232=IFCCARTESIANPOINT((-211.36056560887761,287.84833848738742,379.27308714316803));
#4233=IFCCARTESIANPOINT((-206.76832457377307,278.63737141230291,378.16256987659369));
#4234=IFCCARTESIANPOINT((-199.96413728300507,270.97320356643706,376.91120286960057));
#4235=IFCCARTESIANPOINT((-204.91307895767136,268.67007508978941,380.22454294267885));
#4236=IFCCARTESIANPOINT((-202.69537410507849,260.42972179336778,383.2523546058618));
#4237=IFCCARTESIANPOINT((-196.71480682817636,275.07776709327732,375.25822492208488));
#4238=IFCCARTESIANPOINT((-208.86004765982094,268.91834280975183,383.31497480313823));
#4239=IFCCARTESIANPOINT((-171.12609106595278,237.32007514616259,393.47599625439716));
#4240=IFCCARTESIANPOINT((-158.7499999999996,237.52761662048763,388.3483204932607));
#4241=IFCCARTESIANPOINT((-174.60668323875223,239.78355144222544,386.87260827410722));
#4242=IFCCARTESIANPOINT((-168.51429160973166,262.00916761256025,374.64999999999918));
#4243=IFCCARTESIANPOINT((-158.7499999999996,254.02558163696335,375.83989110463386));
#4244=IFCCARTESIANPOINT((-185.12588556443555,253.36051987123409,378.33731275144538));
#4245=IFCCARTESIANPOINT((-173.40102395988231,248.84323292449116,378.03446048185293));
#4246=IFCCARTESIANPOINT((-169.44326812460378,241.95633628549407,382.58172729111163));
#4247=IFCCARTESIANPOINT((-190.40243422007455,251.5436563955202,381.66883913121785));
#4248=IFCCARTESIANPOINT((-203.17441836303524,298.44999999999874,375.83989110463386));
#4249=IFCCARTESIANPOINT((-195.19083238743826,288.68570839026665,374.64999999999918));
#4250=IFCCARTESIANPOINT((-185.42654077770615,271.77345922229227,374.64999999999918));
#4251=IFCCARTESIANPOINT((-181.93216014190503,260.63550034923395,375.2086030775078));
#4252=IFCCARTESIANPOINT((-184.95613930260413,244.59759792321009,385.51926306968704));
#4253=IFCCARTESIANPOINT((-177.80000000000214,419.10000000000031,374.64999999999918));
#4254=IFCCARTESIANPOINT((-177.80000000000214,419.10000000000031,387.21814527230214));
#4255=IFCCARTESIANPOINT((-192.80208291121608,434.10208291121438,387.21814527230214));
#4256=IFCCARTESIANPOINT((-201.19600722956719,442.49600722956552,389.16713552030819));
#4257=IFCCARTESIANPOINT((-207.87238019474574,449.17238019474439,394.61530700061792));
#4258=IFCCARTESIANPOINT((-211.46509306122081,452.76509306121937,402.44786358886495));
#4259=IFCCARTESIANPOINT((-195.97290932888549,298.44999999999879,387.9543813320729));
#4260=IFCCARTESIANPOINT((-196.99904507039165,438.29904507038992,388.19264039630519));
#4261=IFCCARTESIANPOINT((-204.53419371215648,445.83419371215496,391.89122126046311));
#4262=IFCCARTESIANPOINT((-210.10815177298329,451.4081517729818,399.48956443664883));
#4263=IFCCARTESIANPOINT((-218.77325057143861,460.07325057143686,438.15000000000043));
#4264=IFCCARTESIANPOINT((-228.58688693507634,469.88688693507453,654.05000000000234));
#4265=IFCCARTESIANPOINT((-228.58688693507636,469.88688693507453,704.84999999999945));
#4266=IFCCARTESIANPOINT((-237.9181699828664,479.21816998286465,704.84999999999945));
#4267=IFCCARTESIANPOINT((-243.94559467866128,485.2455946786597,703.32855766798673));
#4268=IFCCARTESIANPOINT((-248.52886518781034,489.82886518780919,699.12876402149857));
#4269=IFCCARTESIANPOINT((-250.56984264863115,491.86984264862997,693.25687793289478));
#4270=IFCCARTESIANPOINT((-237.91816998286643,422.88407952964337,704.84999999999945));
#4271=IFCCARTESIANPOINT((-240.11079117927207,481.4107911792704,704.29653863388614));
#4272=IFCCARTESIANPOINT((-240.11215402559731,298.44999999999857,704.29619462426433));
#4273=IFCCARTESIANPOINT((-241.17523234442592,389.93619377581769,704.42524112891056));
#4274=IFCCARTESIANPOINT((-246.49816561953838,391.84779730575951,701.51342217753097));
#4275=IFCCARTESIANPOINT((-250.56984264863152,367.43576328745871,693.25687793289501));
#4276=IFCCARTESIANPOINT((-249.82692636072915,298.44999999999857,695.39424588510053));
#4277=IFCCARTESIANPOINT((-249.64868798868889,400.2764245556595,697.01671833118235));
#4278=IFCCARTESIANPOINT((-237.91816998286643,360.66703976482097,704.84999999999945));
#4279=IFCCARTESIANPOINT((-244.01633514287207,382.24503513521302,703.29012485034536));
#4280=IFCCARTESIANPOINT((-246.2372299332358,487.53722993323441,701.22866084474265));
#4281=IFCCARTESIANPOINT((-248.34296782262771,375.98812172357441,699.40352259251313));
#4282=IFCCARTESIANPOINT((-249.54935391822073,490.84935391821955,696.19282097719667));
#4283=IFCCARTESIANPOINT((-250.56984264863135,429.65280296804434,693.25687793289478));
#4284=IFCCARTESIANPOINT((-253.39602735109787,494.69602735109612,660.95343896644704));
#4285=IFCCARTESIANPOINT((-253.08319734050878,494.38319734050776,658.35885939532466));
#4286=IFCCARTESIANPOINT((-251.75190210695931,493.05190210695804,656.1100021816402));
#4287=IFCCARTESIANPOINT((-249.62763249881831,490.92763249881671,654.58777210759115));
#4288=IFCCARTESIANPOINT((-247.07019101821538,488.37019101821346,654.04999999999927));
#4289=IFCCARTESIANPOINT((-247.07019101821535,386.43818235619938,654.04999999999927));
#4290=IFCCARTESIANPOINT((-253.39602735109764,396.57301485118285,660.95343896644704));
#4291=IFCCARTESIANPOINT((-253.39602735109744,450.70193528065442,660.95343896644715));
#4292=IFCCARTESIANPOINT((-247.07019101821538,444.37609504212344,654.04999999999927));
#4293=IFCCARTESIANPOINT((-253.39602735109781,342.44409207044055,660.95343896644704));
#4294=IFCCARTESIANPOINT((-247.07019101821535,342.44409117809892,654.04999999999927));
#4295=IFCCARTESIANPOINT((-251.75190203548544,364.44114202157346,656.11000210363966));
#4296=IFCCARTESIANPOINT((-251.58324259866754,404.36896050494181,655.93291309328083));
#4297=IFCCARTESIANPOINT((-251.69349163607788,454.77139330709684,656.0471168868354));
#4298=IFCCARTESIANPOINT((-241.30000000000487,482.60000000000304,654.04999999999939));
#4299=IFCCARTESIANPOINT((-231.48636363636754,472.78636363636554,438.14999999999952));
#4300=IFCCARTESIANPOINT((-222.34168242667099,463.64168242666915,393.47599625439722));
#4301=IFCCARTESIANPOINT((-217.2646952941507,458.56469529414932,383.72319471396236));
#4302=IFCCARTESIANPOINT((-208.54167028714235,449.84167028714074,377.02978220926866));
#4303=IFCCARTESIANPOINT((-197.80716643892808,439.10716643892624,374.64999999999918));
#4304=IFCCARTESIANPOINT((-202.38129246735161,298.44999999999879,375.66405932675684));
#4305=IFCCARTESIANPOINT((-203.17441836303522,444.47441836303352,375.83989110463392));
#4306=IFCCARTESIANPOINT((-212.90318279064655,454.20318279064503,380.37648846161551));
#4307=IFCCARTESIANPOINT((-220.17895896145578,461.47895896145451,389.32144313213792));
#4308=IFCCARTESIANPOINT((-219.80318886041101,298.44999999999868,388.59959548417959));
#4309=IFCCARTESIANPOINT((59.065092599951861,452.76509306121881,402.447863588865));
#4310=IFCCARTESIANPOINT((-4.6134809572606632E-008,446.33825199709372,391.66750603623581));
#4311=IFCCARTESIANPOINT((0.,434.10208291121427,387.21814527230214));
#4312=IFCCARTESIANPOINT((208.95721283306068,450.25721283305722,396.98037577849328));
#4313=IFCCARTESIANPOINT((60.957598823182614,449.99227030314819,395.76079333905057));
#4314=IFCCARTESIANPOINT((-72.671208638377664,449.45328114421051,394.98793194048744));
#4315=IFCCARTESIANPOINT((-100.59800362772729,444.49261473840164,390.30132503945032));
#4316=IFCCARTESIANPOINT((28.854073115088983,440.61208761792273,388.36500759426843));
#4317=IFCCARTESIANPOINT((-95.546739947365126,440.00211941643897,388.15483333778786));
#4318=IFCCARTESIANPOINT((-209.66873662798378,450.96873662798197,398.53158529474126));
#4319=IFCCARTESIANPOINT((-59.065092599951264,452.76509306121915,402.44786358886495));
#4320=IFCCARTESIANPOINT((3.4575575202921981E-008,451.68975920152633,398.94857269549283));
#4321=IFCCARTESIANPOINT((-105.31942713053567,451.65005935372216,398.85390068683125));
#4322=IFCCARTESIANPOINT((99.692508362927512,451.70549998522711,398.98651033787121));
#4323=IFCCARTESIANPOINT((-119.97840775303129,447.34010627722967,392.56934104124491));
#4324=IFCCARTESIANPOINT((100.59800363413291,444.49261474135284,390.30132504137123));
#4325=IFCCARTESIANPOINT((113.51851719205926,447.70884009994296,392.93552891965174));
#4326=IFCCARTESIANPOINT((116.60224988130476,434.10208291121427,387.21814527230219));
#4327=IFCCARTESIANPOINT((122.76101454876722,440.60488517041,388.36239025393473));
#4328=IFCCARTESIANPOINT((-96.401041455607981,434.10208291121427,387.21814527230214));
#4329=IFCCARTESIANPOINT((1.7017231391997802,491.86984264862934,693.25687793289489));
#4330=IFCCARTESIANPOINT((10.949805422581575,479.21816998286465,704.84999999999945));
#4331=IFCCARTESIANPOINT((11.116429321121638,487.96751829005893,701.35537365886785));
#4332=IFCCARTESIANPOINT((-113.48440536767632,479.21816998286459,704.84999999999945));
#4333=IFCCARTESIANPOINT((-51.267050789642596,483.93023623499846,703.94349107073424));
#4334=IFCCARTESIANPOINT((100.15501224064833,483.63126238791506,704.05859418338139));
#4335=IFCCARTESIANPOINT((-127.69786674257348,487.57314036416085,701.71475143052089));
#4336=IFCCARTESIANPOINT((-71.824022058807728,490.61181768246871,697.76023993223964));
#4337=IFCCARTESIANPOINT((67.221574276364422,490.69547064776208,697.58705521836259));
#4338=IFCCARTESIANPOINT((136.02040452515601,488.51007829940306,700.80739220764644));
#4339=IFCCARTESIANPOINT((126.13578289391613,491.869842648629,693.25687793289478));
#4340=IFCCARTESIANPOINT((-175.70128767527143,479.21816998286465,704.84999999999945));
#4341=IFCCARTESIANPOINT((-144.59261037994619,482.67044586750012,704.37177528906307));
#4342=IFCCARTESIANPOINT((-124.43405975471605,491.8698426486298,693.25687793289501));
#4343=IFCCARTESIANPOINT((249.82697931775346,491.12697931774971,695.39409352790085));
#4344=IFCCARTESIANPOINT((188.35281277127433,491.86984264862883,693.25687793289478));
#4345=IFCCARTESIANPOINT((157.24428321928775,491.15284177886622,696.49207428790646));
#4346=IFCCARTESIANPOINT((-249.82697931786257,491.12697931786096,695.39409352758537));
#4347=IFCCARTESIANPOINT((-188.35281277127365,491.86984264863003,693.25687793289501));
#4348=IFCCARTESIANPOINT((-156.3934411375113,491.18394369488493,696.4056150522249));
#4349=IFCCARTESIANPOINT((-146.82065001395486,489.70354044917389,699.31568253443061));
#4350=IFCCARTESIANPOINT((-73.713146624854417,489.04526420522706,700.19476346108445));
#4351=IFCCARTESIANPOINT((-1.1278809846338718,489.86392848054999,699.07515891578976));
#4352=IFCCARTESIANPOINT((-3.5542015201508903,491.13207050668757,696.54874690206623));
#4353=IFCCARTESIANPOINT((-61.36532167933062,491.86984264862963,693.25687793289489));
#4354=IFCCARTESIANPOINT((63.918753016557957,491.86984264862923,693.25687793289478));
#4355=IFCCARTESIANPOINT((95.027243512409854,491.48298063481207,695.44612191398562));
#4356=IFCCARTESIANPOINT((-56.186117236894987,487.21170514131171,702.01880923266106));
#4357=IFCCARTESIANPOINT((3.0787970645404585,485.72846371552572,703.05440624309529));
#4358=IFCCARTESIANPOINT((83.112781454562651,486.65981878056283,702.44134894810657));
#4359=IFCCARTESIANPOINT((23.541016894105685,483.23891209686889,704.19672705977257));
#4360=IFCCARTESIANPOINT((124.43398770272435,479.21816998286459,704.84999999999945));
#4361=IFCCARTESIANPOINT((240.93188233076467,482.23188233076189,704.08927883399292));
#4362=IFCCARTESIANPOINT((166.7556610061612,486.31876914190514,702.67955324705702));
#4363=IFCCARTESIANPOINT((67.692119650186783,479.21816998286459,704.84999999999945));
#4364=IFCCARTESIANPOINT((96.063056853725271,481.34363327273684,704.67087879517203));
#4365=IFCCARTESIANPOINT((170.96836875999088,481.36461763780153,704.66729852901972));
#4366=IFCCARTESIANPOINT((-30.029696565015083,481.44853305564197,704.65261894818752));
#4367=IFCCARTESIANPOINT((66.958209160515381,489.19922655591017,700.00293000641432));
#4368=IFCCARTESIANPOINT((180.67778154632285,483.95890256360923,703.93199705473751));
#4369=IFCCARTESIANPOINT((-51.267076885013545,479.21816998286465,704.84999999999945));
#4370=IFCCARTESIANPOINT((-61.69069355561961,491.44589774233634,695.58113302572747));
#4371=IFCCARTESIANPOINT((-119.90251274131992,485.2114123930333,703.34692124706351));
#4372=IFCCARTESIANPOINT((-181.64426166463258,486.26348168980093,702.71662590196593));
#4373=IFCCARTESIANPOINT((130.42488844339596,490.09589183038162,698.7047820259736));
#4374=IFCCARTESIANPOINT((-71.09384446234408,488.37019101821363,654.04999999999927));
#4375=IFCCARTESIANPOINT((1.0997397456424807E-005,494.69602735109555,660.95343896644704));
#4376=IFCCARTESIANPOINT((77.419662129789074,494.69602735109532,660.95343896644704));
#4377=IFCCARTESIANPOINT((-126.69800817685024,494.69602735109589,660.95343896644704));
#4378=IFCCARTESIANPOINT((87.988173277935985,488.37019101821357,654.04999999999927));
#4379=IFCCARTESIANPOINT((8.4471507170253251,488.37019101821363,654.04999999999927));
#4380=IFCCARTESIANPOINT((-159.08201774027978,488.37019101821363,654.04999999999927));
#4381=IFCCARTESIANPOINT((-31.32333318188876,488.37019101821363,654.04999999999927));
#4382=IFCCARTESIANPOINT((165.40785573784095,494.69602735109504,660.95343896644681));
#4383=IFCCARTESIANPOINT((167.52919583884668,488.37019101821357,654.04999999999927));
#4384=IFCCARTESIANPOINT((127.75868455839137,488.37019101821357,654.04999999999927));
#4385=IFCCARTESIANPOINT((-165.40783374304607,494.69602735109612,660.95343896644715));
#4386=IFCCARTESIANPOINT((203.07610437924831,488.37019101821357,654.04999999999927));
#4387=IFCCARTESIANPOINT((209.40193054707296,494.69602735109487,660.95343896644681));
#4388=IFCCARTESIANPOINT((-209.40193054707206,494.69602735109623,660.95343896644715));
#4389=IFCCARTESIANPOINT((-203.0761043792476,488.37019101821363,654.04999999999927));
#4390=IFCCARTESIANPOINT((-63.348998589726413,494.69602735109578,660.95343896644704));
#4391=IFCCARTESIANPOINT((185.30264444121804,493.10221202094959,656.16556057669254));
#4392=IFCCARTESIANPOINT((121.41375893381502,494.69602735109515,660.95343896644704));
#4393=IFCCARTESIANPOINT((-146.05292389765717,493.17955582844144,656.25361481261734));
#4394=IFCCARTESIANPOINT((-115.08793110131195,488.37019101821363,654.04999999999927));
#4395=IFCCARTESIANPOINT((-93.090865769338563,493.29748387728819,656.39446819000091));
#4396=IFCCARTESIANPOINT((-11.438068331806353,492.88069630123533,655.93034206098105));
#4397=IFCCARTESIANPOINT((38.709836563593271,494.69602735109549,660.95343896644704));
#4398=IFCCARTESIANPOINT((48.217661997480668,488.37019101821357,654.04999999999927));
#4399=IFCCARTESIANPOINT((58.064750126057646,493.22386143578677,656.30556676967706));
#4400=IFCCARTESIANPOINT((107.87343604784459,492.91522990356026,655.96546264750373));
#4401=IFCCARTESIANPOINT((146.66552812119673,492.70384141003302,655.75866675604084));
#4402=IFCCARTESIANPOINT((-53.037551794726667,492.91023557652329,655.96034962991848));
#4403=IFCCARTESIANPOINT((23.010455213929017,493.5674545930342,656.75158235205447));
#4404=IFCCARTESIANPOINT((-213.47139318287191,492.99349161773671,656.04711686735595));
#4405=IFCCARTESIANPOINT((-46.365315284616443,463.64168242666875,393.47599625439722));
#4406=IFCCARTESIANPOINT((-3.6473276159298963E-007,454.79921717501315,380.07702967267784));
#4407=IFCCARTESIANPOINT((21.830824696679077,439.10716643892624,374.64999999999918));
#4408=IFCCARTESIANPOINT((204.89904050151532,446.19904050151251,376.2222306278108));
#4409=IFCCARTESIANPOINT((31.658568425562578,448.38391279602558,376.40466267895351));
#4410=IFCCARTESIANPOINT((-218.98539567547436,460.28539567547267,387.02862939235717));
#4411=IFCCARTESIANPOINT((-43.936223484611673,459.79821450845515,385.31770453104963));
#4412=IFCCARTESIANPOINT((-108.63234746654543,456.7762599622373,381.80272255747423));
#4413=IFCCARTESIANPOINT((108.63234828503927,456.77625992835385,381.80272252466494));
#4414=IFCCARTESIANPOINT((46.365312906314216,463.64168242666847,393.47599625439739));
#4415=IFCCARTESIANPOINT((3.1347803102654838E-006,462.09385599096436,389.24388583078002));
#4416=IFCCARTESIANPOINT((82.391866266024707,460.1017887299048,385.75364260172762));
#4417=IFCCARTESIANPOINT((-123.40801590617258,462.28997816803667,389.67130835159696));
#4418=IFCCARTESIANPOINT((113.05902608167548,462.36471408792488,389.83988357781686));
#4419=IFCCARTESIANPOINT((90.945202437465952,443.71453165411481,375.07136541414036));
#4420=IFCCARTESIANPOINT((-42.414647811225358,443.94967205516463,375.11588402696543));
#4421=IFCCARTESIANPOINT((-91.190039973547613,448.45050096430532,376.4308954457012));
#4422=IFCCARTESIANPOINT((-87.988230726371569,439.10716643892624,374.64999999999918));
#4423=IFCPOLYLOOP((#3606,#3607,#3608,#3609));
#4424=IFCFACEOUTERBOUND(#4423,.T.);
#4425=IFCFACE((#4424));
#4426=IFCPOLYLOOP((#3610,#3606,#3611));
#4427=IFCFACEOUTERBOUND(#4426,.T.);
#4428=IFCFACE((#4427));
#4429=IFCPOLYLOOP((#3606,#3610,#4326));
#4430=IFCFACEOUTERBOUND(#4429,.T.);
#4431=IFCFACE((#4430));
#4432=IFCPOLYLOOP((#3606,#4326,#4311));
#4433=IFCFACEOUTERBOUND(#4432,.T.);
#4434=IFCFACE((#4433));
#4435=IFCPOLYLOOP((#3606,#4311,#4328));
#4436=IFCFACEOUTERBOUND(#4435,.T.);
#4437=IFCFACE((#4436));
#4438=IFCPOLYLOOP((#3606,#4328,#4255));
#4439=IFCFACEOUTERBOUND(#4438,.T.);
#4440=IFCFACE((#4439));
#4441=IFCPOLYLOOP((#4255,#4254,#3606));
#4442=IFCFACEOUTERBOUND(#4441,.T.);
#4443=IFCFACE((#4442));
#4444=IFCPOLYLOOP((#4254,#4255,#4036));
#4445=IFCFACEOUTERBOUND(#4444,.T.);
#4446=IFCFACE((#4445));
#4447=IFCPOLYLOOP((#4036,#4021,#4254));
#4448=IFCFACEOUTERBOUND(#4447,.T.);
#4449=IFCFACE((#4448));
#4450=IFCPOLYLOOP((#4021,#4036,#4075));
#4451=IFCFACEOUTERBOUND(#4450,.T.);
#4452=IFCFACE((#4451));
#4453=IFCPOLYLOOP((#4021,#4075,#4037));
#4454=IFCFACEOUTERBOUND(#4453,.T.);
#4455=IFCFACE((#4454));
#4456=IFCPOLYLOOP((#4037,#4033,#4021));
#4457=IFCFACEOUTERBOUND(#4456,.T.);
#4458=IFCFACE((#4457));
#4459=IFCPOLYLOOP((#4037,#4028,#4033));
#4460=IFCFACEOUTERBOUND(#4459,.T.);
#4461=IFCFACE((#4460));
#4462=IFCPOLYLOOP((#4037,#4035,#4028));
#4463=IFCFACEOUTERBOUND(#4462,.T.);
#4464=IFCFACE((#4463));
#4465=IFCPOLYLOOP((#4037,#4022,#4035));
#4466=IFCFACEOUTERBOUND(#4465,.T.);
#4467=IFCFACE((#4466));
#4468=IFCPOLYLOOP((#4022,#4037,#4081));
#4469=IFCFACEOUTERBOUND(#4468,.T.);
#4470=IFCFACE((#4469));
#4471=IFCPOLYLOOP((#4022,#4081,#4038));
#4472=IFCFACEOUTERBOUND(#4471,.T.);
#4473=IFCFACE((#4472));
#4474=IFCPOLYLOOP((#4038,#4025,#4022));
#4475=IFCFACEOUTERBOUND(#4474,.T.);
#4476=IFCFACE((#4475));
#4477=IFCPOLYLOOP((#4038,#4032,#4025));
#4478=IFCFACEOUTERBOUND(#4477,.T.);
#4479=IFCFACE((#4478));
#4480=IFCPOLYLOOP((#4038,#3923,#4032));
#4481=IFCFACEOUTERBOUND(#4480,.T.);
#4482=IFCFACE((#4481));
#4483=IFCPOLYLOOP((#3923,#4038,#4074));
#4484=IFCFACEOUTERBOUND(#4483,.T.);
#4485=IFCFACE((#4484));
#4486=IFCPOLYLOOP((#3923,#4074,#3924));
#4487=IFCFACEOUTERBOUND(#4486,.T.);
#4488=IFCFACE((#4487));
#4489=IFCPOLYLOOP((#3923,#3924,#3928));
#4490=IFCFACEOUTERBOUND(#4489,.T.);
#4491=IFCFACE((#4490));
#4492=IFCPOLYLOOP((#3923,#3928,#3939));
#4493=IFCFACEOUTERBOUND(#4492,.T.);
#4494=IFCFACE((#4493));
#4495=IFCPOLYLOOP((#3923,#3939,#3705));
#4496=IFCFACEOUTERBOUND(#4495,.T.);
#4497=IFCFACE((#4496));
#4498=IFCPOLYLOOP((#3705,#3690,#3923));
#4499=IFCFACEOUTERBOUND(#4498,.T.);
#4500=IFCFACE((#4499));
#4501=IFCPOLYLOOP((#3690,#3705,#3745));
#4502=IFCFACEOUTERBOUND(#4501,.T.);
#4503=IFCFACE((#4502));
#4504=IFCPOLYLOOP((#3690,#3745,#3706));
#4505=IFCFACEOUTERBOUND(#4504,.T.);
#4506=IFCFACE((#4505));
#4507=IFCPOLYLOOP((#3706,#3702,#3690));
#4508=IFCFACEOUTERBOUND(#4507,.T.);
#4509=IFCFACE((#4508));
#4510=IFCPOLYLOOP((#3706,#3697,#3702));
#4511=IFCFACEOUTERBOUND(#4510,.T.);
#4512=IFCFACE((#4511));
#4513=IFCPOLYLOOP((#3706,#3704,#3697));
#4514=IFCFACEOUTERBOUND(#4513,.T.);
#4515=IFCFACE((#4514));
#4516=IFCPOLYLOOP((#3706,#3691,#3704));
#4517=IFCFACEOUTERBOUND(#4516,.T.);
#4518=IFCFACE((#4517));
#4519=IFCPOLYLOOP((#3691,#3706,#3751));
#4520=IFCFACEOUTERBOUND(#4519,.T.);
#4521=IFCFACE((#4520));
#4522=IFCPOLYLOOP((#3691,#3751,#3707));
#4523=IFCFACEOUTERBOUND(#4522,.T.);
#4524=IFCFACE((#4523));
#4525=IFCPOLYLOOP((#3707,#3694,#3691));
#4526=IFCFACEOUTERBOUND(#4525,.T.);
#4527=IFCFACE((#4526));
#4528=IFCPOLYLOOP((#3707,#3701,#3694));
#4529=IFCFACEOUTERBOUND(#4528,.T.);
#4530=IFCFACE((#4529));
#4531=IFCPOLYLOOP((#3707,#3609,#3701));
#4532=IFCFACEOUTERBOUND(#4531,.T.);
#4533=IFCFACE((#4532));
#4534=IFCPOLYLOOP((#3609,#3707,#3744));
#4535=IFCFACEOUTERBOUND(#4534,.T.);
#4536=IFCFACE((#4535));
#4537=IFCPOLYLOOP((#3609,#3744,#3611));
#4538=IFCFACEOUTERBOUND(#4537,.T.);
#4539=IFCFACE((#4538));
#4540=IFCPOLYLOOP((#3609,#3611,#3606));
#4541=IFCFACEOUTERBOUND(#4540,.T.);
#4542=IFCFACE((#4541));
#4543=IFCPOLYLOOP((#3610,#3611,#3618,#3743,#3615,#3614,#3619));
#4544=IFCFACEOUTERBOUND(#4543,.T.);
#4545=IFCFACE((#4544));
#4546=IFCPOLYLOOP((#3615,#3621,#3616,#3613,#3620,#3614));
#4547=IFCFACEOUTERBOUND(#4546,.T.);
#4548=IFCFACE((#4547));
#4549=IFCPOLYLOOP((#3623,#3725,#3617,#3612,#3622,#4312,#3613,#3616));
#4550=IFCFACEOUTERBOUND(#4549,.T.);
#4551=IFCFACE((#4550));
#4552=IFCPOLYLOOP((#3624,#3612,#3617,#3625));
#4553=IFCFACEOUTERBOUND(#4552,.T.);
#4554=IFCFACE((#4553));
#4555=IFCPOLYLOOP((#3626,#3624,#3625,#3627));
#4556=IFCFACEOUTERBOUND(#4555,.T.);
#4557=IFCFACE((#4556));
#4558=IFCPOLYLOOP((#3628,#3626,#3627,#3629));
#4559=IFCFACEOUTERBOUND(#4558,.T.);
#4560=IFCFACE((#4559));
#4561=IFCPOLYLOOP((#3628,#3631,#3646));
#4562=IFCFACEOUTERBOUND(#4561,.T.);
#4563=IFCFACE((#4562));
#4564=IFCPOLYLOOP((#3629,#3631,#3628));
#4565=IFCFACEOUTERBOUND(#4564,.T.);
#4566=IFCFACE((#4565));
#4567=IFCPOLYLOOP((#3628,#3646,#3638));
#4568=IFCFACEOUTERBOUND(#4567,.T.);
#4569=IFCFACE((#4568));
#4570=IFCPOLYLOOP((#3628,#3638,#3630));
#4571=IFCFACEOUTERBOUND(#4570,.T.);
#4572=IFCFACE((#4571));
#4573=IFCPOLYLOOP((#3628,#3630,#4265));
#4574=IFCFACEOUTERBOUND(#4573,.T.);
#4575=IFCFACE((#4574));
#4576=IFCPOLYLOOP((#3629,#3827,#3631));
#4577=IFCFACEOUTERBOUND(#4576,.T.);
#4578=IFCFACE((#4577));
#4579=IFCPOLYLOOP((#3629,#3785,#3827));
#4580=IFCFACEOUTERBOUND(#4579,.T.);
#4581=IFCFACE((#4580));
#4582=IFCPOLYLOOP((#3785,#3629,#3778));
#4583=IFCFACEOUTERBOUND(#4582,.T.);
#4584=IFCFACE((#4583));
#4585=IFCPOLYLOOP((#3785,#3778,#3777));
#4586=IFCFACEOUTERBOUND(#4585,.T.);
#4587=IFCFACE((#4586));
#4588=IFCPOLYLOOP((#3777,#3828,#3785));
#4589=IFCFACEOUTERBOUND(#4588,.T.);
#4590=IFCFACE((#4589));
#4591=IFCPOLYLOOP((#3777,#3784,#3828));
#4592=IFCFACEOUTERBOUND(#4591,.T.);
#4593=IFCFACE((#4592));
#4594=IFCPOLYLOOP((#3784,#3777,#3779));
#4595=IFCFACEOUTERBOUND(#4594,.T.);
#4596=IFCFACE((#4595));
#4597=IFCPOLYLOOP((#3784,#3779,#3776));
#4598=IFCFACEOUTERBOUND(#4597,.T.);
#4599=IFCFACE((#4598));
#4600=IFCPOLYLOOP((#3784,#3776,#3781));
#4601=IFCFACEOUTERBOUND(#4600,.T.);
#4602=IFCFACE((#4601));
#4603=IFCPOLYLOOP((#3784,#3781,#3775));
#4604=IFCFACEOUTERBOUND(#4603,.T.);
#4605=IFCFACE((#4604));
#4606=IFCPOLYLOOP((#3775,#3835,#3784));
#4607=IFCFACEOUTERBOUND(#4606,.T.);
#4608=IFCFACE((#4607));
#4609=IFCPOLYLOOP((#3775,#3783,#3835));
#4610=IFCFACEOUTERBOUND(#4609,.T.);
#4611=IFCFACE((#4610));
#4612=IFCPOLYLOOP((#3783,#3775,#3780));
#4613=IFCFACEOUTERBOUND(#4612,.T.);
#4614=IFCFACE((#4613));
#4615=IFCPOLYLOOP((#3783,#3780,#3774));
#4616=IFCFACEOUTERBOUND(#4615,.T.);
#4617=IFCFACE((#4616));
#4618=IFCPOLYLOOP((#3774,#3829,#3783));
#4619=IFCFACEOUTERBOUND(#4618,.T.);
#4620=IFCFACE((#4619));
#4621=IFCPOLYLOOP((#3774,#3782,#3829));
#4622=IFCFACEOUTERBOUND(#4621,.T.);
#4623=IFCFACE((#4622));
#4624=IFCPOLYLOOP((#3782,#3774,#3947));
#4625=IFCFACEOUTERBOUND(#4624,.T.);
#4626=IFCFACE((#4625));
#4627=IFCPOLYLOOP((#3947,#3956,#3782));
#4628=IFCFACEOUTERBOUND(#4627,.T.);
#4629=IFCFACE((#4628));
#4630=IFCPOLYLOOP((#3947,#3952,#3956));
#4631=IFCFACEOUTERBOUND(#4630,.T.);
#4632=IFCFACE((#4631));
#4633=IFCPOLYLOOP((#3947,#3958,#3952));
#4634=IFCFACEOUTERBOUND(#4633,.T.);
#4635=IFCFACE((#4634));
#4636=IFCPOLYLOOP((#3947,#3948,#3958));
#4637=IFCFACEOUTERBOUND(#4636,.T.);
#4638=IFCFACE((#4637));
#4639=IFCPOLYLOOP((#3947,#4157,#3948));
#4640=IFCFACEOUTERBOUND(#4639,.T.);
#4641=IFCFACE((#4640));
#4642=IFCPOLYLOOP((#3947,#4115,#4157));
#4643=IFCFACEOUTERBOUND(#4642,.T.);
#4644=IFCFACE((#4643));
#4645=IFCPOLYLOOP((#4115,#3947,#4108));
#4646=IFCFACEOUTERBOUND(#4645,.T.);
#4647=IFCFACE((#4646));
#4648=IFCPOLYLOOP((#4115,#4108,#4107));
#4649=IFCFACEOUTERBOUND(#4648,.T.);
#4650=IFCFACE((#4649));
#4651=IFCPOLYLOOP((#4107,#4158,#4115));
#4652=IFCFACEOUTERBOUND(#4651,.T.);
#4653=IFCFACE((#4652));
#4654=IFCPOLYLOOP((#4107,#4114,#4158));
#4655=IFCFACEOUTERBOUND(#4654,.T.);
#4656=IFCFACE((#4655));
#4657=IFCPOLYLOOP((#4114,#4107,#4109));
#4658=IFCFACEOUTERBOUND(#4657,.T.);
#4659=IFCFACE((#4658));
#4660=IFCPOLYLOOP((#4114,#4109,#4106));
#4661=IFCFACEOUTERBOUND(#4660,.T.);
#4662=IFCFACE((#4661));
#4663=IFCPOLYLOOP((#4114,#4106,#4111));
#4664=IFCFACEOUTERBOUND(#4663,.T.);
#4665=IFCFACE((#4664));
#4666=IFCPOLYLOOP((#4114,#4111,#4105));
#4667=IFCFACEOUTERBOUND(#4666,.T.);
#4668=IFCFACE((#4667));
#4669=IFCPOLYLOOP((#4105,#4165,#4114));
#4670=IFCFACEOUTERBOUND(#4669,.T.);
#4671=IFCFACE((#4670));
#4672=IFCPOLYLOOP((#4105,#4113,#4165));
#4673=IFCFACEOUTERBOUND(#4672,.T.);
#4674=IFCFACE((#4673));
#4675=IFCPOLYLOOP((#4113,#4105,#4110));
#4676=IFCFACEOUTERBOUND(#4675,.T.);
#4677=IFCFACE((#4676));
#4678=IFCPOLYLOOP((#4113,#4110,#4104));
#4679=IFCFACEOUTERBOUND(#4678,.T.);
#4680=IFCFACE((#4679));
#4681=IFCPOLYLOOP((#4112,#4104,#4265));
#4682=IFCFACEOUTERBOUND(#4681,.T.);
#4683=IFCFACE((#4682));
#4684=IFCPOLYLOOP((#4104,#4112,#4159));
#4685=IFCFACEOUTERBOUND(#4684,.T.);
#4686=IFCFACE((#4685));
#4687=IFCPOLYLOOP((#4104,#4159,#4113));
#4688=IFCFACEOUTERBOUND(#4687,.T.);
#4689=IFCFACE((#4688));
#4690=IFCPOLYLOOP((#4265,#3630,#4360));
#4691=IFCFACEOUTERBOUND(#4690,.T.);
#4692=IFCFACE((#4691));
#4693=IFCPOLYLOOP((#4265,#4360,#4363));
#4694=IFCFACEOUTERBOUND(#4693,.T.);
#4695=IFCFACE((#4694));
#4696=IFCPOLYLOOP((#4265,#4363,#4330));
#4697=IFCFACEOUTERBOUND(#4696,.T.);
#4698=IFCFACE((#4697));
#4699=IFCPOLYLOOP((#4265,#4330,#4369));
#4700=IFCFACEOUTERBOUND(#4699,.T.);
#4701=IFCFACE((#4700));
#4702=IFCPOLYLOOP((#4265,#4369,#4332));
#4703=IFCFACEOUTERBOUND(#4702,.T.);
#4704=IFCFACE((#4703));
#4705=IFCPOLYLOOP((#4265,#4332,#4340));
#4706=IFCFACEOUTERBOUND(#4705,.T.);
#4707=IFCFACE((#4706));
#4708=IFCPOLYLOOP((#4265,#4340,#4266));
#4709=IFCFACEOUTERBOUND(#4708,.T.);
#4710=IFCFACE((#4709));
#4711=IFCPOLYLOOP((#4265,#4266,#4270));
#4712=IFCFACEOUTERBOUND(#4711,.T.);
#4713=IFCFACE((#4712));
#4714=IFCPOLYLOOP((#4265,#4270,#4278));
#4715=IFCFACEOUTERBOUND(#4714,.T.);
#4716=IFCFACE((#4715));
#4717=IFCPOLYLOOP((#4265,#4278,#4112));
#4718=IFCFACEOUTERBOUND(#4717,.T.);
#4719=IFCFACE((#4718));
#4720=IFCPOLYLOOP((#3638,#3639,#3630));
#4721=IFCFACEOUTERBOUND(#4720,.T.);
#4722=IFCFACE((#4721));
#4723=IFCPOLYLOOP((#3631,#3640,#3646));
#4724=IFCFACEOUTERBOUND(#4723,.T.);
#4725=IFCFACE((#4724));
#4726=IFCPOLYLOOP((#3642,#3649,#3647));
#4727=IFCFACEOUTERBOUND(#4726,.T.);
#4728=IFCFACE((#4727));
#4729=IFCPOLYLOOP((#3641,#3646,#3640));
#4730=IFCFACEOUTERBOUND(#4729,.T.);
#4731=IFCFACE((#4730));
#4732=IFCPOLYLOOP((#3638,#3641,#3639));
#4733=IFCFACEOUTERBOUND(#4732,.T.);
#4734=IFCFACE((#4733));
#4735=IFCPOLYLOOP((#3642,#3635,#3648,#3636));
#4736=IFCFACEOUTERBOUND(#4735,.T.);
#4737=IFCFACE((#4736));
#4738=IFCPOLYLOOP((#3633,#3645,#3651));
#4739=IFCFACEOUTERBOUND(#4738,.T.);
#4740=IFCFACE((#4739));
#4741=IFCPOLYLOOP((#3650,#3632,#4343,#3651));
#4742=IFCFACEOUTERBOUND(#4741,.T.);
#4743=IFCFACE((#4742));
#4744=IFCPOLYLOOP((#3644,#3637,#3643));
#4745=IFCFACEOUTERBOUND(#4744,.T.);
#4746=IFCFACE((#4745));
#4747=IFCPOLYLOOP((#3635,#3642,#3647));
#4748=IFCFACEOUTERBOUND(#4747,.T.);
#4749=IFCFACE((#4748));
#4750=IFCPOLYLOOP((#3641,#3634,#4361,#3639));
#4751=IFCFACEOUTERBOUND(#4750,.T.);
#4752=IFCFACE((#4751));
#4753=IFCPOLYLOOP((#3652,#3636,#3645));
#4754=IFCFACEOUTERBOUND(#4753,.T.);
#4755=IFCFACE((#4754));
#4756=IFCPOLYLOOP((#3641,#3640,#3805,#3635));
#4757=IFCFACEOUTERBOUND(#4756,.T.);
#4758=IFCFACE((#4757));
#4759=IFCPOLYLOOP((#3634,#3641,#3647));
#4760=IFCFACEOUTERBOUND(#4759,.T.);
#4761=IFCFACE((#4760));
#4762=IFCPOLYLOOP((#3645,#3644,#3643));
#4763=IFCFACEOUTERBOUND(#4762,.T.);
#4764=IFCFACE((#4763));
#4765=IFCPOLYLOOP((#3645,#3636,#3809,#3644));
#4766=IFCFACEOUTERBOUND(#4765,.T.);
#4767=IFCFACE((#4766));
#4768=IFCPOLYLOOP((#3645,#3633,#3652));
#4769=IFCFACEOUTERBOUND(#4768,.T.);
#4770=IFCFACE((#4769));
#4771=IFCPOLYLOOP((#3641,#3638,#3646));
#4772=IFCFACEOUTERBOUND(#4771,.T.);
#4773=IFCFACE((#4772));
#4774=IFCPOLYLOOP((#3635,#3647,#3641));
#4775=IFCFACEOUTERBOUND(#4774,.T.);
#4776=IFCFACE((#4775));
#4777=IFCPOLYLOOP((#3652,#3649,#3642));
#4778=IFCFACEOUTERBOUND(#4777,.T.);
#4779=IFCFACE((#4778));
#4780=IFCPOLYLOOP((#3645,#3643,#3650));
#4781=IFCFACEOUTERBOUND(#4780,.T.);
#4782=IFCFACE((#4781));
#4783=IFCPOLYLOOP((#3634,#3647,#3649));
#4784=IFCFACEOUTERBOUND(#4783,.T.);
#4785=IFCFACE((#4784));
#4786=IFCPOLYLOOP((#3650,#3651,#3645));
#4787=IFCFACEOUTERBOUND(#4786,.T.);
#4788=IFCFACE((#4787));
#4789=IFCPOLYLOOP((#3649,#3652,#3633));
#4790=IFCFACEOUTERBOUND(#4789,.T.);
#4791=IFCFACE((#4790));
#4792=IFCPOLYLOOP((#3636,#3652,#3642));
#4793=IFCFACEOUTERBOUND(#4792,.T.);
#4794=IFCFACE((#4793));
#4795=IFCPOLYLOOP((#3632,#3650,#3643,#3637,#3654,#3665,#3664,#3667,#3653));
#4796=IFCFACEOUTERBOUND(#4795,.T.);
#4797=IFCFACE((#4796));
#4798=IFCPOLYLOOP((#3661,#3662,#3668));
#4799=IFCFACEOUTERBOUND(#4798,.T.);
#4800=IFCFACE((#4799));
#4801=IFCPOLYLOOP((#3656,#3666,#3655));
#4802=IFCFACEOUTERBOUND(#4801,.T.);
#4803=IFCFACE((#4802));
#4804=IFCPOLYLOOP((#3659,#3665,#3654));
#4805=IFCFACEOUTERBOUND(#4804,.T.);
#4806=IFCFACE((#4805));
#4807=IFCPOLYLOOP((#3658,#3653,#3667));
#4808=IFCFACEOUTERBOUND(#4807,.T.);
#4809=IFCFACE((#4808));
#4810=IFCPOLYLOOP((#3668,#3660,#3661));
#4811=IFCFACEOUTERBOUND(#4810,.T.);
#4812=IFCFACE((#4811));
#4813=IFCPOLYLOOP((#3663,#3669,#3668));
#4814=IFCFACEOUTERBOUND(#4813,.T.);
#4815=IFCFACE((#4814));
#4816=IFCPOLYLOOP((#3669,#3670,#3664));
#4817=IFCFACEOUTERBOUND(#4816,.T.);
#4818=IFCFACE((#4817));
#4819=IFCPOLYLOOP((#3669,#3663,#3670));
#4820=IFCFACEOUTERBOUND(#4819,.T.);
#4821=IFCFACE((#4820));
#4822=IFCPOLYLOOP((#3671,#3658,#3667));
#4823=IFCFACEOUTERBOUND(#4822,.T.);
#4824=IFCFACE((#4823));
#4825=IFCPOLYLOOP((#3669,#3660,#3668));
#4826=IFCFACEOUTERBOUND(#4825,.T.);
#4827=IFCFACE((#4826));
#4828=IFCPOLYLOOP((#3656,#3657,#3671));
#4829=IFCFACEOUTERBOUND(#4828,.T.);
#4830=IFCFACE((#4829));
#4831=IFCPOLYLOOP((#3671,#3657,#3658));
#4832=IFCFACEOUTERBOUND(#4831,.T.);
#4833=IFCFACE((#4832));
#4834=IFCPOLYLOOP((#3660,#3669,#3665));
#4835=IFCFACEOUTERBOUND(#4834,.T.);
#4836=IFCFACE((#4835));
#4837=IFCPOLYLOOP((#3664,#3670,#3667));
#4838=IFCFACEOUTERBOUND(#4837,.T.);
#4839=IFCFACE((#4838));
#4840=IFCPOLYLOOP((#3663,#3666,#3670));
#4841=IFCFACEOUTERBOUND(#4840,.T.);
#4842=IFCFACE((#4841));
#4843=IFCPOLYLOOP((#3660,#3665,#3659));
#4844=IFCFACEOUTERBOUND(#4843,.T.);
#4845=IFCFACE((#4844));
#4846=IFCPOLYLOOP((#3670,#3666,#3671));
#4847=IFCFACEOUTERBOUND(#4846,.T.);
#4848=IFCFACE((#4847));
#4849=IFCPOLYLOOP((#3664,#3665,#3669));
#4850=IFCFACEOUTERBOUND(#4849,.T.);
#4851=IFCFACE((#4850));
#4852=IFCPOLYLOOP((#3670,#3671,#3667));
#4853=IFCFACEOUTERBOUND(#4852,.T.);
#4854=IFCFACE((#4853));
#4855=IFCPOLYLOOP((#3656,#3671,#3666));
#4856=IFCFACEOUTERBOUND(#4855,.T.);
#4857=IFCFACE((#4856));
#4858=IFCPOLYLOOP((#3672,#3655,#3666));
#4859=IFCFACEOUTERBOUND(#4858,.T.);
#4860=IFCFACE((#4859));
#4861=IFCPOLYLOOP((#3672,#3666,#3663));
#4862=IFCFACEOUTERBOUND(#4861,.T.);
#4863=IFCFACE((#4862));
#4864=IFCPOLYLOOP((#3672,#3663,#3668));
#4865=IFCFACEOUTERBOUND(#4864,.T.);
#4866=IFCFACE((#4865));
#4867=IFCPOLYLOOP((#3672,#3668,#3662));
#4868=IFCFACEOUTERBOUND(#4867,.T.);
#4869=IFCFACE((#4868));
#4870=IFCPOLYLOOP((#3662,#3673,#3672));
#4871=IFCFACEOUTERBOUND(#4870,.T.);
#4872=IFCFACE((#4871));
#4873=IFCPOLYLOOP((#3672,#4386,#3655));
#4874=IFCFACEOUTERBOUND(#4873,.T.);
#4875=IFCFACE((#4874));
#4876=IFCPOLYLOOP((#3672,#4383,#4386));
#4877=IFCFACEOUTERBOUND(#4876,.T.);
#4878=IFCFACE((#4877));
#4879=IFCPOLYLOOP((#3672,#4384,#4383));
#4880=IFCFACEOUTERBOUND(#4879,.T.);
#4881=IFCFACE((#4880));
#4882=IFCPOLYLOOP((#3672,#4378,#4384));
#4883=IFCFACEOUTERBOUND(#4882,.T.);
#4884=IFCFACE((#4883));
#4885=IFCPOLYLOOP((#3672,#4398,#4378));
#4886=IFCFACEOUTERBOUND(#4885,.T.);
#4887=IFCFACE((#4886));
#4888=IFCPOLYLOOP((#3672,#4379,#4398));
#4889=IFCFACEOUTERBOUND(#4888,.T.);
#4890=IFCFACE((#4889));
#4891=IFCPOLYLOOP((#3672,#4381,#4379));
#4892=IFCFACEOUTERBOUND(#4891,.T.);
#4893=IFCFACE((#4892));
#4894=IFCPOLYLOOP((#3672,#4374,#4381));
#4895=IFCFACEOUTERBOUND(#4894,.T.);
#4896=IFCFACE((#4895));
#4897=IFCPOLYLOOP((#3672,#4394,#4374));
#4898=IFCFACEOUTERBOUND(#4897,.T.);
#4899=IFCFACE((#4898));
#4900=IFCPOLYLOOP((#3672,#4380,#4394));
#4901=IFCFACEOUTERBOUND(#4900,.T.);
#4902=IFCFACE((#4901));
#4903=IFCPOLYLOOP((#3672,#4389,#4380));
#4904=IFCFACEOUTERBOUND(#4903,.T.);
#4905=IFCFACE((#4904));
#4906=IFCPOLYLOOP((#3672,#4288,#4389));
#4907=IFCFACEOUTERBOUND(#4906,.T.);
#4908=IFCFACE((#4907));
#4909=IFCPOLYLOOP((#4298,#4288,#3672));
#4910=IFCFACEOUTERBOUND(#4909,.T.);
#4911=IFCFACE((#4910));
#4912=IFCPOLYLOOP((#4298,#4292,#4288));
#4913=IFCFACEOUTERBOUND(#4912,.T.);
#4914=IFCFACE((#4913));
#4915=IFCPOLYLOOP((#4298,#4289,#4292));
#4916=IFCFACEOUTERBOUND(#4915,.T.);
#4917=IFCFACE((#4916));
#4918=IFCPOLYLOOP((#4298,#4294,#4289));
#4919=IFCFACEOUTERBOUND(#4918,.T.);
#4920=IFCFACE((#4919));
#4921=IFCPOLYLOOP((#4298,#4172,#4294));
#4922=IFCFACEOUTERBOUND(#4921,.T.);
#4923=IFCFACE((#4922));
#4924=IFCPOLYLOOP((#4192,#4172,#4298));
#4925=IFCFACEOUTERBOUND(#4924,.T.);
#4926=IFCFACE((#4925));
#4927=IFCPOLYLOOP((#4172,#4192,#4173));
#4928=IFCFACEOUTERBOUND(#4927,.T.);
#4929=IFCFACE((#4928));
#4930=IFCPOLYLOOP((#4173,#4192,#4193));
#4931=IFCFACEOUTERBOUND(#4930,.T.);
#4932=IFCFACE((#4931));
#4933=IFCPOLYLOOP((#4193,#4174,#4173));
#4934=IFCFACEOUTERBOUND(#4933,.T.);
#4935=IFCFACE((#4934));
#4936=IFCPOLYLOOP((#4193,#4194,#4174));
#4937=IFCFACEOUTERBOUND(#4936,.T.);
#4938=IFCFACE((#4937));
#4939=IFCPOLYLOOP((#4194,#4189,#4174));
#4940=IFCFACEOUTERBOUND(#4939,.T.);
#4941=IFCFACE((#4940));
#4942=IFCPOLYLOOP((#4194,#4175,#4189));
#4943=IFCFACEOUTERBOUND(#4942,.T.);
#4944=IFCFACE((#4943));
#4945=IFCPOLYLOOP((#4195,#4175,#4194));
#4946=IFCFACEOUTERBOUND(#4945,.T.);
#4947=IFCFACE((#4946));
#4948=IFCPOLYLOOP((#4196,#4175,#4195));
#4949=IFCFACEOUTERBOUND(#4948,.T.);
#4950=IFCFACE((#4949));
#4951=IFCPOLYLOOP((#4175,#4196,#4176));
#4952=IFCFACEOUTERBOUND(#4951,.T.);
#4953=IFCFACE((#4952));
#4954=IFCPOLYLOOP((#4176,#4196,#4002));
#4955=IFCFACEOUTERBOUND(#4954,.T.);
#4956=IFCFACE((#4955));
#4957=IFCPOLYLOOP((#4176,#4002,#3981));
#4958=IFCFACEOUTERBOUND(#4957,.T.);
#4959=IFCFACE((#4958));
#4960=IFCPOLYLOOP((#3981,#4002,#3862));
#4961=IFCFACEOUTERBOUND(#4960,.T.);
#4962=IFCFACE((#4961));
#4963=IFCPOLYLOOP((#3862,#3992,#3981));
#4964=IFCFACEOUTERBOUND(#4963,.T.);
#4965=IFCFACE((#4964));
#4966=IFCPOLYLOOP((#3862,#3988,#3992));
#4967=IFCFACEOUTERBOUND(#4966,.T.);
#4968=IFCFACE((#4967));
#4969=IFCPOLYLOOP((#3862,#3996,#3988));
#4970=IFCFACEOUTERBOUND(#4969,.T.);
#4971=IFCFACE((#4970));
#4972=IFCPOLYLOOP((#3862,#3982,#3996));
#4973=IFCFACEOUTERBOUND(#4972,.T.);
#4974=IFCFACE((#4973));
#4975=IFCPOLYLOOP((#3862,#3994,#3982));
#4976=IFCFACEOUTERBOUND(#4975,.T.);
#4977=IFCFACE((#4976));
#4978=IFCPOLYLOOP((#3862,#3985,#3994));
#4979=IFCFACEOUTERBOUND(#4978,.T.);
#4980=IFCFACE((#4979));
#4981=IFCPOLYLOOP((#3862,#3989,#3985));
#4982=IFCFACEOUTERBOUND(#4981,.T.);
#4983=IFCFACE((#4982));
#4984=IFCPOLYLOOP((#3862,#3842,#3989));
#4985=IFCFACEOUTERBOUND(#4984,.T.);
#4986=IFCFACE((#4985));
#4987=IFCPOLYLOOP((#3842,#3862,#3843));
#4988=IFCFACEOUTERBOUND(#4987,.T.);
#4989=IFCFACE((#4988));
#4990=IFCPOLYLOOP((#3843,#3862,#3863));
#4991=IFCFACEOUTERBOUND(#4990,.T.);
#4992=IFCFACE((#4991));
#4993=IFCPOLYLOOP((#3863,#3844,#3843));
#4994=IFCFACEOUTERBOUND(#4993,.T.);
#4995=IFCFACE((#4994));
#4996=IFCPOLYLOOP((#3863,#3864,#3844));
#4997=IFCFACEOUTERBOUND(#4996,.T.);
#4998=IFCFACE((#4997));
#4999=IFCPOLYLOOP((#3864,#3859,#3844));
#5000=IFCFACEOUTERBOUND(#4999,.T.);
#5001=IFCFACE((#5000));
#5002=IFCPOLYLOOP((#3864,#3845,#3859));
#5003=IFCFACEOUTERBOUND(#5002,.T.);
#5004=IFCFACE((#5003));
#5005=IFCPOLYLOOP((#3865,#3845,#3864));
#5006=IFCFACEOUTERBOUND(#5005,.T.);
#5007=IFCFACE((#5006));
#5008=IFCPOLYLOOP((#3866,#3845,#3865));
#5009=IFCFACEOUTERBOUND(#5008,.T.);
#5010=IFCFACE((#5009));
#5011=IFCPOLYLOOP((#3846,#3866,#3673));
#5012=IFCFACEOUTERBOUND(#5011,.T.);
#5013=IFCFACE((#5012));
#5014=IFCPOLYLOOP((#3845,#3866,#3846));
#5015=IFCFACEOUTERBOUND(#5014,.T.);
#5016=IFCFACE((#5015));
#5017=IFCPOLYLOOP((#3846,#3673,#3662));
#5018=IFCFACEOUTERBOUND(#5017,.T.);
#5019=IFCFACE((#5018));
#5020=IFCPOLYLOOP((#3674,#3672,#3673,#3675));
#5021=IFCFACEOUTERBOUND(#5020,.T.);
#5022=IFCFACE((#5021));
#5023=IFCPOLYLOOP((#3676,#3674,#3675,#3677));
#5024=IFCFACEOUTERBOUND(#5023,.T.);
#5025=IFCFACE((#5024));
#5026=IFCPOLYLOOP((#3677,#3688,#3910,#3681,#3680,#3689,#3676));
#5027=IFCFACEOUTERBOUND(#5026,.T.);
#5028=IFCFACE((#5027));
#5029=IFCPOLYLOOP((#3682,#3685,#3683,#3678,#3684,#4408,#3679));
#5030=IFCFACEOUTERBOUND(#5029,.T.);
#5031=IFCFACE((#5030));
#5032=IFCPOLYLOOP((#3686,#3682,#3679,#3687,#3680,#3681));
#5033=IFCFACEOUTERBOUND(#5032,.T.);
#5034=IFCFACE((#5033));
#5035=IFCPOLYLOOP((#3607,#3678,#3683));
#5036=IFCFACEOUTERBOUND(#5035,.T.);
#5037=IFCFACE((#5036));
#5038=IFCPOLYLOOP((#3683,#3608,#3607));
#5039=IFCFACEOUTERBOUND(#5038,.T.);
#5040=IFCFACE((#5039));
#5041=IFCPOLYLOOP((#3678,#3607,#4253));
#5042=IFCFACEOUTERBOUND(#5041,.T.);
#5043=IFCFACE((#5042));
#5044=IFCPOLYLOOP((#4253,#4407,#3678));
#5045=IFCFACEOUTERBOUND(#5044,.T.);
#5046=IFCFACE((#5045));
#5047=IFCPOLYLOOP((#4253,#4422,#4407));
#5048=IFCFACEOUTERBOUND(#5047,.T.);
#5049=IFCFACE((#5048));
#5050=IFCPOLYLOOP((#4253,#4303,#4422));
#5051=IFCFACEOUTERBOUND(#5050,.T.);
#5052=IFCFACE((#5051));
#5053=IFCPOLYLOOP((#4303,#4253,#4213));
#5054=IFCFACEOUTERBOUND(#5053,.T.);
#5055=IFCFACE((#5054));
#5056=IFCPOLYLOOP((#4024,#4213,#4253));
#5057=IFCFACEOUTERBOUND(#5056,.T.);
#5058=IFCFACE((#5057));
#5059=IFCPOLYLOOP((#4024,#4249,#4213));
#5060=IFCFACEOUTERBOUND(#5059,.T.);
#5061=IFCFACE((#5060));
#5062=IFCPOLYLOOP((#4024,#4214,#4249));
#5063=IFCFACEOUTERBOUND(#5062,.T.);
#5064=IFCFACE((#5063));
#5065=IFCPOLYLOOP((#4214,#4024,#4034));
#5066=IFCFACEOUTERBOUND(#5065,.T.);
#5067=IFCFACE((#5066));
#5068=IFCPOLYLOOP((#4214,#4034,#4029));
#5069=IFCFACEOUTERBOUND(#5068,.T.);
#5070=IFCFACE((#5069));
#5071=IFCPOLYLOOP((#4214,#4029,#4030));
#5072=IFCFACEOUTERBOUND(#5071,.T.);
#5073=IFCFACE((#5072));
#5074=IFCPOLYLOOP((#4214,#4030,#4023));
#5075=IFCFACEOUTERBOUND(#5074,.T.);
#5076=IFCFACE((#5075));
#5077=IFCPOLYLOOP((#4023,#4250,#4214));
#5078=IFCFACEOUTERBOUND(#5077,.T.);
#5079=IFCFACE((#5078));
#5080=IFCPOLYLOOP((#4023,#4215,#4250));
#5081=IFCFACEOUTERBOUND(#5080,.T.);
#5082=IFCFACE((#5081));
#5083=IFCPOLYLOOP((#4215,#4023,#4031));
#5084=IFCFACEOUTERBOUND(#5083,.T.);
#5085=IFCFACE((#5084));
#5086=IFCPOLYLOOP((#4215,#4031,#4026));
#5087=IFCFACEOUTERBOUND(#5086,.T.);
#5088=IFCFACE((#5087));
#5089=IFCPOLYLOOP((#4215,#4026,#4027));
#5090=IFCFACEOUTERBOUND(#5089,.T.);
#5091=IFCFACE((#5090));
#5092=IFCPOLYLOOP((#4215,#4027,#3922));
#5093=IFCFACEOUTERBOUND(#5092,.T.);
#5094=IFCFACE((#5093));
#5095=IFCPOLYLOOP((#3922,#4242,#4215));
#5096=IFCFACEOUTERBOUND(#5095,.T.);
#5097=IFCFACE((#5096));
#5098=IFCPOLYLOOP((#3922,#4007,#4242));
#5099=IFCFACEOUTERBOUND(#5098,.T.);
#5100=IFCFACE((#5099));
#5101=IFCPOLYLOOP((#4007,#3922,#3693));
#5102=IFCFACEOUTERBOUND(#5101,.T.);
#5103=IFCFACE((#5102));
#5104=IFCPOLYLOOP((#3693,#4013,#4007));
#5105=IFCFACEOUTERBOUND(#5104,.T.);
#5106=IFCFACE((#5105));
#5107=IFCPOLYLOOP((#3693,#3883,#4013));
#5108=IFCFACEOUTERBOUND(#5107,.T.);
#5109=IFCFACE((#5108));
#5110=IFCPOLYLOOP((#3693,#3918,#3883));
#5111=IFCFACEOUTERBOUND(#5110,.T.);
#5112=IFCFACE((#5111));
#5113=IFCPOLYLOOP((#3693,#3884,#3918));
#5114=IFCFACEOUTERBOUND(#5113,.T.);
#5115=IFCFACE((#5114));
#5116=IFCPOLYLOOP((#3884,#3693,#3703));
#5117=IFCFACEOUTERBOUND(#5116,.T.);
#5118=IFCFACE((#5117));
#5119=IFCPOLYLOOP((#3884,#3703,#3698));
#5120=IFCFACEOUTERBOUND(#5119,.T.);
#5121=IFCFACE((#5120));
#5122=IFCPOLYLOOP((#3884,#3698,#3699));
#5123=IFCFACEOUTERBOUND(#5122,.T.);
#5124=IFCFACE((#5123));
#5125=IFCPOLYLOOP((#3884,#3699,#3692));
#5126=IFCFACEOUTERBOUND(#5125,.T.);
#5127=IFCFACE((#5126));
#5128=IFCPOLYLOOP((#3692,#3919,#3884));
#5129=IFCFACEOUTERBOUND(#5128,.T.);
#5130=IFCFACE((#5129));
#5131=IFCPOLYLOOP((#3692,#3885,#3919));
#5132=IFCFACEOUTERBOUND(#5131,.T.);
#5133=IFCFACE((#5132));
#5134=IFCPOLYLOOP((#3885,#3692,#3700));
#5135=IFCFACEOUTERBOUND(#5134,.T.);
#5136=IFCFACE((#5135));
#5137=IFCPOLYLOOP((#3885,#3700,#3695));
#5138=IFCFACEOUTERBOUND(#5137,.T.);
#5139=IFCFACE((#5138));
#5140=IFCPOLYLOOP((#3885,#3695,#3696));
#5141=IFCFACEOUTERBOUND(#5140,.T.);
#5142=IFCFACE((#5141));
#5143=IFCPOLYLOOP((#3885,#3696,#3608));
#5144=IFCFACEOUTERBOUND(#5143,.T.);
#5145=IFCFACE((#5144));
#5146=IFCPOLYLOOP((#3608,#3683,#3912));
#5147=IFCFACEOUTERBOUND(#5146,.T.);
#5148=IFCFACE((#5147));
#5149=IFCPOLYLOOP((#3608,#3912,#3885));
#5150=IFCFACEOUTERBOUND(#5149,.T.);
#5151=IFCFACE((#5150));
#5152=IFCPOLYLOOP((#3609,#3608,#3696,#3695,#3700,#3692,#3691,#3694,#3701));
#5153=IFCFACEOUTERBOUND(#5152,.T.);
#5154=IFCFACE((#5153));
#5155=IFCPOLYLOOP((#3702,#3697,#3704,#3691,#3692,#3699,#3698,#3703,#3693,#3690));
#5156=IFCFACEOUTERBOUND(#5155,.T.);
#5157=IFCFACE((#5156));
#5158=IFCPOLYLOOP((#3715,#3615,#3743,#3618,#3611));
#5159=IFCFACEOUTERBOUND(#5158,.T.);
#5160=IFCFACE((#5159));
#5161=IFCPOLYLOOP((#3732,#3707,#3751));
#5162=IFCFACEOUTERBOUND(#5161,.T.);
#5163=IFCFACE((#5162));
#5164=IFCPOLYLOOP((#3723,#3721,#3737));
#5165=IFCFACEOUTERBOUND(#5164,.T.);
#5166=IFCFACE((#5165));
#5167=IFCPOLYLOOP((#3722,#3716,#3720));
#5168=IFCFACEOUTERBOUND(#5167,.T.);
#5169=IFCFACE((#5168));
#5170=IFCPOLYLOOP((#3726,#3724,#3725));
#5171=IFCFACEOUTERBOUND(#5170,.T.);
#5172=IFCFACE((#5171));
#5173=IFCPOLYLOOP((#3737,#3734,#3735));
#5174=IFCFACEOUTERBOUND(#5173,.T.);
#5175=IFCFACE((#5174));
#5176=IFCPOLYLOOP((#3728,#3615,#3729));
#5177=IFCFACEOUTERBOUND(#5176,.T.);
#5178=IFCFACE((#5177));
#5179=IFCPOLYLOOP((#3731,#3732,#3719));
#5180=IFCFACEOUTERBOUND(#5179,.T.);
#5181=IFCFACE((#5180));
#5182=IFCPOLYLOOP((#3736,#3738,#3717));
#5183=IFCFACEOUTERBOUND(#5182,.T.);
#5184=IFCFACE((#5183));
#5185=IFCPOLYLOOP((#3745,#3746,#3717));
#5186=IFCFACEOUTERBOUND(#5185,.T.);
#5187=IFCFACE((#5186));
#5188=IFCPOLYLOOP((#3735,#3714,#3736));
#5189=IFCFACEOUTERBOUND(#5188,.T.);
#5190=IFCFACE((#5189));
#5191=IFCPOLYLOOP((#3717,#3746,#3747));
#5192=IFCFACEOUTERBOUND(#5191,.T.);
#5193=IFCFACE((#5192));
#5194=IFCPOLYLOOP((#3736,#3749,#3735));
#5195=IFCFACEOUTERBOUND(#5194,.T.);
#5196=IFCFACE((#5195));
#5197=IFCPOLYLOOP((#3745,#3738,#3706));
#5198=IFCFACEOUTERBOUND(#5197,.T.);
#5199=IFCFACE((#5198));
#5200=IFCPOLYLOOP((#3733,#3734,#3740));
#5201=IFCFACEOUTERBOUND(#5200,.T.);
#5202=IFCFACE((#5201));
#5203=IFCPOLYLOOP((#3742,#3723,#3741));
#5204=IFCFACEOUTERBOUND(#5203,.T.);
#5205=IFCFACE((#5204));
#5206=IFCPOLYLOOP((#3733,#3716,#3730));
#5207=IFCFACEOUTERBOUND(#5206,.T.);
#5208=IFCFACE((#5207));
#5209=IFCPOLYLOOP((#3740,#3720,#3733));
#5210=IFCFACEOUTERBOUND(#5209,.T.);
#5211=IFCFACE((#5210));
#5212=IFCPOLYLOOP((#3752,#3722,#3720));
#5213=IFCFACEOUTERBOUND(#5212,.T.);
#5214=IFCFACE((#5213));
#5215=IFCPOLYLOOP((#3621,#3728,#3727));
#5216=IFCFACEOUTERBOUND(#5215,.T.);
#5217=IFCFACE((#5216));
#5218=IFCPOLYLOOP((#3730,#3731,#3739));
#5219=IFCFACEOUTERBOUND(#5218,.T.);
#5220=IFCFACE((#5219));
#5221=IFCPOLYLOOP((#3747,#3750,#3718));
#5222=IFCFACEOUTERBOUND(#5221,.T.);
#5223=IFCFACE((#5222));
#5224=IFCPOLYLOOP((#3728,#3729,#3716));
#5225=IFCFACEOUTERBOUND(#5224,.T.);
#5226=IFCFACE((#5225));
#5227=IFCPOLYLOOP((#3740,#3710,#3720));
#5228=IFCFACEOUTERBOUND(#5227,.T.);
#5229=IFCFACE((#5228));
#5230=IFCPOLYLOOP((#3717,#3749,#3736));
#5231=IFCFACEOUTERBOUND(#5230,.T.);
#5232=IFCFACE((#5231));
#5233=IFCPOLYLOOP((#3721,#3753,#3740));
#5234=IFCFACEOUTERBOUND(#5233,.T.);
#5235=IFCFACE((#5234));
#5236=IFCPOLYLOOP((#3726,#3725,#3623,#3616));
#5237=IFCFACEOUTERBOUND(#5236,.T.);
#5238=IFCFACE((#5237));
#5239=IFCPOLYLOOP((#3726,#3727,#3722));
#5240=IFCFACEOUTERBOUND(#5239,.T.);
#5241=IFCFACE((#5240));
#5242=IFCPOLYLOOP((#3709,#3723,#3742));
#5243=IFCFACEOUTERBOUND(#5242,.T.);
#5244=IFCFACE((#5243));
#5245=IFCPOLYLOOP((#3722,#3711,#3724));
#5246=IFCFACEOUTERBOUND(#5245,.T.);
#5247=IFCFACE((#5246));
#5248=IFCPOLYLOOP((#3725,#3724,#3758,#3617));
#5249=IFCFACEOUTERBOUND(#5248,.T.);
#5250=IFCFACE((#5249));
#5251=IFCPOLYLOOP((#3726,#3616,#3727));
#5252=IFCFACEOUTERBOUND(#5251,.T.);
#5253=IFCFACE((#5252));
#5254=IFCPOLYLOOP((#3724,#3726,#3722));
#5255=IFCFACEOUTERBOUND(#5254,.T.);
#5256=IFCFACE((#5255));
#5257=IFCPOLYLOOP((#3728,#3621,#3615));
#5258=IFCFACEOUTERBOUND(#5257,.T.);
#5259=IFCFACE((#5258));
#5260=IFCPOLYLOOP((#3621,#3727,#3616));
#5261=IFCFACEOUTERBOUND(#5260,.T.);
#5262=IFCFACE((#5261));
#5263=IFCPOLYLOOP((#3722,#3727,#3716));
#5264=IFCFACEOUTERBOUND(#5263,.T.);
#5265=IFCFACE((#5264));
#5266=IFCPOLYLOOP((#3729,#3615,#3715));
#5267=IFCFACEOUTERBOUND(#5266,.T.);
#5268=IFCFACE((#5267));
#5269=IFCPOLYLOOP((#3727,#3728,#3716));
#5270=IFCFACEOUTERBOUND(#5269,.T.);
#5271=IFCFACE((#5270));
#5272=IFCPOLYLOOP((#3715,#3732,#3731));
#5273=IFCFACEOUTERBOUND(#5272,.T.);
#5274=IFCFACE((#5273));
#5275=IFCPOLYLOOP((#3730,#3716,#3729));
#5276=IFCFACEOUTERBOUND(#5275,.T.);
#5277=IFCFACE((#5276));
#5278=IFCPOLYLOOP((#3731,#3729,#3715));
#5279=IFCFACEOUTERBOUND(#5278,.T.);
#5280=IFCFACE((#5279));
#5281=IFCPOLYLOOP((#3733,#3730,#3714));
#5282=IFCFACEOUTERBOUND(#5281,.T.);
#5283=IFCFACE((#5282));
#5284=IFCPOLYLOOP((#3739,#3731,#3719));
#5285=IFCFACEOUTERBOUND(#5284,.T.);
#5286=IFCFACE((#5285));
#5287=IFCPOLYLOOP((#3730,#3729,#3731));
#5288=IFCFACEOUTERBOUND(#5287,.T.);
#5289=IFCFACE((#5288));
#5290=IFCPOLYLOOP((#3732,#3715,#3744));
#5291=IFCFACEOUTERBOUND(#5290,.T.);
#5292=IFCFACE((#5291));
#5293=IFCPOLYLOOP((#3706,#3738,#3751));
#5294=IFCFACEOUTERBOUND(#5293,.T.);
#5295=IFCFACE((#5294));
#5296=IFCPOLYLOOP((#3734,#3733,#3714));
#5297=IFCFACEOUTERBOUND(#5296,.T.);
#5298=IFCFACE((#5297));
#5299=IFCPOLYLOOP((#3716,#3733,#3720));
#5300=IFCFACEOUTERBOUND(#5299,.T.);
#5301=IFCFACE((#5300));
#5302=IFCPOLYLOOP((#3735,#3734,#3714));
#5303=IFCFACEOUTERBOUND(#5302,.T.);
#5304=IFCFACE((#5303));
#5305=IFCPOLYLOOP((#3734,#3721,#3740));
#5306=IFCFACEOUTERBOUND(#5305,.T.);
#5307=IFCFACE((#5306));
#5308=IFCPOLYLOOP((#3739,#3736,#3714));
#5309=IFCFACEOUTERBOUND(#5308,.T.);
#5310=IFCFACE((#5309));
#5311=IFCPOLYLOOP((#3737,#3735,#3718));
#5312=IFCFACEOUTERBOUND(#5311,.T.);
#5313=IFCFACE((#5312));
#5314=IFCPOLYLOOP((#3738,#3736,#3719));
#5315=IFCFACEOUTERBOUND(#5314,.T.);
#5316=IFCFACE((#5315));
#5317=IFCPOLYLOOP((#3717,#3747,#3749));
#5318=IFCFACEOUTERBOUND(#5317,.T.);
#5319=IFCFACE((#5318));
#5320=IFCPOLYLOOP((#3723,#3737,#3718));
#5321=IFCFACEOUTERBOUND(#5320,.T.);
#5322=IFCFACE((#5321));
#5323=IFCPOLYLOOP((#3734,#3737,#3721));
#5324=IFCFACEOUTERBOUND(#5323,.T.);
#5325=IFCFACE((#5324));
#5326=IFCPOLYLOOP((#3738,#3719,#3751));
#5327=IFCFACEOUTERBOUND(#5326,.T.);
#5328=IFCFACE((#5327));
#5329=IFCPOLYLOOP((#3738,#3745,#3717));
#5330=IFCFACEOUTERBOUND(#5329,.T.);
#5331=IFCFACE((#5330));
#5332=IFCPOLYLOOP((#3736,#3739,#3719));
#5333=IFCFACEOUTERBOUND(#5332,.T.);
#5334=IFCFACE((#5333));
#5335=IFCPOLYLOOP((#3730,#3739,#3714));
#5336=IFCFACEOUTERBOUND(#5335,.T.);
#5337=IFCFACE((#5336));
#5338=IFCPOLYLOOP((#3721,#3709,#3753));
#5339=IFCFACEOUTERBOUND(#5338,.T.);
#5340=IFCFACE((#5339));
#5341=IFCPOLYLOOP((#3711,#3722,#3752));
#5342=IFCFACEOUTERBOUND(#5341,.T.);
#5343=IFCFACE((#5342));
#5344=IFCPOLYLOOP((#3723,#3713,#3741));
#5345=IFCFACEOUTERBOUND(#5344,.T.);
#5346=IFCFACE((#5345));
#5347=IFCPOLYLOOP((#3741,#3708,#3761,#3742));
#5348=IFCFACEOUTERBOUND(#5347,.T.);
#5349=IFCFACE((#5348));
#5350=IFCPOLYLOOP((#3715,#3611,#3744));
#5351=IFCFACEOUTERBOUND(#5350,.T.);
#5352=IFCFACE((#5351));
#5353=IFCPOLYLOOP((#3744,#3707,#3732));
#5354=IFCFACEOUTERBOUND(#5353,.T.);
#5355=IFCFACE((#5354));
#5356=IFCPOLYLOOP((#3746,#3745,#3705));
#5357=IFCFACEOUTERBOUND(#5356,.T.);
#5358=IFCFACE((#5357));
#5359=IFCPOLYLOOP((#3723,#3750,#3713));
#5360=IFCFACEOUTERBOUND(#5359,.T.);
#5361=IFCFACE((#5360));
#5362=IFCPOLYLOOP((#3747,#3746,#3931,#3712));
#5363=IFCFACEOUTERBOUND(#5362,.T.);
#5364=IFCFACE((#5363));
#5365=IFCPOLYLOOP((#3718,#3735,#3749));
#5366=IFCFACEOUTERBOUND(#5365,.T.);
#5367=IFCFACE((#5366));
#5368=IFCPOLYLOOP((#3712,#3748,#3713,#3750));
#5369=IFCFACEOUTERBOUND(#5368,.T.);
#5370=IFCFACE((#5369));
#5371=IFCPOLYLOOP((#3718,#3750,#3723));
#5372=IFCFACEOUTERBOUND(#5371,.T.);
#5373=IFCFACE((#5372));
#5374=IFCPOLYLOOP((#3718,#3749,#3747));
#5375=IFCFACEOUTERBOUND(#5374,.T.);
#5376=IFCFACE((#5375));
#5377=IFCPOLYLOOP((#3712,#3750,#3747));
#5378=IFCFACEOUTERBOUND(#5377,.T.);
#5379=IFCFACE((#5378));
#5380=IFCPOLYLOOP((#3732,#3751,#3719));
#5381=IFCFACEOUTERBOUND(#5380,.T.);
#5382=IFCFACE((#5381));
#5383=IFCPOLYLOOP((#3720,#3710,#3752));
#5384=IFCFACEOUTERBOUND(#5383,.T.);
#5385=IFCFACE((#5384));
#5386=IFCPOLYLOOP((#3709,#3721,#3723));
#5387=IFCFACEOUTERBOUND(#5386,.T.);
#5388=IFCFACE((#5387));
#5389=IFCPOLYLOOP((#3710,#3740,#3753));
#5390=IFCFACEOUTERBOUND(#5389,.T.);
#5391=IFCFACE((#5390));
#5392=IFCPOLYLOOP((#3711,#3757,#3768,#3759,#3625,#3617,#3758,#3724));
#5393=IFCFACEOUTERBOUND(#5392,.T.);
#5394=IFCFACE((#5393));
#5395=IFCPOLYLOOP((#3761,#3708,#3754,#3762,#3771,#3755,#3709,#3742));
#5396=IFCFACEOUTERBOUND(#5395,.T.);
#5397=IFCFACE((#5396));
#5398=IFCPOLYLOOP((#3710,#3756,#3760,#3757,#3711,#3752));
#5399=IFCFACEOUTERBOUND(#5398,.T.);
#5400=IFCFACE((#5399));
#5401=IFCPOLYLOOP((#3753,#3709,#3755,#3763,#3756,#3710));
#5402=IFCFACEOUTERBOUND(#5401,.T.);
#5403=IFCFACE((#5402));
#5404=IFCPOLYLOOP((#3767,#3769,#3627,#3625,#3759,#3768,#3757));
#5405=IFCFACEOUTERBOUND(#5404,.T.);
#5406=IFCFACE((#5405));
#5407=IFCPOLYLOOP((#3766,#3770,#3767,#3757,#3760,#3756));
#5408=IFCFACEOUTERBOUND(#5407,.T.);
#5409=IFCFACE((#5408));
#5410=IFCPOLYLOOP((#3765,#3755,#3771,#3762,#3754,#3764,#3772));
#5411=IFCFACEOUTERBOUND(#5410,.T.);
#5412=IFCFACE((#5411));
#5413=IFCPOLYLOOP((#3763,#3755,#3765,#3773,#3766,#3756));
#5414=IFCFACEOUTERBOUND(#5413,.T.);
#5415=IFCFACE((#5414));
#5416=IFCPOLYLOOP((#3777,#3778,#3629,#3627,#3769,#3767));
#5417=IFCFACEOUTERBOUND(#5416,.T.);
#5418=IFCFACE((#5417));
#5419=IFCPOLYLOOP((#3779,#3777,#3767,#3770,#3766,#3776));
#5420=IFCFACEOUTERBOUND(#5419,.T.);
#5421=IFCFACE((#5420));
#5422=IFCPOLYLOOP((#3775,#3765,#3772,#3764,#3774,#3780));
#5423=IFCFACEOUTERBOUND(#5422,.T.);
#5424=IFCFACE((#5423));
#5425=IFCPOLYLOOP((#3775,#3781,#3776,#3766,#3773,#3765));
#5426=IFCFACEOUTERBOUND(#5425,.T.);
#5427=IFCFACE((#5426));
#5428=IFCPOLYLOOP((#3830,#3799,#3800));
#5429=IFCFACEOUTERBOUND(#5428,.T.);
#5430=IFCFACE((#5429));
#5431=IFCPOLYLOOP((#3799,#3791,#3800));
#5432=IFCFACEOUTERBOUND(#5431,.T.);
#5433=IFCFACE((#5432));
#5434=IFCPOLYLOOP((#3816,#3823,#3824));
#5435=IFCFACEOUTERBOUND(#5434,.T.);
#5436=IFCFACE((#5435));
#5437=IFCPOLYLOOP((#3826,#3806,#3836));
#5438=IFCFACEOUTERBOUND(#5437,.T.);
#5439=IFCFACE((#5438));
#5440=IFCPOLYLOOP((#3636,#3807,#3812));
#5441=IFCFACEOUTERBOUND(#5440,.T.);
#5442=IFCFACE((#5441));
#5443=IFCPOLYLOOP((#3817,#3831,#3800));
#5444=IFCFACEOUTERBOUND(#5443,.T.);
#5445=IFCFACE((#5444));
#5446=IFCPOLYLOOP((#3812,#3809,#3636));
#5447=IFCFACEOUTERBOUND(#5446,.T.);
#5448=IFCFACE((#5447));
#5449=IFCPOLYLOOP((#3833,#3797,#3832));
#5450=IFCFACEOUTERBOUND(#5449,.T.);
#5451=IFCFACE((#5450));
#5452=IFCPOLYLOOP((#3635,#3806,#3818));
#5453=IFCFACEOUTERBOUND(#5452,.T.);
#5454=IFCFACE((#5453));
#5455=IFCPOLYLOOP((#3824,#3825,#3798));
#5456=IFCFACEOUTERBOUND(#5455,.T.);
#5457=IFCFACE((#5456));
#5458=IFCPOLYLOOP((#3825,#3784,#3798));
#5459=IFCFACEOUTERBOUND(#5458,.T.);
#5460=IFCFACE((#5459));
#5461=IFCPOLYLOOP((#3802,#3795,#3803));
#5462=IFCFACEOUTERBOUND(#5461,.T.);
#5463=IFCFACE((#5462));
#5464=IFCPOLYLOOP((#3798,#3784,#3835,#3783));
#5465=IFCFACEOUTERBOUND(#5464,.T.);
#5466=IFCFACE((#5465));
#5467=IFCPOLYLOOP((#3797,#3815,#3832));
#5468=IFCFACEOUTERBOUND(#5467,.T.);
#5469=IFCFACE((#5468));
#5470=IFCPOLYLOOP((#3783,#3829,#3830));
#5471=IFCFACEOUTERBOUND(#5470,.T.);
#5472=IFCFACE((#5471));
#5473=IFCPOLYLOOP((#3648,#3818,#3807));
#5474=IFCFACEOUTERBOUND(#5473,.T.);
#5475=IFCFACE((#5474));
#5476=IFCPOLYLOOP((#3815,#3789,#3813));
#5477=IFCFACEOUTERBOUND(#5476,.T.);
#5478=IFCFACE((#5477));
#5479=IFCPOLYLOOP((#3802,#3810,#3795));
#5480=IFCFACEOUTERBOUND(#5479,.T.);
#5481=IFCFACE((#5480));
#5482=IFCPOLYLOOP((#3812,#3807,#3794));
#5483=IFCFACEOUTERBOUND(#5482,.T.);
#5484=IFCFACE((#5483));
#5485=IFCPOLYLOOP((#3789,#3797,#3788));
#5486=IFCFACEOUTERBOUND(#5485,.T.);
#5487=IFCFACE((#5486));
#5488=IFCPOLYLOOP((#3826,#3836,#3785));
#5489=IFCFACEOUTERBOUND(#5488,.T.);
#5490=IFCFACE((#5489));
#5491=IFCPOLYLOOP((#3792,#3804,#3810));
#5492=IFCFACEOUTERBOUND(#5491,.T.);
#5493=IFCFACE((#5492));
#5494=IFCPOLYLOOP((#3811,#3795,#3810));
#5495=IFCFACEOUTERBOUND(#5494,.T.);
#5496=IFCFACE((#5495));
#5497=IFCPOLYLOOP((#3822,#3809,#3812));
#5498=IFCFACEOUTERBOUND(#5497,.T.);
#5499=IFCFACE((#5498));
#5500=IFCPOLYLOOP((#3795,#3811,#3814));
#5501=IFCFACEOUTERBOUND(#5500,.T.);
#5502=IFCFACE((#5501));
#5503=IFCPOLYLOOP((#3829,#3782,#3955,#3799));
#5504=IFCFACEOUTERBOUND(#5503,.T.);
#5505=IFCFACE((#5504));
#5506=IFCPOLYLOOP((#3801,#3792,#3802));
#5507=IFCFACEOUTERBOUND(#5506,.T.);
#5508=IFCFACE((#5507));
#5509=IFCPOLYLOOP((#3791,#3801,#3817));
#5510=IFCFACEOUTERBOUND(#5509,.T.);
#5511=IFCFACE((#5510));
#5512=IFCPOLYLOOP((#3832,#3793,#3833));
#5513=IFCFACEOUTERBOUND(#5512,.T.);
#5514=IFCFACE((#5513));
#5515=IFCPOLYLOOP((#3817,#3801,#3802));
#5516=IFCFACEOUTERBOUND(#5515,.T.);
#5517=IFCFACE((#5516));
#5518=IFCPOLYLOOP((#3816,#3803,#3793));
#5519=IFCFACEOUTERBOUND(#5518,.T.);
#5520=IFCFACE((#5519));
#5521=IFCPOLYLOOP((#3803,#3831,#3817));
#5522=IFCFACEOUTERBOUND(#5521,.T.);
#5523=IFCFACE((#5522));
#5524=IFCPOLYLOOP((#3819,#3804,#3965,#3786));
#5525=IFCFACEOUTERBOUND(#5524,.T.);
#5526=IFCFACE((#5525));
#5527=IFCPOLYLOOP((#3810,#3802,#3792));
#5528=IFCFACEOUTERBOUND(#5527,.T.);
#5529=IFCFACE((#5528));
#5530=IFCPOLYLOOP((#3635,#3805,#3806));
#5531=IFCFACEOUTERBOUND(#5530,.T.);
#5532=IFCFACE((#5531));
#5533=IFCPOLYLOOP((#3834,#3807,#3808));
#5534=IFCFACEOUTERBOUND(#5533,.T.);
#5535=IFCFACE((#5534));
#5536=IFCPOLYLOOP((#3823,#3808,#3796));
#5537=IFCFACEOUTERBOUND(#5536,.T.);
#5538=IFCFACE((#5537));
#5539=IFCPOLYLOOP((#3648,#3807,#3636));
#5540=IFCFACEOUTERBOUND(#5539,.T.);
#5541=IFCFACE((#5540));
#5542=IFCPOLYLOOP((#3808,#3806,#3796));
#5543=IFCFACEOUTERBOUND(#5542,.T.);
#5544=IFCFACE((#5543));
#5545=IFCPOLYLOOP((#3793,#3832,#3834));
#5546=IFCFACEOUTERBOUND(#5545,.T.);
#5547=IFCFACE((#5546));
#5548=IFCPOLYLOOP((#3818,#3808,#3807));
#5549=IFCFACEOUTERBOUND(#5548,.T.);
#5550=IFCFACE((#5549));
#5551=IFCPOLYLOOP((#3821,#3637,#3644,#3809));
#5552=IFCFACEOUTERBOUND(#5551,.T.);
#5553=IFCFACE((#5552));
#5554=IFCPOLYLOOP((#3804,#3819,#3820));
#5555=IFCFACEOUTERBOUND(#5554,.T.);
#5556=IFCFACE((#5555));
#5557=IFCPOLYLOOP((#3820,#3811,#3810));
#5558=IFCFACEOUTERBOUND(#5557,.T.);
#5559=IFCFACE((#5558));
#5560=IFCPOLYLOOP((#3787,#3788,#3811));
#5561=IFCFACEOUTERBOUND(#5560,.T.);
#5562=IFCFACE((#5561));
#5563=IFCPOLYLOOP((#3814,#3788,#3797));
#5564=IFCFACEOUTERBOUND(#5563,.T.);
#5565=IFCFACE((#5564));
#5566=IFCPOLYLOOP((#3813,#3812,#3794));
#5567=IFCFACEOUTERBOUND(#5566,.T.);
#5568=IFCFACE((#5567));
#5569=IFCPOLYLOOP((#3822,#3790,#3821));
#5570=IFCFACEOUTERBOUND(#5569,.T.);
#5571=IFCFACE((#5570));
#5572=IFCPOLYLOOP((#3815,#3813,#3794));
#5573=IFCFACEOUTERBOUND(#5572,.T.);
#5574=IFCFACE((#5573));
#5575=IFCPOLYLOOP((#3789,#3790,#3813));
#5576=IFCFACEOUTERBOUND(#5575,.T.);
#5577=IFCFACE((#5576));
#5578=IFCPOLYLOOP((#3788,#3814,#3811));
#5579=IFCFACEOUTERBOUND(#5578,.T.);
#5580=IFCFACE((#5579));
#5581=IFCPOLYLOOP((#3833,#3814,#3797));
#5582=IFCFACEOUTERBOUND(#5581,.T.);
#5583=IFCFACE((#5582));
#5584=IFCPOLYLOOP((#3832,#3815,#3794));
#5585=IFCFACEOUTERBOUND(#5584,.T.);
#5586=IFCFACE((#5585));
#5587=IFCPOLYLOOP((#3789,#3815,#3797));
#5588=IFCFACEOUTERBOUND(#5587,.T.);
#5589=IFCFACE((#5588));
#5590=IFCPOLYLOOP((#3823,#3816,#3793));
#5591=IFCFACEOUTERBOUND(#5590,.T.);
#5592=IFCFACE((#5591));
#5593=IFCPOLYLOOP((#3831,#3798,#3800));
#5594=IFCFACEOUTERBOUND(#5593,.T.);
#5595=IFCFACE((#5594));
#5596=IFCPOLYLOOP((#3803,#3817,#3802));
#5597=IFCFACEOUTERBOUND(#5596,.T.);
#5598=IFCFACE((#5597));
#5599=IFCPOLYLOOP((#3791,#3817,#3800));
#5600=IFCFACEOUTERBOUND(#5599,.T.);
#5601=IFCFACE((#5600));
#5602=IFCPOLYLOOP((#3635,#3818,#3648));
#5603=IFCFACEOUTERBOUND(#5602,.T.);
#5604=IFCFACE((#5603));
#5605=IFCPOLYLOOP((#3808,#3818,#3806));
#5606=IFCFACEOUTERBOUND(#5605,.T.);
#5607=IFCFACE((#5606));
#5608=IFCPOLYLOOP((#3820,#3819,#3787));
#5609=IFCFACEOUTERBOUND(#5608,.T.);
#5610=IFCFACE((#5609));
#5611=IFCPOLYLOOP((#3811,#3820,#3787));
#5612=IFCFACEOUTERBOUND(#5611,.T.);
#5613=IFCFACE((#5612));
#5614=IFCPOLYLOOP((#3804,#3820,#3810));
#5615=IFCFACEOUTERBOUND(#5614,.T.);
#5616=IFCFACE((#5615));
#5617=IFCPOLYLOOP((#3822,#3813,#3790));
#5618=IFCFACEOUTERBOUND(#5617,.T.);
#5619=IFCFACE((#5618));
#5620=IFCPOLYLOOP((#3809,#3822,#3821));
#5621=IFCFACEOUTERBOUND(#5620,.T.);
#5622=IFCFACE((#5621));
#5623=IFCPOLYLOOP((#3813,#3822,#3812));
#5624=IFCFACEOUTERBOUND(#5623,.T.);
#5625=IFCFACE((#5624));
#5626=IFCPOLYLOOP((#3808,#3823,#3793));
#5627=IFCFACEOUTERBOUND(#5626,.T.);
#5628=IFCFACE((#5627));
#5629=IFCPOLYLOOP((#3824,#3823,#3796));
#5630=IFCFACEOUTERBOUND(#5629,.T.);
#5631=IFCFACE((#5630));
#5632=IFCPOLYLOOP((#3824,#3796,#3825));
#5633=IFCFACEOUTERBOUND(#5632,.T.);
#5634=IFCFACE((#5633));
#5635=IFCPOLYLOOP((#3816,#3824,#3798));
#5636=IFCFACEOUTERBOUND(#5635,.T.);
#5637=IFCFACE((#5636));
#5638=IFCPOLYLOOP((#3826,#3825,#3796));
#5639=IFCFACEOUTERBOUND(#5638,.T.);
#5640=IFCFACE((#5639));
#5641=IFCPOLYLOOP((#3826,#3828,#3825));
#5642=IFCFACEOUTERBOUND(#5641,.T.);
#5643=IFCFACE((#5642));
#5644=IFCPOLYLOOP((#3796,#3806,#3826));
#5645=IFCFACEOUTERBOUND(#5644,.T.);
#5646=IFCFACE((#5645));
#5647=IFCPOLYLOOP((#3828,#3826,#3785));
#5648=IFCFACEOUTERBOUND(#5647,.T.);
#5649=IFCFACE((#5648));
#5650=IFCPOLYLOOP((#3836,#3631,#3827,#3785));
#5651=IFCFACEOUTERBOUND(#5650,.T.);
#5652=IFCFACE((#5651));
#5653=IFCPOLYLOOP((#3828,#3784,#3825));
#5654=IFCFACEOUTERBOUND(#5653,.T.);
#5655=IFCFACE((#5654));
#5656=IFCPOLYLOOP((#3799,#3830,#3829));
#5657=IFCFACEOUTERBOUND(#5656,.T.);
#5658=IFCFACE((#5657));
#5659=IFCPOLYLOOP((#3798,#3830,#3800));
#5660=IFCFACEOUTERBOUND(#5659,.T.);
#5661=IFCFACE((#5660));
#5662=IFCPOLYLOOP((#3803,#3816,#3831));
#5663=IFCFACEOUTERBOUND(#5662,.T.);
#5664=IFCFACE((#5663));
#5665=IFCPOLYLOOP((#3798,#3831,#3816));
#5666=IFCFACEOUTERBOUND(#5665,.T.);
#5667=IFCFACE((#5666));
#5668=IFCPOLYLOOP((#3834,#3832,#3794));
#5669=IFCFACEOUTERBOUND(#5668,.T.);
#5670=IFCFACE((#5669));
#5671=IFCPOLYLOOP((#3793,#3803,#3833));
#5672=IFCFACEOUTERBOUND(#5671,.T.);
#5673=IFCFACE((#5672));
#5674=IFCPOLYLOOP((#3803,#3795,#3833));
#5675=IFCFACEOUTERBOUND(#5674,.T.);
#5676=IFCFACE((#5675));
#5677=IFCPOLYLOOP((#3833,#3795,#3814));
#5678=IFCFACEOUTERBOUND(#5677,.T.);
#5679=IFCFACE((#5678));
#5680=IFCPOLYLOOP((#3807,#3834,#3794));
#5681=IFCFACEOUTERBOUND(#5680,.T.);
#5682=IFCFACE((#5681));
#5683=IFCPOLYLOOP((#3793,#3834,#3808));
#5684=IFCFACEOUTERBOUND(#5683,.T.);
#5685=IFCFACE((#5684));
#5686=IFCPOLYLOOP((#3798,#3783,#3830));
#5687=IFCFACEOUTERBOUND(#5686,.T.);
#5688=IFCFACE((#5687));
#5689=IFCPOLYLOOP((#3806,#3805,#3836));
#5690=IFCFACEOUTERBOUND(#5689,.T.);
#5691=IFCFACE((#5690));
#5692=IFCPOLYLOOP((#3836,#3805,#3640,#3631));
#5693=IFCFACEOUTERBOUND(#5692,.T.);
#5694=IFCFACE((#5693));
#5695=IFCPOLYLOOP((#3654,#3637,#3821,#3790,#3841));
#5696=IFCFACEOUTERBOUND(#5695,.T.);
#5697=IFCFACE((#5696));
#5698=IFCPOLYLOOP((#3841,#3790,#3789,#3840));
#5699=IFCFACEOUTERBOUND(#5698,.T.);
#5700=IFCFACE((#5699));
#5701=IFCPOLYLOOP((#3789,#3788,#3839,#3840));
#5702=IFCFACEOUTERBOUND(#5701,.T.);
#5703=IFCFACE((#5702));
#5704=IFCPOLYLOOP((#3837,#3838,#3787,#3819,#3786));
#5705=IFCFACEOUTERBOUND(#5704,.T.);
#5706=IFCFACE((#5705));
#5707=IFCPOLYLOOP((#3788,#3787,#3838,#3839));
#5708=IFCFACEOUTERBOUND(#5707,.T.);
#5709=IFCFACE((#5708));
#5710=IFCPOLYLOOP((#3840,#3839,#3852));
#5711=IFCFACEOUTERBOUND(#5710,.T.);
#5712=IFCFACE((#5711));
#5713=IFCPOLYLOOP((#3659,#3654,#3841));
#5714=IFCFACEOUTERBOUND(#5713,.T.);
#5715=IFCFACE((#5714));
#5716=IFCPOLYLOOP((#3841,#3850,#3659));
#5717=IFCFACEOUTERBOUND(#5716,.T.);
#5718=IFCFACE((#5717));
#5719=IFCPOLYLOOP((#3842,#3858,#3849));
#5720=IFCFACEOUTERBOUND(#5719,.T.);
#5721=IFCFACE((#5720));
#5722=IFCPOLYLOOP((#3854,#3858,#3843));
#5723=IFCFACEOUTERBOUND(#5722,.T.);
#5724=IFCFACE((#5723));
#5725=IFCPOLYLOOP((#3855,#3852,#3853));
#5726=IFCFACEOUTERBOUND(#5725,.T.);
#5727=IFCFACE((#5726));
#5728=IFCPOLYLOOP((#3855,#3850,#3841));
#5729=IFCFACEOUTERBOUND(#5728,.T.);
#5730=IFCFACE((#5729));
#5731=IFCPOLYLOOP((#3850,#3857,#3660));
#5732=IFCFACEOUTERBOUND(#5731,.T.);
#5733=IFCFACE((#5732));
#5734=IFCPOLYLOOP((#3843,#3844,#3854));
#5735=IFCFACEOUTERBOUND(#5734,.T.);
#5736=IFCFACE((#5735));
#5737=IFCPOLYLOOP((#3662,#3661,#3857));
#5738=IFCFACEOUTERBOUND(#5737,.T.);
#5739=IFCFACE((#5738));
#5740=IFCPOLYLOOP((#3660,#3659,#3850));
#5741=IFCFACEOUTERBOUND(#5740,.T.);
#5742=IFCFACE((#5741));
#5743=IFCPOLYLOOP((#3660,#3857,#3661));
#5744=IFCFACEOUTERBOUND(#5743,.T.);
#5745=IFCFACE((#5744));
#5746=IFCPOLYLOOP((#3857,#3853,#3846));
#5747=IFCFACEOUTERBOUND(#5746,.T.);
#5748=IFCFACE((#5747));
#5749=IFCPOLYLOOP((#3859,#3860,#3861));
#5750=IFCFACEOUTERBOUND(#5749,.T.);
#5751=IFCFACE((#5750));
#5752=IFCPOLYLOOP((#3846,#3853,#3845));
#5753=IFCFACEOUTERBOUND(#5752,.T.);
#5754=IFCFACE((#5753));
#5755=IFCPOLYLOOP((#3839,#3838,#3856));
#5756=IFCFACEOUTERBOUND(#5755,.T.);
#5757=IFCFACE((#5756));
#5758=IFCPOLYLOOP((#3838,#3851,#3856));
#5759=IFCFACEOUTERBOUND(#5758,.T.);
#5760=IFCFACE((#5759));
#5761=IFCPOLYLOOP((#3853,#3857,#3850));
#5762=IFCFACEOUTERBOUND(#5761,.T.);
#5763=IFCFACE((#5762));
#5764=IFCPOLYLOOP((#3851,#3854,#3856));
#5765=IFCFACEOUTERBOUND(#5764,.T.);
#5766=IFCFACE((#5765));
#5767=IFCPOLYLOOP((#3837,#3847,#3838));
#5768=IFCFACEOUTERBOUND(#5767,.T.);
#5769=IFCFACE((#5768));
#5770=IFCPOLYLOOP((#3852,#3856,#3854));
#5771=IFCFACEOUTERBOUND(#5770,.T.);
#5772=IFCFACE((#5771));
#5773=IFCPOLYLOOP((#3851,#3847,#3848));
#5774=IFCFACEOUTERBOUND(#5773,.T.);
#5775=IFCFACE((#5774));
#5776=IFCPOLYLOOP((#3858,#3848,#3849));
#5777=IFCFACEOUTERBOUND(#5776,.T.);
#5778=IFCFACE((#5777));
#5779=IFCPOLYLOOP((#3854,#3851,#3858));
#5780=IFCFACEOUTERBOUND(#5779,.T.);
#5781=IFCFACE((#5780));
#5782=IFCPOLYLOOP((#3858,#3842,#3843));
#5783=IFCFACEOUTERBOUND(#5782,.T.);
#5784=IFCFACE((#5783));
#5785=IFCPOLYLOOP((#3851,#3848,#3858));
#5786=IFCFACEOUTERBOUND(#5785,.T.);
#5787=IFCFACE((#5786));
#5788=IFCPOLYLOOP((#3852,#3855,#3840));
#5789=IFCFACEOUTERBOUND(#5788,.T.);
#5790=IFCFACE((#5789));
#5791=IFCPOLYLOOP((#3856,#3852,#3839));
#5792=IFCFACEOUTERBOUND(#5791,.T.);
#5793=IFCFACE((#5792));
#5794=IFCPOLYLOOP((#3847,#3851,#3838));
#5795=IFCFACEOUTERBOUND(#5794,.T.);
#5796=IFCFACE((#5795));
#5797=IFCPOLYLOOP((#3855,#3841,#3840));
#5798=IFCFACEOUTERBOUND(#5797,.T.);
#5799=IFCFACE((#5798));
#5800=IFCPOLYLOOP((#3853,#3850,#3855));
#5801=IFCFACEOUTERBOUND(#5800,.T.);
#5802=IFCFACE((#5801));
#5803=IFCPOLYLOOP((#3860,#3859,#3845));
#5804=IFCFACEOUTERBOUND(#5803,.T.);
#5805=IFCFACE((#5804));
#5806=IFCPOLYLOOP((#3662,#3857,#3846));
#5807=IFCFACEOUTERBOUND(#5806,.T.);
#5808=IFCFACE((#5807));
#5809=IFCPOLYLOOP((#3861,#3860,#3852));
#5810=IFCFACEOUTERBOUND(#5809,.T.);
#5811=IFCFACE((#5810));
#5812=IFCPOLYLOOP((#3854,#3861,#3852));
#5813=IFCFACEOUTERBOUND(#5812,.T.);
#5814=IFCFACE((#5813));
#5815=IFCPOLYLOOP((#3845,#3853,#3860));
#5816=IFCFACEOUTERBOUND(#5815,.T.);
#5817=IFCFACE((#5816));
#5818=IFCPOLYLOOP((#3853,#3852,#3860));
#5819=IFCFACEOUTERBOUND(#5818,.T.);
#5820=IFCFACE((#5819));
#5821=IFCPOLYLOOP((#3854,#3844,#3861));
#5822=IFCFACEOUTERBOUND(#5821,.T.);
#5823=IFCFACE((#5822));
#5824=IFCPOLYLOOP((#3859,#3861,#3844));
#5825=IFCFACEOUTERBOUND(#5824,.T.);
#5826=IFCFACE((#5825));
#5827=IFCPOLYLOOP((#3865,#3869,#3872,#3870));
#5828=IFCFACEOUTERBOUND(#5827,.T.);
#5829=IFCFACE((#5828));
#5830=IFCPOLYLOOP((#3871,#3675,#3673));
#5831=IFCFACEOUTERBOUND(#5830,.T.);
#5832=IFCFACE((#5831));
#5833=IFCPOLYLOOP((#3673,#3866,#3871));
#5834=IFCFACEOUTERBOUND(#5833,.T.);
#5835=IFCFACE((#5834));
#5836=IFCPOLYLOOP((#3866,#3865,#3870));
#5837=IFCFACEOUTERBOUND(#5836,.T.);
#5838=IFCFACE((#5837));
#5839=IFCPOLYLOOP((#3866,#3870,#3871));
#5840=IFCFACEOUTERBOUND(#5839,.T.);
#5841=IFCFACE((#5840));
#5842=IFCPOLYLOOP((#3874,#3862,#3867));
#5843=IFCFACEOUTERBOUND(#5842,.T.);
#5844=IFCFACE((#5843));
#5845=IFCPOLYLOOP((#3864,#3868,#3873,#3869));
#5846=IFCFACEOUTERBOUND(#5845,.T.);
#5847=IFCFACE((#5846));
#5848=IFCPOLYLOOP((#3862,#3874,#3863));
#5849=IFCFACEOUTERBOUND(#5848,.T.);
#5850=IFCFACE((#5849));
#5851=IFCPOLYLOOP((#3874,#3868,#3863));
#5852=IFCFACEOUTERBOUND(#5851,.T.);
#5853=IFCFACE((#5852));
#5854=IFCPOLYLOOP((#3864,#3869,#3865));
#5855=IFCFACEOUTERBOUND(#5854,.T.);
#5856=IFCFACE((#5855));
#5857=IFCPOLYLOOP((#3868,#3864,#3863));
#5858=IFCFACEOUTERBOUND(#5857,.T.);
#5859=IFCFACE((#5858));
#5860=IFCPOLYLOOP((#3870,#3878,#3879,#3909,#3677,#3675,#3871));
#5861=IFCFACEOUTERBOUND(#5860,.T.);
#5862=IFCFACE((#5861));
#5863=IFCPOLYLOOP((#3881,#3876,#3868,#3874,#3867,#3875,#3897));
#5864=IFCFACEOUTERBOUND(#5863,.T.);
#5865=IFCFACE((#5864));
#5866=IFCPOLYLOOP((#3877,#3880,#3878,#3870,#3872,#3869));
#5867=IFCFACEOUTERBOUND(#5866,.T.);
#5868=IFCFACE((#5867));
#5869=IFCPOLYLOOP((#3869,#3873,#3868,#3876,#3882,#3877));
#5870=IFCFACEOUTERBOUND(#5869,.T.);
#5871=IFCFACE((#5870));
#5872=IFCPOLYLOOP((#3911,#3909,#3879,#3878));
#5873=IFCFACEOUTERBOUND(#5872,.T.);
#5874=IFCFACE((#5873));
#5875=IFCPOLYLOOP((#3914,#3682,#3686));
#5876=IFCFACEOUTERBOUND(#5875,.T.);
#5877=IFCFACE((#5876));
#5878=IFCPOLYLOOP((#3921,#3880,#3894));
#5879=IFCFACEOUTERBOUND(#5878,.T.);
#5880=IFCFACE((#5879));
#5881=IFCPOLYLOOP((#3910,#3911,#3681));
#5882=IFCFACEOUTERBOUND(#5881,.T.);
#5883=IFCFACE((#5882));
#5884=IFCPOLYLOOP((#3912,#3685,#3889));
#5885=IFCFACEOUTERBOUND(#5884,.T.);
#5886=IFCFACE((#5885));
#5887=IFCPOLYLOOP((#3889,#3914,#3913));
#5888=IFCFACEOUTERBOUND(#5887,.T.);
#5889=IFCFACE((#5888));
#5890=IFCPOLYLOOP((#3913,#3893,#3920));
#5891=IFCFACEOUTERBOUND(#5890,.T.);
#5892=IFCFACE((#5891));
#5893=IFCPOLYLOOP((#3902,#3903,#3892));
#5894=IFCFACEOUTERBOUND(#5893,.T.);
#5895=IFCFACE((#5894));
#5896=IFCPOLYLOOP((#3913,#3916,#3888));
#5897=IFCFACEOUTERBOUND(#5896,.T.);
#5898=IFCFACE((#5897));
#5899=IFCPOLYLOOP((#3904,#3907,#3893));
#5900=IFCFACEOUTERBOUND(#5899,.T.);
#5901=IFCFACE((#5900));
#5902=IFCPOLYLOOP((#3920,#3912,#3889));
#5903=IFCFACEOUTERBOUND(#5902,.T.);
#5904=IFCFACE((#5903));
#5905=IFCPOLYLOOP((#3913,#3914,#3890));
#5906=IFCFACEOUTERBOUND(#5905,.T.);
#5907=IFCFACE((#5906));
#5908=IFCPOLYLOOP((#3898,#3899,#3897));
#5909=IFCFACEOUTERBOUND(#5908,.T.);
#5910=IFCFACE((#5909));
#5911=IFCPOLYLOOP((#3896,#3892,#3908));
#5912=IFCFACEOUTERBOUND(#5911,.T.);
#5913=IFCFACE((#5912));
#5914=IFCPOLYLOOP((#3895,#3876,#3896));
#5915=IFCFACEOUTERBOUND(#5914,.T.);
#5916=IFCFACE((#5915));
#5917=IFCPOLYLOOP((#3883,#3918,#3917));
#5918=IFCFACEOUTERBOUND(#5917,.T.);
#5919=IFCFACE((#5918));
#5920=IFCPOLYLOOP((#3893,#3919,#3920));
#5921=IFCFACEOUTERBOUND(#5920,.T.);
#5922=IFCFACE((#5921));
#5923=IFCPOLYLOOP((#3891,#3887,#4014,#3917));
#5924=IFCFACEOUTERBOUND(#5923,.T.);
#5925=IFCFACE((#5924));
#5926=IFCPOLYLOOP((#3902,#3887,#3903));
#5927=IFCFACEOUTERBOUND(#5926,.T.);
#5928=IFCFACE((#5927));
#5929=IFCPOLYLOOP((#3899,#3901,#3896));
#5930=IFCFACEOUTERBOUND(#5929,.T.);
#5931=IFCFACE((#5930));
#5932=IFCPOLYLOOP((#3904,#3903,#3891));
#5933=IFCFACEOUTERBOUND(#5932,.T.);
#5934=IFCFACE((#5933));
#5935=IFCPOLYLOOP((#3907,#3919,#3893));
#5936=IFCFACEOUTERBOUND(#5935,.T.);
#5937=IFCFACE((#5936));
#5938=IFCPOLYLOOP((#3890,#3915,#3921));
#5939=IFCFACEOUTERBOUND(#5938,.T.);
#5940=IFCFACE((#5939));
#5941=IFCPOLYLOOP((#3908,#3906,#3895));
#5942=IFCFACEOUTERBOUND(#5941,.T.);
#5943=IFCFACE((#5942));
#5944=IFCPOLYLOOP((#3895,#3894,#3877));
#5945=IFCFACEOUTERBOUND(#5944,.T.);
#5946=IFCFACE((#5945));
#5947=IFCPOLYLOOP((#3895,#3877,#3882,#3876));
#5948=IFCFACEOUTERBOUND(#5947,.T.);
#5949=IFCFACE((#5948));
#5950=IFCPOLYLOOP((#3908,#3892,#3905));
#5951=IFCFACEOUTERBOUND(#5950,.T.);
#5952=IFCFACE((#5951));
#5953=IFCPOLYLOOP((#3898,#3886,#3899));
#5954=IFCFACEOUTERBOUND(#5953,.T.);
#5955=IFCFACE((#5954));
#5956=IFCPOLYLOOP((#3901,#3886,#3900));
#5957=IFCFACEOUTERBOUND(#5956,.T.);
#5958=IFCFACE((#5957));
#5959=IFCPOLYLOOP((#3896,#3876,#3881,#3897));
#5960=IFCFACEOUTERBOUND(#5959,.T.);
#5961=IFCFACE((#5960));
#5962=IFCPOLYLOOP((#3897,#3875,#4016,#3898));
#5963=IFCFACEOUTERBOUND(#5962,.T.);
#5964=IFCFACE((#5963));
#5965=IFCPOLYLOOP((#3886,#3901,#3899));
#5966=IFCFACEOUTERBOUND(#5965,.T.);
#5967=IFCFACE((#5966));
#5968=IFCPOLYLOOP((#3897,#3899,#3896));
#5969=IFCFACEOUTERBOUND(#5968,.T.);
#5970=IFCFACE((#5969));
#5971=IFCPOLYLOOP((#3902,#3901,#3900));
#5972=IFCFACEOUTERBOUND(#5971,.T.);
#5973=IFCFACE((#5972));
#5974=IFCPOLYLOOP((#3892,#3901,#3902));
#5975=IFCFACEOUTERBOUND(#5974,.T.);
#5976=IFCFACE((#5975));
#5977=IFCPOLYLOOP((#3896,#3901,#3892));
#5978=IFCFACEOUTERBOUND(#5977,.T.);
#5979=IFCFACE((#5978));
#5980=IFCPOLYLOOP((#3900,#3887,#3902));
#5981=IFCFACEOUTERBOUND(#5980,.T.);
#5982=IFCFACE((#5981));
#5983=IFCPOLYLOOP((#3903,#3887,#3891));
#5984=IFCFACEOUTERBOUND(#5983,.T.);
#5985=IFCFACE((#5984));
#5986=IFCPOLYLOOP((#3891,#3907,#3904));
#5987=IFCFACEOUTERBOUND(#5986,.T.);
#5988=IFCFACE((#5987));
#5989=IFCPOLYLOOP((#3905,#3892,#3903));
#5990=IFCFACEOUTERBOUND(#5989,.T.);
#5991=IFCFACE((#5990));
#5992=IFCPOLYLOOP((#3893,#3888,#3904));
#5993=IFCFACEOUTERBOUND(#5992,.T.);
#5994=IFCFACE((#5993));
#5995=IFCPOLYLOOP((#3905,#3904,#3888));
#5996=IFCFACEOUTERBOUND(#5995,.T.);
#5997=IFCFACE((#5996));
#5998=IFCPOLYLOOP((#3904,#3905,#3903));
#5999=IFCFACEOUTERBOUND(#5998,.T.);
#6000=IFCFACE((#5999));
#6001=IFCPOLYLOOP((#3905,#3888,#3906));
#6002=IFCFACEOUTERBOUND(#6001,.T.);
#6003=IFCFACE((#6002));
#6004=IFCPOLYLOOP((#3916,#3906,#3888));
#6005=IFCFACEOUTERBOUND(#6004,.T.);
#6006=IFCFACE((#6005));
#6007=IFCPOLYLOOP((#3894,#3895,#3906));
#6008=IFCFACEOUTERBOUND(#6007,.T.);
#6009=IFCFACE((#6008));
#6010=IFCPOLYLOOP((#3907,#3891,#3918));
#6011=IFCFACEOUTERBOUND(#6010,.T.);
#6012=IFCFACE((#6011));
#6013=IFCPOLYLOOP((#3912,#3920,#3885));
#6014=IFCFACEOUTERBOUND(#6013,.T.);
#6015=IFCFACE((#6014));
#6016=IFCPOLYLOOP((#3906,#3908,#3905));
#6017=IFCFACEOUTERBOUND(#6016,.T.);
#6018=IFCFACE((#6017));
#6019=IFCPOLYLOOP((#3896,#3908,#3895));
#6020=IFCFACEOUTERBOUND(#6019,.T.);
#6021=IFCFACE((#6020));
#6022=IFCPOLYLOOP((#3909,#3910,#3688,#3677));
#6023=IFCFACEOUTERBOUND(#6022,.T.);
#6024=IFCFACE((#6023));
#6025=IFCPOLYLOOP((#3911,#3910,#3909));
#6026=IFCFACEOUTERBOUND(#6025,.T.);
#6027=IFCFACE((#6026));
#6028=IFCPOLYLOOP((#3686,#3915,#3914));
#6029=IFCFACEOUTERBOUND(#6028,.T.);
#6030=IFCFACE((#6029));
#6031=IFCPOLYLOOP((#3685,#3912,#3683));
#6032=IFCFACEOUTERBOUND(#6031,.T.);
#6033=IFCFACE((#6032));
#6034=IFCPOLYLOOP((#3916,#3913,#3890));
#6035=IFCFACEOUTERBOUND(#6034,.T.);
#6036=IFCFACE((#6035));
#6037=IFCPOLYLOOP((#3682,#3914,#3685));
#6038=IFCFACEOUTERBOUND(#6037,.T.);
#6039=IFCFACE((#6038));
#6040=IFCPOLYLOOP((#3893,#3913,#3888));
#6041=IFCFACEOUTERBOUND(#6040,.T.);
#6042=IFCFACE((#6041));
#6043=IFCPOLYLOOP((#3685,#3914,#3889));
#6044=IFCFACEOUTERBOUND(#6043,.T.);
#6045=IFCFACE((#6044));
#6046=IFCPOLYLOOP((#3915,#3686,#3681));
#6047=IFCFACEOUTERBOUND(#6046,.T.);
#6048=IFCFACE((#6047));
#6049=IFCPOLYLOOP((#3921,#3915,#3911));
#6050=IFCFACEOUTERBOUND(#6049,.T.);
#6051=IFCFACE((#6050));
#6052=IFCPOLYLOOP((#3915,#3681,#3911));
#6053=IFCFACEOUTERBOUND(#6052,.T.);
#6054=IFCFACE((#6053));
#6055=IFCPOLYLOOP((#3914,#3915,#3890));
#6056=IFCFACEOUTERBOUND(#6055,.T.);
#6057=IFCFACE((#6056));
#6058=IFCPOLYLOOP((#3921,#3916,#3890));
#6059=IFCFACEOUTERBOUND(#6058,.T.);
#6060=IFCFACE((#6059));
#6061=IFCPOLYLOOP((#3916,#3894,#3906));
#6062=IFCFACEOUTERBOUND(#6061,.T.);
#6063=IFCFACE((#6062));
#6064=IFCPOLYLOOP((#3917,#3918,#3891));
#6065=IFCFACEOUTERBOUND(#6064,.T.);
#6066=IFCFACE((#6065));
#6067=IFCPOLYLOOP((#3884,#3907,#3918));
#6068=IFCFACEOUTERBOUND(#6067,.T.);
#6069=IFCFACE((#6068));
#6070=IFCPOLYLOOP((#3919,#3907,#3884));
#6071=IFCFACEOUTERBOUND(#6070,.T.);
#6072=IFCFACE((#6071));
#6073=IFCPOLYLOOP((#3885,#3920,#3919));
#6074=IFCFACEOUTERBOUND(#6073,.T.);
#6075=IFCFACE((#6074));
#6076=IFCPOLYLOOP((#3913,#3920,#3889));
#6077=IFCFACEOUTERBOUND(#6076,.T.);
#6078=IFCFACE((#6077));
#6079=IFCPOLYLOOP((#3921,#3878,#3880));
#6080=IFCFACEOUTERBOUND(#6079,.T.);
#6081=IFCFACE((#6080));
#6082=IFCPOLYLOOP((#3880,#3877,#3894));
#6083=IFCFACEOUTERBOUND(#6082,.T.);
#6084=IFCFACE((#6083));
#6085=IFCPOLYLOOP((#3878,#3921,#3911));
#6086=IFCFACEOUTERBOUND(#6085,.T.);
#6087=IFCFACE((#6086));
#6088=IFCPOLYLOOP((#3916,#3921,#3894));
#6089=IFCFACEOUTERBOUND(#6088,.T.);
#6090=IFCFACE((#6089));
#6091=IFCPOLYLOOP((#3690,#3693,#3922,#3923));
#6092=IFCFACEOUTERBOUND(#6091,.T.);
#6093=IFCFACE((#6092));
#6094=IFCPOLYLOOP((#3935,#3926,#3929,#3925));
#6095=IFCFACEOUTERBOUND(#6094,.T.);
#6096=IFCFACE((#6095));
#6097=IFCPOLYLOOP((#3926,#3944,#3934));
#6098=IFCFACEOUTERBOUND(#6097,.T.);
#6099=IFCFACE((#6098));
#6100=IFCPOLYLOOP((#3934,#3929,#3926));
#6101=IFCFACEOUTERBOUND(#6100,.T.);
#6102=IFCFACE((#6101));
#6103=IFCPOLYLOOP((#3944,#3942,#3934));
#6104=IFCFACEOUTERBOUND(#6103,.T.);
#6105=IFCFACE((#6104));
#6106=IFCPOLYLOOP((#3941,#3713,#3929));
#6107=IFCFACEOUTERBOUND(#6106,.T.);
#6108=IFCFACE((#6107));
#6109=IFCPOLYLOOP((#3938,#3937,#3932));
#6110=IFCFACEOUTERBOUND(#6109,.T.);
#6111=IFCFACE((#6110));
#6112=IFCPOLYLOOP((#3942,#3941,#3934));
#6113=IFCFACEOUTERBOUND(#6112,.T.);
#6114=IFCFACE((#6113));
#6115=IFCPOLYLOOP((#3940,#3712,#3931,#3746,#3705));
#6116=IFCFACEOUTERBOUND(#6115,.T.);
#6117=IFCFACE((#6116));
#6118=IFCPOLYLOOP((#3936,#3925,#3937));
#6119=IFCFACEOUTERBOUND(#6118,.T.);
#6120=IFCFACE((#6119));
#6121=IFCPOLYLOOP((#3748,#3712,#3929,#3713));
#6122=IFCFACEOUTERBOUND(#6121,.T.);
#6123=IFCFACE((#6122));
#6124=IFCPOLYLOOP((#3712,#3940,#3932));
#6125=IFCFACEOUTERBOUND(#6124,.T.);
#6126=IFCFACE((#6125));
#6127=IFCPOLYLOOP((#3937,#3925,#3929));
#6128=IFCFACEOUTERBOUND(#6127,.T.);
#6129=IFCFACE((#6128));
#6130=IFCPOLYLOOP((#3924,#3938,#3939,#3928));
#6131=IFCFACEOUTERBOUND(#6130,.T.);
#6132=IFCFACE((#6131));
#6133=IFCPOLYLOOP((#3932,#3940,#3938));
#6134=IFCFACEOUTERBOUND(#6133,.T.);
#6135=IFCFACE((#6134));
#6136=IFCPOLYLOOP((#3944,#3926,#3933,#4056,#3927));
#6137=IFCFACEOUTERBOUND(#6136,.T.);
#6138=IFCFACE((#6137));
#6139=IFCPOLYLOOP((#3708,#3942,#3943,#3930));
#6140=IFCFACEOUTERBOUND(#6139,.T.);
#6141=IFCFACE((#6140));
#6142=IFCPOLYLOOP((#3932,#3929,#3712));
#6143=IFCFACEOUTERBOUND(#6142,.T.);
#6144=IFCFACE((#6143));
#6145=IFCPOLYLOOP((#3938,#3924,#3936));
#6146=IFCFACEOUTERBOUND(#6145,.T.);
#6147=IFCFACE((#6146));
#6148=IFCPOLYLOOP((#3932,#3937,#3929));
#6149=IFCFACEOUTERBOUND(#6148,.T.);
#6150=IFCFACE((#6149));
#6151=IFCPOLYLOOP((#3937,#3938,#3936));
#6152=IFCFACEOUTERBOUND(#6151,.T.);
#6153=IFCFACE((#6152));
#6154=IFCPOLYLOOP((#3940,#3939,#3938));
#6155=IFCFACEOUTERBOUND(#6154,.T.);
#6156=IFCFACE((#6155));
#6157=IFCPOLYLOOP((#3939,#3940,#3705));
#6158=IFCFACEOUTERBOUND(#6157,.T.);
#6159=IFCFACE((#6158));
#6160=IFCPOLYLOOP((#3741,#3713,#3941));
#6161=IFCFACEOUTERBOUND(#6160,.T.);
#6162=IFCFACE((#6161));
#6163=IFCPOLYLOOP((#3942,#3708,#3741));
#6164=IFCFACEOUTERBOUND(#6163,.T.);
#6165=IFCFACE((#6164));
#6166=IFCPOLYLOOP((#3934,#3941,#3929));
#6167=IFCFACEOUTERBOUND(#6166,.T.);
#6168=IFCFACE((#6167));
#6169=IFCPOLYLOOP((#3941,#3942,#3741));
#6170=IFCFACEOUTERBOUND(#6169,.T.);
#6171=IFCFACE((#6170));
#6172=IFCPOLYLOOP((#3944,#3943,#3942));
#6173=IFCFACEOUTERBOUND(#6172,.T.);
#6174=IFCFACE((#6173));
#6175=IFCPOLYLOOP((#3943,#3944,#3927));
#6176=IFCFACEOUTERBOUND(#6175,.T.);
#6177=IFCFACE((#6176));
#6178=IFCPOLYLOOP((#3754,#3708,#3930,#3943,#3927,#3945));
#6179=IFCFACEOUTERBOUND(#6178,.T.);
#6180=IFCFACE((#6179));
#6181=IFCPOLYLOOP((#3764,#3754,#3945,#3946));
#6182=IFCFACEOUTERBOUND(#6181,.T.);
#6183=IFCFACE((#6182));
#6184=IFCPOLYLOOP((#3774,#3764,#3946,#3947));
#6185=IFCFACEOUTERBOUND(#6184,.T.);
#6186=IFCFACE((#6185));
#6187=IFCPOLYLOOP((#3960,#3959,#4135,#3949));
#6188=IFCFACEOUTERBOUND(#6187,.T.);
#6189=IFCFACE((#6188));
#6190=IFCPOLYLOOP((#3957,#3791,#3799,#3955));
#6191=IFCFACEOUTERBOUND(#6190,.T.);
#6192=IFCFACE((#6191));
#6193=IFCPOLYLOOP((#3961,#3951,#3962));
#6194=IFCFACEOUTERBOUND(#6193,.T.);
#6195=IFCFACE((#6194));
#6196=IFCPOLYLOOP((#3964,#3786,#3965));
#6197=IFCFACEOUTERBOUND(#6196,.T.);
#6198=IFCFACE((#6197));
#6199=IFCPOLYLOOP((#3958,#3948,#3959));
#6200=IFCFACEOUTERBOUND(#6199,.T.);
#6201=IFCFACE((#6200));
#6202=IFCPOLYLOOP((#3955,#3782,#3956));
#6203=IFCFACEOUTERBOUND(#6202,.T.);
#6204=IFCFACE((#6203));
#6205=IFCPOLYLOOP((#3956,#3957,#3955));
#6206=IFCFACEOUTERBOUND(#6205,.T.);
#6207=IFCFACE((#6206));
#6208=IFCPOLYLOOP((#3801,#3967,#3968));
#6209=IFCFACEOUTERBOUND(#6208,.T.);
#6210=IFCFACE((#6209));
#6211=IFCPOLYLOOP((#3969,#3970,#3954));
#6212=IFCFACEOUTERBOUND(#6211,.T.);
#6213=IFCFACE((#6212));
#6214=IFCPOLYLOOP((#3962,#3963,#3961));
#6215=IFCFACEOUTERBOUND(#6214,.T.);
#6216=IFCFACE((#6215));
#6217=IFCPOLYLOOP((#3791,#3967,#3801));
#6218=IFCFACEOUTERBOUND(#6217,.T.);
#6219=IFCFACE((#6218));
#6220=IFCPOLYLOOP((#3954,#3970,#3971));
#6221=IFCFACEOUTERBOUND(#6220,.T.);
#6222=IFCFACE((#6221));
#6223=IFCPOLYLOOP((#3952,#3957,#3956));
#6224=IFCFACEOUTERBOUND(#6223,.T.);
#6225=IFCFACE((#6224));
#6226=IFCPOLYLOOP((#3966,#3965,#3804,#3792));
#6227=IFCFACEOUTERBOUND(#6226,.T.);
#6228=IFCFACE((#6227));
#6229=IFCPOLYLOOP((#3958,#3960,#3974));
#6230=IFCFACEOUTERBOUND(#6229,.T.);
#6231=IFCFACE((#6230));
#6232=IFCPOLYLOOP((#3954,#3967,#3969));
#6233=IFCFACEOUTERBOUND(#6232,.T.);
#6234=IFCFACE((#6233));
#6235=IFCPOLYLOOP((#3958,#3959,#3960));
#6236=IFCFACEOUTERBOUND(#6235,.T.);
#6237=IFCFACE((#6236));
#6238=IFCPOLYLOOP((#3952,#3974,#3957));
#6239=IFCFACEOUTERBOUND(#6238,.T.);
#6240=IFCFACE((#6239));
#6241=IFCPOLYLOOP((#3801,#3968,#3792));
#6242=IFCFACEOUTERBOUND(#6241,.T.);
#6243=IFCFACE((#6242));
#6244=IFCPOLYLOOP((#3953,#3963,#3962));
#6245=IFCFACEOUTERBOUND(#6244,.T.);
#6246=IFCFACE((#6245));
#6247=IFCPOLYLOOP((#3976,#3961,#3963));
#6248=IFCFACEOUTERBOUND(#6247,.T.);
#6249=IFCFACE((#6248));
#6250=IFCPOLYLOOP((#3973,#3963,#3975));
#6251=IFCFACEOUTERBOUND(#6250,.T.);
#6252=IFCFACE((#6251));
#6253=IFCPOLYLOOP((#3964,#3966,#3975));
#6254=IFCFACEOUTERBOUND(#6253,.T.);
#6255=IFCFACE((#6254));
#6256=IFCPOLYLOOP((#3954,#3971,#3973));
#6257=IFCFACEOUTERBOUND(#6256,.T.);
#6258=IFCFACE((#6257));
#6259=IFCPOLYLOOP((#3964,#3965,#3966));
#6260=IFCFACEOUTERBOUND(#6259,.T.);
#6261=IFCFACE((#6260));
#6262=IFCPOLYLOOP((#3953,#3975,#3963));
#6263=IFCFACEOUTERBOUND(#6262,.T.);
#6264=IFCFACE((#6263));
#6265=IFCPOLYLOOP((#3969,#3957,#3974));
#6266=IFCFACEOUTERBOUND(#6265,.T.);
#6267=IFCFACE((#6266));
#6268=IFCPOLYLOOP((#3957,#3967,#3791));
#6269=IFCFACEOUTERBOUND(#6268,.T.);
#6270=IFCFACE((#6269));
#6271=IFCPOLYLOOP((#3967,#3954,#3968));
#6272=IFCFACEOUTERBOUND(#6271,.T.);
#6273=IFCFACE((#6272));
#6274=IFCPOLYLOOP((#3973,#3968,#3954));
#6275=IFCFACEOUTERBOUND(#6274,.T.);
#6276=IFCFACE((#6275));
#6277=IFCPOLYLOOP((#3966,#3792,#3968));
#6278=IFCFACEOUTERBOUND(#6277,.T.);
#6279=IFCFACE((#6278));
#6280=IFCPOLYLOOP((#3957,#3969,#3967));
#6281=IFCFACEOUTERBOUND(#6280,.T.);
#6282=IFCFACE((#6281));
#6283=IFCPOLYLOOP((#3970,#3960,#3949));
#6284=IFCFACEOUTERBOUND(#6283,.T.);
#6285=IFCFACE((#6284));
#6286=IFCPOLYLOOP((#3960,#3970,#3969));
#6287=IFCFACEOUTERBOUND(#6286,.T.);
#6288=IFCFACE((#6287));
#6289=IFCPOLYLOOP((#3970,#3972,#3971));
#6290=IFCFACEOUTERBOUND(#6289,.T.);
#6291=IFCFACE((#6290));
#6292=IFCPOLYLOOP((#3973,#3971,#3976));
#6293=IFCFACEOUTERBOUND(#6292,.T.);
#6294=IFCFACE((#6293));
#6295=IFCPOLYLOOP((#3976,#3971,#3950));
#6296=IFCFACEOUTERBOUND(#6295,.T.);
#6297=IFCFACE((#6296));
#6298=IFCPOLYLOOP((#3972,#3970,#3949));
#6299=IFCFACEOUTERBOUND(#6298,.T.);
#6300=IFCFACE((#6299));
#6301=IFCPOLYLOOP((#3972,#3950,#3971));
#6302=IFCFACEOUTERBOUND(#6301,.T.);
#6303=IFCFACE((#6302));
#6304=IFCPOLYLOOP((#3968,#3973,#3966));
#6305=IFCFACEOUTERBOUND(#6304,.T.);
#6306=IFCFACE((#6305));
#6307=IFCPOLYLOOP((#3958,#3974,#3952));
#6308=IFCFACEOUTERBOUND(#6307,.T.);
#6309=IFCFACE((#6308));
#6310=IFCPOLYLOOP((#3969,#3974,#3960));
#6311=IFCFACEOUTERBOUND(#6310,.T.);
#6312=IFCFACE((#6311));
#6313=IFCPOLYLOOP((#3964,#3975,#3953));
#6314=IFCFACEOUTERBOUND(#6313,.T.);
#6315=IFCFACE((#6314));
#6316=IFCPOLYLOOP((#3973,#3975,#3966));
#6317=IFCFACEOUTERBOUND(#6316,.T.);
#6318=IFCFACE((#6317));
#6319=IFCPOLYLOOP((#3976,#3950,#4139,#3961));
#6320=IFCFACEOUTERBOUND(#6319,.T.);
#6321=IFCFACE((#6320));
#6322=IFCPOLYLOOP((#3973,#3976,#3963));
#6323=IFCFACEOUTERBOUND(#6322,.T.);
#6324=IFCFACE((#6323));
#6325=IFCPOLYLOOP((#3837,#3786,#3964,#3953,#3962,#3951,#3977,#3990,#3984,#3997,#3983,#3987,#3986,#3991));
#6326=IFCFACEOUTERBOUND(#6325,.T.);
#6327=IFCFACE((#6326));
#6328=IFCPOLYLOOP((#3993,#3979,#3980));
#6329=IFCFACEOUTERBOUND(#6328,.T.);
#6330=IFCFACE((#6329));
#6331=IFCPOLYLOOP((#3848,#3991,#3995));
#6332=IFCFACEOUTERBOUND(#6331,.T.);
#6333=IFCFACE((#6332));
#6334=IFCPOLYLOOP((#3995,#3989,#3848));
#6335=IFCFACEOUTERBOUND(#6334,.T.);
#6336=IFCFACE((#6335));
#6337=IFCPOLYLOOP((#4001,#3997,#3998));
#6338=IFCFACEOUTERBOUND(#6337,.T.);
#6339=IFCFACE((#6338));
#6340=IFCPOLYLOOP((#3993,#3992,#3988));
#6341=IFCFACEOUTERBOUND(#6340,.T.);
#6342=IFCFACE((#6341));
#6343=IFCPOLYLOOP((#3849,#3989,#3842));
#6344=IFCFACEOUTERBOUND(#6343,.T.);
#6345=IFCFACE((#6344));
#6346=IFCPOLYLOOP((#3980,#3981,#3992));
#6347=IFCFACEOUTERBOUND(#6346,.T.);
#6348=IFCFACE((#6347));
#6349=IFCPOLYLOOP((#3978,#3990,#3977));
#6350=IFCFACEOUTERBOUND(#6349,.T.);
#6351=IFCFACE((#6350));
#6352=IFCPOLYLOOP((#3847,#3837,#3991));
#6353=IFCFACEOUTERBOUND(#6352,.T.);
#6354=IFCFACE((#6353));
#6355=IFCPOLYLOOP((#3991,#3986,#3995));
#6356=IFCFACEOUTERBOUND(#6355,.T.);
#6357=IFCFACE((#6356));
#6358=IFCPOLYLOOP((#3989,#3849,#3848));
#6359=IFCFACEOUTERBOUND(#6358,.T.);
#6360=IFCFACE((#6359));
#6361=IFCPOLYLOOP((#3992,#3993,#3980));
#6362=IFCFACEOUTERBOUND(#6361,.T.);
#6363=IFCFACE((#6362));
#6364=IFCPOLYLOOP((#3997,#3984,#3998));
#6365=IFCFACEOUTERBOUND(#6364,.T.);
#6366=IFCFACE((#6365));
#6367=IFCPOLYLOOP((#4000,#3985,#3995));
#6368=IFCFACEOUTERBOUND(#6367,.T.);
#6369=IFCFACE((#6368));
#6370=IFCPOLYLOOP((#3991,#3848,#3847));
#6371=IFCFACEOUTERBOUND(#6370,.T.);
#6372=IFCFACE((#6371));
#6373=IFCPOLYLOOP((#3978,#3979,#3993));
#6374=IFCFACEOUTERBOUND(#6373,.T.);
#6375=IFCFACE((#6374));
#6376=IFCPOLYLOOP((#3999,#4000,#3987));
#6377=IFCFACEOUTERBOUND(#6376,.T.);
#6378=IFCFACE((#6377));
#6379=IFCPOLYLOOP((#3996,#3982,#3998,#3988));
#6380=IFCFACEOUTERBOUND(#6379,.T.);
#6381=IFCFACE((#6380));
#6382=IFCPOLYLOOP((#3993,#3984,#3990));
#6383=IFCFACEOUTERBOUND(#6382,.T.);
#6384=IFCFACE((#6383));
#6385=IFCPOLYLOOP((#3999,#3982,#3994));
#6386=IFCFACEOUTERBOUND(#6385,.T.);
#6387=IFCFACE((#6386));
#6388=IFCPOLYLOOP((#3993,#3990,#3978));
#6389=IFCFACEOUTERBOUND(#6388,.T.);
#6390=IFCFACE((#6389));
#6391=IFCPOLYLOOP((#3983,#3999,#3987));
#6392=IFCFACEOUTERBOUND(#6391,.T.);
#6393=IFCFACE((#6392));
#6394=IFCPOLYLOOP((#4000,#3986,#3987));
#6395=IFCFACEOUTERBOUND(#6394,.T.);
#6396=IFCFACE((#6395));
#6397=IFCPOLYLOOP((#3985,#3989,#3995));
#6398=IFCFACEOUTERBOUND(#6397,.T.);
#6399=IFCFACE((#6398));
#6400=IFCPOLYLOOP((#3993,#3988,#3998));
#6401=IFCFACEOUTERBOUND(#6400,.T.);
#6402=IFCFACE((#6401));
#6403=IFCPOLYLOOP((#3999,#4001,#3982));
#6404=IFCFACEOUTERBOUND(#6403,.T.);
#6405=IFCFACE((#6404));
#6406=IFCPOLYLOOP((#3993,#3998,#3984));
#6407=IFCFACEOUTERBOUND(#6406,.T.);
#6408=IFCFACE((#6407));
#6409=IFCPOLYLOOP((#3999,#3983,#4001));
#6410=IFCFACEOUTERBOUND(#6409,.T.);
#6411=IFCFACE((#6410));
#6412=IFCPOLYLOOP((#4000,#3994,#3985));
#6413=IFCFACEOUTERBOUND(#6412,.T.);
#6414=IFCFACE((#6413));
#6415=IFCPOLYLOOP((#4000,#3999,#3994));
#6416=IFCFACEOUTERBOUND(#6415,.T.);
#6417=IFCFACE((#6416));
#6418=IFCPOLYLOOP((#3986,#4000,#3995));
#6419=IFCFACEOUTERBOUND(#6418,.T.);
#6420=IFCFACE((#6419));
#6421=IFCPOLYLOOP((#3997,#4001,#3983));
#6422=IFCFACEOUTERBOUND(#6421,.T.);
#6423=IFCFACE((#6422));
#6424=IFCPOLYLOOP((#3982,#4001,#3998));
#6425=IFCFACEOUTERBOUND(#6424,.T.);
#6426=IFCFACE((#6425));
#6427=IFCPOLYLOOP((#3867,#3862,#4002,#4003));
#6428=IFCFACEOUTERBOUND(#6427,.T.);
#6429=IFCFACE((#6428));
#6430=IFCPOLYLOOP((#3875,#3867,#4003,#4004,#4008));
#6431=IFCFACEOUTERBOUND(#6430,.T.);
#6432=IFCFACE((#6431));
#6433=IFCPOLYLOOP((#4005,#4010,#4009));
#6434=IFCFACEOUTERBOUND(#6433,.T.);
#6435=IFCFACE((#6434));
#6436=IFCPOLYLOOP((#4010,#4019,#3886));
#6437=IFCFACEOUTERBOUND(#6436,.T.);
#6438=IFCFACE((#6437));
#6439=IFCPOLYLOOP((#4008,#4017,#4018));
#6440=IFCFACEOUTERBOUND(#6439,.T.);
#6441=IFCFACE((#6440));
#6442=IFCPOLYLOOP((#4010,#4017,#4009));
#6443=IFCFACEOUTERBOUND(#6442,.T.);
#6444=IFCFACE((#6443));
#6445=IFCPOLYLOOP((#4019,#3900,#3886));
#6446=IFCFACEOUTERBOUND(#6445,.T.);
#6447=IFCFACE((#6446));
#6448=IFCPOLYLOOP((#4010,#3886,#3898,#4016));
#6449=IFCFACEOUTERBOUND(#6448,.T.);
#6450=IFCFACE((#6449));
#6451=IFCPOLYLOOP((#4020,#4006,#4015,#4243,#4007));
#6452=IFCFACEOUTERBOUND(#6451,.T.);
#6453=IFCFACE((#6452));
#6454=IFCPOLYLOOP((#4005,#4011,#4019));
#6455=IFCFACEOUTERBOUND(#6454,.T.);
#6456=IFCFACE((#6455));
#6457=IFCPOLYLOOP((#4011,#4012,#4019));
#6458=IFCFACEOUTERBOUND(#6457,.T.);
#6459=IFCFACE((#6458));
#6460=IFCPOLYLOOP((#4020,#3887,#4012));
#6461=IFCFACEOUTERBOUND(#6460,.T.);
#6462=IFCFACE((#6461));
#6463=IFCPOLYLOOP((#4008,#4018,#3875));
#6464=IFCFACEOUTERBOUND(#6463,.T.);
#6465=IFCFACE((#6464));
#6466=IFCPOLYLOOP((#4006,#4012,#4011));
#6467=IFCFACEOUTERBOUND(#6466,.T.);
#6468=IFCFACE((#6467));
#6469=IFCPOLYLOOP((#4017,#4004,#4240,#4009));
#6470=IFCFACEOUTERBOUND(#6469,.T.);
#6471=IFCFACE((#6470));
#6472=IFCPOLYLOOP((#4020,#3883,#3917,#4014,#3887));
#6473=IFCFACEOUTERBOUND(#6472,.T.);
#6474=IFCFACE((#6473));
#6475=IFCPOLYLOOP((#4006,#4020,#4012));
#6476=IFCFACEOUTERBOUND(#6475,.T.);
#6477=IFCFACE((#6476));
#6478=IFCPOLYLOOP((#4007,#4013,#3883,#4020));
#6479=IFCFACEOUTERBOUND(#6478,.T.);
#6480=IFCFACE((#6479));
#6481=IFCPOLYLOOP((#4012,#3887,#3900));
#6482=IFCFACEOUTERBOUND(#6481,.T.);
#6483=IFCFACE((#6482));
#6484=IFCPOLYLOOP((#4018,#4010,#4016));
#6485=IFCFACEOUTERBOUND(#6484,.T.);
#6486=IFCFACE((#6485));
#6487=IFCPOLYLOOP((#4004,#4017,#4008));
#6488=IFCFACEOUTERBOUND(#6487,.T.);
#6489=IFCFACE((#6488));
#6490=IFCPOLYLOOP((#4010,#4018,#4017));
#6491=IFCFACEOUTERBOUND(#6490,.T.);
#6492=IFCFACE((#6491));
#6493=IFCPOLYLOOP((#3875,#4018,#4016));
#6494=IFCFACEOUTERBOUND(#6493,.T.);
#6495=IFCFACE((#6494));
#6496=IFCPOLYLOOP((#3900,#4019,#4012));
#6497=IFCFACEOUTERBOUND(#6496,.T.);
#6498=IFCFACE((#6497));
#6499=IFCPOLYLOOP((#4005,#4019,#4010));
#6500=IFCFACEOUTERBOUND(#6499,.T.);
#6501=IFCFACE((#6500));
#6502=IFCPOLYLOOP((#3923,#3922,#4027,#4026,#4031,#4023,#4022,#4025,#4032));
#6503=IFCFACEOUTERBOUND(#6502,.T.);
#6504=IFCFACE((#6503));
#6505=IFCPOLYLOOP((#4033,#4028,#4035,#4022,#4023,#4030,#4029,#4034,#4024,#4021));
#6506=IFCFACEOUTERBOUND(#6505,.T.);
#6507=IFCFACE((#6506));
#6508=IFCPOLYLOOP((#4046,#3925,#3936,#3924));
#6509=IFCFACEOUTERBOUND(#6508,.T.);
#6510=IFCFACE((#6509));
#6511=IFCPOLYLOOP((#4063,#4038,#4081));
#6512=IFCFACEOUTERBOUND(#6511,.T.);
#6513=IFCFACE((#6512));
#6514=IFCPOLYLOOP((#4054,#4052,#4068));
#6515=IFCFACEOUTERBOUND(#6514,.T.);
#6516=IFCFACE((#6515));
#6517=IFCPOLYLOOP((#4053,#4047,#4051));
#6518=IFCFACEOUTERBOUND(#6517,.T.);
#6519=IFCFACE((#6518));
#6520=IFCPOLYLOOP((#4057,#4055,#4056));
#6521=IFCFACEOUTERBOUND(#6520,.T.);
#6522=IFCFACE((#6521));
#6523=IFCPOLYLOOP((#4068,#4065,#4066));
#6524=IFCFACEOUTERBOUND(#6523,.T.);
#6525=IFCFACE((#6524));
#6526=IFCPOLYLOOP((#4059,#3925,#4060));
#6527=IFCFACEOUTERBOUND(#6526,.T.);
#6528=IFCFACE((#6527));
#6529=IFCPOLYLOOP((#4062,#4063,#4050));
#6530=IFCFACEOUTERBOUND(#6529,.T.);
#6531=IFCFACE((#6530));
#6532=IFCPOLYLOOP((#4067,#4069,#4048));
#6533=IFCFACEOUTERBOUND(#6532,.T.);
#6534=IFCFACE((#6533));
#6535=IFCPOLYLOOP((#4075,#4076,#4048));
#6536=IFCFACEOUTERBOUND(#6535,.T.);
#6537=IFCFACE((#6536));
#6538=IFCPOLYLOOP((#4066,#4045,#4067));
#6539=IFCFACEOUTERBOUND(#6538,.T.);
#6540=IFCFACE((#6539));
#6541=IFCPOLYLOOP((#4048,#4076,#4077));
#6542=IFCFACEOUTERBOUND(#6541,.T.);
#6543=IFCFACE((#6542));
#6544=IFCPOLYLOOP((#4067,#4079,#4066));
#6545=IFCFACEOUTERBOUND(#6544,.T.);
#6546=IFCFACE((#6545));
#6547=IFCPOLYLOOP((#4075,#4069,#4037));
#6548=IFCFACEOUTERBOUND(#6547,.T.);
#6549=IFCFACE((#6548));
#6550=IFCPOLYLOOP((#4064,#4065,#4071));
#6551=IFCFACEOUTERBOUND(#6550,.T.);
#6552=IFCFACE((#6551));
#6553=IFCPOLYLOOP((#4073,#4054,#4072));
#6554=IFCFACEOUTERBOUND(#6553,.T.);
#6555=IFCFACE((#6554));
#6556=IFCPOLYLOOP((#4064,#4047,#4061));
#6557=IFCFACEOUTERBOUND(#6556,.T.);
#6558=IFCFACE((#6557));
#6559=IFCPOLYLOOP((#4071,#4051,#4064));
#6560=IFCFACEOUTERBOUND(#6559,.T.);
#6561=IFCFACE((#6560));
#6562=IFCPOLYLOOP((#4082,#4053,#4051));
#6563=IFCFACEOUTERBOUND(#6562,.T.);
#6564=IFCFACE((#6563));
#6565=IFCPOLYLOOP((#3935,#4059,#4058));
#6566=IFCFACEOUTERBOUND(#6565,.T.);
#6567=IFCFACE((#6566));
#6568=IFCPOLYLOOP((#4061,#4062,#4070));
#6569=IFCFACEOUTERBOUND(#6568,.T.);
#6570=IFCFACE((#6569));
#6571=IFCPOLYLOOP((#4077,#4080,#4049));
#6572=IFCFACEOUTERBOUND(#6571,.T.);
#6573=IFCFACE((#6572));
#6574=IFCPOLYLOOP((#4059,#4060,#4047));
#6575=IFCFACEOUTERBOUND(#6574,.T.);
#6576=IFCFACE((#6575));
#6577=IFCPOLYLOOP((#4071,#4041,#4051));
#6578=IFCFACEOUTERBOUND(#6577,.T.);
#6579=IFCFACE((#6578));
#6580=IFCPOLYLOOP((#4048,#4079,#4067));
#6581=IFCFACEOUTERBOUND(#6580,.T.);
#6582=IFCFACE((#6581));
#6583=IFCPOLYLOOP((#4052,#4083,#4071));
#6584=IFCFACEOUTERBOUND(#6583,.T.);
#6585=IFCFACE((#6584));
#6586=IFCPOLYLOOP((#4057,#4056,#3933,#3926));
#6587=IFCFACEOUTERBOUND(#6586,.T.);
#6588=IFCFACE((#6587));
#6589=IFCPOLYLOOP((#4057,#4058,#4053));
#6590=IFCFACEOUTERBOUND(#6589,.T.);
#6591=IFCFACE((#6590));
#6592=IFCPOLYLOOP((#4040,#4054,#4073));
#6593=IFCFACEOUTERBOUND(#6592,.T.);
#6594=IFCFACE((#6593));
#6595=IFCPOLYLOOP((#4053,#4042,#4055));
#6596=IFCFACEOUTERBOUND(#6595,.T.);
#6597=IFCFACE((#6596));
#6598=IFCPOLYLOOP((#4056,#4055,#4088,#3927));
#6599=IFCFACEOUTERBOUND(#6598,.T.);
#6600=IFCFACE((#6599));
#6601=IFCPOLYLOOP((#4057,#3926,#4058));
#6602=IFCFACEOUTERBOUND(#6601,.T.);
#6603=IFCFACE((#6602));
#6604=IFCPOLYLOOP((#4055,#4057,#4053));
#6605=IFCFACEOUTERBOUND(#6604,.T.);
#6606=IFCFACE((#6605));
#6607=IFCPOLYLOOP((#4059,#3935,#3925));
#6608=IFCFACEOUTERBOUND(#6607,.T.);
#6609=IFCFACE((#6608));
#6610=IFCPOLYLOOP((#3935,#4058,#3926));
#6611=IFCFACEOUTERBOUND(#6610,.T.);
#6612=IFCFACE((#6611));
#6613=IFCPOLYLOOP((#4053,#4058,#4047));
#6614=IFCFACEOUTERBOUND(#6613,.T.);
#6615=IFCFACE((#6614));
#6616=IFCPOLYLOOP((#4060,#3925,#4046));
#6617=IFCFACEOUTERBOUND(#6616,.T.);
#6618=IFCFACE((#6617));
#6619=IFCPOLYLOOP((#4058,#4059,#4047));
#6620=IFCFACEOUTERBOUND(#6619,.T.);
#6621=IFCFACE((#6620));
#6622=IFCPOLYLOOP((#4046,#4063,#4062));
#6623=IFCFACEOUTERBOUND(#6622,.T.);
#6624=IFCFACE((#6623));
#6625=IFCPOLYLOOP((#4061,#4047,#4060));
#6626=IFCFACEOUTERBOUND(#6625,.T.);
#6627=IFCFACE((#6626));
#6628=IFCPOLYLOOP((#4062,#4060,#4046));
#6629=IFCFACEOUTERBOUND(#6628,.T.);
#6630=IFCFACE((#6629));
#6631=IFCPOLYLOOP((#4064,#4061,#4045));
#6632=IFCFACEOUTERBOUND(#6631,.T.);
#6633=IFCFACE((#6632));
#6634=IFCPOLYLOOP((#4070,#4062,#4050));
#6635=IFCFACEOUTERBOUND(#6634,.T.);
#6636=IFCFACE((#6635));
#6637=IFCPOLYLOOP((#4061,#4060,#4062));
#6638=IFCFACEOUTERBOUND(#6637,.T.);
#6639=IFCFACE((#6638));
#6640=IFCPOLYLOOP((#4063,#4046,#4074));
#6641=IFCFACEOUTERBOUND(#6640,.T.);
#6642=IFCFACE((#6641));
#6643=IFCPOLYLOOP((#4037,#4069,#4081));
#6644=IFCFACEOUTERBOUND(#6643,.T.);
#6645=IFCFACE((#6644));
#6646=IFCPOLYLOOP((#4065,#4064,#4045));
#6647=IFCFACEOUTERBOUND(#6646,.T.);
#6648=IFCFACE((#6647));
#6649=IFCPOLYLOOP((#4047,#4064,#4051));
#6650=IFCFACEOUTERBOUND(#6649,.T.);
#6651=IFCFACE((#6650));
#6652=IFCPOLYLOOP((#4066,#4065,#4045));
#6653=IFCFACEOUTERBOUND(#6652,.T.);
#6654=IFCFACE((#6653));
#6655=IFCPOLYLOOP((#4065,#4052,#4071));
#6656=IFCFACEOUTERBOUND(#6655,.T.);
#6657=IFCFACE((#6656));
#6658=IFCPOLYLOOP((#4070,#4067,#4045));
#6659=IFCFACEOUTERBOUND(#6658,.T.);
#6660=IFCFACE((#6659));
#6661=IFCPOLYLOOP((#4068,#4066,#4049));
#6662=IFCFACEOUTERBOUND(#6661,.T.);
#6663=IFCFACE((#6662));
#6664=IFCPOLYLOOP((#4069,#4067,#4050));
#6665=IFCFACEOUTERBOUND(#6664,.T.);
#6666=IFCFACE((#6665));
#6667=IFCPOLYLOOP((#4048,#4077,#4079));
#6668=IFCFACEOUTERBOUND(#6667,.T.);
#6669=IFCFACE((#6668));
#6670=IFCPOLYLOOP((#4054,#4068,#4049));
#6671=IFCFACEOUTERBOUND(#6670,.T.);
#6672=IFCFACE((#6671));
#6673=IFCPOLYLOOP((#4065,#4068,#4052));
#6674=IFCFACEOUTERBOUND(#6673,.T.);
#6675=IFCFACE((#6674));
#6676=IFCPOLYLOOP((#4069,#4050,#4081));
#6677=IFCFACEOUTERBOUND(#6676,.T.);
#6678=IFCFACE((#6677));
#6679=IFCPOLYLOOP((#4069,#4075,#4048));
#6680=IFCFACEOUTERBOUND(#6679,.T.);
#6681=IFCFACE((#6680));
#6682=IFCPOLYLOOP((#4067,#4070,#4050));
#6683=IFCFACEOUTERBOUND(#6682,.T.);
#6684=IFCFACE((#6683));
#6685=IFCPOLYLOOP((#4061,#4070,#4045));
#6686=IFCFACEOUTERBOUND(#6685,.T.);
#6687=IFCFACE((#6686));
#6688=IFCPOLYLOOP((#4052,#4040,#4083));
#6689=IFCFACEOUTERBOUND(#6688,.T.);
#6690=IFCFACE((#6689));
#6691=IFCPOLYLOOP((#4042,#4053,#4082));
#6692=IFCFACEOUTERBOUND(#6691,.T.);
#6693=IFCFACE((#6692));
#6694=IFCPOLYLOOP((#4054,#4044,#4072));
#6695=IFCFACEOUTERBOUND(#6694,.T.);
#6696=IFCFACE((#6695));
#6697=IFCPOLYLOOP((#4072,#4039,#4091,#4073));
#6698=IFCFACEOUTERBOUND(#6697,.T.);
#6699=IFCFACE((#6698));
#6700=IFCPOLYLOOP((#4046,#3924,#4074));
#6701=IFCFACEOUTERBOUND(#6700,.T.);
#6702=IFCFACE((#6701));
#6703=IFCPOLYLOOP((#4074,#4038,#4063));
#6704=IFCFACEOUTERBOUND(#6703,.T.);
#6705=IFCFACE((#6704));
#6706=IFCPOLYLOOP((#4075,#4036,#4259,#4076));
#6707=IFCFACEOUTERBOUND(#6706,.T.);
#6708=IFCFACE((#6707));
#6709=IFCPOLYLOOP((#4054,#4080,#4044));
#6710=IFCFACEOUTERBOUND(#6709,.T.);
#6711=IFCFACE((#6710));
#6712=IFCPOLYLOOP((#4043,#4077,#4076));
#6713=IFCFACEOUTERBOUND(#6712,.T.);
#6714=IFCFACE((#6713));
#6715=IFCPOLYLOOP((#4049,#4066,#4079));
#6716=IFCFACEOUTERBOUND(#6715,.T.);
#6717=IFCFACE((#6716));
#6718=IFCPOLYLOOP((#4043,#4078,#4044,#4080));
#6719=IFCFACEOUTERBOUND(#6718,.T.);
#6720=IFCFACE((#6719));
#6721=IFCPOLYLOOP((#4049,#4080,#4054));
#6722=IFCFACEOUTERBOUND(#6721,.T.);
#6723=IFCFACE((#6722));
#6724=IFCPOLYLOOP((#4049,#4079,#4077));
#6725=IFCFACEOUTERBOUND(#6724,.T.);
#6726=IFCFACE((#6725));
#6727=IFCPOLYLOOP((#4043,#4080,#4077));
#6728=IFCFACEOUTERBOUND(#6727,.T.);
#6729=IFCFACE((#6728));
#6730=IFCPOLYLOOP((#4063,#4081,#4050));
#6731=IFCFACEOUTERBOUND(#6730,.T.);
#6732=IFCFACE((#6731));
#6733=IFCPOLYLOOP((#4051,#4041,#4082));
#6734=IFCFACEOUTERBOUND(#6733,.T.);
#6735=IFCFACE((#6734));
#6736=IFCPOLYLOOP((#4040,#4052,#4054));
#6737=IFCFACEOUTERBOUND(#6736,.T.);
#6738=IFCFACE((#6737));
#6739=IFCPOLYLOOP((#4041,#4071,#4083));
#6740=IFCFACEOUTERBOUND(#6739,.T.);
#6741=IFCFACE((#6740));
#6742=IFCPOLYLOOP((#4042,#4087,#4098,#4089,#3945,#3927,#4088,#4055));
#6743=IFCFACEOUTERBOUND(#6742,.T.);
#6744=IFCFACE((#6743));
#6745=IFCPOLYLOOP((#4091,#4039,#4084,#4092,#4101,#4085,#4040,#4073));
#6746=IFCFACEOUTERBOUND(#6745,.T.);
#6747=IFCFACE((#6746));
#6748=IFCPOLYLOOP((#4041,#4086,#4090,#4087,#4042,#4082));
#6749=IFCFACEOUTERBOUND(#6748,.T.);
#6750=IFCFACE((#6749));
#6751=IFCPOLYLOOP((#4083,#4040,#4085,#4093,#4086,#4041));
#6752=IFCFACEOUTERBOUND(#6751,.T.);
#6753=IFCFACE((#6752));
#6754=IFCPOLYLOOP((#4097,#4099,#3946,#3945,#4089,#4098,#4087));
#6755=IFCFACEOUTERBOUND(#6754,.T.);
#6756=IFCFACE((#6755));
#6757=IFCPOLYLOOP((#4096,#4100,#4097,#4087,#4090,#4086));
#6758=IFCFACEOUTERBOUND(#6757,.T.);
#6759=IFCFACE((#6758));
#6760=IFCPOLYLOOP((#4095,#4085,#4101,#4092,#4084,#4094,#4102));
#6761=IFCFACEOUTERBOUND(#6760,.T.);
#6762=IFCFACE((#6761));
#6763=IFCPOLYLOOP((#4093,#4085,#4095,#4103,#4096,#4086));
#6764=IFCFACEOUTERBOUND(#6763,.T.);
#6765=IFCFACE((#6764));
#6766=IFCPOLYLOOP((#4107,#4108,#3947,#3946,#4099,#4097));
#6767=IFCFACEOUTERBOUND(#6766,.T.);
#6768=IFCFACE((#6767));
#6769=IFCPOLYLOOP((#4109,#4107,#4097,#4100,#4096,#4106));
#6770=IFCFACEOUTERBOUND(#6769,.T.);
#6771=IFCFACE((#6770));
#6772=IFCPOLYLOOP((#4105,#4095,#4102,#4094,#4104,#4110));
#6773=IFCFACEOUTERBOUND(#6772,.T.);
#6774=IFCFACE((#6773));
#6775=IFCPOLYLOOP((#4105,#4111,#4106,#4096,#4103,#4095));
#6776=IFCFACEOUTERBOUND(#6775,.T.);
#6777=IFCFACE((#6776));
#6778=IFCPOLYLOOP((#4160,#4129,#4130));
#6779=IFCFACEOUTERBOUND(#6778,.T.);
#6780=IFCFACE((#6779));
#6781=IFCPOLYLOOP((#4129,#4121,#4130));
#6782=IFCFACEOUTERBOUND(#6781,.T.);
#6783=IFCFACE((#6782));
#6784=IFCPOLYLOOP((#4146,#4153,#4154));
#6785=IFCFACEOUTERBOUND(#6784,.T.);
#6786=IFCFACE((#6785));
#6787=IFCPOLYLOOP((#4156,#4136,#4166));
#6788=IFCFACEOUTERBOUND(#6787,.T.);
#6789=IFCFACE((#6788));
#6790=IFCPOLYLOOP((#3950,#4137,#4142));
#6791=IFCFACEOUTERBOUND(#6790,.T.);
#6792=IFCFACE((#6791));
#6793=IFCPOLYLOOP((#4147,#4161,#4130));
#6794=IFCFACEOUTERBOUND(#6793,.T.);
#6795=IFCFACE((#6794));
#6796=IFCPOLYLOOP((#4142,#4139,#3950));
#6797=IFCFACEOUTERBOUND(#6796,.T.);
#6798=IFCFACE((#6797));
#6799=IFCPOLYLOOP((#4163,#4127,#4162));
#6800=IFCFACEOUTERBOUND(#6799,.T.);
#6801=IFCFACE((#6800));
#6802=IFCPOLYLOOP((#3949,#4136,#4148));
#6803=IFCFACEOUTERBOUND(#6802,.T.);
#6804=IFCFACE((#6803));
#6805=IFCPOLYLOOP((#4154,#4155,#4128));
#6806=IFCFACEOUTERBOUND(#6805,.T.);
#6807=IFCFACE((#6806));
#6808=IFCPOLYLOOP((#4155,#4114,#4128));
#6809=IFCFACEOUTERBOUND(#6808,.T.);
#6810=IFCFACE((#6809));
#6811=IFCPOLYLOOP((#4132,#4125,#4133));
#6812=IFCFACEOUTERBOUND(#6811,.T.);
#6813=IFCFACE((#6812));
#6814=IFCPOLYLOOP((#4128,#4114,#4165,#4113));
#6815=IFCFACEOUTERBOUND(#6814,.T.);
#6816=IFCFACE((#6815));
#6817=IFCPOLYLOOP((#4127,#4145,#4162));
#6818=IFCFACEOUTERBOUND(#6817,.T.);
#6819=IFCFACE((#6818));
#6820=IFCPOLYLOOP((#4113,#4159,#4160));
#6821=IFCFACEOUTERBOUND(#6820,.T.);
#6822=IFCFACE((#6821));
#6823=IFCPOLYLOOP((#3972,#4148,#4137));
#6824=IFCFACEOUTERBOUND(#6823,.T.);
#6825=IFCFACE((#6824));
#6826=IFCPOLYLOOP((#4145,#4119,#4143));
#6827=IFCFACEOUTERBOUND(#6826,.T.);
#6828=IFCFACE((#6827));
#6829=IFCPOLYLOOP((#4132,#4140,#4125));
#6830=IFCFACEOUTERBOUND(#6829,.T.);
#6831=IFCFACE((#6830));
#6832=IFCPOLYLOOP((#4142,#4137,#4124));
#6833=IFCFACEOUTERBOUND(#6832,.T.);
#6834=IFCFACE((#6833));
#6835=IFCPOLYLOOP((#4119,#4127,#4118));
#6836=IFCFACEOUTERBOUND(#6835,.T.);
#6837=IFCFACE((#6836));
#6838=IFCPOLYLOOP((#4156,#4166,#4115));
#6839=IFCFACEOUTERBOUND(#6838,.T.);
#6840=IFCFACE((#6839));
#6841=IFCPOLYLOOP((#4122,#4134,#4140));
#6842=IFCFACEOUTERBOUND(#6841,.T.);
#6843=IFCFACE((#6842));
#6844=IFCPOLYLOOP((#4141,#4125,#4140));
#6845=IFCFACEOUTERBOUND(#6844,.T.);
#6846=IFCFACE((#6845));
#6847=IFCPOLYLOOP((#4152,#4139,#4142));
#6848=IFCFACEOUTERBOUND(#6847,.T.);
#6849=IFCFACE((#6848));
#6850=IFCPOLYLOOP((#4125,#4141,#4144));
#6851=IFCFACEOUTERBOUND(#6850,.T.);
#6852=IFCFACE((#6851));
#6853=IFCPOLYLOOP((#4159,#4112,#4272,#4129));
#6854=IFCFACEOUTERBOUND(#6853,.T.);
#6855=IFCFACE((#6854));
#6856=IFCPOLYLOOP((#4131,#4122,#4132));
#6857=IFCFACEOUTERBOUND(#6856,.T.);
#6858=IFCFACE((#6857));
#6859=IFCPOLYLOOP((#4121,#4131,#4147));
#6860=IFCFACEOUTERBOUND(#6859,.T.);
#6861=IFCFACE((#6860));
#6862=IFCPOLYLOOP((#4162,#4123,#4163));
#6863=IFCFACEOUTERBOUND(#6862,.T.);
#6864=IFCFACE((#6863));
#6865=IFCPOLYLOOP((#4147,#4131,#4132));
#6866=IFCFACEOUTERBOUND(#6865,.T.);
#6867=IFCFACE((#6866));
#6868=IFCPOLYLOOP((#4146,#4133,#4123));
#6869=IFCFACEOUTERBOUND(#6868,.T.);
#6870=IFCFACE((#6869));
#6871=IFCPOLYLOOP((#4133,#4161,#4147));
#6872=IFCFACEOUTERBOUND(#6871,.T.);
#6873=IFCFACE((#6872));
#6874=IFCPOLYLOOP((#4149,#4134,#4276,#4116));
#6875=IFCFACEOUTERBOUND(#6874,.T.);
#6876=IFCFACE((#6875));
#6877=IFCPOLYLOOP((#4140,#4132,#4122));
#6878=IFCFACEOUTERBOUND(#6877,.T.);
#6879=IFCFACE((#6878));
#6880=IFCPOLYLOOP((#3949,#4135,#4136));
#6881=IFCFACEOUTERBOUND(#6880,.T.);
#6882=IFCFACE((#6881));
#6883=IFCPOLYLOOP((#4164,#4137,#4138));
#6884=IFCFACEOUTERBOUND(#6883,.T.);
#6885=IFCFACE((#6884));
#6886=IFCPOLYLOOP((#4153,#4138,#4126));
#6887=IFCFACEOUTERBOUND(#6886,.T.);
#6888=IFCFACE((#6887));
#6889=IFCPOLYLOOP((#3972,#4137,#3950));
#6890=IFCFACEOUTERBOUND(#6889,.T.);
#6891=IFCFACE((#6890));
#6892=IFCPOLYLOOP((#4138,#4136,#4126));
#6893=IFCFACEOUTERBOUND(#6892,.T.);
#6894=IFCFACE((#6893));
#6895=IFCPOLYLOOP((#4123,#4162,#4164));
#6896=IFCFACEOUTERBOUND(#6895,.T.);
#6897=IFCFACE((#6896));
#6898=IFCPOLYLOOP((#4148,#4138,#4137));
#6899=IFCFACEOUTERBOUND(#6898,.T.);
#6900=IFCFACE((#6899));
#6901=IFCPOLYLOOP((#4151,#3951,#3961,#4139));
#6902=IFCFACEOUTERBOUND(#6901,.T.);
#6903=IFCFACE((#6902));
#6904=IFCPOLYLOOP((#4134,#4149,#4150));
#6905=IFCFACEOUTERBOUND(#6904,.T.);
#6906=IFCFACE((#6905));
#6907=IFCPOLYLOOP((#4150,#4141,#4140));
#6908=IFCFACEOUTERBOUND(#6907,.T.);
#6909=IFCFACE((#6908));
#6910=IFCPOLYLOOP((#4117,#4118,#4141));
#6911=IFCFACEOUTERBOUND(#6910,.T.);
#6912=IFCFACE((#6911));
#6913=IFCPOLYLOOP((#4144,#4118,#4127));
#6914=IFCFACEOUTERBOUND(#6913,.T.);
#6915=IFCFACE((#6914));
#6916=IFCPOLYLOOP((#4143,#4142,#4124));
#6917=IFCFACEOUTERBOUND(#6916,.T.);
#6918=IFCFACE((#6917));
#6919=IFCPOLYLOOP((#4152,#4120,#4151));
#6920=IFCFACEOUTERBOUND(#6919,.T.);
#6921=IFCFACE((#6920));
#6922=IFCPOLYLOOP((#4145,#4143,#4124));
#6923=IFCFACEOUTERBOUND(#6922,.T.);
#6924=IFCFACE((#6923));
#6925=IFCPOLYLOOP((#4119,#4120,#4143));
#6926=IFCFACEOUTERBOUND(#6925,.T.);
#6927=IFCFACE((#6926));
#6928=IFCPOLYLOOP((#4118,#4144,#4141));
#6929=IFCFACEOUTERBOUND(#6928,.T.);
#6930=IFCFACE((#6929));
#6931=IFCPOLYLOOP((#4163,#4144,#4127));
#6932=IFCFACEOUTERBOUND(#6931,.T.);
#6933=IFCFACE((#6932));
#6934=IFCPOLYLOOP((#4162,#4145,#4124));
#6935=IFCFACEOUTERBOUND(#6934,.T.);
#6936=IFCFACE((#6935));
#6937=IFCPOLYLOOP((#4119,#4145,#4127));
#6938=IFCFACEOUTERBOUND(#6937,.T.);
#6939=IFCFACE((#6938));
#6940=IFCPOLYLOOP((#4153,#4146,#4123));
#6941=IFCFACEOUTERBOUND(#6940,.T.);
#6942=IFCFACE((#6941));
#6943=IFCPOLYLOOP((#4161,#4128,#4130));
#6944=IFCFACEOUTERBOUND(#6943,.T.);
#6945=IFCFACE((#6944));
#6946=IFCPOLYLOOP((#4133,#4147,#4132));
#6947=IFCFACEOUTERBOUND(#6946,.T.);
#6948=IFCFACE((#6947));
#6949=IFCPOLYLOOP((#4121,#4147,#4130));
#6950=IFCFACEOUTERBOUND(#6949,.T.);
#6951=IFCFACE((#6950));
#6952=IFCPOLYLOOP((#3949,#4148,#3972));
#6953=IFCFACEOUTERBOUND(#6952,.T.);
#6954=IFCFACE((#6953));
#6955=IFCPOLYLOOP((#4138,#4148,#4136));
#6956=IFCFACEOUTERBOUND(#6955,.T.);
#6957=IFCFACE((#6956));
#6958=IFCPOLYLOOP((#4150,#4149,#4117));
#6959=IFCFACEOUTERBOUND(#6958,.T.);
#6960=IFCFACE((#6959));
#6961=IFCPOLYLOOP((#4141,#4150,#4117));
#6962=IFCFACEOUTERBOUND(#6961,.T.);
#6963=IFCFACE((#6962));
#6964=IFCPOLYLOOP((#4134,#4150,#4140));
#6965=IFCFACEOUTERBOUND(#6964,.T.);
#6966=IFCFACE((#6965));
#6967=IFCPOLYLOOP((#4152,#4143,#4120));
#6968=IFCFACEOUTERBOUND(#6967,.T.);
#6969=IFCFACE((#6968));
#6970=IFCPOLYLOOP((#4139,#4152,#4151));
#6971=IFCFACEOUTERBOUND(#6970,.T.);
#6972=IFCFACE((#6971));
#6973=IFCPOLYLOOP((#4143,#4152,#4142));
#6974=IFCFACEOUTERBOUND(#6973,.T.);
#6975=IFCFACE((#6974));
#6976=IFCPOLYLOOP((#4138,#4153,#4123));
#6977=IFCFACEOUTERBOUND(#6976,.T.);
#6978=IFCFACE((#6977));
#6979=IFCPOLYLOOP((#4154,#4153,#4126));
#6980=IFCFACEOUTERBOUND(#6979,.T.);
#6981=IFCFACE((#6980));
#6982=IFCPOLYLOOP((#4154,#4126,#4155));
#6983=IFCFACEOUTERBOUND(#6982,.T.);
#6984=IFCFACE((#6983));
#6985=IFCPOLYLOOP((#4146,#4154,#4128));
#6986=IFCFACEOUTERBOUND(#6985,.T.);
#6987=IFCFACE((#6986));
#6988=IFCPOLYLOOP((#4156,#4155,#4126));
#6989=IFCFACEOUTERBOUND(#6988,.T.);
#6990=IFCFACE((#6989));
#6991=IFCPOLYLOOP((#4156,#4158,#4155));
#6992=IFCFACEOUTERBOUND(#6991,.T.);
#6993=IFCFACE((#6992));
#6994=IFCPOLYLOOP((#4126,#4136,#4156));
#6995=IFCFACEOUTERBOUND(#6994,.T.);
#6996=IFCFACE((#6995));
#6997=IFCPOLYLOOP((#4158,#4156,#4115));
#6998=IFCFACEOUTERBOUND(#6997,.T.);
#6999=IFCFACE((#6998));
#7000=IFCPOLYLOOP((#4166,#3948,#4157,#4115));
#7001=IFCFACEOUTERBOUND(#7000,.T.);
#7002=IFCFACE((#7001));
#7003=IFCPOLYLOOP((#4158,#4114,#4155));
#7004=IFCFACEOUTERBOUND(#7003,.T.);
#7005=IFCFACE((#7004));
#7006=IFCPOLYLOOP((#4129,#4160,#4159));
#7007=IFCFACEOUTERBOUND(#7006,.T.);
#7008=IFCFACE((#7007));
#7009=IFCPOLYLOOP((#4128,#4160,#4130));
#7010=IFCFACEOUTERBOUND(#7009,.T.);
#7011=IFCFACE((#7010));
#7012=IFCPOLYLOOP((#4133,#4146,#4161));
#7013=IFCFACEOUTERBOUND(#7012,.T.);
#7014=IFCFACE((#7013));
#7015=IFCPOLYLOOP((#4128,#4161,#4146));
#7016=IFCFACEOUTERBOUND(#7015,.T.);
#7017=IFCFACE((#7016));
#7018=IFCPOLYLOOP((#4164,#4162,#4124));
#7019=IFCFACEOUTERBOUND(#7018,.T.);
#7020=IFCFACE((#7019));
#7021=IFCPOLYLOOP((#4123,#4133,#4163));
#7022=IFCFACEOUTERBOUND(#7021,.T.);
#7023=IFCFACE((#7022));
#7024=IFCPOLYLOOP((#4133,#4125,#4163));
#7025=IFCFACEOUTERBOUND(#7024,.T.);
#7026=IFCFACE((#7025));
#7027=IFCPOLYLOOP((#4163,#4125,#4144));
#7028=IFCFACEOUTERBOUND(#7027,.T.);
#7029=IFCFACE((#7028));
#7030=IFCPOLYLOOP((#4137,#4164,#4124));
#7031=IFCFACEOUTERBOUND(#7030,.T.);
#7032=IFCFACE((#7031));
#7033=IFCPOLYLOOP((#4123,#4164,#4138));
#7034=IFCFACEOUTERBOUND(#7033,.T.);
#7035=IFCFACE((#7034));
#7036=IFCPOLYLOOP((#4128,#4113,#4160));
#7037=IFCFACEOUTERBOUND(#7036,.T.);
#7038=IFCFACE((#7037));
#7039=IFCPOLYLOOP((#4136,#4135,#4166));
#7040=IFCFACEOUTERBOUND(#7039,.T.);
#7041=IFCFACE((#7040));
#7042=IFCPOLYLOOP((#4166,#4135,#3959,#3948));
#7043=IFCFACEOUTERBOUND(#7042,.T.);
#7044=IFCFACE((#7043));
#7045=IFCPOLYLOOP((#3977,#3951,#4151,#4120,#4171));
#7046=IFCFACEOUTERBOUND(#7045,.T.);
#7047=IFCFACE((#7046));
#7048=IFCPOLYLOOP((#4171,#4120,#4119,#4170));
#7049=IFCFACEOUTERBOUND(#7048,.T.);
#7050=IFCFACE((#7049));
#7051=IFCPOLYLOOP((#4119,#4118,#4169,#4170));
#7052=IFCFACEOUTERBOUND(#7051,.T.);
#7053=IFCFACE((#7052));
#7054=IFCPOLYLOOP((#4167,#4168,#4117,#4149,#4116));
#7055=IFCFACEOUTERBOUND(#7054,.T.);
#7056=IFCFACE((#7055));
#7057=IFCPOLYLOOP((#4118,#4117,#4168,#4169));
#7058=IFCFACEOUTERBOUND(#7057,.T.);
#7059=IFCFACE((#7058));
#7060=IFCPOLYLOOP((#4170,#4169,#4182));
#7061=IFCFACEOUTERBOUND(#7060,.T.);
#7062=IFCFACE((#7061));
#7063=IFCPOLYLOOP((#3978,#3977,#4171));
#7064=IFCFACEOUTERBOUND(#7063,.T.);
#7065=IFCFACE((#7064));
#7066=IFCPOLYLOOP((#4171,#4180,#3978));
#7067=IFCFACEOUTERBOUND(#7066,.T.);
#7068=IFCFACE((#7067));
#7069=IFCPOLYLOOP((#4172,#4188,#4179));
#7070=IFCFACEOUTERBOUND(#7069,.T.);
#7071=IFCFACE((#7070));
#7072=IFCPOLYLOOP((#4184,#4188,#4173));
#7073=IFCFACEOUTERBOUND(#7072,.T.);
#7074=IFCFACE((#7073));
#7075=IFCPOLYLOOP((#4185,#4182,#4183));
#7076=IFCFACEOUTERBOUND(#7075,.T.);
#7077=IFCFACE((#7076));
#7078=IFCPOLYLOOP((#4185,#4180,#4171));
#7079=IFCFACEOUTERBOUND(#7078,.T.);
#7080=IFCFACE((#7079));
#7081=IFCPOLYLOOP((#4180,#4187,#3979));
#7082=IFCFACEOUTERBOUND(#7081,.T.);
#7083=IFCFACE((#7082));
#7084=IFCPOLYLOOP((#4173,#4174,#4184));
#7085=IFCFACEOUTERBOUND(#7084,.T.);
#7086=IFCFACE((#7085));
#7087=IFCPOLYLOOP((#3981,#3980,#4187));
#7088=IFCFACEOUTERBOUND(#7087,.T.);
#7089=IFCFACE((#7088));
#7090=IFCPOLYLOOP((#3979,#3978,#4180));
#7091=IFCFACEOUTERBOUND(#7090,.T.);
#7092=IFCFACE((#7091));
#7093=IFCPOLYLOOP((#3979,#4187,#3980));
#7094=IFCFACEOUTERBOUND(#7093,.T.);
#7095=IFCFACE((#7094));
#7096=IFCPOLYLOOP((#4187,#4183,#4176));
#7097=IFCFACEOUTERBOUND(#7096,.T.);
#7098=IFCFACE((#7097));
#7099=IFCPOLYLOOP((#4189,#4190,#4191));
#7100=IFCFACEOUTERBOUND(#7099,.T.);
#7101=IFCFACE((#7100));
#7102=IFCPOLYLOOP((#4176,#4183,#4175));
#7103=IFCFACEOUTERBOUND(#7102,.T.);
#7104=IFCFACE((#7103));
#7105=IFCPOLYLOOP((#4169,#4168,#4186));
#7106=IFCFACEOUTERBOUND(#7105,.T.);
#7107=IFCFACE((#7106));
#7108=IFCPOLYLOOP((#4168,#4181,#4186));
#7109=IFCFACEOUTERBOUND(#7108,.T.);
#7110=IFCFACE((#7109));
#7111=IFCPOLYLOOP((#4183,#4187,#4180));
#7112=IFCFACEOUTERBOUND(#7111,.T.);
#7113=IFCFACE((#7112));
#7114=IFCPOLYLOOP((#4181,#4184,#4186));
#7115=IFCFACEOUTERBOUND(#7114,.T.);
#7116=IFCFACE((#7115));
#7117=IFCPOLYLOOP((#4167,#4177,#4168));
#7118=IFCFACEOUTERBOUND(#7117,.T.);
#7119=IFCFACE((#7118));
#7120=IFCPOLYLOOP((#4182,#4186,#4184));
#7121=IFCFACEOUTERBOUND(#7120,.T.);
#7122=IFCFACE((#7121));
#7123=IFCPOLYLOOP((#4181,#4177,#4178));
#7124=IFCFACEOUTERBOUND(#7123,.T.);
#7125=IFCFACE((#7124));
#7126=IFCPOLYLOOP((#4188,#4178,#4179));
#7127=IFCFACEOUTERBOUND(#7126,.T.);
#7128=IFCFACE((#7127));
#7129=IFCPOLYLOOP((#4184,#4181,#4188));
#7130=IFCFACEOUTERBOUND(#7129,.T.);
#7131=IFCFACE((#7130));
#7132=IFCPOLYLOOP((#4188,#4172,#4173));
#7133=IFCFACEOUTERBOUND(#7132,.T.);
#7134=IFCFACE((#7133));
#7135=IFCPOLYLOOP((#4181,#4178,#4188));
#7136=IFCFACEOUTERBOUND(#7135,.T.);
#7137=IFCFACE((#7136));
#7138=IFCPOLYLOOP((#4182,#4185,#4170));
#7139=IFCFACEOUTERBOUND(#7138,.T.);
#7140=IFCFACE((#7139));
#7141=IFCPOLYLOOP((#4186,#4182,#4169));
#7142=IFCFACEOUTERBOUND(#7141,.T.);
#7143=IFCFACE((#7142));
#7144=IFCPOLYLOOP((#4177,#4181,#4168));
#7145=IFCFACEOUTERBOUND(#7144,.T.);
#7146=IFCFACE((#7145));
#7147=IFCPOLYLOOP((#4185,#4171,#4170));
#7148=IFCFACEOUTERBOUND(#7147,.T.);
#7149=IFCFACE((#7148));
#7150=IFCPOLYLOOP((#4183,#4180,#4185));
#7151=IFCFACEOUTERBOUND(#7150,.T.);
#7152=IFCFACE((#7151));
#7153=IFCPOLYLOOP((#4190,#4189,#4175));
#7154=IFCFACEOUTERBOUND(#7153,.T.);
#7155=IFCFACE((#7154));
#7156=IFCPOLYLOOP((#3981,#4187,#4176));
#7157=IFCFACEOUTERBOUND(#7156,.T.);
#7158=IFCFACE((#7157));
#7159=IFCPOLYLOOP((#4191,#4190,#4182));
#7160=IFCFACEOUTERBOUND(#7159,.T.);
#7161=IFCFACE((#7160));
#7162=IFCPOLYLOOP((#4184,#4191,#4182));
#7163=IFCFACEOUTERBOUND(#7162,.T.);
#7164=IFCFACE((#7163));
#7165=IFCPOLYLOOP((#4175,#4183,#4190));
#7166=IFCFACEOUTERBOUND(#7165,.T.);
#7167=IFCFACE((#7166));
#7168=IFCPOLYLOOP((#4183,#4182,#4190));
#7169=IFCFACEOUTERBOUND(#7168,.T.);
#7170=IFCFACE((#7169));
#7171=IFCPOLYLOOP((#4184,#4174,#4191));
#7172=IFCFACEOUTERBOUND(#7171,.T.);
#7173=IFCFACE((#7172));
#7174=IFCPOLYLOOP((#4189,#4191,#4174));
#7175=IFCFACEOUTERBOUND(#7174,.T.);
#7176=IFCFACE((#7175));
#7177=IFCPOLYLOOP((#4195,#4199,#4202,#4200));
#7178=IFCFACEOUTERBOUND(#7177,.T.);
#7179=IFCFACE((#7178));
#7180=IFCPOLYLOOP((#4201,#4003,#4002));
#7181=IFCFACEOUTERBOUND(#7180,.T.);
#7182=IFCFACE((#7181));
#7183=IFCPOLYLOOP((#4002,#4196,#4201));
#7184=IFCFACEOUTERBOUND(#7183,.T.);
#7185=IFCFACE((#7184));
#7186=IFCPOLYLOOP((#4196,#4195,#4200));
#7187=IFCFACEOUTERBOUND(#7186,.T.);
#7188=IFCFACE((#7187));
#7189=IFCPOLYLOOP((#4196,#4200,#4201));
#7190=IFCFACEOUTERBOUND(#7189,.T.);
#7191=IFCFACE((#7190));
#7192=IFCPOLYLOOP((#4204,#4192,#4197));
#7193=IFCFACEOUTERBOUND(#7192,.T.);
#7194=IFCFACE((#7193));
#7195=IFCPOLYLOOP((#4194,#4198,#4203,#4199));
#7196=IFCFACEOUTERBOUND(#7195,.T.);
#7197=IFCFACE((#7196));
#7198=IFCPOLYLOOP((#4192,#4204,#4193));
#7199=IFCFACEOUTERBOUND(#7198,.T.);
#7200=IFCFACE((#7199));
#7201=IFCPOLYLOOP((#4204,#4198,#4193));
#7202=IFCFACEOUTERBOUND(#7201,.T.);
#7203=IFCFACE((#7202));
#7204=IFCPOLYLOOP((#4194,#4199,#4195));
#7205=IFCFACEOUTERBOUND(#7204,.T.);
#7206=IFCFACE((#7205));
#7207=IFCPOLYLOOP((#4198,#4194,#4193));
#7208=IFCFACEOUTERBOUND(#7207,.T.);
#7209=IFCFACE((#7208));
#7210=IFCPOLYLOOP((#4200,#4208,#4209,#4239,#4004,#4003,#4201));
#7211=IFCFACEOUTERBOUND(#7210,.T.);
#7212=IFCFACE((#7211));
#7213=IFCPOLYLOOP((#4211,#4206,#4198,#4204,#4197,#4205,#4227));
#7214=IFCFACEOUTERBOUND(#7213,.T.);
#7215=IFCFACE((#7214));
#7216=IFCPOLYLOOP((#4207,#4210,#4208,#4200,#4202,#4199));
#7217=IFCFACEOUTERBOUND(#7216,.T.);
#7218=IFCFACE((#7217));
#7219=IFCPOLYLOOP((#4199,#4203,#4198,#4206,#4212,#4207));
#7220=IFCFACEOUTERBOUND(#7219,.T.);
#7221=IFCFACE((#7220));
#7222=IFCPOLYLOOP((#4241,#4239,#4209,#4208));
#7223=IFCFACEOUTERBOUND(#7222,.T.);
#7224=IFCFACE((#7223));
#7225=IFCPOLYLOOP((#4245,#4006,#4011));
#7226=IFCFACEOUTERBOUND(#7225,.T.);
#7227=IFCFACE((#7226));
#7228=IFCPOLYLOOP((#4252,#4210,#4224));
#7229=IFCFACEOUTERBOUND(#7228,.T.);
#7230=IFCFACE((#7229));
#7231=IFCPOLYLOOP((#4241,#4005,#4009,#4240));
#7232=IFCFACEOUTERBOUND(#7231,.T.);
#7233=IFCFACE((#7232));
#7234=IFCPOLYLOOP((#4243,#4242,#4007));
#7235=IFCFACEOUTERBOUND(#7234,.T.);
#7236=IFCFACE((#7235));
#7237=IFCPOLYLOOP((#4244,#4220,#4247));
#7238=IFCFACEOUTERBOUND(#7237,.T.);
#7239=IFCFACE((#7238));
#7240=IFCPOLYLOOP((#4244,#4223,#4251));
#7241=IFCFACEOUTERBOUND(#7240,.T.);
#7242=IFCFACE((#7241));
#7243=IFCPOLYLOOP((#4232,#4233,#4222));
#7244=IFCFACEOUTERBOUND(#7243,.T.);
#7245=IFCFACE((#7244));
#7246=IFCPOLYLOOP((#4244,#4247,#4218));
#7247=IFCFACEOUTERBOUND(#7246,.T.);
#7248=IFCFACE((#7247));
#7249=IFCPOLYLOOP((#4234,#4237,#4223));
#7250=IFCFACEOUTERBOUND(#7249,.T.);
#7251=IFCFACE((#7250));
#7252=IFCPOLYLOOP((#4251,#4242,#4219));
#7253=IFCFACEOUTERBOUND(#7252,.T.);
#7254=IFCFACE((#7253));
#7255=IFCPOLYLOOP((#4244,#4245,#4220));
#7256=IFCFACEOUTERBOUND(#7255,.T.);
#7257=IFCFACE((#7256));
#7258=IFCPOLYLOOP((#4228,#4229,#4227));
#7259=IFCFACEOUTERBOUND(#7258,.T.);
#7260=IFCFACE((#7259));
#7261=IFCPOLYLOOP((#4226,#4222,#4238));
#7262=IFCFACEOUTERBOUND(#7261,.T.);
#7263=IFCFACE((#7262));
#7264=IFCPOLYLOOP((#4225,#4206,#4226));
#7265=IFCFACEOUTERBOUND(#7264,.T.);
#7266=IFCFACE((#7265));
#7267=IFCPOLYLOOP((#4249,#4237,#4221));
#7268=IFCFACEOUTERBOUND(#7267,.T.);
#7269=IFCFACE((#7268));
#7270=IFCPOLYLOOP((#4223,#4250,#4251));
#7271=IFCFACEOUTERBOUND(#7270,.T.);
#7272=IFCFACE((#7271));
#7273=IFCPOLYLOOP((#4221,#4217,#4248));
#7274=IFCFACEOUTERBOUND(#7273,.T.);
#7275=IFCFACE((#7274));
#7276=IFCPOLYLOOP((#4232,#4217,#4233));
#7277=IFCFACEOUTERBOUND(#7276,.T.);
#7278=IFCFACE((#7277));
#7279=IFCPOLYLOOP((#4229,#4231,#4226));
#7280=IFCFACEOUTERBOUND(#7279,.T.);
#7281=IFCFACE((#7280));
#7282=IFCPOLYLOOP((#4234,#4233,#4221));
#7283=IFCFACEOUTERBOUND(#7282,.T.);
#7284=IFCFACE((#7283));
#7285=IFCPOLYLOOP((#4250,#4237,#4214));
#7286=IFCFACEOUTERBOUND(#7285,.T.);
#7287=IFCFACE((#7286));
#7288=IFCPOLYLOOP((#4220,#4246,#4252));
#7289=IFCFACEOUTERBOUND(#7288,.T.);
#7290=IFCFACE((#7289));
#7291=IFCPOLYLOOP((#4238,#4236,#4225));
#7292=IFCFACEOUTERBOUND(#7291,.T.);
#7293=IFCFACE((#7292));
#7294=IFCPOLYLOOP((#4225,#4224,#4207));
#7295=IFCFACEOUTERBOUND(#7294,.T.);
#7296=IFCFACE((#7295));
#7297=IFCPOLYLOOP((#4225,#4207,#4212,#4206));
#7298=IFCFACEOUTERBOUND(#7297,.T.);
#7299=IFCFACE((#7298));
#7300=IFCPOLYLOOP((#4238,#4222,#4235));
#7301=IFCFACEOUTERBOUND(#7300,.T.);
#7302=IFCFACE((#7301));
#7303=IFCPOLYLOOP((#4228,#4216,#4229));
#7304=IFCFACEOUTERBOUND(#7303,.T.);
#7305=IFCFACE((#7304));
#7306=IFCPOLYLOOP((#4231,#4216,#4230));
#7307=IFCFACEOUTERBOUND(#7306,.T.);
#7308=IFCFACE((#7307));
#7309=IFCPOLYLOOP((#4226,#4206,#4211,#4227));
#7310=IFCFACEOUTERBOUND(#7309,.T.);
#7311=IFCFACE((#7310));
#7312=IFCPOLYLOOP((#4227,#4205,#4308,#4228));
#7313=IFCFACEOUTERBOUND(#7312,.T.);
#7314=IFCFACE((#7313));
#7315=IFCPOLYLOOP((#4216,#4231,#4229));
#7316=IFCFACEOUTERBOUND(#7315,.T.);
#7317=IFCFACE((#7316));
#7318=IFCPOLYLOOP((#4227,#4229,#4226));
#7319=IFCFACEOUTERBOUND(#7318,.T.);
#7320=IFCFACE((#7319));
#7321=IFCPOLYLOOP((#4232,#4231,#4230));
#7322=IFCFACEOUTERBOUND(#7321,.T.);
#7323=IFCFACE((#7322));
#7324=IFCPOLYLOOP((#4222,#4231,#4232));
#7325=IFCFACEOUTERBOUND(#7324,.T.);
#7326=IFCFACE((#7325));
#7327=IFCPOLYLOOP((#4226,#4231,#4222));
#7328=IFCFACEOUTERBOUND(#7327,.T.);
#7329=IFCFACE((#7328));
#7330=IFCPOLYLOOP((#4230,#4217,#4232));
#7331=IFCFACEOUTERBOUND(#7330,.T.);
#7332=IFCFACE((#7331));
#7333=IFCPOLYLOOP((#4233,#4217,#4221));
#7334=IFCFACEOUTERBOUND(#7333,.T.);
#7335=IFCFACE((#7334));
#7336=IFCPOLYLOOP((#4221,#4237,#4234));
#7337=IFCFACEOUTERBOUND(#7336,.T.);
#7338=IFCFACE((#7337));
#7339=IFCPOLYLOOP((#4235,#4222,#4233));
#7340=IFCFACEOUTERBOUND(#7339,.T.);
#7341=IFCFACE((#7340));
#7342=IFCPOLYLOOP((#4223,#4218,#4234));
#7343=IFCFACEOUTERBOUND(#7342,.T.);
#7344=IFCFACE((#7343));
#7345=IFCPOLYLOOP((#4235,#4234,#4218));
#7346=IFCFACEOUTERBOUND(#7345,.T.);
#7347=IFCFACE((#7346));
#7348=IFCPOLYLOOP((#4234,#4235,#4233));
#7349=IFCFACEOUTERBOUND(#7348,.T.);
#7350=IFCFACE((#7349));
#7351=IFCPOLYLOOP((#4235,#4218,#4236));
#7352=IFCFACEOUTERBOUND(#7351,.T.);
#7353=IFCFACE((#7352));
#7354=IFCPOLYLOOP((#4247,#4236,#4218));
#7355=IFCFACEOUTERBOUND(#7354,.T.);
#7356=IFCFACE((#7355));
#7357=IFCPOLYLOOP((#4224,#4225,#4236));
#7358=IFCFACEOUTERBOUND(#7357,.T.);
#7359=IFCFACE((#7358));
#7360=IFCPOLYLOOP((#4248,#4249,#4221));
#7361=IFCFACEOUTERBOUND(#7360,.T.);
#7362=IFCFACE((#7361));
#7363=IFCPOLYLOOP((#4237,#4250,#4223));
#7364=IFCFACEOUTERBOUND(#7363,.T.);
#7365=IFCFACE((#7364));
#7366=IFCPOLYLOOP((#4236,#4238,#4235));
#7367=IFCFACEOUTERBOUND(#7366,.T.);
#7368=IFCFACE((#7367));
#7369=IFCPOLYLOOP((#4226,#4238,#4225));
#7370=IFCFACEOUTERBOUND(#7369,.T.);
#7371=IFCFACE((#7370));
#7372=IFCPOLYLOOP((#4240,#4004,#4239));
#7373=IFCFACEOUTERBOUND(#7372,.T.);
#7374=IFCFACE((#7373));
#7375=IFCPOLYLOOP((#4241,#4240,#4239));
#7376=IFCFACEOUTERBOUND(#7375,.T.);
#7377=IFCFACE((#7376));
#7378=IFCPOLYLOOP((#4011,#4246,#4245));
#7379=IFCFACEOUTERBOUND(#7378,.T.);
#7380=IFCFACE((#7379));
#7381=IFCPOLYLOOP((#4223,#4244,#4218));
#7382=IFCFACEOUTERBOUND(#7381,.T.);
#7383=IFCFACE((#7382));
#7384=IFCPOLYLOOP((#4242,#4243,#4219));
#7385=IFCFACEOUTERBOUND(#7384,.T.);
#7386=IFCFACE((#7385));
#7387=IFCPOLYLOOP((#4245,#4243,#4015,#4006));
#7388=IFCFACEOUTERBOUND(#7387,.T.);
#7389=IFCFACE((#7388));
#7390=IFCPOLYLOOP((#4245,#4244,#4219));
#7391=IFCFACEOUTERBOUND(#7390,.T.);
#7392=IFCFACE((#7391));
#7393=IFCPOLYLOOP((#4243,#4245,#4219));
#7394=IFCFACEOUTERBOUND(#7393,.T.);
#7395=IFCFACE((#7394));
#7396=IFCPOLYLOOP((#4246,#4011,#4005));
#7397=IFCFACEOUTERBOUND(#7396,.T.);
#7398=IFCFACE((#7397));
#7399=IFCPOLYLOOP((#4252,#4246,#4241));
#7400=IFCFACEOUTERBOUND(#7399,.T.);
#7401=IFCFACE((#7400));
#7402=IFCPOLYLOOP((#4246,#4005,#4241));
#7403=IFCFACEOUTERBOUND(#7402,.T.);
#7404=IFCFACE((#7403));
#7405=IFCPOLYLOOP((#4245,#4246,#4220));
#7406=IFCFACEOUTERBOUND(#7405,.T.);
#7407=IFCFACE((#7406));
#7408=IFCPOLYLOOP((#4252,#4247,#4220));
#7409=IFCFACEOUTERBOUND(#7408,.T.);
#7410=IFCFACE((#7409));
#7411=IFCPOLYLOOP((#4247,#4224,#4236));
#7412=IFCFACEOUTERBOUND(#7411,.T.);
#7413=IFCFACE((#7412));
#7414=IFCPOLYLOOP((#4249,#4248,#4304,#4213));
#7415=IFCFACEOUTERBOUND(#7414,.T.);
#7416=IFCFACE((#7415));
#7417=IFCPOLYLOOP((#4242,#4251,#4215));
#7418=IFCFACEOUTERBOUND(#7417,.T.);
#7419=IFCFACE((#7418));
#7420=IFCPOLYLOOP((#4214,#4237,#4249));
#7421=IFCFACEOUTERBOUND(#7420,.T.);
#7422=IFCFACE((#7421));
#7423=IFCPOLYLOOP((#4251,#4250,#4215));
#7424=IFCFACEOUTERBOUND(#7423,.T.);
#7425=IFCFACE((#7424));
#7426=IFCPOLYLOOP((#4244,#4251,#4219));
#7427=IFCFACEOUTERBOUND(#7426,.T.);
#7428=IFCFACE((#7427));
#7429=IFCPOLYLOOP((#4252,#4208,#4210));
#7430=IFCFACEOUTERBOUND(#7429,.T.);
#7431=IFCFACE((#7430));
#7432=IFCPOLYLOOP((#4210,#4207,#4224));
#7433=IFCFACEOUTERBOUND(#7432,.T.);
#7434=IFCFACE((#7433));
#7435=IFCPOLYLOOP((#4208,#4252,#4241));
#7436=IFCFACEOUTERBOUND(#7435,.T.);
#7437=IFCFACE((#7436));
#7438=IFCPOLYLOOP((#4247,#4252,#4224));
#7439=IFCFACEOUTERBOUND(#7438,.T.);
#7440=IFCFACE((#7439));
#7441=IFCPOLYLOOP((#4021,#4024,#4253,#4254));
#7442=IFCFACEOUTERBOUND(#7441,.T.);
#7443=IFCFACE((#7442));
#7444=IFCPOLYLOOP((#4256,#4043,#4076,#4259,#4036,#4255,#4260));
#7445=IFCFACEOUTERBOUND(#7444,.T.);
#7446=IFCFACE((#7445));
#7447=IFCPOLYLOOP((#4044,#4078,#4043,#4256,#4261,#4257));
#7448=IFCFACEOUTERBOUND(#7447,.T.);
#7449=IFCFACE((#7448));
#7450=IFCPOLYLOOP((#4039,#4072,#4044,#4257,#4318,#4262,#4258));
#7451=IFCFACEOUTERBOUND(#7450,.T.);
#7452=IFCFACE((#7451));
#7453=IFCPOLYLOOP((#4084,#4039,#4258,#4263));
#7454=IFCFACEOUTERBOUND(#7453,.T.);
#7455=IFCFACE((#7454));
#7456=IFCPOLYLOOP((#4094,#4084,#4263,#4264));
#7457=IFCFACEOUTERBOUND(#7456,.T.);
#7458=IFCFACE((#7457));
#7459=IFCPOLYLOOP((#4104,#4094,#4264,#4265));
#7460=IFCFACEOUTERBOUND(#7459,.T.);
#7461=IFCFACE((#7460));
#7462=IFCPOLYLOOP((#4273,#4270,#4271));
#7463=IFCFACEOUTERBOUND(#7462,.T.);
#7464=IFCFACE((#7463));
#7465=IFCPOLYLOOP((#4274,#4267,#4280,#4268));
#7466=IFCFACEOUTERBOUND(#7465,.T.);
#7467=IFCFACE((#7466));
#7468=IFCPOLYLOOP((#4272,#4278,#4273));
#7469=IFCFACEOUTERBOUND(#7468,.T.);
#7470=IFCFACE((#7469));
#7471=IFCPOLYLOOP((#4267,#4279,#4273));
#7472=IFCFACEOUTERBOUND(#7471,.T.);
#7473=IFCFACE((#7472));
#7474=IFCPOLYLOOP((#4281,#4131,#4274));
#7475=IFCFACEOUTERBOUND(#7474,.T.);
#7476=IFCFACE((#7475));
#7477=IFCPOLYLOOP((#4277,#4122,#4281));
#7478=IFCFACEOUTERBOUND(#7477,.T.);
#7479=IFCFACE((#7478));
#7480=IFCPOLYLOOP((#4276,#4277,#4275));
#7481=IFCFACEOUTERBOUND(#7480,.T.);
#7482=IFCFACE((#7481));
#7483=IFCPOLYLOOP((#4273,#4121,#4129,#4272));
#7484=IFCFACEOUTERBOUND(#7483,.T.);
#7485=IFCFACE((#7484));
#7486=IFCPOLYLOOP((#4274,#4279,#4267));
#7487=IFCFACEOUTERBOUND(#7486,.T.);
#7488=IFCFACE((#7487));
#7489=IFCPOLYLOOP((#4275,#4116,#4276));
#7490=IFCFACEOUTERBOUND(#7489,.T.);
#7491=IFCFACE((#7490));
#7492=IFCPOLYLOOP((#4283,#4282,#4346,#4269));
#7493=IFCFACEOUTERBOUND(#7492,.T.);
#7494=IFCFACE((#7493));
#7495=IFCPOLYLOOP((#4267,#4273,#4271));
#7496=IFCFACEOUTERBOUND(#7495,.T.);
#7497=IFCFACE((#7496));
#7498=IFCPOLYLOOP((#4277,#4281,#4268));
#7499=IFCFACEOUTERBOUND(#7498,.T.);
#7500=IFCFACE((#7499));
#7501=IFCPOLYLOOP((#4273,#4279,#4121));
#7502=IFCFACEOUTERBOUND(#7501,.T.);
#7503=IFCFACE((#7502));
#7504=IFCPOLYLOOP((#4270,#4266,#4271));
#7505=IFCFACEOUTERBOUND(#7504,.T.);
#7506=IFCFACE((#7505));
#7507=IFCPOLYLOOP((#4278,#4272,#4112));
#7508=IFCFACEOUTERBOUND(#7507,.T.);
#7509=IFCFACE((#7508));
#7510=IFCPOLYLOOP((#4282,#4283,#4277));
#7511=IFCFACEOUTERBOUND(#7510,.T.);
#7512=IFCFACE((#7511));
#7513=IFCPOLYLOOP((#4277,#4276,#4134,#4122));
#7514=IFCFACEOUTERBOUND(#7513,.T.);
#7515=IFCFACE((#7514));
#7516=IFCPOLYLOOP((#4278,#4270,#4273));
#7517=IFCFACEOUTERBOUND(#7516,.T.);
#7518=IFCFACE((#7517));
#7519=IFCPOLYLOOP((#4279,#4131,#4121));
#7520=IFCFACEOUTERBOUND(#7519,.T.);
#7521=IFCFACE((#7520));
#7522=IFCPOLYLOOP((#4131,#4279,#4274));
#7523=IFCFACEOUTERBOUND(#7522,.T.);
#7524=IFCFACE((#7523));
#7525=IFCPOLYLOOP((#4131,#4281,#4122));
#7526=IFCFACEOUTERBOUND(#7525,.T.);
#7527=IFCFACE((#7526));
#7528=IFCPOLYLOOP((#4268,#4281,#4274));
#7529=IFCFACEOUTERBOUND(#7528,.T.);
#7530=IFCFACE((#7529));
#7531=IFCPOLYLOOP((#4277,#4268,#4282));
#7532=IFCFACEOUTERBOUND(#7531,.T.);
#7533=IFCFACE((#7532));
#7534=IFCPOLYLOOP((#4283,#4275,#4277));
#7535=IFCFACEOUTERBOUND(#7534,.T.);
#7536=IFCFACE((#7535));
#7537=IFCPOLYLOOP((#4167,#4116,#4275,#4283,#4269,#4284,#4291,#4290,#4293));
#7538=IFCFACEOUTERBOUND(#7537,.T.);
#7539=IFCFACE((#7538));
#7540=IFCPOLYLOOP((#4294,#4178,#4295));
#7541=IFCFACEOUTERBOUND(#7540,.T.);
#7542=IFCFACE((#7541));
#7543=IFCPOLYLOOP((#4292,#4289,#4296));
#7544=IFCFACEOUTERBOUND(#7543,.T.);
#7545=IFCFACE((#7544));
#7546=IFCPOLYLOOP((#4292,#4297,#4287));
#7547=IFCFACEOUTERBOUND(#7546,.T.);
#7548=IFCFACE((#7547));
#7549=IFCPOLYLOOP((#4177,#4293,#4178));
#7550=IFCFACEOUTERBOUND(#7549,.T.);
#7551=IFCFACE((#7550));
#7552=IFCPOLYLOOP((#4284,#4285,#4291));
#7553=IFCFACEOUTERBOUND(#7552,.T.);
#7554=IFCFACE((#7553));
#7555=IFCPOLYLOOP((#4177,#4167,#4293));
#7556=IFCFACEOUTERBOUND(#7555,.T.);
#7557=IFCFACE((#7556));
#7558=IFCPOLYLOOP((#4289,#4295,#4296));
#7559=IFCFACEOUTERBOUND(#7558,.T.);
#7560=IFCFACE((#7559));
#7561=IFCPOLYLOOP((#4287,#4288,#4292));
#7562=IFCFACEOUTERBOUND(#7561,.T.);
#7563=IFCFACE((#7562));
#7564=IFCPOLYLOOP((#4294,#4172,#4179));
#7565=IFCFACEOUTERBOUND(#7564,.T.);
#7566=IFCFACE((#7565));
#7567=IFCPOLYLOOP((#4291,#4297,#4296));
#7568=IFCFACEOUTERBOUND(#7567,.T.);
#7569=IFCFACE((#7568));
#7570=IFCPOLYLOOP((#4295,#4289,#4294));
#7571=IFCFACEOUTERBOUND(#7570,.T.);
#7572=IFCFACE((#7571));
#7573=IFCPOLYLOOP((#4296,#4295,#4290));
#7574=IFCFACEOUTERBOUND(#7573,.T.);
#7575=IFCFACE((#7574));
#7576=IFCPOLYLOOP((#4293,#4290,#4295));
#7577=IFCFACEOUTERBOUND(#7576,.T.);
#7578=IFCFACE((#7577));
#7579=IFCPOLYLOOP((#4293,#4295,#4178));
#7580=IFCFACEOUTERBOUND(#7579,.T.);
#7581=IFCFACE((#7580));
#7582=IFCPOLYLOOP((#4294,#4179,#4178));
#7583=IFCFACEOUTERBOUND(#7582,.T.);
#7584=IFCFACE((#7583));
#7585=IFCPOLYLOOP((#4297,#4285,#4286));
#7586=IFCFACEOUTERBOUND(#7585,.T.);
#7587=IFCFACE((#7586));
#7588=IFCPOLYLOOP((#4297,#4291,#4285));
#7589=IFCFACEOUTERBOUND(#7588,.T.);
#7590=IFCFACE((#7589));
#7591=IFCPOLYLOOP((#4291,#4296,#4290));
#7592=IFCFACEOUTERBOUND(#7591,.T.);
#7593=IFCFACE((#7592));
#7594=IFCPOLYLOOP((#4287,#4297,#4286));
#7595=IFCFACEOUTERBOUND(#7594,.T.);
#7596=IFCFACE((#7595));
#7597=IFCPOLYLOOP((#4296,#4297,#4292));
#7598=IFCFACEOUTERBOUND(#7597,.T.);
#7599=IFCFACE((#7598));
#7600=IFCPOLYLOOP((#4197,#4192,#4298,#4299));
#7601=IFCFACEOUTERBOUND(#7600,.T.);
#7602=IFCFACE((#7601));
#7603=IFCPOLYLOOP((#4205,#4197,#4299,#4300));
#7604=IFCFACEOUTERBOUND(#7603,.T.);
#7605=IFCFACE((#7604));
#7606=IFCPOLYLOOP((#4301,#4216,#4228,#4308,#4205,#4300,#4307,#4410));
#7607=IFCFACEOUTERBOUND(#7606,.T.);
#7608=IFCFACE((#7607));
#7609=IFCPOLYLOOP((#4305,#4303,#4213,#4304,#4248,#4217,#4302));
#7610=IFCFACEOUTERBOUND(#7609,.T.);
#7611=IFCFACE((#7610));
#7612=IFCPOLYLOOP((#4216,#4301,#4306,#4302,#4217,#4230));
#7613=IFCFACEOUTERBOUND(#7612,.T.);
#7614=IFCFACE((#7613));
#7615=IFCPOLYLOOP((#4254,#4253,#3607,#3606));
#7616=IFCFACEOUTERBOUND(#7615,.T.);
#7617=IFCFACE((#7616));
#7618=IFCPOLYLOOP((#4315,#4261,#4256));
#7619=IFCFACEOUTERBOUND(#7618,.T.);
#7620=IFCFACE((#7619));
#7621=IFCPOLYLOOP((#4315,#4323,#4261));
#7622=IFCFACEOUTERBOUND(#7621,.T.);
#7623=IFCFACE((#7622));
#7624=IFCPOLYLOOP((#3620,#3613,#4325));
#7625=IFCFACEOUTERBOUND(#7624,.T.);
#7626=IFCFACE((#7625));
#7627=IFCPOLYLOOP((#4311,#4326,#4316));
#7628=IFCFACEOUTERBOUND(#7627,.T.);
#7629=IFCFACE((#7628));
#7630=IFCPOLYLOOP((#4320,#4309,#4319));
#7631=IFCFACEOUTERBOUND(#7630,.T.);
#7632=IFCFACE((#7631));
#7633=IFCPOLYLOOP((#4319,#4321,#4320));
#7634=IFCFACEOUTERBOUND(#7633,.T.);
#7635=IFCFACE((#7634));
#7636=IFCPOLYLOOP((#3613,#4312,#4313));
#7637=IFCFACEOUTERBOUND(#7636,.T.);
#7638=IFCFACE((#7637));
#7639=IFCPOLYLOOP((#4310,#4313,#4314));
#7640=IFCFACEOUTERBOUND(#7639,.T.);
#7641=IFCFACE((#7640));
#7642=IFCPOLYLOOP((#4311,#4316,#4317));
#7643=IFCFACEOUTERBOUND(#7642,.T.);
#7644=IFCFACE((#7643));
#7645=IFCPOLYLOOP((#4317,#4315,#4256));
#7646=IFCFACEOUTERBOUND(#7645,.T.);
#7647=IFCFACE((#7646));
#7648=IFCPOLYLOOP((#4322,#4312,#3622,#3612));
#7649=IFCFACEOUTERBOUND(#7648,.T.);
#7650=IFCFACE((#7649));
#7651=IFCPOLYLOOP((#4323,#4315,#4310));
#7652=IFCFACEOUTERBOUND(#7651,.T.);
#7653=IFCFACE((#7652));
#7654=IFCPOLYLOOP((#4320,#4313,#4322));
#7655=IFCFACEOUTERBOUND(#7654,.T.);
#7656=IFCFACE((#7655));
#7657=IFCPOLYLOOP((#3620,#4324,#3614));
#7658=IFCFACEOUTERBOUND(#7657,.T.);
#7659=IFCFACE((#7658));
#7660=IFCPOLYLOOP((#4322,#4309,#4320));
#7661=IFCFACEOUTERBOUND(#7660,.T.);
#7662=IFCFACE((#7661));
#7663=IFCPOLYLOOP((#4310,#4315,#4316));
#7664=IFCFACEOUTERBOUND(#7663,.T.);
#7665=IFCFACE((#7664));
#7666=IFCPOLYLOOP((#4257,#4323,#4314));
#7667=IFCFACEOUTERBOUND(#7666,.T.);
#7668=IFCFACE((#7667));
#7669=IFCPOLYLOOP((#4317,#4316,#4315));
#7670=IFCFACEOUTERBOUND(#7669,.T.);
#7671=IFCFACE((#7670));
#7672=IFCPOLYLOOP((#4325,#4324,#3620));
#7673=IFCFACEOUTERBOUND(#7672,.T.);
#7674=IFCFACE((#7673));
#7675=IFCPOLYLOOP((#4324,#4327,#3614));
#7676=IFCFACEOUTERBOUND(#7675,.T.);
#7677=IFCFACE((#7676));
#7678=IFCPOLYLOOP((#4328,#4260,#4255));
#7679=IFCFACEOUTERBOUND(#7678,.T.);
#7680=IFCFACE((#7679));
#7681=IFCPOLYLOOP((#4326,#3610,#3619));
#7682=IFCFACEOUTERBOUND(#7681,.T.);
#7683=IFCFACE((#7682));
#7684=IFCPOLYLOOP((#4328,#4317,#4260));
#7685=IFCFACEOUTERBOUND(#7684,.T.);
#7686=IFCFACE((#7685));
#7687=IFCPOLYLOOP((#4321,#4258,#4262,#4318,#4257));
#7688=IFCFACEOUTERBOUND(#7687,.T.);
#7689=IFCFACE((#7688));
#7690=IFCPOLYLOOP((#4321,#4319,#4258));
#7691=IFCFACEOUTERBOUND(#7690,.T.);
#7692=IFCFACE((#7691));
#7693=IFCPOLYLOOP((#4320,#4314,#4313));
#7694=IFCFACEOUTERBOUND(#7693,.T.);
#7695=IFCFACE((#7694));
#7696=IFCPOLYLOOP((#4321,#4257,#4314));
#7697=IFCFACEOUTERBOUND(#7696,.T.);
#7698=IFCFACE((#7697));
#7699=IFCPOLYLOOP((#4320,#4321,#4314));
#7700=IFCFACEOUTERBOUND(#7699,.T.);
#7701=IFCFACE((#7700));
#7702=IFCPOLYLOOP((#4309,#4322,#3612));
#7703=IFCFACEOUTERBOUND(#7702,.T.);
#7704=IFCFACE((#7703));
#7705=IFCPOLYLOOP((#4322,#4313,#4312));
#7706=IFCFACEOUTERBOUND(#7705,.T.);
#7707=IFCFACE((#7706));
#7708=IFCPOLYLOOP((#4261,#4323,#4257));
#7709=IFCFACEOUTERBOUND(#7708,.T.);
#7710=IFCFACE((#7709));
#7711=IFCPOLYLOOP((#4317,#4256,#4260));
#7712=IFCFACEOUTERBOUND(#7711,.T.);
#7713=IFCFACE((#7712));
#7714=IFCPOLYLOOP((#4314,#4323,#4310));
#7715=IFCFACEOUTERBOUND(#7714,.T.);
#7716=IFCFACE((#7715));
#7717=IFCPOLYLOOP((#4310,#4316,#4324));
#7718=IFCFACEOUTERBOUND(#7717,.T.);
#7719=IFCFACE((#7718));
#7720=IFCPOLYLOOP((#4313,#4310,#4325));
#7721=IFCFACEOUTERBOUND(#7720,.T.);
#7722=IFCFACE((#7721));
#7723=IFCPOLYLOOP((#4324,#4325,#4310));
#7724=IFCFACEOUTERBOUND(#7723,.T.);
#7725=IFCFACE((#7724));
#7726=IFCPOLYLOOP((#4313,#4325,#3613));
#7727=IFCFACEOUTERBOUND(#7726,.T.);
#7728=IFCFACE((#7727));
#7729=IFCPOLYLOOP((#3619,#3614,#4327));
#7730=IFCFACEOUTERBOUND(#7729,.T.);
#7731=IFCFACE((#7730));
#7732=IFCPOLYLOOP((#3619,#4327,#4326));
#7733=IFCFACEOUTERBOUND(#7732,.T.);
#7734=IFCFACE((#7733));
#7735=IFCPOLYLOOP((#4327,#4316,#4326));
#7736=IFCFACEOUTERBOUND(#7735,.T.);
#7737=IFCFACE((#7736));
#7738=IFCPOLYLOOP((#4316,#4327,#4324));
#7739=IFCFACEOUTERBOUND(#7738,.T.);
#7740=IFCFACE((#7739));
#7741=IFCPOLYLOOP((#4328,#4311,#4317));
#7742=IFCFACEOUTERBOUND(#7741,.T.);
#7743=IFCFACE((#7742));
#7744=IFCPOLYLOOP((#4263,#4258,#4319,#4309,#3612,#3624));
#7745=IFCFACEOUTERBOUND(#7744,.T.);
#7746=IFCFACE((#7745));
#7747=IFCPOLYLOOP((#4264,#4263,#3624,#3626));
#7748=IFCFACEOUTERBOUND(#7747,.T.);
#7749=IFCFACE((#7748));
#7750=IFCPOLYLOOP((#4265,#4264,#3626,#3628));
#7751=IFCFACEOUTERBOUND(#7750,.T.);
#7752=IFCFACE((#7751));
#7753=IFCPOLYLOOP((#4344,#4339,#4345));
#7754=IFCFACEOUTERBOUND(#7753,.T.);
#7755=IFCFACE((#7754));
#7756=IFCPOLYLOOP((#4341,#4340,#4332));
#7757=IFCFACEOUTERBOUND(#7756,.T.);
#7758=IFCFACE((#7757));
#7759=IFCPOLYLOOP((#4341,#4267,#4271));
#7760=IFCFACEOUTERBOUND(#7759,.T.);
#7761=IFCFACE((#7760));
#7762=IFCPOLYLOOP((#4365,#3630,#3639,#4361));
#7763=IFCFACEOUTERBOUND(#7762,.T.);
#7764=IFCFACE((#7763));
#7765=IFCPOLYLOOP((#4336,#4351,#4352));
#7766=IFCFACEOUTERBOUND(#7765,.T.);
#7767=IFCFACE((#7766));
#7768=IFCPOLYLOOP((#4364,#4359,#4330));
#7769=IFCFACEOUTERBOUND(#7768,.T.);
#7770=IFCFACE((#7769));
#7771=IFCPOLYLOOP((#4347,#4346,#4348));
#7772=IFCFACEOUTERBOUND(#7771,.T.);
#7773=IFCFACE((#7772));
#7774=IFCPOLYLOOP((#4356,#4331,#4350));
#7775=IFCFACEOUTERBOUND(#7774,.T.);
#7776=IFCFACE((#7775));
#7777=IFCPOLYLOOP((#4349,#4350,#4336));
#7778=IFCFACEOUTERBOUND(#7777,.T.);
#7779=IFCFACE((#7778));
#7780=IFCPOLYLOOP((#4371,#4372,#4341));
#7781=IFCFACEOUTERBOUND(#7780,.T.);
#7782=IFCFACE((#7781));
#7783=IFCPOLYLOOP((#4356,#4357,#4331));
#7784=IFCFACEOUTERBOUND(#7783,.T.);
#7785=IFCFACE((#7784));
#7786=IFCPOLYLOOP((#4359,#4334,#4357));
#7787=IFCFACEOUTERBOUND(#7786,.T.);
#7788=IFCFACE((#7787));
#7789=IFCPOLYLOOP((#4330,#4359,#4366));
#7790=IFCFACEOUTERBOUND(#7789,.T.);
#7791=IFCFACE((#7790));
#7792=IFCPOLYLOOP((#4345,#4373,#3633));
#7793=IFCFACEOUTERBOUND(#7792,.T.);
#7794=IFCFACE((#7793));
#7795=IFCPOLYLOOP((#4362,#4338,#4358));
#7796=IFCFACEOUTERBOUND(#7795,.T.);
#7797=IFCFACE((#7796));
#7798=IFCPOLYLOOP((#4351,#4336,#4350));
#7799=IFCFACEOUTERBOUND(#7798,.T.);
#7800=IFCFACE((#7799));
#7801=IFCPOLYLOOP((#4349,#4268,#4280));
#7802=IFCFACEOUTERBOUND(#7801,.T.);
#7803=IFCFACE((#7802));
#7804=IFCPOLYLOOP((#4342,#4347,#4348));
#7805=IFCFACEOUTERBOUND(#7804,.T.);
#7806=IFCFACE((#7805));
#7807=IFCPOLYLOOP((#4336,#4348,#4349));
#7808=IFCFACEOUTERBOUND(#7807,.T.);
#7809=IFCFACE((#7808));
#7810=IFCPOLYLOOP((#4351,#4367,#4337));
#7811=IFCFACEOUTERBOUND(#7810,.T.);
#7812=IFCFACE((#7811));
#7813=IFCPOLYLOOP((#4341,#4332,#4366));
#7814=IFCFACEOUTERBOUND(#7813,.T.);
#7815=IFCFACE((#7814));
#7816=IFCPOLYLOOP((#4331,#4357,#4358));
#7817=IFCFACEOUTERBOUND(#7816,.T.);
#7818=IFCFACE((#7817));
#7819=IFCPOLYLOOP((#4362,#3649,#4338));
#7820=IFCFACEOUTERBOUND(#7819,.T.);
#7821=IFCFACE((#7820));
#7822=IFCPOLYLOOP((#4345,#4337,#4373));
#7823=IFCFACEOUTERBOUND(#7822,.T.);
#7824=IFCFACE((#7823));
#7825=IFCPOLYLOOP((#4355,#4352,#4337));
#7826=IFCFACEOUTERBOUND(#7825,.T.);
#7827=IFCFACE((#7826));
#7828=IFCPOLYLOOP((#4271,#4266,#4340));
#7829=IFCFACEOUTERBOUND(#7828,.T.);
#7830=IFCFACE((#7829));
#7831=IFCPOLYLOOP((#4341,#4333,#4371));
#7832=IFCFACEOUTERBOUND(#7831,.T.);
#7833=IFCFACE((#7832));
#7834=IFCPOLYLOOP((#4271,#4340,#4341));
#7835=IFCFACEOUTERBOUND(#7834,.T.);
#7836=IFCFACE((#7835));
#7837=IFCPOLYLOOP((#4336,#4352,#4370));
#7838=IFCFACEOUTERBOUND(#7837,.T.);
#7839=IFCFACE((#7838));
#7840=IFCPOLYLOOP((#4345,#3633,#3651,#4343));
#7841=IFCFACEOUTERBOUND(#7840,.T.);
#7842=IFCFACE((#7841));
#7843=IFCPOLYLOOP((#4352,#4355,#4354));
#7844=IFCFACEOUTERBOUND(#7843,.T.);
#7845=IFCFACE((#7844));
#7846=IFCPOLYLOOP((#4343,#3632,#4344));
#7847=IFCFACEOUTERBOUND(#7846,.T.);
#7848=IFCFACE((#7847));
#7849=IFCPOLYLOOP((#4347,#4269,#4346));
#7850=IFCFACEOUTERBOUND(#7849,.T.);
#7851=IFCFACE((#7850));
#7852=IFCPOLYLOOP((#4343,#4344,#4345));
#7853=IFCFACEOUTERBOUND(#7852,.T.);
#7854=IFCFACE((#7853));
#7855=IFCPOLYLOOP((#4370,#4348,#4336));
#7856=IFCFACEOUTERBOUND(#7855,.T.);
#7857=IFCFACE((#7856));
#7858=IFCPOLYLOOP((#4349,#4335,#4350));
#7859=IFCFACEOUTERBOUND(#7858,.T.);
#7860=IFCFACE((#7859));
#7861=IFCPOLYLOOP((#4348,#4346,#4282,#4268));
#7862=IFCFACEOUTERBOUND(#7861,.T.);
#7863=IFCFACE((#7862));
#7864=IFCPOLYLOOP((#4348,#4268,#4349));
#7865=IFCFACEOUTERBOUND(#7864,.T.);
#7866=IFCFACE((#7865));
#7867=IFCPOLYLOOP((#4349,#4280,#4335));
#7868=IFCFACEOUTERBOUND(#7867,.T.);
#7869=IFCFACE((#7868));
#7870=IFCPOLYLOOP((#4356,#4350,#4335));
#7871=IFCFACEOUTERBOUND(#7870,.T.);
#7872=IFCFACE((#7871));
#7873=IFCPOLYLOOP((#4372,#4280,#4267));
#7874=IFCFACEOUTERBOUND(#7873,.T.);
#7875=IFCFACE((#7874));
#7876=IFCPOLYLOOP((#4351,#4350,#4331));
#7877=IFCFACEOUTERBOUND(#7876,.T.);
#7878=IFCFACE((#7877));
#7879=IFCPOLYLOOP((#4367,#4351,#4331));
#7880=IFCFACEOUTERBOUND(#7879,.T.);
#7881=IFCFACE((#7880));
#7882=IFCPOLYLOOP((#4352,#4351,#4337));
#7883=IFCFACEOUTERBOUND(#7882,.T.);
#7884=IFCFACE((#7883));
#7885=IFCPOLYLOOP((#4355,#4339,#4354));
#7886=IFCFACEOUTERBOUND(#7885,.T.);
#7887=IFCFACE((#7886));
#7888=IFCPOLYLOOP((#4329,#4353,#4342,#4370));
#7889=IFCFACEOUTERBOUND(#7888,.T.);
#7890=IFCFACE((#7889));
#7891=IFCPOLYLOOP((#4342,#4348,#4370));
#7892=IFCFACEOUTERBOUND(#7891,.T.);
#7893=IFCFACE((#7892));
#7894=IFCPOLYLOOP((#4355,#4345,#4339));
#7895=IFCFACEOUTERBOUND(#7894,.T.);
#7896=IFCFACE((#7895));
#7897=IFCPOLYLOOP((#4329,#4352,#4354));
#7898=IFCFACEOUTERBOUND(#7897,.T.);
#7899=IFCFACE((#7898));
#7900=IFCPOLYLOOP((#4345,#4355,#4337));
#7901=IFCFACEOUTERBOUND(#7900,.T.);
#7902=IFCFACE((#7901));
#7903=IFCPOLYLOOP((#4371,#4356,#4335));
#7904=IFCFACEOUTERBOUND(#7903,.T.);
#7905=IFCFACE((#7904));
#7906=IFCPOLYLOOP((#4357,#4356,#4333));
#7907=IFCFACEOUTERBOUND(#7906,.T.);
#7908=IFCFACE((#7907));
#7909=IFCPOLYLOOP((#4359,#4357,#4333));
#7910=IFCFACEOUTERBOUND(#7909,.T.);
#7911=IFCFACE((#7910));
#7912=IFCPOLYLOOP((#4358,#4338,#4367));
#7913=IFCFACEOUTERBOUND(#7912,.T.);
#7914=IFCFACE((#7913));
#7915=IFCPOLYLOOP((#4357,#4334,#4358));
#7916=IFCFACEOUTERBOUND(#7915,.T.);
#7917=IFCFACE((#7916));
#7918=IFCPOLYLOOP((#4368,#4334,#4365));
#7919=IFCFACEOUTERBOUND(#7918,.T.);
#7920=IFCFACE((#7919));
#7921=IFCPOLYLOOP((#4366,#4359,#4333));
#7922=IFCFACEOUTERBOUND(#7921,.T.);
#7923=IFCFACE((#7922));
#7924=IFCPOLYLOOP((#4330,#4363,#4360,#4364));
#7925=IFCFACEOUTERBOUND(#7924,.T.);
#7926=IFCFACE((#7925));
#7927=IFCPOLYLOOP((#4334,#4362,#4358));
#7928=IFCFACEOUTERBOUND(#7927,.T.);
#7929=IFCFACE((#7928));
#7930=IFCPOLYLOOP((#4334,#4364,#4365));
#7931=IFCFACEOUTERBOUND(#7930,.T.);
#7932=IFCFACE((#7931));
#7933=IFCPOLYLOOP((#4368,#3634,#4362));
#7934=IFCFACEOUTERBOUND(#7933,.T.);
#7935=IFCFACE((#7934));
#7936=IFCPOLYLOOP((#3649,#3633,#4338));
#7937=IFCFACEOUTERBOUND(#7936,.T.);
#7938=IFCFACE((#7937));
#7939=IFCPOLYLOOP((#4362,#3634,#3649));
#7940=IFCFACEOUTERBOUND(#7939,.T.);
#7941=IFCFACE((#7940));
#7942=IFCPOLYLOOP((#4365,#4364,#4360));
#7943=IFCFACEOUTERBOUND(#7942,.T.);
#7944=IFCFACE((#7943));
#7945=IFCPOLYLOOP((#4359,#4364,#4334));
#7946=IFCFACEOUTERBOUND(#7945,.T.);
#7947=IFCFACE((#7946));
#7948=IFCPOLYLOOP((#3630,#4365,#4360));
#7949=IFCFACEOUTERBOUND(#7948,.T.);
#7950=IFCFACE((#7949));
#7951=IFCPOLYLOOP((#3634,#4368,#4361));
#7952=IFCFACEOUTERBOUND(#7951,.T.);
#7953=IFCFACE((#7952));
#7954=IFCPOLYLOOP((#4341,#4366,#4333));
#7955=IFCFACEOUTERBOUND(#7954,.T.);
#7956=IFCFACE((#7955));
#7957=IFCPOLYLOOP((#4366,#4332,#4369,#4330));
#7958=IFCFACEOUTERBOUND(#7957,.T.);
#7959=IFCFACE((#7958));
#7960=IFCPOLYLOOP((#4358,#4367,#4331));
#7961=IFCFACEOUTERBOUND(#7960,.T.);
#7962=IFCFACE((#7961));
#7963=IFCPOLYLOOP((#4367,#4338,#4373));
#7964=IFCFACEOUTERBOUND(#7963,.T.);
#7965=IFCFACE((#7964));
#7966=IFCPOLYLOOP((#4334,#4368,#4362));
#7967=IFCFACEOUTERBOUND(#7966,.T.);
#7968=IFCFACE((#7967));
#7969=IFCPOLYLOOP((#4361,#4368,#4365));
#7970=IFCFACEOUTERBOUND(#7969,.T.);
#7971=IFCFACE((#7970));
#7972=IFCPOLYLOOP((#4329,#4370,#4352));
#7973=IFCFACEOUTERBOUND(#7972,.T.);
#7974=IFCFACE((#7973));
#7975=IFCPOLYLOOP((#4356,#4371,#4333));
#7976=IFCFACEOUTERBOUND(#7975,.T.);
#7977=IFCFACE((#7976));
#7978=IFCPOLYLOOP((#4372,#4371,#4335));
#7979=IFCFACEOUTERBOUND(#7978,.T.);
#7980=IFCFACE((#7979));
#7981=IFCPOLYLOOP((#4280,#4372,#4335));
#7982=IFCFACEOUTERBOUND(#7981,.T.);
#7983=IFCFACE((#7982));
#7984=IFCPOLYLOOP((#4341,#4372,#4267));
#7985=IFCFACEOUTERBOUND(#7984,.T.);
#7986=IFCFACE((#7985));
#7987=IFCPOLYLOOP((#4367,#4373,#4337));
#7988=IFCFACEOUTERBOUND(#7987,.T.);
#7989=IFCFACE((#7988));
#7990=IFCPOLYLOOP((#3633,#4373,#4338));
#7991=IFCFACEOUTERBOUND(#7990,.T.);
#7992=IFCFACE((#7991));
#7993=IFCPOLYLOOP((#4284,#4269,#4347,#4342,#4353,#4329,#4354,#4339,#4344,#3632,#3653,#4387,#4382,#4392,#4376,#4397,#4375,#4390,#4377,#4385,#4388));
#7994=IFCFACEOUTERBOUND(#7993,.T.);
#7995=IFCFACE((#7994));
#7996=IFCPOLYLOOP((#4399,#4376,#4400));
#7997=IFCFACEOUTERBOUND(#7996,.T.);
#7998=IFCFACE((#7997));
#7999=IFCPOLYLOOP((#3657,#4387,#3658));
#8000=IFCFACEOUTERBOUND(#7999,.T.);
#8001=IFCFACE((#8000));
#8002=IFCPOLYLOOP((#4382,#4391,#4401));
#8003=IFCFACEOUTERBOUND(#8002,.T.);
#8004=IFCFACE((#8003));
#8005=IFCPOLYLOOP((#4393,#4380,#4404));
#8006=IFCFACEOUTERBOUND(#8005,.T.);
#8007=IFCFACE((#8006));
#8008=IFCPOLYLOOP((#4391,#4386,#4383));
#8009=IFCFACEOUTERBOUND(#8008,.T.);
#8010=IFCFACE((#8009));
#8011=IFCPOLYLOOP((#4391,#3657,#3656));
#8012=IFCFACEOUTERBOUND(#8011,.T.);
#8013=IFCFACE((#8012));
#8014=IFCPOLYLOOP((#4395,#4393,#4377));
#8015=IFCFACEOUTERBOUND(#8014,.T.);
#8016=IFCFACE((#8015));
#8017=IFCPOLYLOOP((#4395,#4402,#4374));
#8018=IFCFACEOUTERBOUND(#8017,.T.);
#8019=IFCFACE((#8018));
#8020=IFCPOLYLOOP((#4377,#4393,#4385));
#8021=IFCFACEOUTERBOUND(#8020,.T.);
#8022=IFCFACE((#8021));
#8023=IFCPOLYLOOP((#4396,#4379,#4381));
#8024=IFCFACEOUTERBOUND(#8023,.T.);
#8025=IFCFACE((#8024));
#8026=IFCPOLYLOOP((#4285,#4284,#4388));
#8027=IFCFACEOUTERBOUND(#8026,.T.);
#8028=IFCFACE((#8027));
#8029=IFCPOLYLOOP((#4387,#3653,#3658));
#8030=IFCFACEOUTERBOUND(#8029,.T.);
#8031=IFCFACE((#8030));
#8032=IFCPOLYLOOP((#3656,#3655,#4386));
#8033=IFCFACEOUTERBOUND(#8032,.T.);
#8034=IFCFACE((#8033));
#8035=IFCPOLYLOOP((#4287,#4389,#4288));
#8036=IFCFACEOUTERBOUND(#8035,.T.);
#8037=IFCFACE((#8036));
#8038=IFCPOLYLOOP((#4397,#4399,#4403));
#8039=IFCFACEOUTERBOUND(#8038,.T.);
#8040=IFCFACE((#8039));
#8041=IFCPOLYLOOP((#4386,#4391,#3656));
#8042=IFCFACEOUTERBOUND(#8041,.T.);
#8043=IFCFACE((#8042));
#8044=IFCPOLYLOOP((#4380,#4393,#4394));
#8045=IFCFACEOUTERBOUND(#8044,.T.);
#8046=IFCFACE((#8045));
#8047=IFCPOLYLOOP((#4378,#4398,#4399));
#8048=IFCFACEOUTERBOUND(#8047,.T.);
#8049=IFCFACE((#8048));
#8050=IFCPOLYLOOP((#4384,#4401,#4383));
#8051=IFCFACEOUTERBOUND(#8050,.T.);
#8052=IFCFACE((#8051));
#8053=IFCPOLYLOOP((#4404,#4286,#4285));
#8054=IFCFACEOUTERBOUND(#8053,.T.);
#8055=IFCFACE((#8054));
#8056=IFCPOLYLOOP((#4401,#4384,#4400));
#8057=IFCFACEOUTERBOUND(#8056,.T.);
#8058=IFCFACE((#8057));
#8059=IFCPOLYLOOP((#4287,#4286,#4404));
#8060=IFCFACEOUTERBOUND(#8059,.T.);
#8061=IFCFACE((#8060));
#8062=IFCPOLYLOOP((#4285,#4388,#4404));
#8063=IFCFACEOUTERBOUND(#8062,.T.);
#8064=IFCFACE((#8063));
#8065=IFCPOLYLOOP((#4404,#4385,#4393));
#8066=IFCFACEOUTERBOUND(#8065,.T.);
#8067=IFCFACE((#8066));
#8068=IFCPOLYLOOP((#4382,#4387,#4391));
#8069=IFCFACEOUTERBOUND(#8068,.T.);
#8070=IFCFACE((#8069));
#8071=IFCPOLYLOOP((#4396,#4390,#4375));
#8072=IFCFACEOUTERBOUND(#8071,.T.);
#8073=IFCFACE((#8072));
#8074=IFCPOLYLOOP((#3657,#4391,#4387));
#8075=IFCFACEOUTERBOUND(#8074,.T.);
#8076=IFCFACE((#8075));
#8077=IFCPOLYLOOP((#4378,#4400,#4384));
#8078=IFCFACEOUTERBOUND(#8077,.T.);
#8079=IFCFACE((#8078));
#8080=IFCPOLYLOOP((#4395,#4390,#4402));
#8081=IFCFACEOUTERBOUND(#8080,.T.);
#8082=IFCFACE((#8081));
#8083=IFCPOLYLOOP((#4404,#4380,#4389));
#8084=IFCFACEOUTERBOUND(#8083,.T.);
#8085=IFCFACE((#8084));
#8086=IFCPOLYLOOP((#4395,#4374,#4394));
#8087=IFCFACEOUTERBOUND(#8086,.T.);
#8088=IFCFACE((#8087));
#8089=IFCPOLYLOOP((#4393,#4395,#4394));
#8090=IFCFACEOUTERBOUND(#8089,.T.);
#8091=IFCFACE((#8090));
#8092=IFCPOLYLOOP((#4377,#4390,#4395));
#8093=IFCFACEOUTERBOUND(#8092,.T.);
#8094=IFCFACE((#8093));
#8095=IFCPOLYLOOP((#4381,#4374,#4402));
#8096=IFCFACEOUTERBOUND(#8095,.T.);
#8097=IFCFACE((#8096));
#8098=IFCPOLYLOOP((#4375,#4397,#4403));
#8099=IFCFACEOUTERBOUND(#8098,.T.);
#8100=IFCFACE((#8099));
#8101=IFCPOLYLOOP((#4379,#4396,#4403));
#8102=IFCFACEOUTERBOUND(#8101,.T.);
#8103=IFCFACE((#8102));
#8104=IFCPOLYLOOP((#4376,#4399,#4397));
#8105=IFCFACEOUTERBOUND(#8104,.T.);
#8106=IFCFACE((#8105));
#8107=IFCPOLYLOOP((#4376,#4392,#4400));
#8108=IFCFACEOUTERBOUND(#8107,.T.);
#8109=IFCFACE((#8108));
#8110=IFCPOLYLOOP((#4398,#4379,#4403));
#8111=IFCFACEOUTERBOUND(#8110,.T.);
#8112=IFCFACE((#8111));
#8113=IFCPOLYLOOP((#4399,#4400,#4378));
#8114=IFCFACEOUTERBOUND(#8113,.T.);
#8115=IFCFACE((#8114));
#8116=IFCPOLYLOOP((#4392,#4382,#4401));
#8117=IFCFACEOUTERBOUND(#8116,.T.);
#8118=IFCFACE((#8117));
#8119=IFCPOLYLOOP((#4401,#4400,#4392));
#8120=IFCFACEOUTERBOUND(#8119,.T.);
#8121=IFCFACE((#8120));
#8122=IFCPOLYLOOP((#4383,#4401,#4391));
#8123=IFCFACEOUTERBOUND(#8122,.T.);
#8124=IFCFACE((#8123));
#8125=IFCPOLYLOOP((#4390,#4396,#4402));
#8126=IFCFACEOUTERBOUND(#8125,.T.);
#8127=IFCFACE((#8126));
#8128=IFCPOLYLOOP((#4381,#4402,#4396));
#8129=IFCFACEOUTERBOUND(#8128,.T.);
#8130=IFCFACE((#8129));
#8131=IFCPOLYLOOP((#4403,#4399,#4398));
#8132=IFCFACEOUTERBOUND(#8131,.T.);
#8133=IFCFACE((#8132));
#8134=IFCPOLYLOOP((#4375,#4403,#4396));
#8135=IFCFACEOUTERBOUND(#8134,.T.);
#8136=IFCFACE((#8135));
#8137=IFCPOLYLOOP((#4404,#4388,#4385));
#8138=IFCFACEOUTERBOUND(#8137,.T.);
#8139=IFCFACE((#8138));
#8140=IFCPOLYLOOP((#4287,#4404,#4389));
#8141=IFCFACEOUTERBOUND(#8140,.T.);
#8142=IFCFACE((#8141));
#8143=IFCPOLYLOOP((#4299,#4298,#3672,#3674));
#8144=IFCFACEOUTERBOUND(#8143,.T.);
#8145=IFCFACE((#8144));
#8146=IFCPOLYLOOP((#4300,#4299,#3674,#3676,#4414,#4405));
#8147=IFCFACEOUTERBOUND(#8146,.T.);
#8148=IFCFACE((#8147));
#8149=IFCPOLYLOOP((#4406,#4412,#4411));
#8150=IFCFACEOUTERBOUND(#8149,.T.);
#8151=IFCFACE((#8150));
#8152=IFCPOLYLOOP((#4419,#4420,#4409));
#8153=IFCFACEOUTERBOUND(#8152,.T.);
#8154=IFCFACE((#8153));
#8155=IFCPOLYLOOP((#4405,#4415,#4417));
#8156=IFCFACEOUTERBOUND(#8155,.T.);
#8157=IFCFACE((#8156));
#8158=IFCPOLYLOOP((#4410,#4411,#4301));
#8159=IFCFACEOUTERBOUND(#8158,.T.);
#8160=IFCFACE((#8159));
#8161=IFCPOLYLOOP((#4406,#4409,#4421));
#8162=IFCFACEOUTERBOUND(#8161,.T.);
#8163=IFCFACE((#8162));
#8164=IFCPOLYLOOP((#3687,#3679,#4406));
#8165=IFCFACEOUTERBOUND(#8164,.T.);
#8166=IFCFACE((#8165));
#8167=IFCPOLYLOOP((#4408,#4419,#4409));
#8168=IFCFACEOUTERBOUND(#8167,.T.);
#8169=IFCFACE((#8168));
#8170=IFCPOLYLOOP((#4412,#4306,#4301));
#8171=IFCFACEOUTERBOUND(#8170,.T.);
#8172=IFCFACE((#8171));
#8173=IFCPOLYLOOP((#4418,#4415,#4414));
#8174=IFCFACEOUTERBOUND(#8173,.T.);
#8175=IFCFACE((#8174));
#8176=IFCPOLYLOOP((#4421,#4409,#4420));
#8177=IFCFACEOUTERBOUND(#8176,.T.);
#8178=IFCFACE((#8177));
#8179=IFCPOLYLOOP((#4409,#4406,#3679));
#8180=IFCFACEOUTERBOUND(#8179,.T.);
#8181=IFCFACE((#8180));
#8182=IFCPOLYLOOP((#4419,#3678,#4407));
#8183=IFCFACEOUTERBOUND(#8182,.T.);
#8184=IFCFACE((#8183));
#8185=IFCPOLYLOOP((#4408,#4409,#3679));
#8186=IFCFACEOUTERBOUND(#8185,.T.);
#8187=IFCFACE((#8186));
#8188=IFCPOLYLOOP((#4414,#4415,#4405));
#8189=IFCFACEOUTERBOUND(#8188,.T.);
#8190=IFCFACE((#8189));
#8191=IFCPOLYLOOP((#4300,#4405,#4417));
#8192=IFCFACEOUTERBOUND(#8191,.T.);
#8193=IFCFACE((#8192));
#8194=IFCPOLYLOOP((#4411,#4415,#4416));
#8195=IFCFACEOUTERBOUND(#8194,.T.);
#8196=IFCFACE((#8195));
#8197=IFCPOLYLOOP((#4421,#4306,#4406));
#8198=IFCFACEOUTERBOUND(#8197,.T.);
#8199=IFCFACE((#8198));
#8200=IFCPOLYLOOP((#4411,#4412,#4301));
#8201=IFCFACEOUTERBOUND(#8200,.T.);
#8202=IFCFACE((#8201));
#8203=IFCPOLYLOOP((#4406,#4306,#4412));
#8204=IFCFACEOUTERBOUND(#8203,.T.);
#8205=IFCFACE((#8204));
#8206=IFCPOLYLOOP((#4413,#3680,#3687));
#8207=IFCFACEOUTERBOUND(#8206,.T.);
#8208=IFCFACE((#8207));
#8209=IFCPOLYLOOP((#3687,#4406,#4413));
#8210=IFCFACEOUTERBOUND(#8209,.T.);
#8211=IFCFACE((#8210));
#8212=IFCPOLYLOOP((#4411,#4413,#4406));
#8213=IFCFACEOUTERBOUND(#8212,.T.);
#8214=IFCFACE((#8213));
#8215=IFCPOLYLOOP((#4413,#4411,#4416));
#8216=IFCFACEOUTERBOUND(#8215,.T.);
#8217=IFCFACE((#8216));
#8218=IFCPOLYLOOP((#4413,#4416,#3680));
#8219=IFCFACEOUTERBOUND(#8218,.T.);
#8220=IFCFACE((#8219));
#8221=IFCPOLYLOOP((#3676,#3689,#4418));
#8222=IFCFACEOUTERBOUND(#8221,.T.);
#8223=IFCFACE((#8222));
#8224=IFCPOLYLOOP((#4417,#4411,#4410));
#8225=IFCFACEOUTERBOUND(#8224,.T.);
#8226=IFCFACE((#8225));
#8227=IFCPOLYLOOP((#4418,#4416,#4415));
#8228=IFCFACEOUTERBOUND(#8227,.T.);
#8229=IFCFACE((#8228));
#8230=IFCPOLYLOOP((#3680,#4416,#3689));
#8231=IFCFACEOUTERBOUND(#8230,.T.);
#8232=IFCFACE((#8231));
#8233=IFCPOLYLOOP((#4411,#4417,#4415));
#8234=IFCFACEOUTERBOUND(#8233,.T.);
#8235=IFCFACE((#8234));
#8236=IFCPOLYLOOP((#4417,#4410,#4307,#4300));
#8237=IFCFACEOUTERBOUND(#8236,.T.);
#8238=IFCFACE((#8237));
#8239=IFCPOLYLOOP((#3676,#4418,#4414));
#8240=IFCFACEOUTERBOUND(#8239,.T.);
#8241=IFCFACE((#8240));
#8242=IFCPOLYLOOP((#4416,#4418,#3689));
#8243=IFCFACEOUTERBOUND(#8242,.T.);
#8244=IFCFACE((#8243));
#8245=IFCPOLYLOOP((#4419,#4408,#3684,#3678));
#8246=IFCFACEOUTERBOUND(#8245,.T.);
#8247=IFCFACE((#8246));
#8248=IFCPOLYLOOP((#4420,#4419,#4407));
#8249=IFCFACEOUTERBOUND(#8248,.T.);
#8250=IFCFACE((#8249));
#8251=IFCPOLYLOOP((#4305,#4422,#4303));
#8252=IFCFACEOUTERBOUND(#8251,.T.);
#8253=IFCFACE((#8252));
#8254=IFCPOLYLOOP((#4420,#4305,#4421));
#8255=IFCFACEOUTERBOUND(#8254,.T.);
#8256=IFCFACE((#8255));
#8257=IFCPOLYLOOP((#4420,#4407,#4422));
#8258=IFCFACEOUTERBOUND(#8257,.T.);
#8259=IFCFACE((#8258));
#8260=IFCPOLYLOOP((#4421,#4302,#4306));
#8261=IFCFACEOUTERBOUND(#8260,.T.);
#8262=IFCFACE((#8261));
#8263=IFCPOLYLOOP((#4422,#4305,#4420));
#8264=IFCFACEOUTERBOUND(#8263,.T.);
#8265=IFCFACE((#8264));
#8266=IFCPOLYLOOP((#4305,#4302,#4421));
#8267=IFCFACEOUTERBOUND(#8266,.T.);
#8268=IFCFACE((#8267));
#8269=IFCCARTESIANPOINT((-25.399999999999928,152.39999999999827,361.94999999999999));
#8270=IFCCARTESIANPOINT((-0.,152.39999999999827,361.94999999999999));
#8271=IFCCARTESIANPOINT((25.400000000000098,152.39999999999819,361.94999999999999));
#8272=IFCCARTESIANPOINT((97.425279109144697,139.69999999999828,361.94999999999999));
#8273=IFCCARTESIANPOINT((132.3182423362183,127.,361.94999999999999));
#8274=IFCCARTESIANPOINT((101.48247325783787,395.15086380816751,361.94999999999999));
#8275=IFCCARTESIANPOINT((99.347910824106307,400.87018635500874,361.94999999999999));
#8276=IFCCARTESIANPOINT((94.791353106595992,404.93279499297796,361.94999999999999));
#8277=IFCCARTESIANPOINT((88.865619679780238,406.39999999999782,361.94999999999999));
#8278=IFCCARTESIANPOINT((-88.865619679781176,406.39999999999787,361.94999999999999));
#8279=IFCCARTESIANPOINT((-94.791353106596816,404.93279499297802,361.94999999999999));
#8280=IFCCARTESIANPOINT((-99.347910824107146,400.8701863550088,361.94999999999999));
#8281=IFCCARTESIANPOINT((-101.48247325783876,395.15086380816763,361.94999999999999));
#8282=IFCCARTESIANPOINT((-132.31824233621828,127.,361.94999999999999));
#8283=IFCCARTESIANPOINT((-97.425279109145464,139.69999999999808,361.94999999999999));
#8284=IFCCARTESIANPOINT((-25.399999999999928,152.39999999999827,336.54999999999984));
#8285=IFCCARTESIANPOINT((-97.425279109145464,139.69999999999808,336.54999999999984));
#8286=IFCCARTESIANPOINT((-132.31824233621828,127.,336.54999999999984));
#8287=IFCCARTESIANPOINT((-101.48247325783869,395.15086380816763,336.54999999999984));
#8288=IFCCARTESIANPOINT((-99.347910824107146,400.8701863550088,336.54999999999984));
#8289=IFCCARTESIANPOINT((-94.791353106596816,404.93279499297802,336.54999999999984));
#8290=IFCCARTESIANPOINT((-88.865619679781261,406.39999999999787,336.54999999999984));
#8291=IFCCARTESIANPOINT((88.865619679780323,406.39999999999782,336.54999999999984));
#8292=IFCCARTESIANPOINT((94.791353106595992,404.93279499297796,336.54999999999984));
#8293=IFCCARTESIANPOINT((99.347910824106307,400.87018635500874,336.54999999999984));
#8294=IFCCARTESIANPOINT((101.48247325783785,395.15086380816757,336.54999999999984));
#8295=IFCCARTESIANPOINT((132.3182423362183,127.,336.54999999999984));
#8296=IFCCARTESIANPOINT((97.425279109144697,139.69999999999828,336.54999999999984));
#8297=IFCCARTESIANPOINT((25.400000000000098,152.39999999999819,336.54999999999984));
#8298=IFCCARTESIANPOINT((0.,152.39999999999827,336.54999999999984));
#8299=IFCCARTESIANPOINT((100.54253185699619,397.66933221255402,361.94999999999999));
#8300=IFCCARTESIANPOINT((100.41519204097209,398.01052508158818,336.54999999999984));
#8301=IFCCARTESIANPOINT((97.069631965351149,402.90149067399335,361.94999999999999));
#8302=IFCCARTESIANPOINT((97.069631965351149,402.90149067399335,336.54999999999984));
#8303=IFCCARTESIANPOINT((91.474979681237571,405.75392536526476,361.94999999999999));
#8304=IFCCARTESIANPOINT((91.828486393188115,405.66639749648795,336.54999999999984));
#8305=IFCPOLYLOOP((#8283,#8269,#8270,#8271,#8272,#8273,#8274,#8299,#8275,#8301,#8276,#8303,#8277,#8278,#8279,#8280,#8281,#8282));
#8306=IFCFACEOUTERBOUND(#8305,.T.);
#8307=IFCFACE((#8306));
#8308=IFCPOLYLOOP((#8296,#8297,#8298,#8284,#8285,#8286,#8287,#8288,#8289,#8290,#8291,#8304,#8292,#8302,#8293,#8300,#8294,#8295));
#8309=IFCFACEOUTERBOUND(#8308,.T.);
#8310=IFCFACE((#8309));
#8311=IFCPOLYLOOP((#8270,#8269,#8284,#8298,#8297,#8271));
#8312=IFCFACEOUTERBOUND(#8311,.T.);
#8313=IFCFACE((#8312));
#8314=IFCPOLYLOOP((#8272,#8271,#8297,#8296));
#8315=IFCFACEOUTERBOUND(#8314,.T.);
#8316=IFCFACE((#8315));
#8317=IFCPOLYLOOP((#8273,#8272,#8296,#8295));
#8318=IFCFACEOUTERBOUND(#8317,.T.);
#8319=IFCFACE((#8318));
#8320=IFCPOLYLOOP((#8274,#8273,#8295,#8294));
#8321=IFCFACEOUTERBOUND(#8320,.T.);
#8322=IFCFACE((#8321));
#8323=IFCPOLYLOOP((#8275,#8299,#8274,#8294,#8300,#8293));
#8324=IFCFACEOUTERBOUND(#8323,.T.);
#8325=IFCFACE((#8324));
#8326=IFCPOLYLOOP((#8292,#8276,#8301,#8275,#8293,#8302));
#8327=IFCFACEOUTERBOUND(#8326,.T.);
#8328=IFCFACE((#8327));
#8329=IFCPOLYLOOP((#8303,#8276,#8292,#8304,#8291,#8277));
#8330=IFCFACEOUTERBOUND(#8329,.T.);
#8331=IFCFACE((#8330));
#8332=IFCPOLYLOOP((#8278,#8277,#8291,#8290));
#8333=IFCFACEOUTERBOUND(#8332,.T.);
#8334=IFCFACE((#8333));
#8335=IFCPOLYLOOP((#8290,#8289,#8279,#8278));
#8336=IFCFACEOUTERBOUND(#8335,.T.);
#8337=IFCFACE((#8336));
#8338=IFCPOLYLOOP((#8289,#8288,#8280,#8279));
#8339=IFCFACEOUTERBOUND(#8338,.T.);
#8340=IFCFACE((#8339));
#8341=IFCPOLYLOOP((#8288,#8287,#8281,#8280));
#8342=IFCFACEOUTERBOUND(#8341,.T.);
#8343=IFCFACE((#8342));
#8344=IFCPOLYLOOP((#8282,#8281,#8287,#8286));
#8345=IFCFACEOUTERBOUND(#8344,.T.);
#8346=IFCFACE((#8345));
#8347=IFCPOLYLOOP((#8283,#8282,#8286,#8285));
#8348=IFCFACEOUTERBOUND(#8347,.T.);
#8349=IFCFACE((#8348));
#8350=IFCPOLYLOOP((#8269,#8283,#8285,#8284));
#8351=IFCFACEOUTERBOUND(#8350,.T.);
#8352=IFCFACE((#8351));
#8353=IFCCARTESIANPOINT((-38.099999999998374,139.6999999999984,264.52472089085654));
#8354=IFCCARTESIANPOINT((-38.099999999998374,152.39999999999804,336.5499999999999));
#8355=IFCCARTESIANPOINT((-38.099999999998374,342.89999999999759,336.5499999999999));
#8356=IFCCARTESIANPOINT((-38.099999999998374,342.89999999999759,206.37499999999966));
#8357=IFCCARTESIANPOINT((-38.099999999998374,107.48526322193831,206.3749999999996));
#8358=IFCCARTESIANPOINT((-38.099999999998374,127.,229.63175766378353));
#8359=IFCPOLYLOOP((#8353,#8354,#8355,#8356,#8357,#8358));
#8360=IFCFACEOUTERBOUND(#8359,.T.);
#8361=IFCFACE((#8360));
#8362=IFCCARTESIANPOINT((38.099999999999888,139.69999999999843,264.52472089085654));
#8363=IFCCARTESIANPOINT((38.099999999999888,127.,229.63175766378353));
#8364=IFCCARTESIANPOINT((38.099999999999888,107.4852632219383,206.3749999999996));
#8365=IFCCARTESIANPOINT((38.099999999999888,342.89999999999759,206.37499999999966));
#8366=IFCCARTESIANPOINT((38.099999999999888,342.89999999999759,336.5499999999999));
#8367=IFCCARTESIANPOINT((38.099999999999888,152.39999999999804,336.5499999999999));
#8368=IFCPOLYLOOP((#8362,#8363,#8364,#8365,#8366,#8367));
#8369=IFCFACEOUTERBOUND(#8368,.T.);
#8370=IFCFACE((#8369));
#8371=IFCPOLYLOOP((#8354,#8353,#8362,#8367));
#8372=IFCFACEOUTERBOUND(#8371,.T.);
#8373=IFCFACE((#8372));
#8374=IFCPOLYLOOP((#8355,#8354,#8367,#8366));
#8375=IFCFACEOUTERBOUND(#8374,.T.);
#8376=IFCFACE((#8375));
#8377=IFCPOLYLOOP((#8356,#8355,#8366,#8365));
#8378=IFCFACEOUTERBOUND(#8377,.T.);
#8379=IFCFACE((#8378));
#8380=IFCPOLYLOOP((#8357,#8356,#8365,#8364));
#8381=IFCFACEOUTERBOUND(#8380,.T.);
#8382=IFCFACE((#8381));
#8383=IFCPOLYLOOP((#8358,#8357,#8364,#8363));
#8384=IFCFACEOUTERBOUND(#8383,.T.);
#8385=IFCFACE((#8384));
#8386=IFCPOLYLOOP((#8353,#8358,#8363,#8362));
#8387=IFCFACEOUTERBOUND(#8386,.T.);
#8388=IFCFACE((#8387));
#8389=IFCCARTESIANPOINT((-117.76363636363679,285.74999999999875,-0.));
#8390=IFCCARTESIANPOINT((-114.30000000000001,285.74999999999875,31.749999999998849));
#8391=IFCCARTESIANPOINT((-38.099999999998076,285.74999999999875,31.749999999998849));
#8392=IFCCARTESIANPOINT((-38.099999999998076,285.74999999999875,-0.));
#8393=IFCCARTESIANPOINT((-117.76363636363679,-38.099995117218484,-0.));
#8394=IFCCARTESIANPOINT((-114.30000000000001,-38.099995117218484,31.749999999998842));
#8395=IFCCARTESIANPOINT((-38.099999999998076,-38.099995117218484,31.749999999998838));
#8396=IFCCARTESIANPOINT((-38.099999999998076,-38.099995117218484,0.));
#8397=IFCCARTESIANPOINT((114.29997070330283,-38.099995117219947,31.749999999998849));
#8398=IFCCARTESIANPOINT((108.70573123277988,-73.420633047687758,31.749999999998849));
#8399=IFCCARTESIANPOINT((92.470615957944531,-105.28384084416624,31.749999999998849));
#8400=IFCCARTESIANPOINT((67.183831078597223,-130.57062572351325,31.749999999998849));
#8401=IFCCARTESIANPOINT((35.320623282118525,-146.80574099834817,31.749999999998849));
#8402=IFCCARTESIANPOINT((-1.4648349360579202E-005,-152.39998046887069,31.749999999998849));
#8403=IFCCARTESIANPOINT((-35.320652578817175,-146.80574099834772,31.749999999998849));
#8404=IFCCARTESIANPOINT((-67.183860375295652,-130.57062572351239,31.749999999998849));
#8405=IFCCARTESIANPOINT((-92.470645254642662,-105.28384084416507,31.749999999998849));
#8406=IFCCARTESIANPOINT((-108.70576052947759,-73.42063304768638,31.749999999998849));
#8407=IFCCARTESIANPOINT((-111.99987446319122,-74.490955546385152,-0.));
#8408=IFCCARTESIANPOINT((-95.272785935159874,-107.31971521801468,-0.));
#8409=IFCCARTESIANPOINT((-69.219734749145303,-133.37276640402956,-0.));
#8410=IFCCARTESIANPOINT((-36.390975077516011,-150.09985493206133,-0.));
#8411=IFCCARTESIANPOINT((-1.4648349382749751E-005,-155.86361683250746,-0.));
#8412=IFCCARTESIANPOINT((36.390945780817319,-150.09985493206179,-0.));
#8413=IFCCARTESIANPOINT((69.219705452446831,-133.37276640403044,-0.));
#8414=IFCCARTESIANPOINT((95.272756638461701,-107.3197152180159,-0.));
#8415=IFCCARTESIANPOINT((111.99984516649347,-74.490955546386601,-0.));
#8416=IFCCARTESIANPOINT((117.76360706693963,-38.099995117219969,-0.));
#8417=IFCCARTESIANPOINT((38.099970703300819,-38.099995117219464,31.749999999998849));
#8418=IFCCARTESIANPOINT((32.995540549994658,-57.149987793044147,31.749999999998849));
#8419=IFCCARTESIANPOINT((19.049978027475877,-71.095550315562747,31.749999999998849));
#8420=IFCCARTESIANPOINT((-1.4648348878954068E-005,-76.199980468868645,31.749999999998849));
#8421=IFCCARTESIANPOINT((-19.050007324173563,-71.095550315562491,31.749999999998849));
#8422=IFCCARTESIANPOINT((-32.995569846692163,-57.149987793043721,31.749999999998849));
#8423=IFCCARTESIANPOINT((38.099970703300819,-38.099995117219471,-0.));
#8424=IFCCARTESIANPOINT((32.995540549994651,-57.149987793044147,-0.));
#8425=IFCCARTESIANPOINT((19.049978027475877,-71.095550315562733,-0.));
#8426=IFCCARTESIANPOINT((-1.4648348872827119E-005,-76.199980468868645,-0.));
#8427=IFCCARTESIANPOINT((-19.050007324173563,-71.095550315562491,-0.));
#8428=IFCCARTESIANPOINT((-32.995569846692163,-57.149987793043721,-0.));
#8429=IFCCARTESIANPOINT((-35.212498807753484,-48.87629627359177,31.749999999998849));
#8430=IFCCARTESIANPOINT((-35.54778492334512,-47.624991455131337,-0.));
#8431=IFCCARTESIANPOINT((-26.022788585432867,-64.122769054303106,-0.));
#8432=IFCCARTESIANPOINT((-26.02278858543286,-64.122769054303106,31.749999999998849));
#8433=IFCCARTESIANPOINT((-9.5250109862612167,-73.647765392215561,31.749999999998849));
#8434=IFCCARTESIANPOINT((-9.5250109862612131,-73.647765392215561,-0.));
#8435=IFCCARTESIANPOINT((35.212469491316483,-48.876296347261444,31.749999999998849));
#8436=IFCCARTESIANPOINT((35.547755626647735,-47.624991455131791,-0.));
#8437=IFCCARTESIANPOINT((9.5249816895635018,-73.647765392215689,-0.));
#8438=IFCCARTESIANPOINT((9.5249816895634964,-73.647765392215689,31.749999999998849));
#8439=IFCCARTESIANPOINT((26.022759288735266,-64.122769054303433,31.749999999998849));
#8440=IFCCARTESIANPOINT((26.022759288735262,-64.122769054303447,-0.));
#8441=IFCCARTESIANPOINT((117.7636070669395,285.66816342923397,-0.));
#8442=IFCCARTESIANPOINT((38.099970703300791,285.66816342923397,-0.));
#8443=IFCCARTESIANPOINT((38.099970703300791,285.66816342923397,31.749999999998849));
#8444=IFCCARTESIANPOINT((114.29997070330272,285.66816342923397,31.749999999998849));
#8445=IFCPOLYLOOP((#8392,#8389,#8390,#8391));
#8446=IFCFACEOUTERBOUND(#8445,.T.);
#8447=IFCFACE((#8446));
#8448=IFCPOLYLOOP((#8390,#8389,#8393,#8394));
#8449=IFCFACEOUTERBOUND(#8448,.T.);
#8450=IFCFACE((#8449));
#8451=IFCPOLYLOOP((#8391,#8390,#8394,#8406,#8405,#8404,#8403,#8402,#8401,#8400,#8399,#8398,#8397,#8444,#8443,#8417,#8435,#8418,#8439,#8419,#8438,#8420,#8433,#8421,#8432,#8422,#8429,#8395));
#8452=IFCFACEOUTERBOUND(#8451,.T.);
#8453=IFCFACE((#8452));
#8454=IFCPOLYLOOP((#8392,#8391,#8395,#8396));
#8455=IFCFACEOUTERBOUND(#8454,.T.);
#8456=IFCFACE((#8455));
#8457=IFCPOLYLOOP((#8389,#8392,#8396,#8430,#8428,#8431,#8427,#8434,#8426,#8437,#8425,#8440,#8424,#8436,#8423,#8442,#8441,#8416,#8415,#8414,#8413,#8412,#8411,#8410,#8409,#8408,#8407,#8393));
#8458=IFCFACEOUTERBOUND(#8457,.T.);
#8459=IFCFACE((#8458));
#8460=IFCPOLYLOOP((#8394,#8393,#8407,#8406));
#8461=IFCFACEOUTERBOUND(#8460,.T.);
#8462=IFCFACE((#8461));
#8463=IFCPOLYLOOP((#8405,#8408,#8409,#8404));
#8464=IFCFACEOUTERBOUND(#8463,.T.);
#8465=IFCFACE((#8464));
#8466=IFCPOLYLOOP((#8407,#8408,#8405,#8406));
#8467=IFCFACEOUTERBOUND(#8466,.T.);
#8468=IFCFACE((#8467));
#8469=IFCPOLYLOOP((#8409,#8410,#8403,#8404));
#8470=IFCFACEOUTERBOUND(#8469,.T.);
#8471=IFCFACE((#8470));
#8472=IFCPOLYLOOP((#8403,#8410,#8411,#8402));
#8473=IFCFACEOUTERBOUND(#8472,.T.);
#8474=IFCFACE((#8473));
#8475=IFCPOLYLOOP((#8401,#8412,#8413,#8400));
#8476=IFCFACEOUTERBOUND(#8475,.T.);
#8477=IFCFACE((#8476));
#8478=IFCPOLYLOOP((#8399,#8414,#8415,#8398));
#8479=IFCFACEOUTERBOUND(#8478,.T.);
#8480=IFCFACE((#8479));
#8481=IFCPOLYLOOP((#8397,#8398,#8415,#8416));
#8482=IFCFACEOUTERBOUND(#8481,.T.);
#8483=IFCFACE((#8482));
#8484=IFCPOLYLOOP((#8400,#8413,#8414,#8399));
#8485=IFCFACEOUTERBOUND(#8484,.T.);
#8486=IFCFACE((#8485));
#8487=IFCPOLYLOOP((#8401,#8402,#8411,#8412));
#8488=IFCFACEOUTERBOUND(#8487,.T.);
#8489=IFCFACE((#8488));
#8490=IFCPOLYLOOP((#8430,#8396,#8395,#8429,#8422,#8428));
#8491=IFCFACEOUTERBOUND(#8490,.T.);
#8492=IFCFACE((#8491));
#8493=IFCPOLYLOOP((#8437,#8426,#8420,#8438,#8419,#8425));
#8494=IFCFACEOUTERBOUND(#8493,.T.);
#8495=IFCFACE((#8494));
#8496=IFCPOLYLOOP((#8436,#8424,#8418,#8435,#8417,#8423));
#8497=IFCFACEOUTERBOUND(#8496,.T.);
#8498=IFCFACE((#8497));
#8499=IFCPOLYLOOP((#8422,#8432,#8421,#8427,#8431,#8428));
#8500=IFCFACEOUTERBOUND(#8499,.T.);
#8501=IFCFACE((#8500));
#8502=IFCPOLYLOOP((#8426,#8434,#8427,#8421,#8433,#8420));
#8503=IFCFACEOUTERBOUND(#8502,.T.);
#8504=IFCFACE((#8503));
#8505=IFCPOLYLOOP((#8424,#8440,#8425,#8419,#8439,#8418));
#8506=IFCFACEOUTERBOUND(#8505,.T.);
#8507=IFCFACE((#8506));
#8508=IFCPOLYLOOP((#8441,#8442,#8443,#8444));
#8509=IFCFACEOUTERBOUND(#8508,.T.);
#8510=IFCFACE((#8509));
#8511=IFCPOLYLOOP((#8397,#8416,#8441,#8444));
#8512=IFCFACEOUTERBOUND(#8511,.T.);
#8513=IFCFACE((#8512));
#8514=IFCPOLYLOOP((#8423,#8417,#8443,#8442));
#8515=IFCFACEOUTERBOUND(#8514,.T.);
#8516=IFCFACE((#8515));
#8517=IFCCARTESIANPOINT((-57.150000000000034,342.89999999999719,31.749999999998838));
#8518=IFCCARTESIANPOINT((-38.09999999999939,342.89999999999719,206.3749999999996));
#8519=IFCCARTESIANPOINT((-38.09999999999939,342.89999999999719,31.749999999998838));
#8520=IFCCARTESIANPOINT((-57.150000000000055,19.050000000000203,31.749999999998842));
#8521=IFCCARTESIANPOINT((-38.099999999999433,-0.,206.3749999999996));
#8522=IFCCARTESIANPOINT((-38.09999999999939,-0.,31.749999999998838));
#8523=IFCCARTESIANPOINT((-114.29999999999902,19.050000000000217,31.749999999998838));
#8524=IFCCARTESIANPOINT((-95.24999999999838,-0.,206.3749999999996));
#8525=IFCCARTESIANPOINT((-95.24999999999838,-0.,31.749999999998838));
#8526=IFCCARTESIANPOINT((-114.29999999999902,-38.100000000001913,31.749999999998838));
#8527=IFCCARTESIANPOINT((-95.249999999998394,-38.10000000000192,206.3749999999996));
#8528=IFCCARTESIANPOINT((-95.249999999998394,-38.10000000000192,31.749999999998838));
#8529=IFCCARTESIANPOINT((95.249999999998394,-38.10000000000263,206.3749999999996));
#8530=IFCCARTESIANPOINT((89.505722129856068,-70.677418651771873,206.3749999999996));
#8531=IFCCARTESIANPOINT((72.965733207081115,-99.325519822644168,206.3749999999996));
#8532=IFCCARTESIANPOINT((47.624999999998842,-120.58891971046852,206.3749999999996));
#8533=IFCCARTESIANPOINT((16.539988922774512,-131.90293847441325,206.3749999999996));
#8534=IFCCARTESIANPOINT((-16.539988922775105,-131.90293847441311,206.3749999999996));
#8535=IFCCARTESIANPOINT((-47.624999999999375,-120.58891971046822,206.3749999999996));
#8536=IFCCARTESIANPOINT((-72.965733207081527,-99.325519822643656,206.3749999999996));
#8537=IFCCARTESIANPOINT((-89.505722129856281,-70.677418651771262,206.3749999999996));
#8538=IFCCARTESIANPOINT((-108.70575981253515,-73.420642457058037,31.749999999998838));
#8539=IFCCARTESIANPOINT((-92.470642457055789,-105.28385433703092,31.749999999998838));
#8540=IFCCARTESIANPOINT((-67.183854337029288,-130.57064245705749,31.749999999998838));
#8541=IFCCARTESIANPOINT((-35.320642457056472,-146.80575981253696,31.749999999998838));
#8542=IFCCARTESIANPOINT((-0.,-152.40000000000094,31.749999999998838));
#8543=IFCCARTESIANPOINT((35.320642457055762,-146.80575981253719,31.749999999998838));
#8544=IFCCARTESIANPOINT((67.183854337028677,-130.57064245705794,31.749999999998838));
#8545=IFCCARTESIANPOINT((92.470642457055362,-105.2838543370315,31.749999999998838));
#8546=IFCCARTESIANPOINT((108.70575981253494,-73.420642457058733,31.749999999998838));
#8547=IFCCARTESIANPOINT((114.29999999999902,-38.100000000002666,31.749999999998838));
#8548=IFCCARTESIANPOINT((95.249999999998394,-38.100000000002588,31.749999999998838));
#8549=IFCCARTESIANPOINT((89.505722129856096,-70.677418651771831,31.749999999998838));
#8550=IFCCARTESIANPOINT((72.965733207081115,-99.325519822644168,31.749999999998838));
#8551=IFCCARTESIANPOINT((47.624999999998842,-120.58891971046855,31.749999999998838));
#8552=IFCCARTESIANPOINT((16.539988922774491,-131.90293847441325,31.749999999998838));
#8553=IFCCARTESIANPOINT((-16.539988922775105,-131.90293847441311,31.749999999998838));
#8554=IFCCARTESIANPOINT((-47.624999999999375,-120.58891971046822,31.749999999998838));
#8555=IFCCARTESIANPOINT((-72.965733207081527,-99.325519822643656,31.749999999998838));
#8556=IFCCARTESIANPOINT((-89.505722129856281,-70.677418651771262,31.749999999998838));
#8557=IFCCARTESIANPOINT((114.29999999999902,19.050000000000253,31.749999999998838));
#8558=IFCCARTESIANPOINT((95.249999999998394,-0.,206.3749999999996));
#8559=IFCCARTESIANPOINT((95.24999999999838,-0.,31.749999999998838));
#8560=IFCCARTESIANPOINT((57.150000000000155,19.050000000000249,31.749999999998842));
#8561=IFCCARTESIANPOINT((38.099999999999554,-0.,206.3749999999996));
#8562=IFCCARTESIANPOINT((38.099999999999554,-0.,31.749999999998838));
#8563=IFCCARTESIANPOINT((57.150000000000169,342.89999999999742,31.749999999998838));
#8564=IFCCARTESIANPOINT((38.099999999999525,342.89999999999742,31.749999999998838));
#8565=IFCCARTESIANPOINT((38.099999999999525,342.89999999999742,206.3749999999996));
#8566=IFCPOLYLOOP((#8519,#8517,#8518));
#8567=IFCFACEOUTERBOUND(#8566,.T.);
#8568=IFCFACE((#8567));
#8569=IFCPOLYLOOP((#8564,#8565,#8563));
#8570=IFCFACEOUTERBOUND(#8569,.T.);
#8571=IFCFACE((#8570));
#8572=IFCPOLYLOOP((#8518,#8517,#8520,#8521));
#8573=IFCFACEOUTERBOUND(#8572,.T.);
#8574=IFCFACE((#8573));
#8575=IFCPOLYLOOP((#8519,#8518,#8521,#8522));
#8576=IFCFACEOUTERBOUND(#8575,.T.);
#8577=IFCFACE((#8576));
#8578=IFCPOLYLOOP((#8517,#8519,#8522,#8525,#8528,#8556,#8555,#8554,#8553,#8552,#8551,#8550,#8549,#8548,#8559,#8562,#8564,#8563,#8560,#8557,#8547,#8546,#8545,#8544,#8543,#8542,#8541,#8540,#8539,#8538,#8526,#8523,#8520));
#8579=IFCFACEOUTERBOUND(#8578,.T.);
#8580=IFCFACE((#8579));
#8581=IFCPOLYLOOP((#8521,#8520,#8523,#8524));
#8582=IFCFACEOUTERBOUND(#8581,.T.);
#8583=IFCFACE((#8582));
#8584=IFCPOLYLOOP((#8558,#8557,#8560,#8561));
#8585=IFCFACEOUTERBOUND(#8584,.T.);
#8586=IFCFACE((#8585));
#8587=IFCPOLYLOOP((#8522,#8521,#8524,#8525));
#8588=IFCFACEOUTERBOUND(#8587,.T.);
#8589=IFCFACE((#8588));
#8590=IFCPOLYLOOP((#8559,#8558,#8561,#8562));
#8591=IFCFACEOUTERBOUND(#8590,.T.);
#8592=IFCFACE((#8591));
#8593=IFCPOLYLOOP((#8524,#8523,#8526,#8527));
#8594=IFCFACEOUTERBOUND(#8593,.T.);
#8595=IFCFACE((#8594));
#8596=IFCPOLYLOOP((#8525,#8524,#8527,#8528));
#8597=IFCFACEOUTERBOUND(#8596,.T.);
#8598=IFCFACE((#8597));
#8599=IFCPOLYLOOP((#8526,#8538,#8527));
#8600=IFCFACEOUTERBOUND(#8599,.T.);
#8601=IFCFACE((#8600));
#8602=IFCPOLYLOOP((#8536,#8539,#8540));
#8603=IFCFACEOUTERBOUND(#8602,.T.);
#8604=IFCFACE((#8603));
#8605=IFCPOLYLOOP((#8535,#8540,#8541));
#8606=IFCFACEOUTERBOUND(#8605,.T.);
#8607=IFCFACE((#8606));
#8608=IFCPOLYLOOP((#8538,#8539,#8537));
#8609=IFCFACEOUTERBOUND(#8608,.T.);
#8610=IFCFACE((#8609));
#8611=IFCPOLYLOOP((#8537,#8527,#8538));
#8612=IFCFACEOUTERBOUND(#8611,.T.);
#8613=IFCFACE((#8612));
#8614=IFCPOLYLOOP((#8540,#8535,#8536));
#8615=IFCFACEOUTERBOUND(#8614,.T.);
#8616=IFCFACE((#8615));
#8617=IFCPOLYLOOP((#8535,#8541,#8534));
#8618=IFCFACEOUTERBOUND(#8617,.T.);
#8619=IFCFACE((#8618));
#8620=IFCPOLYLOOP((#8537,#8539,#8536));
#8621=IFCFACEOUTERBOUND(#8620,.T.);
#8622=IFCFACE((#8621));
#8623=IFCPOLYLOOP((#8541,#8542,#8534));
#8624=IFCFACEOUTERBOUND(#8623,.T.);
#8625=IFCFACE((#8624));
#8626=IFCPOLYLOOP((#8532,#8543,#8544));
#8627=IFCFACEOUTERBOUND(#8626,.T.);
#8628=IFCFACE((#8627));
#8629=IFCPOLYLOOP((#8530,#8545,#8546));
#8630=IFCFACEOUTERBOUND(#8629,.T.);
#8631=IFCFACE((#8630));
#8632=IFCPOLYLOOP((#8544,#8545,#8531));
#8633=IFCFACEOUTERBOUND(#8632,.T.);
#8634=IFCFACE((#8633));
#8635=IFCPOLYLOOP((#8529,#8546,#8547));
#8636=IFCFACEOUTERBOUND(#8635,.T.);
#8637=IFCFACE((#8636));
#8638=IFCPOLYLOOP((#8543,#8533,#8542));
#8639=IFCFACEOUTERBOUND(#8638,.T.);
#8640=IFCFACE((#8639));
#8641=IFCPOLYLOOP((#8543,#8532,#8533));
#8642=IFCFACEOUTERBOUND(#8641,.T.);
#8643=IFCFACE((#8642));
#8644=IFCPOLYLOOP((#8542,#8533,#8534));
#8645=IFCFACEOUTERBOUND(#8644,.T.);
#8646=IFCFACE((#8645));
#8647=IFCPOLYLOOP((#8531,#8532,#8544));
#8648=IFCFACEOUTERBOUND(#8647,.T.);
#8649=IFCFACE((#8648));
#8650=IFCPOLYLOOP((#8545,#8530,#8531));
#8651=IFCFACEOUTERBOUND(#8650,.T.);
#8652=IFCFACE((#8651));
#8653=IFCPOLYLOOP((#8546,#8529,#8530));
#8654=IFCFACEOUTERBOUND(#8653,.T.);
#8655=IFCFACE((#8654));
#8656=IFCPOLYLOOP((#8537,#8556,#8528,#8527));
#8657=IFCFACEOUTERBOUND(#8656,.T.);
#8658=IFCFACE((#8657));
#8659=IFCPOLYLOOP((#8554,#8555,#8536,#8535));
#8660=IFCFACEOUTERBOUND(#8659,.T.);
#8661=IFCFACE((#8660));
#8662=IFCPOLYLOOP((#8553,#8554,#8535,#8534));
#8663=IFCFACEOUTERBOUND(#8662,.T.);
#8664=IFCFACE((#8663));
#8665=IFCPOLYLOOP((#8537,#8536,#8555,#8556));
#8666=IFCFACEOUTERBOUND(#8665,.T.);
#8667=IFCFACE((#8666));
#8668=IFCPOLYLOOP((#8534,#8533,#8552,#8553));
#8669=IFCFACEOUTERBOUND(#8668,.T.);
#8670=IFCFACE((#8669));
#8671=IFCPOLYLOOP((#8551,#8552,#8533,#8532));
#8672=IFCFACEOUTERBOUND(#8671,.T.);
#8673=IFCFACE((#8672));
#8674=IFCPOLYLOOP((#8549,#8550,#8531,#8530));
#8675=IFCFACEOUTERBOUND(#8674,.T.);
#8676=IFCFACE((#8675));
#8677=IFCPOLYLOOP((#8532,#8531,#8550,#8551));
#8678=IFCFACEOUTERBOUND(#8677,.T.);
#8679=IFCFACE((#8678));
#8680=IFCPOLYLOOP((#8548,#8549,#8530,#8529));
#8681=IFCFACEOUTERBOUND(#8680,.T.);
#8682=IFCFACE((#8681));
#8683=IFCPOLYLOOP((#8529,#8547,#8557,#8558));
#8684=IFCFACEOUTERBOUND(#8683,.T.);
#8685=IFCFACE((#8684));
#8686=IFCPOLYLOOP((#8548,#8529,#8558,#8559));
#8687=IFCFACEOUTERBOUND(#8686,.T.);
#8688=IFCFACE((#8687));
#8689=IFCPOLYLOOP((#8561,#8560,#8563,#8565));
#8690=IFCFACEOUTERBOUND(#8689,.T.);
#8691=IFCFACE((#8690));
#8692=IFCPOLYLOOP((#8562,#8561,#8565,#8564));
#8693=IFCFACEOUTERBOUND(#8692,.T.);
#8694=IFCFACE((#8693));
#8695=IFCCARTESIANPOINT((-25.399999999999881,152.39999999999816,361.94999999999681));
#8696=IFCCARTESIANPOINT((-97.425279109145166,139.69999999999831,361.94999999999675));
#8697=IFCCARTESIANPOINT((-132.3182423362183,127.,361.94999999999675));
#8698=IFCCARTESIANPOINT((-162.58878358811108,101.59999999999857,361.94999999999663));
#8699=IFCCARTESIANPOINT((-176.98458651060196,76.199999999998511,361.94999999999658));
#8700=IFCCARTESIANPOINT((-183.79049599835312,50.799999999996253,361.94999999999652));
#8701=IFCCARTESIANPOINT((-188.28624413421011,25.303345331530107,361.94999999999635));
#8702=IFCCARTESIANPOINT((-190.50000000000054,0.,361.94999999999629));
#8703=IFCCARTESIANPOINT((-186.07248826841922,-50.606690663062381,361.94999999999618));
#8704=IFCCARTESIANPOINT((-172.40887221219577,-101.60000000000022,361.94999999999595));
#8705=IFCCARTESIANPOINT((-153.91918431147283,-152.40000000000165,361.94999999999573));
#8706=IFCCARTESIANPOINT((-130.23075527719919,-203.20000000000007,361.94999999999561));
#8707=IFCCARTESIANPOINT((-94.990008483197542,-254.,361.94999999999538));
#8708=IFCCARTESIANPOINT((-69.590008483198247,-279.40000000000128,361.94999999999533));
#8709=IFCCARTESIANPOINT((-47.592963227073568,-292.10000000000133,361.94999999999527));
#8710=IFCCARTESIANPOINT((-12.699999999999985,-304.80000000000149,361.94999999999527));
#8711=IFCCARTESIANPOINT((0.,-304.80000000000149,361.94999999999527));
#8712=IFCCARTESIANPOINT((-0.,-284.59203397055586,361.94999999999533));
#8713=IFCCARTESIANPOINT((-12.522456535901501,-284.59203397055586,361.94999999999533));
#8714=IFCCARTESIANPOINT((-39.511332295306971,-274.76888653782339,361.94999999999533));
#8715=IFCCARTESIANPOINT((-58.417898508726132,-263.85317544505403,361.94999999999538));
#8716=IFCCARTESIANPOINT((-79.214670347835266,-243.05640360594435,361.9499999999955));
#8717=IFCCARTESIANPOINT((-114.02551011563574,-192.87612023847203,361.94999999999561));
#8718=IFCCARTESIANPOINT((-136.65402096842652,-144.34912211383642,361.94999999999584));
#8719=IFCCARTESIANPOINT((-154.5758470452688,-95.10930965231708,361.94999999999595));
#8720=IFCCARTESIANPOINT((-167.72385453647658,-46.040277676834577,361.94999999999618));
#8721=IFCCARTESIANPOINT((-171.56454449679242,-2.1409905517330086,361.94999999999629));
#8722=IFCCARTESIANPOINT((-169.30873513556205,23.643028432190029,361.94999999999635));
#8723=IFCCARTESIANPOINT((-165.1012980036254,47.504590145726084,361.94999999999652));
#8724=IFCCARTESIANPOINT((-159.54843551970893,68.228155063144683,361.94999999999658));
#8725=IFCCARTESIANPOINT((-146.10859229502171,90.560513573980984,361.94999999999663));
#8726=IFCCARTESIANPOINT((-121.99808856299559,110.79162836302245,361.94999999999669));
#8727=IFCCARTESIANPOINT((-94.11728132458974,120.93941230511588,361.94999999999669));
#8728=IFCCARTESIANPOINT((-22.092002215444705,133.6394123051156,361.94999999999675));
#8729=IFCCARTESIANPOINT((-0.,133.6394123051156,361.94999999999675));
#8730=IFCCARTESIANPOINT((0.,152.39999999999816,361.94999999999681));
#8731=IFCCARTESIANPOINT((25.399999999999881,152.39999999999816,361.94999999999675));
#8732=IFCCARTESIANPOINT((22.092002215444783,133.63941230511563,361.94999999999669));
#8733=IFCCARTESIANPOINT((94.117281324589683,120.93941230511591,361.94999999999641));
#8734=IFCCARTESIANPOINT((121.99808856299552,110.79162836302248,361.94999999999629));
#8735=IFCCARTESIANPOINT((146.10859229502168,90.560513573980998,361.94999999999618));
#8736=IFCCARTESIANPOINT((159.54843551970893,68.228155063144698,361.94999999999601));
#8737=IFCCARTESIANPOINT((165.10129800362537,47.504590145726354,361.94999999999595));
#8738=IFCCARTESIANPOINT((169.3087351355621,23.64302843218962,361.94999999999584));
#8739=IFCCARTESIANPOINT((171.56454449679248,-2.1409905517328056,361.94999999999573));
#8740=IFCCARTESIANPOINT((167.72385453647661,-46.040277676834407,361.94999999999561));
#8741=IFCCARTESIANPOINT((154.57584704526892,-95.109309652316739,361.9499999999955));
#8742=IFCCARTESIANPOINT((136.65402096842669,-144.34912211383616,361.94999999999533));
#8743=IFCCARTESIANPOINT((114.0255101156356,-192.87612023847242,361.94999999999527));
#8744=IFCCARTESIANPOINT((79.214670347835352,-243.05640360594421,361.94999999999521));
#8745=IFCCARTESIANPOINT((58.417898508726125,-263.85317544505403,361.94999999999521));
#8746=IFCCARTESIANPOINT((39.511332295307213,-274.76888653782328,361.94999999999521));
#8747=IFCCARTESIANPOINT((12.522456535901501,-284.59203397055586,361.94999999999527));
#8748=IFCCARTESIANPOINT((12.699999999999951,-304.80000000000149,361.94999999999521));
#8749=IFCCARTESIANPOINT((47.592963227073518,-292.10000000000139,361.94999999999516));
#8750=IFCCARTESIANPOINT((69.59000848319819,-279.40000000000128,361.94999999999516));
#8751=IFCCARTESIANPOINT((94.990008483197713,-254.,361.94999999999516));
#8752=IFCCARTESIANPOINT((130.23075527719899,-203.20000000000053,361.94999999999521));
#8753=IFCCARTESIANPOINT((153.91918431147235,-152.40000000000273,361.94999999999527));
#8754=IFCCARTESIANPOINT((172.40887221219626,-101.59999999999907,361.94999999999538));
#8755=IFCCARTESIANPOINT((186.07248826841925,-50.606690663062551,361.94999999999555));
#8756=IFCCARTESIANPOINT((190.50000000000054,0.,361.94999999999567));
#8757=IFCCARTESIANPOINT((188.28624413421011,25.303345331530107,361.94999999999573));
#8758=IFCCARTESIANPOINT((183.79049599835307,50.799999999996388,361.9499999999959));
#8759=IFCCARTESIANPOINT((176.98458651060199,76.19999999999844,361.94999999999601));
#8760=IFCCARTESIANPOINT((162.58878358811108,101.59999999999857,361.94999999999618));
#8761=IFCCARTESIANPOINT((132.31824233621833,127.,361.94999999999629));
#8762=IFCCARTESIANPOINT((97.42527910914535,139.69999999999828,361.94999999999652));
#8763=IFCCARTESIANPOINT((91.549815856871305,139.69999999999862,328.62859207554334));
#8764=IFCCARTESIANPOINT((74.632093680876096,139.69999999999874,299.32623771838513));
#8765=IFCCARTESIANPOINT((48.712639554572505,139.69999999999879,277.57723332068741));
#8766=IFCCARTESIANPOINT((16.917722175994953,139.69999999999882,266.00482979393206));
#8767=IFCCARTESIANPOINT((-16.917722175995284,139.69999999999882,266.00482979393217));
#8768=IFCCARTESIANPOINT((-48.71263955457276,139.69999999999879,277.57723332068758));
#8769=IFCCARTESIANPOINT((-74.632093680876295,139.69999999999874,299.32623771838536));
#8770=IFCCARTESIANPOINT((-91.549815856871405,139.69999999999862,328.62859207554362));
#8771=IFCCARTESIANPOINT((-20.549031657123578,152.39999999999844,347.02025459176809));
#8772=IFCCARTESIANPOINT((-7.8490316571236614,152.39999999999847,337.79316448610007));
#8773=IFCCARTESIANPOINT((7.8490316571235779,152.39999999999847,337.79316448610001));
#8774=IFCCARTESIANPOINT((20.549031657123525,152.39999999999844,347.02025459176804));
#8775=IFCCARTESIANPOINT((-0.,152.39999999999847,337.79316448610001));
#8776=IFCCARTESIANPOINT((-22.974515828561728,152.39999999999841,354.48512729588248));
#8777=IFCCARTESIANPOINT((-14.199031657123619,152.39999999999847,342.40670953893402));
#8778=IFCCARTESIANPOINT((14.199031657123554,152.39999999999847,342.40670953893402));
#8779=IFCCARTESIANPOINT((22.974515828561703,152.39999999999841,354.48512729588236));
#8780=IFCCARTESIANPOINT((126.95842380262174,127.,324.67164326984977));
#8781=IFCCARTESIANPOINT((111.31318882335589,127.,290.41335729905558));
#8782=IFCCARTESIANPOINT((86.650021290645839,127.,261.95054467509595));
#8783=IFCCARTESIANPOINT((54.966984360486705,127.,241.58909320189963));
#8784=IFCCARTESIANPOINT((18.830849258684069,127.,230.97856658361042));
#8785=IFCCARTESIANPOINT((-18.830849258684438,127.,230.97856658361044));
#8786=IFCCARTESIANPOINT((-54.966984360487032,127.,241.58909320189983));
#8787=IFCCARTESIANPOINT((-86.650021290646109,127.,261.95054467509618));
#8788=IFCCARTESIANPOINT((-111.31318882335607,127.,290.41335729905586));
#8789=IFCCARTESIANPOINT((-126.95842380262182,127.,324.67164326985005));
#8790=IFCCARTESIANPOINT((157.04870513268057,101.59999999999901,319.86892628734086));
#8791=IFCCARTESIANPOINT((140.80601695771441,101.59999999999914,280.65560820594078));
#8792=IFCCARTESIANPOINT((114.96763142002513,101.59999999999926,246.98236857997097));
#8793=IFCCARTESIANPOINT((81.294391794055244,101.59999999999934,221.14398304228186));
#8794=IFCCARTESIANPOINT((42.081073712655005,101.59999999999938,204.9012948673159));
#8795=IFCCARTESIANPOINT((-0.,101.59999999999941,199.36121641188558));
#8796=IFCCARTESIANPOINT((-42.08107371265551,101.59999999999938,204.90129486731604));
#8797=IFCCARTESIANPOINT((-81.294391794055684,101.59999999999934,221.14398304228214));
#8798=IFCCARTESIANPOINT((-114.96763142002546,101.59999999999926,246.98236857997131));
#8799=IFCCARTESIANPOINT((-140.80601695771466,101.59999999999914,280.65560820594118));
#8800=IFCCARTESIANPOINT((-157.04870513268071,101.59999999999901,319.86892628734137));
#8801=IFCCARTESIANPOINT((170.95398296568217,76.199999999998909,316.14301832145759));
#8802=IFCCARTESIANPOINT((153.27314799646578,76.199999999999037,273.45770674469514));
#8803=IFCCARTESIANPOINT((125.14700128714354,76.19999999999915,236.80299871285246));
#8804=IFCCARTESIANPOINT((88.49229325530068,76.199999999999235,208.67685200353037));
#8805=IFCCARTESIANPOINT((45.806981678538158,76.199999999999307,190.99601703431415));
#8806=IFCCARTESIANPOINT((-0.,76.199999999999321,184.96541348939459));
#8807=IFCCARTESIANPOINT((-45.806981678538705,76.199999999999307,190.99601703431429));
#8808=IFCCARTESIANPOINT((-88.492293255301135,76.199999999999235,208.67685200353066));
#8809=IFCCARTESIANPOINT((-125.14700128714391,76.19999999999915,236.8029987128528));
#8810=IFCCARTESIANPOINT((-153.27314799646604,76.199999999999037,273.45770674469566));
#8811=IFCCARTESIANPOINT((-170.95398296568231,76.199999999998909,316.14301832145816));
#8812=IFCCARTESIANPOINT((177.52798671128676,50.799999999996778,314.38151932678358));
#8813=IFCCARTESIANPOINT((159.16723850871574,50.799999999996928,270.05475200081952));
#8814=IFCCARTESIANPOINT((129.95950603807418,50.799999999997048,231.99049396192171));
#8815=IFCCARTESIANPOINT((91.895247999176206,50.799999999997134,202.7827614912803));
#8816=IFCCARTESIANPOINT((47.5684806732121,50.799999999997198,184.42201328870948));
#8817=IFCCARTESIANPOINT((-0.,50.799999999997219,178.1595040016434));
#8818=IFCCARTESIANPOINT((-47.568480673212633,50.799999999997198,184.42201328870965));
#8819=IFCCARTESIANPOINT((-91.895247999176704,50.799999999997134,202.78276149128058));
#8820=IFCCARTESIANPOINT((-129.95950603807458,50.799999999997048,231.99049396192211));
#8821=IFCCARTESIANPOINT((-159.167238508716,50.799999999996928,270.05475200082003));
#8822=IFCCARTESIANPOINT((-177.52798671128687,50.799999999996778,314.38151932678409));
#8823=IFCCARTESIANPOINT((182.81498807599516,25.303345331530497,316.89015240880804));
#8824=IFCCARTESIANPOINT((166.71918941624745,25.303345331530632,274.44901937373845));
#8825=IFCCARTESIANPOINT((140.93427746722389,25.30334533153075,237.0931252795433));
#8826=IFCCARTESIANPOINT((106.95877758706025,25.303345331530853,206.99345890782715));
#8827=IFCCARTESIANPOINT((66.767222332874482,25.30334533153092,185.89930346027839));
#8828=IFCCARTESIANPOINT((22.695398805680654,25.303345331530952,175.03657457737333));
#8829=IFCCARTESIANPOINT((-22.695398805681258,25.303345331530952,175.03657457737339));
#8830=IFCCARTESIANPOINT((-66.767222332875093,25.30334533153092,185.89930346027865));
#8831=IFCCARTESIANPOINT((-106.95877758706079,25.303345331530853,206.99345890782749));
#8832=IFCCARTESIANPOINT((-140.93427746722429,25.30334533153075,237.09312527954378));
#8833=IFCCARTESIANPOINT((-166.7191894162477,25.303345331530632,274.44901937373896));
#8834=IFCCARTESIANPOINT((-182.8149880759953,25.303345331530497,316.89015240880866));
#8835=IFCCARTESIANPOINT((184.96441621966332,0.,316.36036595321588));
#8836=IFCCARTESIANPOINT((168.6793728869367,0.,273.42023572565768));
#8837=IFCCARTESIANPOINT((142.59129752659484,0.,235.62513360512406));
#8838=IFCCARTESIANPOINT((108.21633425228511,0.,205.17157354725404));
#8839=IFCCARTESIANPOINT((67.552230981602889,0.,183.82940576842412));
#8840=IFCCARTESIANPOINT((22.962237588638782,0.,172.8389594843164));
#8841=IFCCARTESIANPOINT((-22.962237588639393,0.,172.83895948431649));
#8842=IFCCARTESIANPOINT((-67.552230981603458,0.,183.82940576842432));
#8843=IFCCARTESIANPOINT((-108.21633425228563,0.,205.17157354725441));
#8844=IFCCARTESIANPOINT((-142.59129752659527,0.,235.62513360512455));
#8845=IFCCARTESIANPOINT((-168.67937288693702,0.,273.42023572565824));
#8846=IFCCARTESIANPOINT((-184.96441621966346,0.,316.36036595321644));
#8847=IFCCARTESIANPOINT((180.6655599323266,-50.606690663062039,317.41993886439991));
#8848=IFCCARTESIANPOINT((164.75900594555779,-50.606690663061904,275.47780302181894));
#8849=IFCCARTESIANPOINT((139.2772574078526,-50.606690663061769,238.5611169539624));
#8850=IFCCARTESIANPOINT((105.70122092183516,-50.60669066306167,208.8153442684002));
#8851=IFCCARTESIANPOINT((65.982213684146032,-50.606690663061599,187.96920115213274));
#8852=IFCCARTESIANPOINT((22.428560022722483,-50.606690663061563,177.23418967043025));
#8853=IFCCARTESIANPOINT((-22.428560022723119,-50.606690663061563,177.23418967043034));
#8854=IFCCARTESIANPOINT((-65.982213684146572,-50.606690663061599,187.96920115213291));
#8855=IFCCARTESIANPOINT((-105.70122092183567,-50.60669066306167,208.81534426840054));
#8856=IFCCARTESIANPOINT((-139.27725740785303,-50.606690663061769,238.56111695396291));
#8857=IFCCARTESIANPOINT((-164.75900594555807,-50.606690663061904,275.47780302181945));
#8858=IFCCARTESIANPOINT((-180.66555993232677,-50.606690663062039,317.41993886440059));
#8859=IFCCARTESIANPOINT((166.53418235113196,-101.59999999999859,317.32730032683241));
#8860=IFCCARTESIANPOINT((149.31046317358673,-101.59999999999846,275.74556389389744));
#8861=IFCCARTESIANPOINT((121.91148267796861,-101.59999999999832,240.03851732202679));
#8862=IFCCARTESIANPOINT((86.204436106097816,-101.59999999999826,212.63953682640883));
#8863=IFCCARTESIANPOINT((44.622699673162842,-101.59999999999819,195.41581764886382));
#8864=IFCCARTESIANPOINT((-0.,-101.59999999999819,189.5411277877997));
#8865=IFCCARTESIANPOINT((-44.622699673163375,-101.59999999999819,195.41581764886396));
#8866=IFCCARTESIANPOINT((-86.204436106098285,-101.59999999999826,212.63953682640911));
#8867=IFCCARTESIANPOINT((-121.91148267796896,-101.59999999999832,240.03851732202716));
#8868=IFCCARTESIANPOINT((-149.31046317358698,-101.59999999999846,275.7455638938979));
#8869=IFCCARTESIANPOINT((-166.53418235113205,-101.59999999999859,317.32730032683287));
#8870=IFCCARTESIANPOINT((147.68437585133239,-152.40000000000228,318.58595465697709));
#8871=IFCCARTESIANPOINT((129.48505757251965,-152.40000000000214,278.73500637174237));
#8872=IFCCARTESIANPOINT((100.79563000647018,-152.400000000002,245.62564197164573));
#8873=IFCCARTESIANPOINT((63.940339951989806,-152.40000000000194,221.94018525141124));
#8874=IFCCARTESIANPOINT((21.904983822442926,-152.40000000000194,209.59749105167717));
#8875=IFCCARTESIANPOINT((-21.904983822443384,-152.40000000000194,209.59749105167722));
#8876=IFCCARTESIANPOINT((-63.94033995199019,-152.40000000000194,221.94018525141141));
#8877=IFCCARTESIANPOINT((-100.79563000647047,-152.400000000002,245.62564197164599));
#8878=IFCCARTESIANPOINT((-129.48505757251988,-152.40000000000214,278.73500637174266));
#8879=IFCCARTESIANPOINT((-147.6843758513325,-152.40000000000228,318.58595465697744));
#8880=IFCCARTESIANPOINT((124.95549463698148,-203.20000000000041,325.25975633635954));
#8881=IFCCARTESIANPOINT((109.5570829602165,-203.20000000000033,291.54193800907063));
#8882=IFCCARTESIANPOINT((85.283007983075166,-203.20000000000019,263.52816213141875));
#8883=IFCCARTESIANPOINT((54.099810896722907,-203.20000000000013,243.487938220671));
#8884=IFCCARTESIANPOINT((18.53376887548216,-203.20000000000013,233.04480603427561));
#8885=IFCCARTESIANPOINT((-18.533768875482522,-203.20000000000013,233.04480603427561));
#8886=IFCCARTESIANPOINT((-54.099810896723241,-203.20000000000013,243.48793822067117));
#8887=IFCCARTESIANPOINT((-85.283007983075422,-203.20000000000019,263.52816213141898));
#8888=IFCCARTESIANPOINT((-109.55708296021668,-203.20000000000033,291.54193800907092));
#8889=IFCCARTESIANPOINT((-124.95549463698158,-203.20000000000041,325.25975633635989));
#8890=IFCCARTESIANPOINT((89.261410020051628,-254.,329.46150368406546));
#8891=IFCCARTESIANPOINT((72.766568150378035,-254.,300.89159950297648));
#8892=IFCCARTESIANPOINT((47.495004241598693,-254.,279.68623954784675));
#8893=IFCCARTESIANPOINT((16.494841869673365,-254.,268.40310318704684));
#8894=IFCCARTESIANPOINT((-16.494841869673667,-254.,268.40310318704695));
#8895=IFCCARTESIANPOINT((-47.495004241598942,-254.,279.68623954784692));
#8896=IFCCARTESIANPOINT((-72.76656815037822,-254.,300.89159950297676));
#8897=IFCCARTESIANPOINT((-89.261410020051741,-254.,329.46150368406569));
#8898=IFCCARTESIANPOINT((64.292784504913556,-279.40000000000123,335.31905669532915));
#8899=IFCCARTESIANPOINT((49.207566901298691,-279.40000000000117,312.74243309869638));
#8900=IFCCARTESIANPOINT((26.630943304665863,-279.40000000000106,297.65721549508169));
#8901=IFCCARTESIANPOINT((-0.,-279.40000000000106,292.35999151679715));
#8902=IFCCARTESIANPOINT((-26.630943304666072,-279.40000000000106,297.65721549508174));
#8903=IFCCARTESIANPOINT((-49.207566901298847,-279.40000000000117,312.74243309869661));
#8904=IFCCARTESIANPOINT((-64.292784504913627,-279.40000000000123,335.31905669532938));
#8905=IFCCARTESIANPOINT((-91.832891200643644,-254.,344.04509815304658));
#8906=IFCCARTESIANPOINT((-66.941396494055908,-279.40000000000123,348.6345283476623));
#8907=IFCCARTESIANPOINT((-37.919255102982454,-279.40000000000111,305.19982429688918));
#8908=IFCCARTESIANPOINT((-56.750175703106244,-279.40000000000117,324.03074489701299));
#8909=IFCCARTESIANPOINT((-13.315471652333091,-279.40000000000106,295.00860350593945));
#8910=IFCCARTESIANPOINT((91.832891172846004,-254.,344.04509799539846));
#8911=IFCCARTESIANPOINT((66.941396494055866,-279.40000000000123,348.63452834766218));
#8912=IFCCARTESIANPOINT((13.315471652332871,-279.40000000000106,295.00860350593939));
#8913=IFCCARTESIANPOINT((56.750175703106123,-279.40000000000117,324.03074489701277));
#8914=IFCCARTESIANPOINT((37.919255102982277,-279.40000000000111,305.19982429688906));
#8915=IFCCARTESIANPOINT((42.879778198817831,-292.10000000000139,341.30018715934813));
#8916=IFCCARTESIANPOINT((29.673727212317971,-292.10000000000133,324.7403230051259));
#8917=IFCCARTESIANPOINT((10.590430627036842,-292.10000000000133,315.55029172647818));
#8918=IFCCARTESIANPOINT((-10.590430627036991,-292.10000000000133,315.55029172647818));
#8919=IFCCARTESIANPOINT((-29.673727212318092,-292.10000000000133,324.74032300512596));
#8920=IFCCARTESIANPOINT((-42.879778198817903,-292.10000000000139,341.30018715934824));
#8921=IFCCARTESIANPOINT((-66.493324788452057,-279.40000000000134,346.3819197667757));
#8922=IFCCARTESIANPOINT((-45.236370712945714,-292.10000000000139,351.62509357967173));
#8923=IFCCARTESIANPOINT((-36.276752705567993,-292.10000000000133,333.0202550822371));
#8924=IFCCARTESIANPOINT((45.236370712945671,-292.10000000000139,351.62509357967161));
#8925=IFCCARTESIANPOINT((36.276752705567894,-292.10000000000133,333.02025508223699));
#8926=IFCCARTESIANPOINT((-20.132078919677543,-292.10000000000133,320.14530736580213));
#8927=IFCCARTESIANPOINT((-0.,-292.10000000000133,315.55029172647818));
#8928=IFCCARTESIANPOINT((20.132078919677408,-292.10000000000133,320.14530736580207));
#8929=IFCCARTESIANPOINT((8.9802561210690985,-304.80000000000166,352.96974387892607));
#8930=IFCCARTESIANPOINT((-0.,-304.80000000000149,349.24999999999534));
#8931=IFCCARTESIANPOINT((-8.980256121069127,-304.80000000000166,352.96974387892618));
#8932=IFCCARTESIANPOINT((10.840128060534527,-304.80000000000166,357.45987193946064));
#8933=IFCCARTESIANPOINT((4.4901280605345386,-304.80000000000155,351.10987193946073));
#8934=IFCCARTESIANPOINT((-4.4901280605345724,-304.80000000000149,351.10987193946073));
#8935=IFCCARTESIANPOINT((-10.840128060534539,-304.80000000000166,357.45987193946075));
#8936=IFCCARTESIANPOINT((-2.2450640302672968,-304.80000000000149,350.17993596972804));
#8937=IFCCARTESIANPOINT((2.2450640302672604,-304.80000000000149,350.17993596972804));
#8938=IFCCARTESIANPOINT((6.7351920908018164,-304.80000000000166,352.03980790919343));
#8939=IFCCARTESIANPOINT((-11.770064030267244,-304.80000000000166,359.70493596972801));
#8940=IFCCARTESIANPOINT((-9.9101920908018322,-304.80000000000166,355.2148079091935));
#8941=IFCCARTESIANPOINT((-6.7351920908018492,-304.80000000000166,352.03980790919343));
#8942=IFCCARTESIANPOINT((11.770064030267239,-304.80000000000166,359.70493596972796));
#8943=IFCCARTESIANPOINT((9.9101920908018108,-304.80000000000166,355.21480790919338));
#8944=IFCCARTESIANPOINT((8.854713933649732,-284.5920339705558,353.09528606634558));
#8945=IFCCARTESIANPOINT((-0.,-284.5920339705558,349.42754346409379));
#8946=IFCCARTESIANPOINT((-8.8547139336497622,-284.5920339705558,353.09528606634558));
#8947=IFCCARTESIANPOINT((34.217817505104513,-274.76888653782328,342.19433385234163));
#8948=IFCCARTESIANPOINT((19.755666147653539,-274.76888653782322,327.73218249489076));
#8949=IFCCARTESIANPOINT((-0.,-274.76888653782322,322.4386677046881));
#8950=IFCCARTESIANPOINT((-19.755666147653642,-274.76888653782322,327.73218249489082));
#8951=IFCCARTESIANPOINT((-34.21781750510457,-274.76888653782328,342.19433385234174));
#8952=IFCCARTESIANPOINT((-10.68858523477563,-284.59203397055592,357.52264303317043));
#8953=IFCCARTESIANPOINT((-4.4273569668248909,-284.59203397055592,351.26141476521963));
#8954=IFCCARTESIANPOINT((4.4273569668248571,-284.59203397055592,351.26141476521963));
#8955=IFCCARTESIANPOINT((10.688585234775617,-284.59203397055592,357.52264303317043));
#8956=IFCCARTESIANPOINT((-9.771649584212696,-284.59203397055592,355.308964549758));
#8957=IFCCARTESIANPOINT((-2.2136784834124557,-284.59203397055586,350.34447911465674));
#8958=IFCCARTESIANPOINT((-9.8778330738268529,-274.76888653782322,325.08542509978952));
#8959=IFCCARTESIANPOINT((-36.864574900205895,-274.76888653782333,352.07216692616856));
#8960=IFCCARTESIANPOINT((-11.605520885338565,-284.59203397055592,359.73632151658285));
#8961=IFCCARTESIANPOINT((9.8778330738267375,-274.76888653782322,325.08542509978946));
#8962=IFCCARTESIANPOINT((6.641035450237295,-284.59203397055592,352.17835041578263));
#8963=IFCCARTESIANPOINT((9.7716495842126747,-284.59203397055597,355.30896454975795));
#8964=IFCCARTESIANPOINT((36.864574900205859,-274.76888653782333,352.07216692616845));
#8965=IFCCARTESIANPOINT((11.60552088533856,-284.59203397055597,359.73632151658285));
#8966=IFCCARTESIANPOINT((-6.6410354502373279,-284.59203397055592,352.17835041578269));
#8967=IFCCARTESIANPOINT((2.2136784834124184,-284.59203397055586,350.34447911465674));
#8968=IFCCARTESIANPOINT((26.986741826379028,-274.76888653782322,334.96325817361623));
#8969=IFCCARTESIANPOINT((-26.986741826379109,-274.76888653782322,334.96325817361634));
#8970=IFCCARTESIANPOINT((52.63270788464532,-263.85317544505403,336.60342376363917));
#8971=IFCCARTESIANPOINT((36.422963966209146,-263.85317544505398,316.27704780625106));
#8972=IFCCARTESIANPOINT((12.999205335926819,-263.85317544505392,304.99676017283332));
#8973=IFCCARTESIANPOINT((-12.999205335927002,-263.85317544505392,304.99676017283338));
#8974=IFCCARTESIANPOINT((-36.422963966209295,-263.85317544505398,316.27704780625118));
#8975=IFCCARTESIANPOINT((-52.632707884645406,-263.85317544505403,336.60342376363928));
#8976=IFCCARTESIANPOINT((-24.711084651068152,-263.85317544505392,310.63690398954225));
#8977=IFCCARTESIANPOINT((-0.,-263.85317544505392,304.99676017283332));
#8978=IFCCARTESIANPOINT((-55.525303196685769,-263.85317544505409,349.27671188181739));
#8979=IFCCARTESIANPOINT((55.525303196685719,-263.85317544505409,349.27671188181711));
#8980=IFCCARTESIANPOINT((-44.527835925427354,-263.85317544505403,326.44023578494517));
#8981=IFCCARTESIANPOINT((24.711084651067988,-263.85317544505392,310.63690398954225));
#8982=IFCCARTESIANPOINT((44.527835925427233,-263.85317544505403,326.44023578494512));
#8983=IFCCARTESIANPOINT((73.184812608993738,-243.05640360594421,331.63585805761659));
#8984=IFCCARTESIANPOINT((56.013230572411175,-243.05640360594407,305.93676942758407));
#8985=IFCCARTESIANPOINT((30.314141942378598,-243.05640360594407,288.76518739100158));
#8986=IFCCARTESIANPOINT((-0.,-243.05640360594401,282.73532965216009));
#8987=IFCCARTESIANPOINT((-30.314141942378814,-243.05640360594407,288.76518739100169));
#8988=IFCCARTESIANPOINT((-56.013230572411352,-243.05640360594407,305.93676942758418));
#8989=IFCCARTESIANPOINT((-73.184812608993823,-243.05640360594421,331.63585805761676));
#8990=IFCCARTESIANPOINT((-15.157070971189471,-243.05640360594404,285.75025852158092));
#8991=IFCCARTESIANPOINT((15.15707097118924,-243.05640360594404,285.75025852158086));
#8992=IFCCARTESIANPOINT((-76.19974147841458,-243.05640360594424,346.79292902880616));
#8993=IFCCARTESIANPOINT((-64.599021590702591,-243.05640360594415,318.7863137426005));
#8994=IFCCARTESIANPOINT((-43.163686257395078,-243.05640360594407,297.35097840929296));
#8995=IFCCARTESIANPOINT((43.163686257394886,-243.05640360594407,297.35097840929285));
#8996=IFCCARTESIANPOINT((76.199741478414538,-243.05640360594424,346.79292902880587));
#8997=IFCCARTESIANPOINT((64.599021590702463,-243.0564036059441,318.78631374260027));
#8998=IFCCARTESIANPOINT((108.44470441935405,-192.87612023847234,326.7141795819914));
#8999=IFCCARTESIANPOINT((92.248575475821454,-192.87612023847228,294.92748676889852));
#9000=IFCCARTESIANPOINT((67.022513231096568,-192.87612023847223,269.70142452417377));
#9001=IFCCARTESIANPOINT((35.235820418003627,-192.87612023847214,253.50529558064136));
#9002=IFCCARTESIANPOINT((-0.,-192.87612023847214,247.92448988436004));
#9003=IFCCARTESIANPOINT((-35.235820418004025,-192.87612023847214,253.5052955806415));
#9004=IFCCARTESIANPOINT((-67.022513231096923,-192.87612023847223,269.701424524174));
#9005=IFCCARTESIANPOINT((-92.24857547582171,-192.87612023847228,294.92748676889892));
#9006=IFCCARTESIANPOINT((-108.4447044193542,-192.87612023847234,326.7141795819918));
#9007=IFCCARTESIANPOINT((131.11857293537352,-144.34912211383593,323.45011326989828));
#9008=IFCCARTESIANPOINT((114.96067791527511,-144.34912211383582,288.069258395031));
#9009=IFCCARTESIANPOINT((89.489352467958085,-144.34912211383573,258.67378181930928));
#9010=IFCCARTESIANPOINT((56.768131897358835,-144.34912211383568,237.64513023326754));
#9011=IFCCARTESIANPOINT((19.44789489351556,-144.34912211383568,226.68691992620046));
#9012=IFCCARTESIANPOINT((-19.44789489351594,-144.34912211383568,226.68691992620052));
#9013=IFCCARTESIANPOINT((-56.768131897359176,-144.34912211383568,237.64513023326771));
#9014=IFCCARTESIANPOINT((-89.489352467958369,-144.34912211383573,258.67378181930951));
#9015=IFCCARTESIANPOINT((-114.9606779152753,-144.34912211383582,288.06925839503128));
#9016=IFCCARTESIANPOINT((-131.11857293537361,-144.34912211383593,323.45011326989862));
#9017=IFCCARTESIANPOINT((148.3144391304447,-95.109309652316639,318.40095138600225));
#9018=IFCCARTESIANPOINT((130.0374774172046,-95.109309652316497,278.3799876945501));
#9019=IFCCARTESIANPOINT((101.2256526462787,-95.109309652316398,245.12936939008486));
#9020=IFCCARTESIANPOINT((64.213127510087773,-95.109309652316327,221.34286381859306));
#9021=IFCCARTESIANPOINT((21.998436673203283,-95.10930965231627,208.94751219768136));
#9022=IFCCARTESIANPOINT((-21.99843667320371,-95.10930965231627,208.94751219768142));
#9023=IFCCARTESIANPOINT((-64.213127510088142,-95.109309652316327,221.34286381859326));
#9024=IFCCARTESIANPOINT((-101.22565264627903,-95.109309652316398,245.12936939008515));
#9025=IFCCARTESIANPOINT((-130.03747741720483,-95.109309652316497,278.37998769455044));
#9026=IFCCARTESIANPOINT((-148.31443913044481,-95.109309652316639,318.40095138600265));
#9027=IFCCARTESIANPOINT((162.00880278153355,-46.040277676833966,318.53987212795067));
#9028=IFCCARTESIANPOINT((145.2531188492344,-46.040277676833831,278.08807273175745));
#9029=IFCCARTESIANPOINT((118.59867490948844,-46.040277676833732,243.3513250905072));
#9030=IFCCARTESIANPOINT((83.86192726823802,-46.040277676833625,216.69688115076133));
#9031=IFCCARTESIANPOINT((43.410127872044662,-46.04027767683359,199.94119721846241));
#9032=IFCCARTESIANPOINT((-0.,-46.040277676833561,194.22614546351954));
#9033=IFCCARTESIANPOINT((-43.410127872045187,-46.04027767683359,199.94119721846255));
#9034=IFCCARTESIANPOINT((-83.86192726823846,-46.040277676833625,216.69688115076161));
#9035=IFCCARTESIANPOINT((-118.59867490948881,-46.040277676833732,243.35132509050754));
#9036=IFCCARTESIANPOINT((-145.25311884923465,-46.040277676833831,278.0880727317579));
#9037=IFCCARTESIANPOINT((-162.00880278153366,-46.040277676833966,318.53987212795118));
#9038=IFCCARTESIANPOINT((165.71862440497179,-2.1409905517323318,317.54582841988713));
#9039=IFCCARTESIANPOINT((148.57925392292776,-2.1409905517321963,276.16772775159967));
#9040=IFCCARTESIANPOINT((121.31445282486285,-2.1409905517320613,240.63554717513287));
#9041=IFCCARTESIANPOINT((85.782272248395941,-2.1409905517319934,213.37074607706811));
#9042=IFCCARTESIANPOINT((44.404171580108439,-2.1409905517319259,196.23137559502433));
#9043=IFCCARTESIANPOINT((-0.,-2.1409905517319259,190.38545550320381));
#9044=IFCCARTESIANPOINT((-44.404171580108972,-2.1409905517319259,196.23137559502445));
#9045=IFCCARTESIANPOINT((-85.782272248396382,-2.1409905517319934,213.37074607706839));
#9046=IFCCARTESIANPOINT((-121.31445282486321,-2.1409905517320613,240.63554717513324));
#9047=IFCCARTESIANPOINT((-148.57925392292805,-2.1409905517321963,276.16772775160013));
#9048=IFCCARTESIANPOINT((-165.71862440497188,-2.1409905517323318,317.54582841988758));
#9049=IFCCARTESIANPOINT((163.53967988377471,23.643028432190111,318.12967484469414));
#9050=IFCCARTESIANPOINT((146.62566571000755,23.643028432190249,277.29563243221497));
#9051=IFCCARTESIANPOINT((119.71935472847278,23.643028432190366,242.23064527152306));
#9052=IFCCARTESIANPOINT((84.654367567780767,23.643028432190452,215.32433428998843));
#9053=IFCCARTESIANPOINT((43.820325155301475,23.643028432190501,198.4103201162215));
#9054=IFCCARTESIANPOINT((-0.,23.643028432190519,192.64126486443428));
#9055=IFCCARTESIANPOINT((-43.820325155302008,23.643028432190501,198.41032011622158));
#9056=IFCCARTESIANPOINT((-84.654367567781208,23.643028432190452,215.32433428998871));
#9057=IFCCARTESIANPOINT((-119.71935472847314,23.643028432190366,242.2306452715234));
#9058=IFCCARTESIANPOINT((-146.62566571000781,23.643028432190249,277.29563243221537));
#9059=IFCCARTESIANPOINT((-163.53967988377482,23.643028432190111,318.12967484469465));
#9060=IFCCARTESIANPOINT((159.4756076955494,47.504590145726738,319.21863970551095));
#9061=IFCCARTESIANPOINT((142.98191826892437,47.504590145726873,279.39935099818342));
#9062=IFCCARTESIANPOINT((116.74424740106423,47.504590145726979,245.20575259893172));
#9063=IFCCARTESIANPOINT((82.550649001812388,47.504590145727065,218.96808173107172));
#9064=IFCCARTESIANPOINT((42.731360294484766,47.504590145727114,202.47439230444687));
#9065=IFCCARTESIANPOINT((-0.,47.504590145727128,196.84870199637109));
#9066=IFCCARTESIANPOINT((-42.731360294485235,47.504590145727114,202.47439230444698));
#9067=IFCCARTESIANPOINT((-82.550649001812829,47.504590145727065,218.96808173107198));
#9068=IFCCARTESIANPOINT((-116.74424740106458,47.504590145726979,245.20575259893204));
#9069=IFCCARTESIANPOINT((-142.98191826892463,47.504590145726873,279.39935099818382));
#9070=IFCCARTESIANPOINT((-159.47560769554954,47.504590145726738,319.21863970551141));
#9071=IFCCARTESIANPOINT((154.11195441250288,68.228155063145081,320.65582627118391));
#9072=IFCCARTESIANPOINT((138.17299829413119,68.228155063145195,282.1757822401417));
#9073=IFCCARTESIANPOINT((112.81778068369056,68.228155063145309,249.13221931630548));
#9074=IFCCARTESIANPOINT((79.774217759854196,68.22815506314538,223.77700170586496));
#9075=IFCCARTESIANPOINT((41.294173728811877,68.228155063145437,207.83804558749347));
#9076=IFCCARTESIANPOINT((-0.,68.228155063145451,202.40156448028759));
#9077=IFCCARTESIANPOINT((-41.294173728812382,68.228155063145437,207.83804558749358));
#9078=IFCCARTESIANPOINT((-79.774217759854608,68.22815506314538,223.77700170586519));
#9079=IFCCARTESIANPOINT((-112.81778068369088,68.228155063145309,249.13221931630579));
#9080=IFCCARTESIANPOINT((-138.17299829413145,68.228155063145195,282.1757822401421));
#9081=IFCCARTESIANPOINT((-154.111954412503,68.228155063145081,320.65582627118437));
#9082=IFCCARTESIANPOINT((140.1901676917785,90.560513573981368,320.78645271621781));
#9083=IFCCARTESIANPOINT((122.91436944517753,90.560513573981495,282.95773122432922));
#9084=IFCCARTESIANPOINT((95.680779986030117,90.560513573981595,251.52849356353394));
#9085=IFCCARTESIANPOINT((60.695702767923542,90.560513573981666,229.04494965223611));
#9086=IFCCARTESIANPOINT((20.793420682803152,90.560513573981709,217.32858250334488));
#9087=IFCCARTESIANPOINT((-20.793420682803561,90.560513573981709,217.3285825033449));
#9088=IFCCARTESIANPOINT((-60.695702767923905,90.560513573981666,229.04494965223628));
#9089=IFCCARTESIANPOINT((-95.680779986030416,90.560513573981595,251.52849356353423));
#9090=IFCCARTESIANPOINT((-122.91436944517774,90.560513573981495,282.95773122432951));
#9091=IFCCARTESIANPOINT((-140.19016769177861,90.560513573981368,320.78645271621821));
#9092=IFCCARTESIANPOINT((116.02707710339,110.79162836302282,324.25051735277077));
#9093=IFCCARTESIANPOINT((98.698526928723055,110.79162836302295,290.24132273479654));
#9094=IFCCARTESIANPOINT((71.70867726519954,110.79162836302304,263.25147307127321));
#9095=IFCCARTESIANPOINT((37.69948264722526,110.79162836302309,245.92292289660645));
#9096=IFCCARTESIANPOINT((-0.,110.79162836302312,239.95191143700117));
#9097=IFCCARTESIANPOINT((-37.699482647225686,110.79162836302309,245.92292289660659));
#9098=IFCCARTESIANPOINT((-71.70867726519991,110.79162836302304,263.25147307127349));
#9099=IFCCARTESIANPOINT((-98.698526928723325,110.79162836302295,290.24132273479694));
#9100=IFCCARTESIANPOINT((-116.02707710339016,110.79162836302282,324.25051735277117));
#9101=IFCCARTESIANPOINT((88.441314749148219,120.93941230511633,329.75999395193804));
#9102=IFCCARTESIANPOINT((72.09802036016734,120.93941230511642,301.45257770716796));
#9103=IFCCARTESIANPOINT((47.058640662294678,120.93941230511649,280.44204343777523));
#9104=IFCCARTESIANPOINT((16.343294388980645,120.93941230511652,269.26257165910965));
#9105=IFCCARTESIANPOINT((-16.343294388980947,120.93941230511652,269.26257165910971));
#9106=IFCCARTESIANPOINT((-47.058640662294927,120.93941230511649,280.44204343777534));
#9107=IFCCARTESIANPOINT((-72.098020360167538,120.93941230511642,301.45257770716819));
#9108=IFCCARTESIANPOINT((-88.441314749148319,120.93941230511633,329.75999395193827));
#9109=IFCCARTESIANPOINT((17.872805232063783,133.639412305116,348.96464690414564));
#9110=IFCCARTESIANPOINT((6.8268041243413826,133.63941230511602,340.939257334991));
#9111=IFCCARTESIANPOINT((-6.8268041243414554,133.63941230511602,340.93925733499105));
#9112=IFCCARTESIANPOINT((-17.872805232063826,133.639412305116,348.9646469041457));
#9113=IFCCARTESIANPOINT((-0.,133.63941230511602,340.93925733499105));
#9114=IFCCARTESIANPOINT((-91.535263460382652,120.93941230511625,347.3066490287909));
#9115=IFCCARTESIANPOINT((-19.982403723754306,133.639412305116,355.45732345207119));
#9116=IFCCARTESIANPOINT((-12.34980467820264,133.639412305116,344.95195211956838));
#9117=IFCCARTESIANPOINT((12.349804678202583,133.63941230511602,344.95195211956826));
#9118=IFCCARTESIANPOINT((19.982403723754285,133.639412305116,355.45732345207119));
#9119=IFCCARTESIANPOINT((91.279298036868994,120.93941230511626,345.8549969759672));
#9120=IFCCARTESIANPOINT((49.204614936034105,127.79741235700529,336.87899655450474));
#9121=IFCCARTESIANPOINT((9.5883044012719854,133.63941230511602,342.94560472727966));
#9122=IFCPOLYLOOP((#8730,#8695,#8728));
#9123=IFCFACEOUTERBOUND(#9122,.T.);
#9124=IFCFACE((#9123));
#9125=IFCPOLYLOOP((#8728,#8729,#8730));
#9126=IFCFACEOUTERBOUND(#9125,.T.);
#9127=IFCFACE((#9126));
#9128=IFCPOLYLOOP((#8730,#8729,#8732));
#9129=IFCFACEOUTERBOUND(#9128,.T.);
#9130=IFCFACE((#9129));
#9131=IFCPOLYLOOP((#8732,#8731,#8730));
#9132=IFCFACEOUTERBOUND(#9131,.T.);
#9133=IFCFACE((#9132));
#9134=IFCPOLYLOOP((#8695,#8696,#8728));
#9135=IFCFACEOUTERBOUND(#9134,.T.);
#9136=IFCFACE((#9135));
#9137=IFCPOLYLOOP((#8696,#8727,#8728));
#9138=IFCFACEOUTERBOUND(#9137,.T.);
#9139=IFCFACE((#9138));
#9140=IFCPOLYLOOP((#8727,#8696,#8726));
#9141=IFCFACEOUTERBOUND(#9140,.T.);
#9142=IFCFACE((#9141));
#9143=IFCPOLYLOOP((#8696,#8697,#8726));
#9144=IFCFACEOUTERBOUND(#9143,.T.);
#9145=IFCFACE((#9144));
#9146=IFCPOLYLOOP((#8726,#8697,#8725));
#9147=IFCFACEOUTERBOUND(#9146,.T.);
#9148=IFCFACE((#9147));
#9149=IFCPOLYLOOP((#8697,#8698,#8725));
#9150=IFCFACEOUTERBOUND(#9149,.T.);
#9151=IFCFACE((#9150));
#9152=IFCPOLYLOOP((#8724,#8725,#8698));
#9153=IFCFACEOUTERBOUND(#9152,.T.);
#9154=IFCFACE((#9153));
#9155=IFCPOLYLOOP((#8698,#8699,#8724));
#9156=IFCFACEOUTERBOUND(#9155,.T.);
#9157=IFCFACE((#9156));
#9158=IFCPOLYLOOP((#8700,#8724,#8699));
#9159=IFCFACEOUTERBOUND(#9158,.T.);
#9160=IFCFACE((#9159));
#9161=IFCPOLYLOOP((#8700,#8723,#8724));
#9162=IFCFACEOUTERBOUND(#9161,.T.);
#9163=IFCFACE((#9162));
#9164=IFCPOLYLOOP((#8700,#8722,#8723));
#9165=IFCFACEOUTERBOUND(#9164,.T.);
#9166=IFCFACE((#9165));
#9167=IFCPOLYLOOP((#8722,#8700,#8701));
#9168=IFCFACEOUTERBOUND(#9167,.T.);
#9169=IFCFACE((#9168));
#9170=IFCPOLYLOOP((#8722,#8701,#8702));
#9171=IFCFACEOUTERBOUND(#9170,.T.);
#9172=IFCFACE((#9171));
#9173=IFCPOLYLOOP((#8702,#8721,#8722));
#9174=IFCFACEOUTERBOUND(#9173,.T.);
#9175=IFCFACE((#9174));
#9176=IFCPOLYLOOP((#8721,#8702,#8703));
#9177=IFCFACEOUTERBOUND(#9176,.T.);
#9178=IFCFACE((#9177));
#9179=IFCPOLYLOOP((#8703,#8720,#8721));
#9180=IFCFACEOUTERBOUND(#9179,.T.);
#9181=IFCFACE((#9180));
#9182=IFCPOLYLOOP((#8703,#8719,#8720));
#9183=IFCFACEOUTERBOUND(#9182,.T.);
#9184=IFCFACE((#9183));
#9185=IFCPOLYLOOP((#8703,#8704,#8719));
#9186=IFCFACEOUTERBOUND(#9185,.T.);
#9187=IFCFACE((#9186));
#9188=IFCPOLYLOOP((#8718,#8719,#8704));
#9189=IFCFACEOUTERBOUND(#9188,.T.);
#9190=IFCFACE((#9189));
#9191=IFCPOLYLOOP((#8705,#8718,#8704));
#9192=IFCFACEOUTERBOUND(#9191,.T.);
#9193=IFCFACE((#9192));
#9194=IFCPOLYLOOP((#8717,#8718,#8705));
#9195=IFCFACEOUTERBOUND(#9194,.T.);
#9196=IFCFACE((#9195));
#9197=IFCPOLYLOOP((#8706,#8717,#8705));
#9198=IFCFACEOUTERBOUND(#9197,.T.);
#9199=IFCFACE((#9198));
#9200=IFCPOLYLOOP((#8717,#8706,#8707));
#9201=IFCFACEOUTERBOUND(#9200,.T.);
#9202=IFCFACE((#9201));
#9203=IFCPOLYLOOP((#8716,#8717,#8707));
#9204=IFCFACEOUTERBOUND(#9203,.T.);
#9205=IFCFACE((#9204));
#9206=IFCPOLYLOOP((#8708,#8716,#8707));
#9207=IFCFACEOUTERBOUND(#9206,.T.);
#9208=IFCFACE((#9207));
#9209=IFCPOLYLOOP((#8716,#8708,#8715));
#9210=IFCFACEOUTERBOUND(#9209,.T.);
#9211=IFCFACE((#9210));
#9212=IFCPOLYLOOP((#8709,#8715,#8708));
#9213=IFCFACEOUTERBOUND(#9212,.T.);
#9214=IFCFACE((#9213));
#9215=IFCPOLYLOOP((#8715,#8709,#8714));
#9216=IFCFACEOUTERBOUND(#9215,.T.);
#9217=IFCFACE((#9216));
#9218=IFCPOLYLOOP((#8714,#8709,#8713));
#9219=IFCFACEOUTERBOUND(#9218,.T.);
#9220=IFCFACE((#9219));
#9221=IFCPOLYLOOP((#8713,#8709,#8710));
#9222=IFCFACEOUTERBOUND(#9221,.T.);
#9223=IFCFACE((#9222));
#9224=IFCPOLYLOOP((#8710,#8711,#8713));
#9225=IFCFACEOUTERBOUND(#9224,.T.);
#9226=IFCFACE((#9225));
#9227=IFCPOLYLOOP((#8712,#8713,#8711));
#9228=IFCFACEOUTERBOUND(#9227,.T.);
#9229=IFCFACE((#9228));
#9230=IFCPOLYLOOP((#8711,#8747,#8712));
#9231=IFCFACEOUTERBOUND(#9230,.T.);
#9232=IFCFACE((#9231));
#9233=IFCPOLYLOOP((#8747,#8711,#8748));
#9234=IFCFACEOUTERBOUND(#9233,.T.);
#9235=IFCFACE((#9234));
#9236=IFCPOLYLOOP((#8748,#8749,#8747));
#9237=IFCFACEOUTERBOUND(#9236,.T.);
#9238=IFCFACE((#9237));
#9239=IFCPOLYLOOP((#8747,#8749,#8746));
#9240=IFCFACEOUTERBOUND(#9239,.T.);
#9241=IFCFACE((#9240));
#9242=IFCPOLYLOOP((#8746,#8749,#8745));
#9243=IFCFACEOUTERBOUND(#9242,.T.);
#9244=IFCFACE((#9243));
#9245=IFCPOLYLOOP((#8750,#8745,#8749));
#9246=IFCFACEOUTERBOUND(#9245,.T.);
#9247=IFCFACE((#9246));
#9248=IFCPOLYLOOP((#8745,#8750,#8744));
#9249=IFCFACEOUTERBOUND(#9248,.T.);
#9250=IFCFACE((#9249));
#9251=IFCPOLYLOOP((#8751,#8744,#8750));
#9252=IFCFACEOUTERBOUND(#9251,.T.);
#9253=IFCFACE((#9252));
#9254=IFCPOLYLOOP((#8751,#8743,#8744));
#9255=IFCFACEOUTERBOUND(#9254,.T.);
#9256=IFCFACE((#9255));
#9257=IFCPOLYLOOP((#8751,#8752,#8743));
#9258=IFCFACEOUTERBOUND(#9257,.T.);
#9259=IFCFACE((#9258));
#9260=IFCPOLYLOOP((#8753,#8743,#8752));
#9261=IFCFACEOUTERBOUND(#9260,.T.);
#9262=IFCFACE((#9261));
#9263=IFCPOLYLOOP((#8753,#8742,#8743));
#9264=IFCFACEOUTERBOUND(#9263,.T.);
#9265=IFCFACE((#9264));
#9266=IFCPOLYLOOP((#8754,#8742,#8753));
#9267=IFCFACEOUTERBOUND(#9266,.T.);
#9268=IFCFACE((#9267));
#9269=IFCPOLYLOOP((#8754,#8741,#8742));
#9270=IFCFACEOUTERBOUND(#9269,.T.);
#9271=IFCFACE((#9270));
#9272=IFCPOLYLOOP((#8741,#8754,#8755));
#9273=IFCFACEOUTERBOUND(#9272,.T.);
#9274=IFCFACE((#9273));
#9275=IFCPOLYLOOP((#8740,#8741,#8755));
#9276=IFCFACEOUTERBOUND(#9275,.T.);
#9277=IFCFACE((#9276));
#9278=IFCPOLYLOOP((#8739,#8740,#8755));
#9279=IFCFACEOUTERBOUND(#9278,.T.);
#9280=IFCFACE((#9279));
#9281=IFCPOLYLOOP((#8755,#8756,#8739));
#9282=IFCFACEOUTERBOUND(#9281,.T.);
#9283=IFCFACE((#9282));
#9284=IFCPOLYLOOP((#8738,#8739,#8756));
#9285=IFCFACEOUTERBOUND(#9284,.T.);
#9286=IFCFACE((#9285));
#9287=IFCPOLYLOOP((#8756,#8757,#8738));
#9288=IFCFACEOUTERBOUND(#9287,.T.);
#9289=IFCFACE((#9288));
#9290=IFCPOLYLOOP((#8757,#8758,#8738));
#9291=IFCFACEOUTERBOUND(#9290,.T.);
#9292=IFCFACE((#9291));
#9293=IFCPOLYLOOP((#8737,#8738,#8758));
#9294=IFCFACEOUTERBOUND(#9293,.T.);
#9295=IFCFACE((#9294));
#9296=IFCPOLYLOOP((#8736,#8737,#8758));
#9297=IFCFACEOUTERBOUND(#9296,.T.);
#9298=IFCFACE((#9297));
#9299=IFCPOLYLOOP((#8759,#8736,#8758));
#9300=IFCFACEOUTERBOUND(#9299,.T.);
#9301=IFCFACE((#9300));
#9302=IFCPOLYLOOP((#8736,#8759,#8760));
#9303=IFCFACEOUTERBOUND(#9302,.T.);
#9304=IFCFACE((#9303));
#9305=IFCPOLYLOOP((#8760,#8735,#8736));
#9306=IFCFACEOUTERBOUND(#9305,.T.);
#9307=IFCFACE((#9306));
#9308=IFCPOLYLOOP((#8735,#8760,#8761));
#9309=IFCFACEOUTERBOUND(#9308,.T.);
#9310=IFCFACE((#9309));
#9311=IFCPOLYLOOP((#8735,#8761,#8734));
#9312=IFCFACEOUTERBOUND(#9311,.T.);
#9313=IFCFACE((#9312));
#9314=IFCPOLYLOOP((#8734,#8761,#8762));
#9315=IFCFACEOUTERBOUND(#9314,.T.);
#9316=IFCFACE((#9315));
#9317=IFCPOLYLOOP((#8732,#8762,#8731));
#9318=IFCFACEOUTERBOUND(#9317,.T.);
#9319=IFCFACE((#9318));
#9320=IFCPOLYLOOP((#8734,#8762,#8733));
#9321=IFCFACEOUTERBOUND(#9320,.T.);
#9322=IFCFACE((#9321));
#9323=IFCPOLYLOOP((#8732,#8733,#8762));
#9324=IFCFACEOUTERBOUND(#9323,.T.);
#9325=IFCFACE((#9324));
#9326=IFCPOLYLOOP((#8696,#8776,#8770));
#9327=IFCFACEOUTERBOUND(#9326,.T.);
#9328=IFCFACE((#9327));
#9329=IFCPOLYLOOP((#8768,#8772,#8767));
#9330=IFCFACEOUTERBOUND(#9329,.T.);
#9331=IFCFACE((#9330));
#9332=IFCPOLYLOOP((#8769,#8777,#8768));
#9333=IFCFACEOUTERBOUND(#9332,.T.);
#9334=IFCFACE((#9333));
#9335=IFCPOLYLOOP((#8765,#8773,#8778));
#9336=IFCFACEOUTERBOUND(#9335,.T.);
#9337=IFCFACE((#9336));
#9338=IFCPOLYLOOP((#8777,#8772,#8768));
#9339=IFCFACEOUTERBOUND(#9338,.T.);
#9340=IFCFACE((#9339));
#9341=IFCPOLYLOOP((#8777,#8769,#8771));
#9342=IFCFACEOUTERBOUND(#9341,.T.);
#9343=IFCFACE((#9342));
#9344=IFCPOLYLOOP((#8773,#8766,#8767,#8772,#8775));
#9345=IFCFACEOUTERBOUND(#9344,.T.);
#9346=IFCFACE((#9345));
#9347=IFCPOLYLOOP((#8776,#8696,#8695));
#9348=IFCFACEOUTERBOUND(#9347,.T.);
#9349=IFCFACE((#9348));
#9350=IFCPOLYLOOP((#8771,#8769,#8770));
#9351=IFCFACEOUTERBOUND(#9350,.T.);
#9352=IFCFACE((#9351));
#9353=IFCPOLYLOOP((#8776,#8771,#8770));
#9354=IFCFACEOUTERBOUND(#9353,.T.);
#9355=IFCFACE((#9354));
#9356=IFCPOLYLOOP((#8765,#8766,#8773));
#9357=IFCFACEOUTERBOUND(#9356,.T.);
#9358=IFCFACE((#9357));
#9359=IFCPOLYLOOP((#8774,#8764,#8778));
#9360=IFCFACEOUTERBOUND(#9359,.T.);
#9361=IFCFACE((#9360));
#9362=IFCPOLYLOOP((#8731,#8762,#8779));
#9363=IFCFACEOUTERBOUND(#9362,.T.);
#9364=IFCFACE((#9363));
#9365=IFCPOLYLOOP((#8764,#8765,#8778));
#9366=IFCFACEOUTERBOUND(#9365,.T.);
#9367=IFCFACE((#9366));
#9368=IFCPOLYLOOP((#8764,#8774,#8763));
#9369=IFCFACEOUTERBOUND(#9368,.T.);
#9370=IFCFACE((#9369));
#9371=IFCPOLYLOOP((#8763,#8779,#8762));
#9372=IFCFACEOUTERBOUND(#9371,.T.);
#9373=IFCFACE((#9372));
#9374=IFCPOLYLOOP((#8763,#8774,#8779));
#9375=IFCFACEOUTERBOUND(#9374,.T.);
#9376=IFCFACE((#9375));
#9377=IFCPOLYLOOP((#8789,#8696,#8770));
#9378=IFCFACEOUTERBOUND(#9377,.T.);
#9379=IFCFACE((#9378));
#9380=IFCPOLYLOOP((#8787,#8769,#8768));
#9381=IFCFACEOUTERBOUND(#9380,.T.);
#9382=IFCFACE((#9381));
#9383=IFCPOLYLOOP((#8770,#8769,#8788));
#9384=IFCFACEOUTERBOUND(#9383,.T.);
#9385=IFCFACE((#9384));
#9386=IFCPOLYLOOP((#8768,#8767,#8786));
#9387=IFCFACEOUTERBOUND(#9386,.T.);
#9388=IFCFACE((#9387));
#9389=IFCPOLYLOOP((#8770,#8788,#8789));
#9390=IFCFACEOUTERBOUND(#9389,.T.);
#9391=IFCFACE((#9390));
#9392=IFCPOLYLOOP((#8789,#8697,#8696));
#9393=IFCFACEOUTERBOUND(#9392,.T.);
#9394=IFCFACE((#9393));
#9395=IFCPOLYLOOP((#8768,#8786,#8787));
#9396=IFCFACEOUTERBOUND(#9395,.T.);
#9397=IFCFACE((#9396));
#9398=IFCPOLYLOOP((#8787,#8788,#8769));
#9399=IFCFACEOUTERBOUND(#9398,.T.);
#9400=IFCFACE((#9399));
#9401=IFCPOLYLOOP((#8767,#8785,#8786));
#9402=IFCFACEOUTERBOUND(#9401,.T.);
#9403=IFCFACE((#9402));
#9404=IFCPOLYLOOP((#8767,#8766,#8784,#8785));
#9405=IFCFACEOUTERBOUND(#9404,.T.);
#9406=IFCFACE((#9405));
#9407=IFCPOLYLOOP((#8783,#8766,#8765));
#9408=IFCFACEOUTERBOUND(#9407,.T.);
#9409=IFCFACE((#9408));
#9410=IFCPOLYLOOP((#8781,#8764,#8763));
#9411=IFCFACEOUTERBOUND(#9410,.T.);
#9412=IFCFACE((#9411));
#9413=IFCPOLYLOOP((#8780,#8763,#8762));
#9414=IFCFACEOUTERBOUND(#9413,.T.);
#9415=IFCFACE((#9414));
#9416=IFCPOLYLOOP((#8782,#8765,#8764));
#9417=IFCFACEOUTERBOUND(#9416,.T.);
#9418=IFCFACE((#9417));
#9419=IFCPOLYLOOP((#8766,#8783,#8784));
#9420=IFCFACEOUTERBOUND(#9419,.T.);
#9421=IFCFACE((#9420));
#9422=IFCPOLYLOOP((#8765,#8782,#8783));
#9423=IFCFACEOUTERBOUND(#9422,.T.);
#9424=IFCFACE((#9423));
#9425=IFCPOLYLOOP((#8763,#8780,#8781));
#9426=IFCFACEOUTERBOUND(#9425,.T.);
#9427=IFCFACE((#9426));
#9428=IFCPOLYLOOP((#8780,#8762,#8761));
#9429=IFCFACEOUTERBOUND(#9428,.T.);
#9430=IFCFACE((#9429));
#9431=IFCPOLYLOOP((#8764,#8781,#8782));
#9432=IFCFACEOUTERBOUND(#9431,.T.);
#9433=IFCFACE((#9432));
#9434=IFCPOLYLOOP((#8789,#8800,#8697));
#9435=IFCFACEOUTERBOUND(#9434,.T.);
#9436=IFCFACE((#9435));
#9437=IFCPOLYLOOP((#8788,#8799,#8789));
#9438=IFCFACEOUTERBOUND(#9437,.T.);
#9439=IFCFACE((#9438));
#9440=IFCPOLYLOOP((#8797,#8787,#8786));
#9441=IFCFACEOUTERBOUND(#9440,.T.);
#9442=IFCFACE((#9441));
#9443=IFCPOLYLOOP((#8788,#8787,#8798));
#9444=IFCFACEOUTERBOUND(#9443,.T.);
#9445=IFCFACE((#9444));
#9446=IFCPOLYLOOP((#8796,#8786,#8785));
#9447=IFCFACEOUTERBOUND(#9446,.T.);
#9448=IFCFACE((#9447));
#9449=IFCPOLYLOOP((#8789,#8799,#8800));
#9450=IFCFACEOUTERBOUND(#9449,.T.);
#9451=IFCFACE((#9450));
#9452=IFCPOLYLOOP((#8800,#8698,#8697));
#9453=IFCFACEOUTERBOUND(#9452,.T.);
#9454=IFCFACE((#9453));
#9455=IFCPOLYLOOP((#8787,#8797,#8798));
#9456=IFCFACEOUTERBOUND(#9455,.T.);
#9457=IFCFACE((#9456));
#9458=IFCPOLYLOOP((#8798,#8799,#8788));
#9459=IFCFACEOUTERBOUND(#9458,.T.);
#9460=IFCFACE((#9459));
#9461=IFCPOLYLOOP((#8786,#8796,#8797));
#9462=IFCFACEOUTERBOUND(#9461,.T.);
#9463=IFCFACE((#9462));
#9464=IFCPOLYLOOP((#8785,#8795,#8796));
#9465=IFCFACEOUTERBOUND(#9464,.T.);
#9466=IFCFACE((#9465));
#9467=IFCPOLYLOOP((#8794,#8784,#8783));
#9468=IFCFACEOUTERBOUND(#9467,.T.);
#9469=IFCFACE((#9468));
#9470=IFCPOLYLOOP((#8793,#8783,#8782));
#9471=IFCFACEOUTERBOUND(#9470,.T.);
#9472=IFCFACE((#9471));
#9473=IFCPOLYLOOP((#8791,#8781,#8780));
#9474=IFCFACEOUTERBOUND(#9473,.T.);
#9475=IFCFACE((#9474));
#9476=IFCPOLYLOOP((#8781,#8792,#8782));
#9477=IFCFACEOUTERBOUND(#9476,.T.);
#9478=IFCFACE((#9477));
#9479=IFCPOLYLOOP((#8790,#8780,#8761));
#9480=IFCFACEOUTERBOUND(#9479,.T.);
#9481=IFCFACE((#9480));
#9482=IFCPOLYLOOP((#8784,#8794,#8795));
#9483=IFCFACEOUTERBOUND(#9482,.T.);
#9484=IFCFACE((#9483));
#9485=IFCPOLYLOOP((#8794,#8783,#8793));
#9486=IFCFACEOUTERBOUND(#9485,.T.);
#9487=IFCFACE((#9486));
#9488=IFCPOLYLOOP((#8792,#8781,#8791));
#9489=IFCFACEOUTERBOUND(#9488,.T.);
#9490=IFCFACE((#9489));
#9491=IFCPOLYLOOP((#8791,#8780,#8790));
#9492=IFCFACEOUTERBOUND(#9491,.T.);
#9493=IFCFACE((#9492));
#9494=IFCPOLYLOOP((#8761,#8760,#8790));
#9495=IFCFACEOUTERBOUND(#9494,.T.);
#9496=IFCFACE((#9495));
#9497=IFCPOLYLOOP((#8793,#8782,#8792));
#9498=IFCFACEOUTERBOUND(#9497,.T.);
#9499=IFCFACE((#9498));
#9500=IFCPOLYLOOP((#8784,#8795,#8785));
#9501=IFCFACEOUTERBOUND(#9500,.T.);
#9502=IFCFACE((#9501));
#9503=IFCPOLYLOOP((#8800,#8811,#8699,#8698));
#9504=IFCFACEOUTERBOUND(#9503,.T.);
#9505=IFCFACE((#9504));
#9506=IFCPOLYLOOP((#8799,#8810,#8811,#8800));
#9507=IFCFACEOUTERBOUND(#9506,.T.);
#9508=IFCFACE((#9507));
#9509=IFCPOLYLOOP((#8808,#8809,#8798,#8797));
#9510=IFCFACEOUTERBOUND(#9509,.T.);
#9511=IFCFACE((#9510));
#9512=IFCPOLYLOOP((#8799,#8798,#8809,#8810));
#9513=IFCFACEOUTERBOUND(#9512,.T.);
#9514=IFCFACE((#9513));
#9515=IFCPOLYLOOP((#8807,#8808,#8797,#8796));
#9516=IFCFACEOUTERBOUND(#9515,.T.);
#9517=IFCFACE((#9516));
#9518=IFCPOLYLOOP((#8806,#8807,#8796,#8795));
#9519=IFCFACEOUTERBOUND(#9518,.T.);
#9520=IFCFACE((#9519));
#9521=IFCPOLYLOOP((#8795,#8794,#8805,#8806));
#9522=IFCFACEOUTERBOUND(#9521,.T.);
#9523=IFCFACE((#9522));
#9524=IFCPOLYLOOP((#8802,#8791,#8790,#8801));
#9525=IFCFACEOUTERBOUND(#9524,.T.);
#9526=IFCFACE((#9525));
#9527=IFCPOLYLOOP((#8791,#8802,#8803,#8792));
#9528=IFCFACEOUTERBOUND(#9527,.T.);
#9529=IFCFACE((#9528));
#9530=IFCPOLYLOOP((#8801,#8790,#8760,#8759));
#9531=IFCFACEOUTERBOUND(#9530,.T.);
#9532=IFCFACE((#9531));
#9533=IFCPOLYLOOP((#8805,#8794,#8793,#8804));
#9534=IFCFACEOUTERBOUND(#9533,.T.);
#9535=IFCFACE((#9534));
#9536=IFCPOLYLOOP((#8804,#8793,#8792,#8803));
#9537=IFCFACEOUTERBOUND(#9536,.T.);
#9538=IFCFACE((#9537));
#9539=IFCPOLYLOOP((#8811,#8822,#8700,#8699));
#9540=IFCFACEOUTERBOUND(#9539,.T.);
#9541=IFCFACE((#9540));
#9542=IFCPOLYLOOP((#8810,#8821,#8822,#8811));
#9543=IFCFACEOUTERBOUND(#9542,.T.);
#9544=IFCFACE((#9543));
#9545=IFCPOLYLOOP((#8819,#8820,#8809,#8808));
#9546=IFCFACEOUTERBOUND(#9545,.T.);
#9547=IFCFACE((#9546));
#9548=IFCPOLYLOOP((#8810,#8809,#8820,#8821));
#9549=IFCFACEOUTERBOUND(#9548,.T.);
#9550=IFCFACE((#9549));
#9551=IFCPOLYLOOP((#8818,#8819,#8808,#8807));
#9552=IFCFACEOUTERBOUND(#9551,.T.);
#9553=IFCFACE((#9552));
#9554=IFCPOLYLOOP((#8817,#8818,#8807,#8806));
#9555=IFCFACEOUTERBOUND(#9554,.T.);
#9556=IFCFACE((#9555));
#9557=IFCPOLYLOOP((#8806,#8805,#8816,#8817));
#9558=IFCFACEOUTERBOUND(#9557,.T.);
#9559=IFCFACE((#9558));
#9560=IFCPOLYLOOP((#8813,#8802,#8801,#8812));
#9561=IFCFACEOUTERBOUND(#9560,.T.);
#9562=IFCFACE((#9561));
#9563=IFCPOLYLOOP((#8802,#8813,#8814,#8803));
#9564=IFCFACEOUTERBOUND(#9563,.T.);
#9565=IFCFACE((#9564));
#9566=IFCPOLYLOOP((#8759,#8758,#8812,#8801));
#9567=IFCFACEOUTERBOUND(#9566,.T.);
#9568=IFCFACE((#9567));
#9569=IFCPOLYLOOP((#8816,#8805,#8804,#8815));
#9570=IFCFACEOUTERBOUND(#9569,.T.);
#9571=IFCFACE((#9570));
#9572=IFCPOLYLOOP((#8804,#8803,#8814,#8815));
#9573=IFCFACEOUTERBOUND(#9572,.T.);
#9574=IFCFACE((#9573));
#9575=IFCPOLYLOOP((#8822,#8834,#8700));
#9576=IFCFACEOUTERBOUND(#9575,.T.);
#9577=IFCFACE((#9576));
#9578=IFCPOLYLOOP((#8821,#8833,#8822));
#9579=IFCFACEOUTERBOUND(#9578,.T.);
#9580=IFCFACE((#9579));
#9581=IFCPOLYLOOP((#8831,#8820,#8819));
#9582=IFCFACEOUTERBOUND(#9581,.T.);
#9583=IFCFACE((#9582));
#9584=IFCPOLYLOOP((#8821,#8820,#8832));
#9585=IFCFACEOUTERBOUND(#9584,.T.);
#9586=IFCFACE((#9585));
#9587=IFCPOLYLOOP((#8830,#8819,#8818));
#9588=IFCFACEOUTERBOUND(#9587,.T.);
#9589=IFCFACE((#9588));
#9590=IFCPOLYLOOP((#8822,#8833,#8834));
#9591=IFCFACEOUTERBOUND(#9590,.T.);
#9592=IFCFACE((#9591));
#9593=IFCPOLYLOOP((#8834,#8701,#8700));
#9594=IFCFACEOUTERBOUND(#9593,.T.);
#9595=IFCFACE((#9594));
#9596=IFCPOLYLOOP((#8830,#8831,#8819));
#9597=IFCFACEOUTERBOUND(#9596,.T.);
#9598=IFCFACE((#9597));
#9599=IFCPOLYLOOP((#8832,#8820,#8831));
#9600=IFCFACEOUTERBOUND(#9599,.T.);
#9601=IFCFACE((#9600));
#9602=IFCPOLYLOOP((#8832,#8833,#8821));
#9603=IFCFACEOUTERBOUND(#9602,.T.);
#9604=IFCFACE((#9603));
#9605=IFCPOLYLOOP((#8829,#8830,#8818));
#9606=IFCFACEOUTERBOUND(#9605,.T.);
#9607=IFCFACE((#9606));
#9608=IFCPOLYLOOP((#8818,#8817,#8829));
#9609=IFCFACEOUTERBOUND(#9608,.T.);
#9610=IFCFACE((#9609));
#9611=IFCPOLYLOOP((#8828,#8817,#8816));
#9612=IFCFACEOUTERBOUND(#9611,.T.);
#9613=IFCFACE((#9612));
#9614=IFCPOLYLOOP((#8827,#8816,#8815));
#9615=IFCFACEOUTERBOUND(#9614,.T.);
#9616=IFCFACE((#9615));
#9617=IFCPOLYLOOP((#8813,#8812,#8824));
#9618=IFCFACEOUTERBOUND(#9617,.T.);
#9619=IFCFACE((#9618));
#9620=IFCPOLYLOOP((#8825,#8814,#8813));
#9621=IFCFACEOUTERBOUND(#9620,.T.);
#9622=IFCFACE((#9621));
#9623=IFCPOLYLOOP((#8815,#8814,#8826));
#9624=IFCFACEOUTERBOUND(#9623,.T.);
#9625=IFCFACE((#9624));
#9626=IFCPOLYLOOP((#8823,#8812,#8758));
#9627=IFCFACEOUTERBOUND(#9626,.T.);
#9628=IFCFACE((#9627));
#9629=IFCPOLYLOOP((#8827,#8828,#8816));
#9630=IFCFACEOUTERBOUND(#9629,.T.);
#9631=IFCFACE((#9630));
#9632=IFCPOLYLOOP((#8826,#8827,#8815));
#9633=IFCFACEOUTERBOUND(#9632,.T.);
#9634=IFCFACE((#9633));
#9635=IFCPOLYLOOP((#8826,#8814,#8825));
#9636=IFCFACEOUTERBOUND(#9635,.T.);
#9637=IFCFACE((#9636));
#9638=IFCPOLYLOOP((#8813,#8824,#8825));
#9639=IFCFACEOUTERBOUND(#9638,.T.);
#9640=IFCFACE((#9639));
#9641=IFCPOLYLOOP((#8823,#8824,#8812));
#9642=IFCFACEOUTERBOUND(#9641,.T.);
#9643=IFCFACE((#9642));
#9644=IFCPOLYLOOP((#8758,#8757,#8823));
#9645=IFCFACEOUTERBOUND(#9644,.T.);
#9646=IFCFACE((#9645));
#9647=IFCPOLYLOOP((#8817,#8828,#8829));
#9648=IFCFACEOUTERBOUND(#9647,.T.);
#9649=IFCFACE((#9648));
#9650=IFCPOLYLOOP((#8834,#8846,#8702,#8701));
#9651=IFCFACEOUTERBOUND(#9650,.T.);
#9652=IFCFACE((#9651));
#9653=IFCPOLYLOOP((#8833,#8845,#8846,#8834));
#9654=IFCFACEOUTERBOUND(#9653,.T.);
#9655=IFCFACE((#9654));
#9656=IFCPOLYLOOP((#8843,#8844,#8832,#8831));
#9657=IFCFACEOUTERBOUND(#9656,.T.);
#9658=IFCFACE((#9657));
#9659=IFCPOLYLOOP((#8831,#8830,#8842,#8843));
#9660=IFCFACEOUTERBOUND(#9659,.T.);
#9661=IFCFACE((#9660));
#9662=IFCPOLYLOOP((#8833,#8832,#8844,#8845));
#9663=IFCFACEOUTERBOUND(#9662,.T.);
#9664=IFCFACE((#9663));
#9665=IFCPOLYLOOP((#8829,#8841,#8842,#8830));
#9666=IFCFACEOUTERBOUND(#9665,.T.);
#9667=IFCFACE((#9666));
#9668=IFCPOLYLOOP((#8829,#8828,#8840,#8841));
#9669=IFCFACEOUTERBOUND(#9668,.T.);
#9670=IFCFACE((#9669));
#9671=IFCPOLYLOOP((#8838,#8839,#8827,#8826));
#9672=IFCFACEOUTERBOUND(#9671,.T.);
#9673=IFCFACE((#9672));
#9674=IFCPOLYLOOP((#8828,#8827,#8839,#8840));
#9675=IFCFACEOUTERBOUND(#9674,.T.);
#9676=IFCFACE((#9675));
#9677=IFCPOLYLOOP((#8824,#8823,#8835,#8836));
#9678=IFCFACEOUTERBOUND(#9677,.T.);
#9679=IFCFACE((#9678));
#9680=IFCPOLYLOOP((#8837,#8825,#8824,#8836));
#9681=IFCFACEOUTERBOUND(#9680,.T.);
#9682=IFCFACE((#9681));
#9683=IFCPOLYLOOP((#8838,#8826,#8825,#8837));
#9684=IFCFACEOUTERBOUND(#9683,.T.);
#9685=IFCFACE((#9684));
#9686=IFCPOLYLOOP((#8835,#8823,#8757,#8756));
#9687=IFCFACEOUTERBOUND(#9686,.T.);
#9688=IFCFACE((#9687));
#9689=IFCPOLYLOOP((#8846,#8858,#8703,#8702));
#9690=IFCFACEOUTERBOUND(#9689,.T.);
#9691=IFCFACE((#9690));
#9692=IFCPOLYLOOP((#8845,#8857,#8858,#8846));
#9693=IFCFACEOUTERBOUND(#9692,.T.);
#9694=IFCFACE((#9693));
#9695=IFCPOLYLOOP((#8855,#8856,#8844,#8843));
#9696=IFCFACEOUTERBOUND(#9695,.T.);
#9697=IFCFACE((#9696));
#9698=IFCPOLYLOOP((#8843,#8842,#8854,#8855));
#9699=IFCFACEOUTERBOUND(#9698,.T.);
#9700=IFCFACE((#9699));
#9701=IFCPOLYLOOP((#8845,#8844,#8856,#8857));
#9702=IFCFACEOUTERBOUND(#9701,.T.);
#9703=IFCFACE((#9702));
#9704=IFCPOLYLOOP((#8841,#8853,#8854,#8842));
#9705=IFCFACEOUTERBOUND(#9704,.T.);
#9706=IFCFACE((#9705));
#9707=IFCPOLYLOOP((#8841,#8840,#8852,#8853));
#9708=IFCFACEOUTERBOUND(#9707,.T.);
#9709=IFCFACE((#9708));
#9710=IFCPOLYLOOP((#8850,#8851,#8839,#8838));
#9711=IFCFACEOUTERBOUND(#9710,.T.);
#9712=IFCFACE((#9711));
#9713=IFCPOLYLOOP((#8840,#8839,#8851,#8852));
#9714=IFCFACEOUTERBOUND(#9713,.T.);
#9715=IFCFACE((#9714));
#9716=IFCPOLYLOOP((#8836,#8835,#8847,#8848));
#9717=IFCFACEOUTERBOUND(#9716,.T.);
#9718=IFCFACE((#9717));
#9719=IFCPOLYLOOP((#8836,#8848,#8849,#8837));
#9720=IFCFACEOUTERBOUND(#9719,.T.);
#9721=IFCFACE((#9720));
#9722=IFCPOLYLOOP((#8838,#8837,#8849,#8850));
#9723=IFCFACEOUTERBOUND(#9722,.T.);
#9724=IFCFACE((#9723));
#9725=IFCPOLYLOOP((#8847,#8835,#8756,#8755));
#9726=IFCFACEOUTERBOUND(#9725,.T.);
#9727=IFCFACE((#9726));
#9728=IFCPOLYLOOP((#8858,#8704,#8703));
#9729=IFCFACEOUTERBOUND(#9728,.T.);
#9730=IFCFACE((#9729));
#9731=IFCPOLYLOOP((#8857,#8869,#8858));
#9732=IFCFACEOUTERBOUND(#9731,.T.);
#9733=IFCFACE((#9732));
#9734=IFCPOLYLOOP((#8867,#8856,#8855));
#9735=IFCFACEOUTERBOUND(#9734,.T.);
#9736=IFCFACE((#9735));
#9737=IFCPOLYLOOP((#8857,#8856,#8868));
#9738=IFCFACEOUTERBOUND(#9737,.T.);
#9739=IFCFACE((#9738));
#9740=IFCPOLYLOOP((#8866,#8855,#8854));
#9741=IFCFACEOUTERBOUND(#9740,.T.);
#9742=IFCFACE((#9741));
#9743=IFCPOLYLOOP((#8857,#8868,#8869));
#9744=IFCFACEOUTERBOUND(#9743,.T.);
#9745=IFCFACE((#9744));
#9746=IFCPOLYLOOP((#8869,#8704,#8858));
#9747=IFCFACEOUTERBOUND(#9746,.T.);
#9748=IFCFACE((#9747));
#9749=IFCPOLYLOOP((#8865,#8853,#8864));
#9750=IFCFACEOUTERBOUND(#9749,.T.);
#9751=IFCFACE((#9750));
#9752=IFCPOLYLOOP((#8865,#8866,#8854));
#9753=IFCFACEOUTERBOUND(#9752,.T.);
#9754=IFCFACE((#9753));
#9755=IFCPOLYLOOP((#8867,#8855,#8866));
#9756=IFCFACEOUTERBOUND(#9755,.T.);
#9757=IFCFACE((#9756));
#9758=IFCPOLYLOOP((#8867,#8868,#8856));
#9759=IFCFACEOUTERBOUND(#9758,.T.);
#9760=IFCFACE((#9759));
#9761=IFCPOLYLOOP((#8853,#8865,#8854));
#9762=IFCFACEOUTERBOUND(#9761,.T.);
#9763=IFCFACE((#9762));
#9764=IFCPOLYLOOP((#8851,#8850,#8862));
#9765=IFCFACEOUTERBOUND(#9764,.T.);
#9766=IFCFACE((#9765));
#9767=IFCPOLYLOOP((#8852,#8851,#8863));
#9768=IFCFACEOUTERBOUND(#9767,.T.);
#9769=IFCFACE((#9768));
#9770=IFCPOLYLOOP((#8848,#8847,#8859));
#9771=IFCFACEOUTERBOUND(#9770,.T.);
#9772=IFCFACE((#9771));
#9773=IFCPOLYLOOP((#8860,#8849,#8848));
#9774=IFCFACEOUTERBOUND(#9773,.T.);
#9775=IFCFACE((#9774));
#9776=IFCPOLYLOOP((#8850,#8849,#8861));
#9777=IFCFACEOUTERBOUND(#9776,.T.);
#9778=IFCFACE((#9777));
#9779=IFCPOLYLOOP((#8754,#8847,#8755));
#9780=IFCFACEOUTERBOUND(#9779,.T.);
#9781=IFCFACE((#9780));
#9782=IFCPOLYLOOP((#8863,#8864,#8852));
#9783=IFCFACEOUTERBOUND(#9782,.T.);
#9784=IFCFACE((#9783));
#9785=IFCPOLYLOOP((#8862,#8863,#8851));
#9786=IFCFACEOUTERBOUND(#9785,.T.);
#9787=IFCFACE((#9786));
#9788=IFCPOLYLOOP((#8862,#8850,#8861));
#9789=IFCFACEOUTERBOUND(#9788,.T.);
#9790=IFCFACE((#9789));
#9791=IFCPOLYLOOP((#8849,#8860,#8861));
#9792=IFCFACEOUTERBOUND(#9791,.T.);
#9793=IFCFACE((#9792));
#9794=IFCPOLYLOOP((#8859,#8860,#8848));
#9795=IFCFACEOUTERBOUND(#9794,.T.);
#9796=IFCFACE((#9795));
#9797=IFCPOLYLOOP((#8847,#8754,#8859));
#9798=IFCFACEOUTERBOUND(#9797,.T.);
#9799=IFCFACE((#9798));
#9800=IFCPOLYLOOP((#8852,#8864,#8853));
#9801=IFCFACEOUTERBOUND(#9800,.T.);
#9802=IFCFACE((#9801));
#9803=IFCPOLYLOOP((#8869,#8705,#8704));
#9804=IFCFACEOUTERBOUND(#9803,.T.);
#9805=IFCFACE((#9804));
#9806=IFCPOLYLOOP((#8868,#8879,#8869));
#9807=IFCFACEOUTERBOUND(#9806,.T.);
#9808=IFCFACE((#9807));
#9809=IFCPOLYLOOP((#8877,#8867,#8866));
#9810=IFCFACEOUTERBOUND(#9809,.T.);
#9811=IFCFACE((#9810));
#9812=IFCPOLYLOOP((#8868,#8867,#8878));
#9813=IFCFACEOUTERBOUND(#9812,.T.);
#9814=IFCFACE((#9813));
#9815=IFCPOLYLOOP((#8876,#8866,#8865));
#9816=IFCFACEOUTERBOUND(#9815,.T.);
#9817=IFCFACE((#9816));
#9818=IFCPOLYLOOP((#8868,#8878,#8879));
#9819=IFCFACEOUTERBOUND(#9818,.T.);
#9820=IFCFACE((#9819));
#9821=IFCPOLYLOOP((#8879,#8705,#8869));
#9822=IFCFACEOUTERBOUND(#9821,.T.);
#9823=IFCFACE((#9822));
#9824=IFCPOLYLOOP((#8866,#8876,#8877));
#9825=IFCFACEOUTERBOUND(#9824,.T.);
#9826=IFCFACE((#9825));
#9827=IFCPOLYLOOP((#8877,#8878,#8867));
#9828=IFCFACEOUTERBOUND(#9827,.T.);
#9829=IFCFACE((#9828));
#9830=IFCPOLYLOOP((#8865,#8875,#8876));
#9831=IFCFACEOUTERBOUND(#9830,.T.);
#9832=IFCFACE((#9831));
#9833=IFCPOLYLOOP((#8865,#8864,#8875));
#9834=IFCFACEOUTERBOUND(#9833,.T.);
#9835=IFCFACE((#9834));
#9836=IFCPOLYLOOP((#8864,#8863,#8874));
#9837=IFCFACEOUTERBOUND(#9836,.T.);
#9838=IFCFACE((#9837));
#9839=IFCPOLYLOOP((#8870,#8860,#8859));
#9840=IFCFACEOUTERBOUND(#9839,.T.);
#9841=IFCFACE((#9840));
#9842=IFCPOLYLOOP((#8860,#8871,#8861));
#9843=IFCFACEOUTERBOUND(#9842,.T.);
#9844=IFCFACE((#9843));
#9845=IFCPOLYLOOP((#8753,#8859,#8754));
#9846=IFCFACEOUTERBOUND(#9845,.T.);
#9847=IFCFACE((#9846));
#9848=IFCPOLYLOOP((#8863,#8873,#8874));
#9849=IFCFACEOUTERBOUND(#9848,.T.);
#9850=IFCFACE((#9849));
#9851=IFCPOLYLOOP((#8873,#8863,#8862));
#9852=IFCFACEOUTERBOUND(#9851,.T.);
#9853=IFCFACE((#9852));
#9854=IFCPOLYLOOP((#8873,#8862,#8872));
#9855=IFCFACEOUTERBOUND(#9854,.T.);
#9856=IFCFACE((#9855));
#9857=IFCPOLYLOOP((#8862,#8861,#8872));
#9858=IFCFACEOUTERBOUND(#9857,.T.);
#9859=IFCFACE((#9858));
#9860=IFCPOLYLOOP((#8861,#8871,#8872));
#9861=IFCFACEOUTERBOUND(#9860,.T.);
#9862=IFCFACE((#9861));
#9863=IFCPOLYLOOP((#8870,#8871,#8860));
#9864=IFCFACEOUTERBOUND(#9863,.T.);
#9865=IFCFACE((#9864));
#9866=IFCPOLYLOOP((#8859,#8753,#8870));
#9867=IFCFACEOUTERBOUND(#9866,.T.);
#9868=IFCFACE((#9867));
#9869=IFCPOLYLOOP((#8864,#8874,#8875));
#9870=IFCFACEOUTERBOUND(#9869,.T.);
#9871=IFCFACE((#9870));
#9872=IFCPOLYLOOP((#8879,#8889,#8706,#8705));
#9873=IFCFACEOUTERBOUND(#9872,.T.);
#9874=IFCFACE((#9873));
#9875=IFCPOLYLOOP((#8878,#8888,#8889,#8879));
#9876=IFCFACEOUTERBOUND(#9875,.T.);
#9877=IFCFACE((#9876));
#9878=IFCPOLYLOOP((#8886,#8887,#8877,#8876));
#9879=IFCFACEOUTERBOUND(#9878,.T.);
#9880=IFCFACE((#9879));
#9881=IFCPOLYLOOP((#8878,#8877,#8887,#8888));
#9882=IFCFACEOUTERBOUND(#9881,.T.);
#9883=IFCFACE((#9882));
#9884=IFCPOLYLOOP((#8885,#8886,#8876,#8875));
#9885=IFCFACEOUTERBOUND(#9884,.T.);
#9886=IFCFACE((#9885));
#9887=IFCPOLYLOOP((#8875,#8874,#8884,#8885));
#9888=IFCFACEOUTERBOUND(#9887,.T.);
#9889=IFCFACE((#9888));
#9890=IFCPOLYLOOP((#8882,#8883,#8873,#8872));
#9891=IFCFACEOUTERBOUND(#9890,.T.);
#9892=IFCFACE((#9891));
#9893=IFCPOLYLOOP((#8874,#8873,#8883,#8884));
#9894=IFCFACEOUTERBOUND(#9893,.T.);
#9895=IFCFACE((#9894));
#9896=IFCPOLYLOOP((#8881,#8871,#8870,#8880));
#9897=IFCFACEOUTERBOUND(#9896,.T.);
#9898=IFCFACE((#9897));
#9899=IFCPOLYLOOP((#8872,#8871,#8881,#8882));
#9900=IFCFACEOUTERBOUND(#9899,.T.);
#9901=IFCFACE((#9900));
#9902=IFCPOLYLOOP((#8880,#8870,#8753,#8752));
#9903=IFCFACEOUTERBOUND(#9902,.T.);
#9904=IFCFACE((#9903));
#9905=IFCPOLYLOOP((#8707,#8706,#8889));
#9906=IFCFACEOUTERBOUND(#9905,.T.);
#9907=IFCFACE((#9906));
#9908=IFCPOLYLOOP((#8896,#8888,#8887));
#9909=IFCFACEOUTERBOUND(#9908,.T.);
#9910=IFCFACE((#9909));
#9911=IFCPOLYLOOP((#8889,#8888,#8897));
#9912=IFCFACEOUTERBOUND(#9911,.T.);
#9913=IFCFACE((#9912));
#9914=IFCPOLYLOOP((#8887,#8886,#8895));
#9915=IFCFACEOUTERBOUND(#9914,.T.);
#9916=IFCFACE((#9915));
#9917=IFCPOLYLOOP((#8888,#8896,#8897));
#9918=IFCFACEOUTERBOUND(#9917,.T.);
#9919=IFCFACE((#9918));
#9920=IFCPOLYLOOP((#8889,#8897,#8905,#8707));
#9921=IFCFACEOUTERBOUND(#9920,.T.);
#9922=IFCFACE((#9921));
#9923=IFCPOLYLOOP((#8886,#8894,#8895));
#9924=IFCFACEOUTERBOUND(#9923,.T.);
#9925=IFCFACE((#9924));
#9926=IFCPOLYLOOP((#8895,#8896,#8887));
#9927=IFCFACEOUTERBOUND(#9926,.T.);
#9928=IFCFACE((#9927));
#9929=IFCPOLYLOOP((#8894,#8885,#8884,#8893));
#9930=IFCFACEOUTERBOUND(#9929,.T.);
#9931=IFCFACE((#9930));
#9932=IFCPOLYLOOP((#8886,#8885,#8894));
#9933=IFCFACEOUTERBOUND(#9932,.T.);
#9934=IFCFACE((#9933));
#9935=IFCPOLYLOOP((#8892,#8883,#8882));
#9936=IFCFACEOUTERBOUND(#9935,.T.);
#9937=IFCFACE((#9936));
#9938=IFCPOLYLOOP((#8890,#8881,#8880));
#9939=IFCFACEOUTERBOUND(#9938,.T.);
#9940=IFCFACE((#9939));
#9941=IFCPOLYLOOP((#8882,#8881,#8891));
#9942=IFCFACEOUTERBOUND(#9941,.T.);
#9943=IFCFACE((#9942));
#9944=IFCPOLYLOOP((#8751,#8880,#8752));
#9945=IFCFACEOUTERBOUND(#9944,.T.);
#9946=IFCFACE((#9945));
#9947=IFCPOLYLOOP((#8883,#8893,#8884));
#9948=IFCFACEOUTERBOUND(#9947,.T.);
#9949=IFCFACE((#9948));
#9950=IFCPOLYLOOP((#8883,#8892,#8893));
#9951=IFCFACEOUTERBOUND(#9950,.T.);
#9952=IFCFACE((#9951));
#9953=IFCPOLYLOOP((#8891,#8892,#8882));
#9954=IFCFACEOUTERBOUND(#9953,.T.);
#9955=IFCFACE((#9954));
#9956=IFCPOLYLOOP((#8881,#8890,#8891));
#9957=IFCFACEOUTERBOUND(#9956,.T.);
#9958=IFCFACE((#9957));
#9959=IFCPOLYLOOP((#8880,#8751,#8910,#8890));
#9960=IFCFACEOUTERBOUND(#9959,.T.);
#9961=IFCFACE((#9960));
#9962=IFCPOLYLOOP((#8897,#8904,#8921,#8906));
#9963=IFCFACEOUTERBOUND(#9962,.T.);
#9964=IFCFACE((#9963));
#9965=IFCPOLYLOOP((#8908,#8897,#8896));
#9966=IFCFACEOUTERBOUND(#9965,.T.);
#9967=IFCFACE((#9966));
#9968=IFCPOLYLOOP((#8914,#8900,#8892,#8899));
#9969=IFCFACEOUTERBOUND(#9968,.T.);
#9970=IFCFACE((#9969));
#9971=IFCPOLYLOOP((#8903,#8896,#8895));
#9972=IFCFACEOUTERBOUND(#9971,.T.);
#9973=IFCFACE((#9972));
#9974=IFCPOLYLOOP((#8906,#8708,#8905));
#9975=IFCFACEOUTERBOUND(#9974,.T.);
#9976=IFCFACE((#9975));
#9977=IFCPOLYLOOP((#8907,#8903,#8895,#8902));
#9978=IFCFACEOUTERBOUND(#9977,.T.);
#9979=IFCFACE((#9978));
#9980=IFCPOLYLOOP((#8897,#8908,#8904));
#9981=IFCFACEOUTERBOUND(#9980,.T.);
#9982=IFCFACE((#9981));
#9983=IFCPOLYLOOP((#8894,#8901,#8909,#8902));
#9984=IFCFACEOUTERBOUND(#9983,.T.);
#9985=IFCFACE((#9984));
#9986=IFCPOLYLOOP((#8913,#8899,#8891));
#9987=IFCFACEOUTERBOUND(#9986,.T.);
#9988=IFCFACE((#9987));
#9989=IFCPOLYLOOP((#8895,#8894,#8902));
#9990=IFCFACEOUTERBOUND(#9989,.T.);
#9991=IFCFACE((#9990));
#9992=IFCPOLYLOOP((#8912,#8901,#8893,#8900));
#9993=IFCFACEOUTERBOUND(#9992,.T.);
#9994=IFCFACE((#9993));
#9995=IFCPOLYLOOP((#8913,#8890,#8898));
#9996=IFCFACEOUTERBOUND(#9995,.T.);
#9997=IFCFACE((#9996));
#9998=IFCPOLYLOOP((#8899,#8892,#8891));
#9999=IFCFACEOUTERBOUND(#9998,.T.);
#10000=IFCFACE((#9999));
#10001=IFCPOLYLOOP((#8708,#8707,#8905));
#10002=IFCFACEOUTERBOUND(#10001,.T.);
#10003=IFCFACE((#10002));
#10004=IFCPOLYLOOP((#8890,#8911,#8898));
#10005=IFCFACEOUTERBOUND(#10004,.T.);
#10006=IFCFACE((#10005));
#10007=IFCPOLYLOOP((#8910,#8751,#8750));
#10008=IFCFACEOUTERBOUND(#10007,.T.);
#10009=IFCFACE((#10008));
#10010=IFCPOLYLOOP((#8911,#8890,#8910));
#10011=IFCFACEOUTERBOUND(#10010,.T.);
#10012=IFCFACE((#10011));
#10013=IFCPOLYLOOP((#8890,#8913,#8891));
#10014=IFCFACEOUTERBOUND(#10013,.T.);
#10015=IFCFACE((#10014));
#10016=IFCPOLYLOOP((#8910,#8750,#8911));
#10017=IFCFACEOUTERBOUND(#10016,.T.);
#10018=IFCFACE((#10017));
#10019=IFCPOLYLOOP((#8896,#8903,#8908));
#10020=IFCFACEOUTERBOUND(#10019,.T.);
#10021=IFCFACE((#10020));
#10022=IFCPOLYLOOP((#8897,#8906,#8905));
#10023=IFCFACEOUTERBOUND(#10022,.T.);
#10024=IFCFACE((#10023));
#10025=IFCPOLYLOOP((#8900,#8893,#8892));
#10026=IFCFACEOUTERBOUND(#10025,.T.);
#10027=IFCFACE((#10026));
#10028=IFCPOLYLOOP((#8893,#8901,#8894));
#10029=IFCFACEOUTERBOUND(#10028,.T.);
#10030=IFCFACE((#10029));
#10031=IFCPOLYLOOP((#8922,#8708,#8906,#8921,#8904));
#10032=IFCFACEOUTERBOUND(#10031,.T.);
#10033=IFCFACE((#10032));
#10034=IFCPOLYLOOP((#8923,#8908,#8903));
#10035=IFCFACEOUTERBOUND(#10034,.T.);
#10036=IFCFACE((#10035));
#10037=IFCPOLYLOOP((#8928,#8917,#8900));
#10038=IFCFACEOUTERBOUND(#10037,.T.);
#10039=IFCFACE((#10038));
#10040=IFCPOLYLOOP((#8925,#8899,#8913));
#10041=IFCFACEOUTERBOUND(#10040,.T.);
#10042=IFCFACE((#10041));
#10043=IFCPOLYLOOP((#8902,#8926,#8907));
#10044=IFCFACEOUTERBOUND(#10043,.T.);
#10045=IFCFACE((#10044));
#10046=IFCPOLYLOOP((#8903,#8919,#8923));
#10047=IFCFACEOUTERBOUND(#10046,.T.);
#10048=IFCFACE((#10047));
#10049=IFCPOLYLOOP((#8922,#8904,#8920));
#10050=IFCFACEOUTERBOUND(#10049,.T.);
#10051=IFCFACE((#10050));
#10052=IFCPOLYLOOP((#8919,#8903,#8907));
#10053=IFCFACEOUTERBOUND(#10052,.T.);
#10054=IFCFACE((#10053));
#10055=IFCPOLYLOOP((#8908,#8920,#8904));
#10056=IFCFACEOUTERBOUND(#10055,.T.);
#10057=IFCFACE((#10056));
#10058=IFCPOLYLOOP((#8909,#8918,#8902));
#10059=IFCFACEOUTERBOUND(#10058,.T.);
#10060=IFCFACE((#10059));
#10061=IFCPOLYLOOP((#8920,#8908,#8923));
#10062=IFCFACEOUTERBOUND(#10061,.T.);
#10063=IFCFACE((#10062));
#10064=IFCPOLYLOOP((#8909,#8901,#8927));
#10065=IFCFACEOUTERBOUND(#10064,.T.);
#10066=IFCFACE((#10065));
#10067=IFCPOLYLOOP((#8918,#8909,#8927));
#10068=IFCFACEOUTERBOUND(#10067,.T.);
#10069=IFCFACE((#10068));
#10070=IFCPOLYLOOP((#8927,#8912,#8917));
#10071=IFCFACEOUTERBOUND(#10070,.T.);
#10072=IFCFACE((#10071));
#10073=IFCPOLYLOOP((#8912,#8927,#8901));
#10074=IFCFACEOUTERBOUND(#10073,.T.);
#10075=IFCFACE((#10074));
#10076=IFCPOLYLOOP((#8924,#8898,#8911));
#10077=IFCFACEOUTERBOUND(#10076,.T.);
#10078=IFCFACE((#10077));
#10079=IFCPOLYLOOP((#8749,#8911,#8750));
#10080=IFCFACEOUTERBOUND(#10079,.T.);
#10081=IFCFACE((#10080));
#10082=IFCPOLYLOOP((#8925,#8916,#8899));
#10083=IFCFACEOUTERBOUND(#10082,.T.);
#10084=IFCFACE((#10083));
#10085=IFCPOLYLOOP((#8708,#8922,#8709));
#10086=IFCFACEOUTERBOUND(#10085,.T.);
#10087=IFCFACE((#10086));
#10088=IFCPOLYLOOP((#8749,#8924,#8911));
#10089=IFCFACEOUTERBOUND(#10088,.T.);
#10090=IFCFACE((#10089));
#10091=IFCPOLYLOOP((#8915,#8898,#8924));
#10092=IFCFACEOUTERBOUND(#10091,.T.);
#10093=IFCFACE((#10092));
#10094=IFCPOLYLOOP((#8913,#8898,#8915));
#10095=IFCFACEOUTERBOUND(#10094,.T.);
#10096=IFCFACE((#10095));
#10097=IFCPOLYLOOP((#8915,#8925,#8913));
#10098=IFCFACEOUTERBOUND(#10097,.T.);
#10099=IFCFACE((#10098));
#10100=IFCPOLYLOOP((#8902,#8918,#8926));
#10101=IFCFACEOUTERBOUND(#10100,.T.);
#10102=IFCFACE((#10101));
#10103=IFCPOLYLOOP((#8914,#8928,#8900));
#10104=IFCFACEOUTERBOUND(#10103,.T.);
#10105=IFCFACE((#10104));
#10106=IFCPOLYLOOP((#8914,#8899,#8916));
#10107=IFCFACEOUTERBOUND(#10106,.T.);
#10108=IFCFACE((#10107));
#10109=IFCPOLYLOOP((#8917,#8912,#8900));
#10110=IFCFACEOUTERBOUND(#10109,.T.);
#10111=IFCFACE((#10110));
#10112=IFCPOLYLOOP((#8928,#8914,#8916));
#10113=IFCFACEOUTERBOUND(#10112,.T.);
#10114=IFCFACE((#10113));
#10115=IFCPOLYLOOP((#8919,#8907,#8926));
#10116=IFCFACEOUTERBOUND(#10115,.T.);
#10117=IFCFACE((#10116));
#10118=IFCPOLYLOOP((#8920,#8935,#8922));
#10119=IFCFACEOUTERBOUND(#10118,.T.);
#10120=IFCFACE((#10119));
#10121=IFCPOLYLOOP((#8942,#8749,#8748));
#10122=IFCFACEOUTERBOUND(#10121,.T.);
#10123=IFCFACE((#10122));
#10124=IFCPOLYLOOP((#8917,#8937,#8927));
#10125=IFCFACEOUTERBOUND(#10124,.T.);
#10126=IFCFACE((#10125));
#10127=IFCPOLYLOOP((#8936,#8918,#8927));
#10128=IFCFACEOUTERBOUND(#10127,.T.);
#10129=IFCFACE((#10128));
#10130=IFCPOLYLOOP((#8940,#8935,#8920));
#10131=IFCFACEOUTERBOUND(#10130,.T.);
#10132=IFCFACE((#10131));
#10133=IFCPOLYLOOP((#8936,#8934,#8918));
#10134=IFCFACEOUTERBOUND(#10133,.T.);
#10135=IFCFACE((#10134));
#10136=IFCPOLYLOOP((#8749,#8942,#8924));
#10137=IFCFACEOUTERBOUND(#10136,.T.);
#10138=IFCFACE((#10137));
#10139=IFCPOLYLOOP((#8709,#8939,#8710));
#10140=IFCFACEOUTERBOUND(#10139,.T.);
#10141=IFCFACE((#10140));
#10142=IFCPOLYLOOP((#8943,#8915,#8932));
#10143=IFCFACEOUTERBOUND(#10142,.T.);
#10144=IFCFACE((#10143));
#10145=IFCPOLYLOOP((#8922,#8935,#8939));
#10146=IFCFACEOUTERBOUND(#10145,.T.);
#10147=IFCFACE((#10146));
#10148=IFCPOLYLOOP((#8936,#8927,#8930));
#10149=IFCFACEOUTERBOUND(#10148,.T.);
#10150=IFCFACE((#10149));
#10151=IFCPOLYLOOP((#8709,#8922,#8939));
#10152=IFCFACEOUTERBOUND(#10151,.T.);
#10153=IFCFACE((#10152));
#10154=IFCPOLYLOOP((#8926,#8918,#8934));
#10155=IFCFACEOUTERBOUND(#10154,.T.);
#10156=IFCFACE((#10155));
#10157=IFCPOLYLOOP((#8915,#8924,#8932));
#10158=IFCFACEOUTERBOUND(#10157,.T.);
#10159=IFCFACE((#10158));
#10160=IFCPOLYLOOP((#8930,#8927,#8937));
#10161=IFCFACEOUTERBOUND(#10160,.T.);
#10162=IFCFACE((#10161));
#10163=IFCPOLYLOOP((#8920,#8923,#8940));
#10164=IFCFACEOUTERBOUND(#10163,.T.);
#10165=IFCFACE((#10164));
#10166=IFCPOLYLOOP((#8923,#8919,#8931));
#10167=IFCFACEOUTERBOUND(#10166,.T.);
#10168=IFCFACE((#10167));
#10169=IFCPOLYLOOP((#8933,#8928,#8938));
#10170=IFCFACEOUTERBOUND(#10169,.T.);
#10171=IFCFACE((#10170));
#10172=IFCPOLYLOOP((#8915,#8943,#8925));
#10173=IFCFACEOUTERBOUND(#10172,.T.);
#10174=IFCFACE((#10173));
#10175=IFCPOLYLOOP((#8926,#8941,#8919));
#10176=IFCFACEOUTERBOUND(#10175,.T.);
#10177=IFCFACE((#10176));
#10178=IFCPOLYLOOP((#8916,#8938,#8928));
#10179=IFCFACEOUTERBOUND(#10178,.T.);
#10180=IFCFACE((#10179));
#10181=IFCPOLYLOOP((#8917,#8933,#8937));
#10182=IFCFACEOUTERBOUND(#10181,.T.);
#10183=IFCFACE((#10182));
#10184=IFCPOLYLOOP((#8916,#8929,#8938));
#10185=IFCFACEOUTERBOUND(#10184,.T.);
#10186=IFCFACE((#10185));
#10187=IFCPOLYLOOP((#8929,#8916,#8925));
#10188=IFCFACEOUTERBOUND(#10187,.T.);
#10189=IFCFACE((#10188));
#10190=IFCPOLYLOOP((#8923,#8931,#8940));
#10191=IFCFACEOUTERBOUND(#10190,.T.);
#10192=IFCFACE((#10191));
#10193=IFCPOLYLOOP((#8941,#8926,#8934));
#10194=IFCFACEOUTERBOUND(#10193,.T.);
#10195=IFCFACE((#10194));
#10196=IFCPOLYLOOP((#8941,#8931,#8919));
#10197=IFCFACEOUTERBOUND(#10196,.T.);
#10198=IFCFACE((#10197));
#10199=IFCPOLYLOOP((#8942,#8932,#8924));
#10200=IFCFACEOUTERBOUND(#10199,.T.);
#10201=IFCFACE((#10200));
#10202=IFCPOLYLOOP((#8943,#8929,#8925));
#10203=IFCFACEOUTERBOUND(#10202,.T.);
#10204=IFCFACE((#10203));
#10205=IFCPOLYLOOP((#8933,#8917,#8928));
#10206=IFCFACEOUTERBOUND(#10205,.T.);
#10207=IFCFACE((#10206));
#10208=IFCPOLYLOOP((#8711,#8710,#8939,#8935,#8940,#8931,#8941,#8934,#8936,#8930,#8937,#8933,#8938,#8929,#8943,#8932,#8942,#8748));
#10209=IFCFACEOUTERBOUND(#10208,.T.);
#10210=IFCFACE((#10209));
#10211=IFCPOLYLOOP((#8712,#8747,#8965,#8955,#8963,#8944,#8962,#8954,#8967,#8945,#8957,#8953,#8966,#8946,#8956,#8952,#8960,#8713));
#10212=IFCFACEOUTERBOUND(#10211,.T.);
#10213=IFCFACE((#10212));
#10214=IFCPOLYLOOP((#8969,#8956,#8946));
#10215=IFCFACEOUTERBOUND(#10214,.T.);
#10216=IFCFACE((#10215));
#10217=IFCPOLYLOOP((#8714,#8960,#8959));
#10218=IFCFACEOUTERBOUND(#10217,.T.);
#10219=IFCFACE((#10218));
#10220=IFCPOLYLOOP((#8953,#8958,#8950));
#10221=IFCFACEOUTERBOUND(#10220,.T.);
#10222=IFCFACE((#10221));
#10223=IFCPOLYLOOP((#8957,#8949,#8958));
#10224=IFCFACEOUTERBOUND(#10223,.T.);
#10225=IFCFACE((#10224));
#10226=IFCPOLYLOOP((#8952,#8951,#8959));
#10227=IFCFACEOUTERBOUND(#10226,.T.);
#10228=IFCFACE((#10227));
#10229=IFCPOLYLOOP((#8967,#8949,#8945));
#10230=IFCFACEOUTERBOUND(#10229,.T.);
#10231=IFCFACE((#10230));
#10232=IFCPOLYLOOP((#8968,#8963,#8947));
#10233=IFCFACEOUTERBOUND(#10232,.T.);
#10234=IFCFACE((#10233));
#10235=IFCPOLYLOOP((#8948,#8962,#8968));
#10236=IFCFACEOUTERBOUND(#10235,.T.);
#10237=IFCFACE((#10236));
#10238=IFCPOLYLOOP((#8957,#8945,#8949));
#10239=IFCFACEOUTERBOUND(#10238,.T.);
#10240=IFCFACE((#10239));
#10241=IFCPOLYLOOP((#8959,#8960,#8952));
#10242=IFCFACEOUTERBOUND(#10241,.T.);
#10243=IFCFACE((#10242));
#10244=IFCPOLYLOOP((#8962,#8944,#8968));
#10245=IFCFACEOUTERBOUND(#10244,.T.);
#10246=IFCFACE((#10245));
#10247=IFCPOLYLOOP((#8963,#8968,#8944));
#10248=IFCFACEOUTERBOUND(#10247,.T.);
#10249=IFCFACE((#10248));
#10250=IFCPOLYLOOP((#8966,#8969,#8946));
#10251=IFCFACEOUTERBOUND(#10250,.T.);
#10252=IFCFACE((#10251));
#10253=IFCPOLYLOOP((#8958,#8953,#8957));
#10254=IFCFACEOUTERBOUND(#10253,.T.);
#10255=IFCFACE((#10254));
#10256=IFCPOLYLOOP((#8746,#8965,#8747));
#10257=IFCFACEOUTERBOUND(#10256,.T.);
#10258=IFCFACE((#10257));
#10259=IFCPOLYLOOP((#8964,#8955,#8965));
#10260=IFCFACEOUTERBOUND(#10259,.T.);
#10261=IFCFACE((#10260));
#10262=IFCPOLYLOOP((#8965,#8746,#8964));
#10263=IFCFACEOUTERBOUND(#10262,.T.);
#10264=IFCFACE((#10263));
#10265=IFCPOLYLOOP((#8951,#8952,#8956));
#10266=IFCFACEOUTERBOUND(#10265,.T.);
#10267=IFCFACE((#10266));
#10268=IFCPOLYLOOP((#8951,#8956,#8969));
#10269=IFCFACEOUTERBOUND(#10268,.T.);
#10270=IFCFACE((#10269));
#10271=IFCPOLYLOOP((#8969,#8966,#8950));
#10272=IFCFACEOUTERBOUND(#10271,.T.);
#10273=IFCFACE((#10272));
#10274=IFCPOLYLOOP((#8954,#8948,#8961));
#10275=IFCFACEOUTERBOUND(#10274,.T.);
#10276=IFCFACE((#10275));
#10277=IFCPOLYLOOP((#8949,#8967,#8961));
#10278=IFCFACEOUTERBOUND(#10277,.T.);
#10279=IFCFACE((#10278));
#10280=IFCPOLYLOOP((#8948,#8954,#8962));
#10281=IFCFACEOUTERBOUND(#10280,.T.);
#10282=IFCFACE((#10281));
#10283=IFCPOLYLOOP((#8713,#8960,#8714));
#10284=IFCFACEOUTERBOUND(#10283,.T.);
#10285=IFCFACE((#10284));
#10286=IFCPOLYLOOP((#8963,#8955,#8947));
#10287=IFCFACEOUTERBOUND(#10286,.T.);
#10288=IFCFACE((#10287));
#10289=IFCPOLYLOOP((#8947,#8955,#8964));
#10290=IFCFACEOUTERBOUND(#10289,.T.);
#10291=IFCFACE((#10290));
#10292=IFCPOLYLOOP((#8966,#8953,#8950));
#10293=IFCFACEOUTERBOUND(#10292,.T.);
#10294=IFCFACE((#10293));
#10295=IFCPOLYLOOP((#8967,#8954,#8961));
#10296=IFCFACEOUTERBOUND(#10295,.T.);
#10297=IFCFACE((#10296));
#10298=IFCPOLYLOOP((#8951,#8975,#8959));
#10299=IFCFACEOUTERBOUND(#10298,.T.);
#10300=IFCFACE((#10299));
#10301=IFCPOLYLOOP((#8982,#8971,#8968));
#10302=IFCFACEOUTERBOUND(#10301,.T.);
#10303=IFCFACE((#10302));
#10304=IFCPOLYLOOP((#8982,#8947,#8970));
#10305=IFCFACEOUTERBOUND(#10304,.T.);
#10306=IFCFACE((#10305));
#10307=IFCPOLYLOOP((#8980,#8975,#8951));
#10308=IFCFACEOUTERBOUND(#10307,.T.);
#10309=IFCFACE((#10308));
#10310=IFCPOLYLOOP((#8714,#8959,#8978));
#10311=IFCFACEOUTERBOUND(#10310,.T.);
#10312=IFCFACE((#10311));
#10313=IFCPOLYLOOP((#8746,#8979,#8964));
#10314=IFCFACEOUTERBOUND(#10313,.T.);
#10315=IFCFACE((#10314));
#10316=IFCPOLYLOOP((#8951,#8969,#8980));
#10317=IFCFACEOUTERBOUND(#10316,.T.);
#10318=IFCFACE((#10317));
#10319=IFCPOLYLOOP((#8949,#8972,#8977,#8973));
#10320=IFCFACEOUTERBOUND(#10319,.T.);
#10321=IFCFACE((#10320));
#10322=IFCPOLYLOOP((#8948,#8971,#8981));
#10323=IFCFACEOUTERBOUND(#10322,.T.);
#10324=IFCFACE((#10323));
#10325=IFCPOLYLOOP((#8714,#8978,#8715));
#10326=IFCFACEOUTERBOUND(#10325,.T.);
#10327=IFCFACE((#10326));
#10328=IFCPOLYLOOP((#8981,#8961,#8948));
#10329=IFCFACEOUTERBOUND(#10328,.T.);
#10330=IFCFACE((#10329));
#10331=IFCPOLYLOOP((#8958,#8976,#8950));
#10332=IFCFACEOUTERBOUND(#10331,.T.);
#10333=IFCFACE((#10332));
#10334=IFCPOLYLOOP((#8979,#8746,#8745));
#10335=IFCFACEOUTERBOUND(#10334,.T.);
#10336=IFCFACE((#10335));
#10337=IFCPOLYLOOP((#8979,#8970,#8964));
#10338=IFCFACEOUTERBOUND(#10337,.T.);
#10339=IFCFACE((#10338));
#10340=IFCPOLYLOOP((#8969,#8974,#8980));
#10341=IFCFACEOUTERBOUND(#10340,.T.);
#10342=IFCFACE((#10341));
#10343=IFCPOLYLOOP((#8976,#8974,#8950));
#10344=IFCFACEOUTERBOUND(#10343,.T.);
#10345=IFCFACE((#10344));
#10346=IFCPOLYLOOP((#8972,#8961,#8981));
#10347=IFCFACEOUTERBOUND(#10346,.T.);
#10348=IFCFACE((#10347));
#10349=IFCPOLYLOOP((#8959,#8975,#8978));
#10350=IFCFACEOUTERBOUND(#10349,.T.);
#10351=IFCFACE((#10350));
#10352=IFCPOLYLOOP((#8947,#8982,#8968));
#10353=IFCFACEOUTERBOUND(#10352,.T.);
#10354=IFCFACE((#10353));
#10355=IFCPOLYLOOP((#8964,#8970,#8947));
#10356=IFCFACEOUTERBOUND(#10355,.T.);
#10357=IFCFACE((#10356));
#10358=IFCPOLYLOOP((#8971,#8948,#8968));
#10359=IFCFACEOUTERBOUND(#10358,.T.);
#10360=IFCFACE((#10359));
#10361=IFCPOLYLOOP((#8976,#8958,#8973));
#10362=IFCFACEOUTERBOUND(#10361,.T.);
#10363=IFCFACE((#10362));
#10364=IFCPOLYLOOP((#8972,#8949,#8961));
#10365=IFCFACEOUTERBOUND(#10364,.T.);
#10366=IFCFACE((#10365));
#10367=IFCPOLYLOOP((#8958,#8949,#8973));
#10368=IFCFACEOUTERBOUND(#10367,.T.);
#10369=IFCFACE((#10368));
#10370=IFCPOLYLOOP((#8969,#8950,#8974));
#10371=IFCFACEOUTERBOUND(#10370,.T.);
#10372=IFCFACE((#10371));
#10373=IFCPOLYLOOP((#8975,#8989,#8978));
#10374=IFCFACEOUTERBOUND(#10373,.T.);
#10375=IFCFACE((#10374));
#10376=IFCPOLYLOOP((#8993,#8989,#8975));
#10377=IFCFACEOUTERBOUND(#10376,.T.);
#10378=IFCFACE((#10377));
#10379=IFCPOLYLOOP((#8996,#8983,#8979));
#10380=IFCFACEOUTERBOUND(#10379,.T.);
#10381=IFCFACE((#10380));
#10382=IFCPOLYLOOP((#8997,#8984,#8982));
#10383=IFCFACEOUTERBOUND(#10382,.T.);
#10384=IFCFACE((#10383));
#10385=IFCPOLYLOOP((#8971,#8984,#8995));
#10386=IFCFACEOUTERBOUND(#10385,.T.);
#10387=IFCFACE((#10386));
#10388=IFCPOLYLOOP((#8745,#8996,#8979));
#10389=IFCFACEOUTERBOUND(#10388,.T.);
#10390=IFCFACE((#10389));
#10391=IFCPOLYLOOP((#8975,#8980,#8993));
#10392=IFCFACEOUTERBOUND(#10391,.T.);
#10393=IFCFACE((#10392));
#10394=IFCPOLYLOOP((#8972,#8985,#8991));
#10395=IFCFACEOUTERBOUND(#10394,.T.);
#10396=IFCFACE((#10395));
#10397=IFCPOLYLOOP((#8976,#8994,#8974));
#10398=IFCFACEOUTERBOUND(#10397,.T.);
#10399=IFCFACE((#10398));
#10400=IFCPOLYLOOP((#8990,#8973,#8977));
#10401=IFCFACEOUTERBOUND(#10400,.T.);
#10402=IFCFACE((#10401));
#10403=IFCPOLYLOOP((#8972,#8991,#8977));
#10404=IFCFACEOUTERBOUND(#10403,.T.);
#10405=IFCFACE((#10404));
#10406=IFCPOLYLOOP((#8984,#8971,#8982));
#10407=IFCFACEOUTERBOUND(#10406,.T.);
#10408=IFCFACE((#10407));
#10409=IFCPOLYLOOP((#8987,#8976,#8973));
#10410=IFCFACEOUTERBOUND(#10409,.T.);
#10411=IFCFACE((#10410));
#10412=IFCPOLYLOOP((#8995,#8981,#8971));
#10413=IFCFACEOUTERBOUND(#10412,.T.);
#10414=IFCFACE((#10413));
#10415=IFCPOLYLOOP((#8990,#8987,#8973));
#10416=IFCFACEOUTERBOUND(#10415,.T.);
#10417=IFCFACE((#10416));
#10418=IFCPOLYLOOP((#8997,#8970,#8983));
#10419=IFCFACEOUTERBOUND(#10418,.T.);
#10420=IFCFACE((#10419));
#10421=IFCPOLYLOOP((#8980,#8974,#8988));
#10422=IFCFACEOUTERBOUND(#10421,.T.);
#10423=IFCFACE((#10422));
#10424=IFCPOLYLOOP((#8994,#8988,#8974));
#10425=IFCFACEOUTERBOUND(#10424,.T.);
#10426=IFCFACE((#10425));
#10427=IFCPOLYLOOP((#8990,#8977,#8986));
#10428=IFCFACEOUTERBOUND(#10427,.T.);
#10429=IFCFACE((#10428));
#10430=IFCPOLYLOOP((#8981,#8985,#8972));
#10431=IFCFACEOUTERBOUND(#10430,.T.);
#10432=IFCFACE((#10431));
#10433=IFCPOLYLOOP((#8715,#8978,#8992));
#10434=IFCFACEOUTERBOUND(#10433,.T.);
#10435=IFCFACE((#10434));
#10436=IFCPOLYLOOP((#8985,#8981,#8995));
#10437=IFCFACEOUTERBOUND(#10436,.T.);
#10438=IFCFACE((#10437));
#10439=IFCPOLYLOOP((#8983,#8970,#8979));
#10440=IFCFACEOUTERBOUND(#10439,.T.);
#10441=IFCFACE((#10440));
#10442=IFCPOLYLOOP((#8715,#8992,#8716));
#10443=IFCFACEOUTERBOUND(#10442,.T.);
#10444=IFCFACE((#10443));
#10445=IFCPOLYLOOP((#8970,#8997,#8982));
#10446=IFCFACEOUTERBOUND(#10445,.T.);
#10447=IFCFACE((#10446));
#10448=IFCPOLYLOOP((#8980,#8988,#8993));
#10449=IFCFACEOUTERBOUND(#10448,.T.);
#10450=IFCFACE((#10449));
#10451=IFCPOLYLOOP((#8994,#8976,#8987));
#10452=IFCFACEOUTERBOUND(#10451,.T.);
#10453=IFCFACE((#10452));
#10454=IFCPOLYLOOP((#8977,#8991,#8986));
#10455=IFCFACEOUTERBOUND(#10454,.T.);
#10456=IFCFACE((#10455));
#10457=IFCPOLYLOOP((#8996,#8745,#8744));
#10458=IFCFACEOUTERBOUND(#10457,.T.);
#10459=IFCFACE((#10458));
#10460=IFCPOLYLOOP((#8978,#8989,#8992));
#10461=IFCFACEOUTERBOUND(#10460,.T.);
#10462=IFCFACE((#10461));
#10463=IFCPOLYLOOP((#8717,#8992,#9006));
#10464=IFCFACEOUTERBOUND(#10463,.T.);
#10465=IFCFACE((#10464));
#10466=IFCPOLYLOOP((#8994,#8987,#9004,#8988));
#10467=IFCFACEOUTERBOUND(#10466,.T.);
#10468=IFCFACE((#10467));
#10469=IFCPOLYLOOP((#8991,#8985,#9001));
#10470=IFCFACEOUTERBOUND(#10469,.T.);
#10471=IFCFACE((#10470));
#10472=IFCPOLYLOOP((#8993,#8988,#9005,#8989));
#10473=IFCFACEOUTERBOUND(#10472,.T.);
#10474=IFCFACE((#10473));
#10475=IFCPOLYLOOP((#9002,#8990,#8986));
#10476=IFCFACEOUTERBOUND(#10475,.T.);
#10477=IFCFACE((#10476));
#10478=IFCPOLYLOOP((#8988,#9004,#9005));
#10479=IFCFACEOUTERBOUND(#10478,.T.);
#10480=IFCFACE((#10479));
#10481=IFCPOLYLOOP((#9003,#8987,#8990));
#10482=IFCFACEOUTERBOUND(#10481,.T.);
#10483=IFCFACE((#10482));
#10484=IFCPOLYLOOP((#8992,#8989,#9006));
#10485=IFCFACEOUTERBOUND(#10484,.T.);
#10486=IFCFACE((#10485));
#10487=IFCPOLYLOOP((#8991,#9002,#8986));
#10488=IFCFACEOUTERBOUND(#10487,.T.);
#10489=IFCFACE((#10488));
#10490=IFCPOLYLOOP((#8987,#9003,#9004));
#10491=IFCFACEOUTERBOUND(#10490,.T.);
#10492=IFCFACE((#10491));
#10493=IFCPOLYLOOP((#9003,#8990,#9002));
#10494=IFCFACEOUTERBOUND(#10493,.T.);
#10495=IFCFACE((#10494));
#10496=IFCPOLYLOOP((#8999,#8984,#8997,#8983));
#10497=IFCFACEOUTERBOUND(#10496,.T.);
#10498=IFCFACE((#10497));
#10499=IFCPOLYLOOP((#9002,#8991,#9001));
#10500=IFCFACEOUTERBOUND(#10499,.T.);
#10501=IFCFACE((#10500));
#10502=IFCPOLYLOOP((#9000,#8985,#8995,#8984));
#10503=IFCFACEOUTERBOUND(#10502,.T.);
#10504=IFCFACE((#10503));
#10505=IFCPOLYLOOP((#8744,#8743,#8996));
#10506=IFCFACEOUTERBOUND(#10505,.T.);
#10507=IFCFACE((#10506));
#10508=IFCPOLYLOOP((#8989,#9005,#9006));
#10509=IFCFACEOUTERBOUND(#10508,.T.);
#10510=IFCFACE((#10509));
#10511=IFCPOLYLOOP((#8998,#8983,#8996));
#10512=IFCFACEOUTERBOUND(#10511,.T.);
#10513=IFCFACE((#10512));
#10514=IFCPOLYLOOP((#8999,#9000,#8984));
#10515=IFCFACEOUTERBOUND(#10514,.T.);
#10516=IFCFACE((#10515));
#10517=IFCPOLYLOOP((#8998,#8999,#8983));
#10518=IFCFACEOUTERBOUND(#10517,.T.);
#10519=IFCFACE((#10518));
#10520=IFCPOLYLOOP((#8998,#8996,#8743));
#10521=IFCFACEOUTERBOUND(#10520,.T.);
#10522=IFCFACE((#10521));
#10523=IFCPOLYLOOP((#8985,#9000,#9001));
#10524=IFCFACEOUTERBOUND(#10523,.T.);
#10525=IFCFACE((#10524));
#10526=IFCPOLYLOOP((#8992,#8717,#8716));
#10527=IFCFACEOUTERBOUND(#10526,.T.);
#10528=IFCFACE((#10527));
#10529=IFCPOLYLOOP((#9016,#8717,#9006));
#10530=IFCFACEOUTERBOUND(#10529,.T.);
#10531=IFCFACE((#10530));
#10532=IFCPOLYLOOP((#9014,#9005,#9004));
#10533=IFCFACEOUTERBOUND(#10532,.T.);
#10534=IFCFACE((#10533));
#10535=IFCPOLYLOOP((#9006,#9005,#9015));
#10536=IFCFACEOUTERBOUND(#10535,.T.);
#10537=IFCFACE((#10536));
#10538=IFCPOLYLOOP((#9004,#9003,#9013));
#10539=IFCFACEOUTERBOUND(#10538,.T.);
#10540=IFCFACE((#10539));
#10541=IFCPOLYLOOP((#9006,#9015,#9016));
#10542=IFCFACEOUTERBOUND(#10541,.T.);
#10543=IFCFACE((#10542));
#10544=IFCPOLYLOOP((#9016,#8718,#8717));
#10545=IFCFACEOUTERBOUND(#10544,.T.);
#10546=IFCFACE((#10545));
#10547=IFCPOLYLOOP((#9004,#9013,#9014));
#10548=IFCFACEOUTERBOUND(#10547,.T.);
#10549=IFCFACE((#10548));
#10550=IFCPOLYLOOP((#9014,#9015,#9005));
#10551=IFCFACEOUTERBOUND(#10550,.T.);
#10552=IFCFACE((#10551));
#10553=IFCPOLYLOOP((#9003,#9012,#9013));
#10554=IFCFACEOUTERBOUND(#10553,.T.);
#10555=IFCFACE((#10554));
#10556=IFCPOLYLOOP((#9003,#9002,#9012));
#10557=IFCFACEOUTERBOUND(#10556,.T.);
#10558=IFCFACE((#10557));
#10559=IFCPOLYLOOP((#9010,#9001,#9000));
#10560=IFCFACEOUTERBOUND(#10559,.T.);
#10561=IFCFACE((#10560));
#10562=IFCPOLYLOOP((#9002,#9001,#9011));
#10563=IFCFACEOUTERBOUND(#10562,.T.);
#10564=IFCFACE((#10563));
#10565=IFCPOLYLOOP((#9008,#8999,#8998));
#10566=IFCFACEOUTERBOUND(#10565,.T.);
#10567=IFCFACE((#10566));
#10568=IFCPOLYLOOP((#8999,#9009,#9000));
#10569=IFCFACEOUTERBOUND(#10568,.T.);
#10570=IFCFACE((#10569));
#10571=IFCPOLYLOOP((#8743,#9007,#8998));
#10572=IFCFACEOUTERBOUND(#10571,.T.);
#10573=IFCFACE((#10572));
#10574=IFCPOLYLOOP((#9010,#9011,#9001));
#10575=IFCFACEOUTERBOUND(#10574,.T.);
#10576=IFCFACE((#10575));
#10577=IFCPOLYLOOP((#9010,#9000,#9009));
#10578=IFCFACEOUTERBOUND(#10577,.T.);
#10579=IFCFACE((#10578));
#10580=IFCPOLYLOOP((#8999,#9008,#9009));
#10581=IFCFACEOUTERBOUND(#10580,.T.);
#10582=IFCFACE((#10581));
#10583=IFCPOLYLOOP((#9007,#9008,#8998));
#10584=IFCFACEOUTERBOUND(#10583,.T.);
#10585=IFCFACE((#10584));
#10586=IFCPOLYLOOP((#8743,#8742,#9007));
#10587=IFCFACEOUTERBOUND(#10586,.T.);
#10588=IFCFACE((#10587));
#10589=IFCPOLYLOOP((#9002,#9011,#9012));
#10590=IFCFACEOUTERBOUND(#10589,.T.);
#10591=IFCFACE((#10590));
#10592=IFCPOLYLOOP((#9016,#9026,#8719,#8718));
#10593=IFCFACEOUTERBOUND(#10592,.T.);
#10594=IFCFACE((#10593));
#10595=IFCPOLYLOOP((#9015,#9025,#9026,#9016));
#10596=IFCFACEOUTERBOUND(#10595,.T.);
#10597=IFCFACE((#10596));
#10598=IFCPOLYLOOP((#9023,#9024,#9014,#9013));
#10599=IFCFACEOUTERBOUND(#10598,.T.);
#10600=IFCFACE((#10599));
#10601=IFCPOLYLOOP((#9015,#9014,#9024,#9025));
#10602=IFCFACEOUTERBOUND(#10601,.T.);
#10603=IFCFACE((#10602));
#10604=IFCPOLYLOOP((#9022,#9023,#9013,#9012));
#10605=IFCFACEOUTERBOUND(#10604,.T.);
#10606=IFCFACE((#10605));
#10607=IFCPOLYLOOP((#9012,#9011,#9021,#9022));
#10608=IFCFACEOUTERBOUND(#10607,.T.);
#10609=IFCFACE((#10608));
#10610=IFCPOLYLOOP((#9020,#9021,#9011,#9010));
#10611=IFCFACEOUTERBOUND(#10610,.T.);
#10612=IFCFACE((#10611));
#10613=IFCPOLYLOOP((#9020,#9010,#9009,#9019));
#10614=IFCFACEOUTERBOUND(#10613,.T.);
#10615=IFCFACE((#10614));
#10616=IFCPOLYLOOP((#9018,#9008,#9007,#9017));
#10617=IFCFACEOUTERBOUND(#10616,.T.);
#10618=IFCFACE((#10617));
#10619=IFCPOLYLOOP((#9008,#9018,#9019,#9009));
#10620=IFCFACEOUTERBOUND(#10619,.T.);
#10621=IFCFACE((#10620));
#10622=IFCPOLYLOOP((#9017,#9007,#8742,#8741));
#10623=IFCFACEOUTERBOUND(#10622,.T.);
#10624=IFCFACE((#10623));
#10625=IFCPOLYLOOP((#9026,#9037,#8719));
#10626=IFCFACEOUTERBOUND(#10625,.T.);
#10627=IFCFACE((#10626));
#10628=IFCPOLYLOOP((#9025,#9036,#9026));
#10629=IFCFACEOUTERBOUND(#10628,.T.);
#10630=IFCFACE((#10629));
#10631=IFCPOLYLOOP((#9034,#9024,#9023));
#10632=IFCFACEOUTERBOUND(#10631,.T.);
#10633=IFCFACE((#10632));
#10634=IFCPOLYLOOP((#9025,#9024,#9035));
#10635=IFCFACEOUTERBOUND(#10634,.T.);
#10636=IFCFACE((#10635));
#10637=IFCPOLYLOOP((#9033,#9023,#9022));
#10638=IFCFACEOUTERBOUND(#10637,.T.);
#10639=IFCFACE((#10638));
#10640=IFCPOLYLOOP((#9026,#9036,#9037));
#10641=IFCFACEOUTERBOUND(#10640,.T.);
#10642=IFCFACE((#10641));
#10643=IFCPOLYLOOP((#9037,#8720,#8719));
#10644=IFCFACEOUTERBOUND(#10643,.T.);
#10645=IFCFACE((#10644));
#10646=IFCPOLYLOOP((#9024,#9034,#9035));
#10647=IFCFACEOUTERBOUND(#10646,.T.);
#10648=IFCFACE((#10647));
#10649=IFCPOLYLOOP((#9035,#9036,#9025));
#10650=IFCFACEOUTERBOUND(#10649,.T.);
#10651=IFCFACE((#10650));
#10652=IFCPOLYLOOP((#9023,#9033,#9034));
#10653=IFCFACEOUTERBOUND(#10652,.T.);
#10654=IFCFACE((#10653));
#10655=IFCPOLYLOOP((#9022,#9032,#9033));
#10656=IFCFACEOUTERBOUND(#10655,.T.);
#10657=IFCFACE((#10656));
#10658=IFCPOLYLOOP((#9020,#9019,#9030));
#10659=IFCFACEOUTERBOUND(#10658,.T.);
#10660=IFCFACE((#10659));
#10661=IFCPOLYLOOP((#9021,#9020,#9031));
#10662=IFCFACEOUTERBOUND(#10661,.T.);
#10663=IFCFACE((#10662));
#10664=IFCPOLYLOOP((#9028,#9018,#9017));
#10665=IFCFACEOUTERBOUND(#10664,.T.);
#10666=IFCFACE((#10665));
#10667=IFCPOLYLOOP((#9018,#9029,#9019));
#10668=IFCFACEOUTERBOUND(#10667,.T.);
#10669=IFCFACE((#10668));
#10670=IFCPOLYLOOP((#9027,#9017,#8741));
#10671=IFCFACEOUTERBOUND(#10670,.T.);
#10672=IFCFACE((#10671));
#10673=IFCPOLYLOOP((#9021,#9031,#9032));
#10674=IFCFACEOUTERBOUND(#10673,.T.);
#10675=IFCFACE((#10674));
#10676=IFCPOLYLOOP((#9031,#9020,#9030));
#10677=IFCFACEOUTERBOUND(#10676,.T.);
#10678=IFCFACE((#10677));
#10679=IFCPOLYLOOP((#9029,#9018,#9028));
#10680=IFCFACEOUTERBOUND(#10679,.T.);
#10681=IFCFACE((#10680));
#10682=IFCPOLYLOOP((#9028,#9017,#9027));
#10683=IFCFACEOUTERBOUND(#10682,.T.);
#10684=IFCFACE((#10683));
#10685=IFCPOLYLOOP((#9030,#9019,#9029));
#10686=IFCFACEOUTERBOUND(#10685,.T.);
#10687=IFCFACE((#10686));
#10688=IFCPOLYLOOP((#8740,#9027,#8741));
#10689=IFCFACEOUTERBOUND(#10688,.T.);
#10690=IFCFACE((#10689));
#10691=IFCPOLYLOOP((#9021,#9032,#9022));
#10692=IFCFACEOUTERBOUND(#10691,.T.);
#10693=IFCFACE((#10692));
#10694=IFCPOLYLOOP((#9037,#9048,#8721,#8720));
#10695=IFCFACEOUTERBOUND(#10694,.T.);
#10696=IFCFACE((#10695));
#10697=IFCPOLYLOOP((#9036,#9047,#9048,#9037));
#10698=IFCFACEOUTERBOUND(#10697,.T.);
#10699=IFCFACE((#10698));
#10700=IFCPOLYLOOP((#9045,#9046,#9035,#9034));
#10701=IFCFACEOUTERBOUND(#10700,.T.);
#10702=IFCFACE((#10701));
#10703=IFCPOLYLOOP((#9036,#9035,#9046,#9047));
#10704=IFCFACEOUTERBOUND(#10703,.T.);
#10705=IFCFACE((#10704));
#10706=IFCPOLYLOOP((#9044,#9045,#9034,#9033));
#10707=IFCFACEOUTERBOUND(#10706,.T.);
#10708=IFCFACE((#10707));
#10709=IFCPOLYLOOP((#9043,#9044,#9033,#9032));
#10710=IFCFACEOUTERBOUND(#10709,.T.);
#10711=IFCFACE((#10710));
#10712=IFCPOLYLOOP((#9032,#9031,#9042,#9043));
#10713=IFCFACEOUTERBOUND(#10712,.T.);
#10714=IFCFACE((#10713));
#10715=IFCPOLYLOOP((#9039,#9028,#9027,#9038));
#10716=IFCFACEOUTERBOUND(#10715,.T.);
#10717=IFCFACE((#10716));
#10718=IFCPOLYLOOP((#9028,#9039,#9040,#9029));
#10719=IFCFACEOUTERBOUND(#10718,.T.);
#10720=IFCFACE((#10719));
#10721=IFCPOLYLOOP((#9038,#9027,#8740,#8739));
#10722=IFCFACEOUTERBOUND(#10721,.T.);
#10723=IFCFACE((#10722));
#10724=IFCPOLYLOOP((#9042,#9031,#9030,#9041));
#10725=IFCFACEOUTERBOUND(#10724,.T.);
#10726=IFCFACE((#10725));
#10727=IFCPOLYLOOP((#9041,#9030,#9029,#9040));
#10728=IFCFACEOUTERBOUND(#10727,.T.);
#10729=IFCFACE((#10728));
#10730=IFCPOLYLOOP((#9048,#9059,#8722,#8721));
#10731=IFCFACEOUTERBOUND(#10730,.T.);
#10732=IFCFACE((#10731));
#10733=IFCPOLYLOOP((#9047,#9058,#9059,#9048));
#10734=IFCFACEOUTERBOUND(#10733,.T.);
#10735=IFCFACE((#10734));
#10736=IFCPOLYLOOP((#9056,#9057,#9046,#9045));
#10737=IFCFACEOUTERBOUND(#10736,.T.);
#10738=IFCFACE((#10737));
#10739=IFCPOLYLOOP((#9047,#9046,#9057,#9058));
#10740=IFCFACEOUTERBOUND(#10739,.T.);
#10741=IFCFACE((#10740));
#10742=IFCPOLYLOOP((#9055,#9056,#9045,#9044));
#10743=IFCFACEOUTERBOUND(#10742,.T.);
#10744=IFCFACE((#10743));
#10745=IFCPOLYLOOP((#9054,#9055,#9044,#9043));
#10746=IFCFACEOUTERBOUND(#10745,.T.);
#10747=IFCFACE((#10746));
#10748=IFCPOLYLOOP((#9043,#9042,#9053,#9054));
#10749=IFCFACEOUTERBOUND(#10748,.T.);
#10750=IFCFACE((#10749));
#10751=IFCPOLYLOOP((#9050,#9039,#9038,#9049));
#10752=IFCFACEOUTERBOUND(#10751,.T.);
#10753=IFCFACE((#10752));
#10754=IFCPOLYLOOP((#9039,#9050,#9051,#9040));
#10755=IFCFACEOUTERBOUND(#10754,.T.);
#10756=IFCFACE((#10755));
#10757=IFCPOLYLOOP((#9049,#9038,#8739,#8738));
#10758=IFCFACEOUTERBOUND(#10757,.T.);
#10759=IFCFACE((#10758));
#10760=IFCPOLYLOOP((#9053,#9042,#9041,#9052));
#10761=IFCFACEOUTERBOUND(#10760,.T.);
#10762=IFCFACE((#10761));
#10763=IFCPOLYLOOP((#9052,#9041,#9040,#9051));
#10764=IFCFACEOUTERBOUND(#10763,.T.);
#10765=IFCFACE((#10764));
#10766=IFCPOLYLOOP((#9059,#9070,#8723,#8722));
#10767=IFCFACEOUTERBOUND(#10766,.T.);
#10768=IFCFACE((#10767));
#10769=IFCPOLYLOOP((#9058,#9069,#9070,#9059));
#10770=IFCFACEOUTERBOUND(#10769,.T.);
#10771=IFCFACE((#10770));
#10772=IFCPOLYLOOP((#9067,#9068,#9057,#9056));
#10773=IFCFACEOUTERBOUND(#10772,.T.);
#10774=IFCFACE((#10773));
#10775=IFCPOLYLOOP((#9058,#9057,#9068,#9069));
#10776=IFCFACEOUTERBOUND(#10775,.T.);
#10777=IFCFACE((#10776));
#10778=IFCPOLYLOOP((#9066,#9067,#9056,#9055));
#10779=IFCFACEOUTERBOUND(#10778,.T.);
#10780=IFCFACE((#10779));
#10781=IFCPOLYLOOP((#9065,#9066,#9055,#9054));
#10782=IFCFACEOUTERBOUND(#10781,.T.);
#10783=IFCFACE((#10782));
#10784=IFCPOLYLOOP((#9054,#9053,#9064,#9065));
#10785=IFCFACEOUTERBOUND(#10784,.T.);
#10786=IFCFACE((#10785));
#10787=IFCPOLYLOOP((#9061,#9050,#9049,#9060));
#10788=IFCFACEOUTERBOUND(#10787,.T.);
#10789=IFCFACE((#10788));
#10790=IFCPOLYLOOP((#9050,#9061,#9062,#9051));
#10791=IFCFACEOUTERBOUND(#10790,.T.);
#10792=IFCFACE((#10791));
#10793=IFCPOLYLOOP((#9060,#9049,#8738,#8737));
#10794=IFCFACEOUTERBOUND(#10793,.T.);
#10795=IFCFACE((#10794));
#10796=IFCPOLYLOOP((#9053,#9052,#9063,#9064));
#10797=IFCFACEOUTERBOUND(#10796,.T.);
#10798=IFCFACE((#10797));
#10799=IFCPOLYLOOP((#9063,#9052,#9051,#9062));
#10800=IFCFACEOUTERBOUND(#10799,.T.);
#10801=IFCFACE((#10800));
#10802=IFCPOLYLOOP((#9070,#9081,#8724,#8723));
#10803=IFCFACEOUTERBOUND(#10802,.T.);
#10804=IFCFACE((#10803));
#10805=IFCPOLYLOOP((#9069,#9080,#9081,#9070));
#10806=IFCFACEOUTERBOUND(#10805,.T.);
#10807=IFCFACE((#10806));
#10808=IFCPOLYLOOP((#9078,#9079,#9068,#9067));
#10809=IFCFACEOUTERBOUND(#10808,.T.);
#10810=IFCFACE((#10809));
#10811=IFCPOLYLOOP((#9069,#9068,#9079,#9080));
#10812=IFCFACEOUTERBOUND(#10811,.T.);
#10813=IFCFACE((#10812));
#10814=IFCPOLYLOOP((#9077,#9078,#9067,#9066));
#10815=IFCFACEOUTERBOUND(#10814,.T.);
#10816=IFCFACE((#10815));
#10817=IFCPOLYLOOP((#9076,#9077,#9066,#9065));
#10818=IFCFACEOUTERBOUND(#10817,.T.);
#10819=IFCFACE((#10818));
#10820=IFCPOLYLOOP((#9065,#9064,#9075,#9076));
#10821=IFCFACEOUTERBOUND(#10820,.T.);
#10822=IFCFACE((#10821));
#10823=IFCPOLYLOOP((#9072,#9061,#9060,#9071));
#10824=IFCFACEOUTERBOUND(#10823,.T.);
#10825=IFCFACE((#10824));
#10826=IFCPOLYLOOP((#9061,#9072,#9073,#9062));
#10827=IFCFACEOUTERBOUND(#10826,.T.);
#10828=IFCFACE((#10827));
#10829=IFCPOLYLOOP((#9071,#9060,#8737,#8736));
#10830=IFCFACEOUTERBOUND(#10829,.T.);
#10831=IFCFACE((#10830));
#10832=IFCPOLYLOOP((#9064,#9063,#9074,#9075));
#10833=IFCFACEOUTERBOUND(#10832,.T.);
#10834=IFCFACE((#10833));
#10835=IFCPOLYLOOP((#9074,#9063,#9062,#9073));
#10836=IFCFACEOUTERBOUND(#10835,.T.);
#10837=IFCFACE((#10836));
#10838=IFCPOLYLOOP((#9081,#8725,#8724));
#10839=IFCFACEOUTERBOUND(#10838,.T.);
#10840=IFCFACE((#10839));
#10841=IFCPOLYLOOP((#9080,#9091,#9081));
#10842=IFCFACEOUTERBOUND(#10841,.T.);
#10843=IFCFACE((#10842));
#10844=IFCPOLYLOOP((#9089,#9079,#9078));
#10845=IFCFACEOUTERBOUND(#10844,.T.);
#10846=IFCFACE((#10845));
#10847=IFCPOLYLOOP((#9080,#9079,#9090));
#10848=IFCFACEOUTERBOUND(#10847,.T.);
#10849=IFCFACE((#10848));
#10850=IFCPOLYLOOP((#9088,#9078,#9077));
#10851=IFCFACEOUTERBOUND(#10850,.T.);
#10852=IFCFACE((#10851));
#10853=IFCPOLYLOOP((#9080,#9090,#9091));
#10854=IFCFACEOUTERBOUND(#10853,.T.);
#10855=IFCFACE((#10854));
#10856=IFCPOLYLOOP((#9091,#8725,#9081));
#10857=IFCFACEOUTERBOUND(#10856,.T.);
#10858=IFCFACE((#10857));
#10859=IFCPOLYLOOP((#9078,#9088,#9089));
#10860=IFCFACEOUTERBOUND(#10859,.T.);
#10861=IFCFACE((#10860));
#10862=IFCPOLYLOOP((#9089,#9090,#9079));
#10863=IFCFACEOUTERBOUND(#10862,.T.);
#10864=IFCFACE((#10863));
#10865=IFCPOLYLOOP((#9077,#9087,#9088));
#10866=IFCFACEOUTERBOUND(#10865,.T.);
#10867=IFCFACE((#10866));
#10868=IFCPOLYLOOP((#9077,#9076,#9087));
#10869=IFCFACEOUTERBOUND(#10868,.T.);
#10870=IFCFACE((#10869));
#10871=IFCPOLYLOOP((#9086,#9076,#9075));
#10872=IFCFACEOUTERBOUND(#10871,.T.);
#10873=IFCFACE((#10872));
#10874=IFCPOLYLOOP((#9082,#9072,#9071));
#10875=IFCFACEOUTERBOUND(#10874,.T.);
#10876=IFCFACE((#10875));
#10877=IFCPOLYLOOP((#9072,#9083,#9073));
#10878=IFCFACEOUTERBOUND(#10877,.T.);
#10879=IFCFACE((#10878));
#10880=IFCPOLYLOOP((#8735,#9071,#8736));
#10881=IFCFACEOUTERBOUND(#10880,.T.);
#10882=IFCFACE((#10881));
#10883=IFCPOLYLOOP((#9075,#9085,#9086));
#10884=IFCFACEOUTERBOUND(#10883,.T.);
#10885=IFCFACE((#10884));
#10886=IFCPOLYLOOP((#9085,#9075,#9074));
#10887=IFCFACEOUTERBOUND(#10886,.T.);
#10888=IFCFACE((#10887));
#10889=IFCPOLYLOOP((#9085,#9074,#9084));
#10890=IFCFACEOUTERBOUND(#10889,.T.);
#10891=IFCFACE((#10890));
#10892=IFCPOLYLOOP((#9074,#9073,#9084));
#10893=IFCFACEOUTERBOUND(#10892,.T.);
#10894=IFCFACE((#10893));
#10895=IFCPOLYLOOP((#9073,#9083,#9084));
#10896=IFCFACEOUTERBOUND(#10895,.T.);
#10897=IFCFACE((#10896));
#10898=IFCPOLYLOOP((#9082,#9083,#9072));
#10899=IFCFACEOUTERBOUND(#10898,.T.);
#10900=IFCFACE((#10899));
#10901=IFCPOLYLOOP((#9071,#8735,#9082));
#10902=IFCFACEOUTERBOUND(#10901,.T.);
#10903=IFCFACE((#10902));
#10904=IFCPOLYLOOP((#9076,#9086,#9087));
#10905=IFCFACEOUTERBOUND(#10904,.T.);
#10906=IFCFACE((#10905));
#10907=IFCPOLYLOOP((#8726,#8725,#9091));
#10908=IFCFACEOUTERBOUND(#10907,.T.);
#10909=IFCFACE((#10908));
#10910=IFCPOLYLOOP((#9099,#9090,#9089));
#10911=IFCFACEOUTERBOUND(#10910,.T.);
#10912=IFCFACE((#10911));
#10913=IFCPOLYLOOP((#9091,#9090,#9100));
#10914=IFCFACEOUTERBOUND(#10913,.T.);
#10915=IFCFACE((#10914));
#10916=IFCPOLYLOOP((#9089,#9088,#9098));
#10917=IFCFACEOUTERBOUND(#10916,.T.);
#10918=IFCFACE((#10917));
#10919=IFCPOLYLOOP((#9090,#9099,#9100));
#10920=IFCFACEOUTERBOUND(#10919,.T.);
#10921=IFCFACE((#10920));
#10922=IFCPOLYLOOP((#9100,#8726,#9091));
#10923=IFCFACEOUTERBOUND(#10922,.T.);
#10924=IFCFACE((#10923));
#10925=IFCPOLYLOOP((#9088,#9097,#9098));
#10926=IFCFACEOUTERBOUND(#10925,.T.);
#10927=IFCFACE((#10926));
#10928=IFCPOLYLOOP((#9098,#9099,#9089));
#10929=IFCFACEOUTERBOUND(#10928,.T.);
#10930=IFCFACE((#10929));
#10931=IFCPOLYLOOP((#9097,#9087,#9096));
#10932=IFCFACEOUTERBOUND(#10931,.T.);
#10933=IFCFACE((#10932));
#10934=IFCPOLYLOOP((#9088,#9087,#9097));
#10935=IFCFACEOUTERBOUND(#10934,.T.);
#10936=IFCFACE((#10935));
#10937=IFCPOLYLOOP((#9095,#9086,#9085));
#10938=IFCFACEOUTERBOUND(#10937,.T.);
#10939=IFCFACE((#10938));
#10940=IFCPOLYLOOP((#9094,#9085,#9084));
#10941=IFCFACEOUTERBOUND(#10940,.T.);
#10942=IFCFACE((#10941));
#10943=IFCPOLYLOOP((#9092,#9083,#9082));
#10944=IFCFACEOUTERBOUND(#10943,.T.);
#10945=IFCFACE((#10944));
#10946=IFCPOLYLOOP((#9084,#9083,#9093));
#10947=IFCFACEOUTERBOUND(#10946,.T.);
#10948=IFCFACE((#10947));
#10949=IFCPOLYLOOP((#8735,#8734,#9082));
#10950=IFCFACEOUTERBOUND(#10949,.T.);
#10951=IFCFACE((#10950));
#10952=IFCPOLYLOOP((#9086,#9095,#9096));
#10953=IFCFACEOUTERBOUND(#10952,.T.);
#10954=IFCFACE((#10953));
#10955=IFCPOLYLOOP((#9095,#9085,#9094));
#10956=IFCFACEOUTERBOUND(#10955,.T.);
#10957=IFCFACE((#10956));
#10958=IFCPOLYLOOP((#9083,#9092,#9093));
#10959=IFCFACEOUTERBOUND(#10958,.T.);
#10960=IFCFACE((#10959));
#10961=IFCPOLYLOOP((#9092,#9082,#8734));
#10962=IFCFACEOUTERBOUND(#10961,.T.);
#10963=IFCFACE((#10962));
#10964=IFCPOLYLOOP((#9094,#9084,#9093));
#10965=IFCFACEOUTERBOUND(#10964,.T.);
#10966=IFCFACE((#10965));
#10967=IFCPOLYLOOP((#9086,#9096,#9087));
#10968=IFCFACEOUTERBOUND(#10967,.T.);
#10969=IFCFACE((#10968));
#10970=IFCPOLYLOOP((#8727,#8726,#9100));
#10971=IFCFACEOUTERBOUND(#10970,.T.);
#10972=IFCFACE((#10971));
#10973=IFCPOLYLOOP((#9107,#9099,#9098));
#10974=IFCFACEOUTERBOUND(#10973,.T.);
#10975=IFCFACE((#10974));
#10976=IFCPOLYLOOP((#9100,#9099,#9108));
#10977=IFCFACEOUTERBOUND(#10976,.T.);
#10978=IFCFACE((#10977));
#10979=IFCPOLYLOOP((#9098,#9097,#9106));
#10980=IFCFACEOUTERBOUND(#10979,.T.);
#10981=IFCFACE((#10980));
#10982=IFCPOLYLOOP((#9100,#9108,#9114,#8727));
#10983=IFCFACEOUTERBOUND(#10982,.T.);
#10984=IFCFACE((#10983));
#10985=IFCPOLYLOOP((#9098,#9106,#9107));
#10986=IFCFACEOUTERBOUND(#10985,.T.);
#10987=IFCFACE((#10986));
#10988=IFCPOLYLOOP((#9107,#9108,#9099));
#10989=IFCFACEOUTERBOUND(#10988,.T.);
#10990=IFCFACE((#10989));
#10991=IFCPOLYLOOP((#9106,#9097,#9105));
#10992=IFCFACEOUTERBOUND(#10991,.T.);
#10993=IFCFACE((#10992));
#10994=IFCPOLYLOOP((#9097,#9096,#9105));
#10995=IFCFACEOUTERBOUND(#10994,.T.);
#10996=IFCFACE((#10995));
#10997=IFCPOLYLOOP((#9104,#9096,#9095));
#10998=IFCFACEOUTERBOUND(#10997,.T.);
#10999=IFCFACE((#10998));
#11000=IFCPOLYLOOP((#9092,#8734,#8733));
#11001=IFCFACEOUTERBOUND(#11000,.T.);
#11002=IFCFACE((#11001));
#11003=IFCPOLYLOOP((#9103,#9095,#9094));
#11004=IFCFACEOUTERBOUND(#11003,.T.);
#11005=IFCFACE((#11004));
#11006=IFCPOLYLOOP((#9094,#9102,#9103));
#11007=IFCFACEOUTERBOUND(#11006,.T.);
#11008=IFCFACE((#11007));
#11009=IFCPOLYLOOP((#9103,#9104,#9095));
#11010=IFCFACEOUTERBOUND(#11009,.T.);
#11011=IFCFACE((#11010));
#11012=IFCPOLYLOOP((#9092,#9101,#9093));
#11013=IFCFACEOUTERBOUND(#11012,.T.);
#11014=IFCFACE((#11013));
#11015=IFCPOLYLOOP((#9092,#8733,#9119,#9101));
#11016=IFCFACEOUTERBOUND(#11015,.T.);
#11017=IFCFACE((#11016));
#11018=IFCPOLYLOOP((#9093,#9101,#9102));
#11019=IFCFACEOUTERBOUND(#11018,.T.);
#11020=IFCFACE((#11019));
#11021=IFCPOLYLOOP((#9093,#9102,#9094));
#11022=IFCFACEOUTERBOUND(#11021,.T.);
#11023=IFCFACE((#11022));
#11024=IFCPOLYLOOP((#9096,#9104,#9105));
#11025=IFCFACEOUTERBOUND(#11024,.T.);
#11026=IFCFACE((#11025));
#11027=IFCPOLYLOOP((#9108,#9115,#9114));
#11028=IFCFACEOUTERBOUND(#11027,.T.);
#11029=IFCFACE((#11028));
#11030=IFCPOLYLOOP((#9108,#9112,#9115));
#11031=IFCFACEOUTERBOUND(#11030,.T.);
#11032=IFCFACE((#11031));
#11033=IFCPOLYLOOP((#8728,#8727,#9114));
#11034=IFCFACEOUTERBOUND(#11033,.T.);
#11035=IFCFACE((#11034));
#11036=IFCPOLYLOOP((#9111,#9105,#9104,#9110,#9113));
#11037=IFCFACEOUTERBOUND(#11036,.T.);
#11038=IFCFACE((#11037));
#11039=IFCPOLYLOOP((#9106,#9111,#9116));
#11040=IFCFACEOUTERBOUND(#11039,.T.);
#11041=IFCFACE((#11040));
#11042=IFCPOLYLOOP((#9112,#9108,#9107));
#11043=IFCFACEOUTERBOUND(#11042,.T.);
#11044=IFCFACE((#11043));
#11045=IFCPOLYLOOP((#9109,#9120,#9118));
#11046=IFCFACEOUTERBOUND(#11045,.T.);
#11047=IFCFACE((#11046));
#11048=IFCPOLYLOOP((#9115,#8728,#9114));
#11049=IFCFACEOUTERBOUND(#11048,.T.);
#11050=IFCFACE((#11049));
#11051=IFCPOLYLOOP((#9112,#9107,#9116));
#11052=IFCFACEOUTERBOUND(#11051,.T.);
#11053=IFCFACE((#11052));
#11054=IFCPOLYLOOP((#9111,#9106,#9105));
#11055=IFCFACEOUTERBOUND(#11054,.T.);
#11056=IFCFACE((#11055));
#11057=IFCPOLYLOOP((#9116,#9107,#9106));
#11058=IFCFACEOUTERBOUND(#11057,.T.);
#11059=IFCFACE((#11058));
#11060=IFCPOLYLOOP((#9118,#9101,#9119));
#11061=IFCFACEOUTERBOUND(#11060,.T.);
#11062=IFCFACE((#11061));
#11063=IFCPOLYLOOP((#9102,#9117,#9103));
#11064=IFCFACEOUTERBOUND(#11063,.T.);
#11065=IFCFACE((#11064));
#11066=IFCPOLYLOOP((#9102,#9120,#9109));
#11067=IFCFACEOUTERBOUND(#11066,.T.);
#11068=IFCFACE((#11067));
#11069=IFCPOLYLOOP((#9102,#9101,#9120));
#11070=IFCFACEOUTERBOUND(#11069,.T.);
#11071=IFCFACE((#11070));
#11072=IFCPOLYLOOP((#9103,#9110,#9104));
#11073=IFCFACEOUTERBOUND(#11072,.T.);
#11074=IFCFACE((#11073));
#11075=IFCPOLYLOOP((#8732,#9119,#8733));
#11076=IFCFACEOUTERBOUND(#11075,.T.);
#11077=IFCFACE((#11076));
#11078=IFCPOLYLOOP((#9103,#9117,#9121,#9110));
#11079=IFCFACEOUTERBOUND(#11078,.T.);
#11080=IFCFACE((#11079));
#11081=IFCPOLYLOOP((#9109,#9117,#9102));
#11082=IFCFACEOUTERBOUND(#11081,.T.);
#11083=IFCFACE((#11082));
#11084=IFCPOLYLOOP((#9119,#8732,#9118));
#11085=IFCFACEOUTERBOUND(#11084,.T.);
#11086=IFCFACE((#11085));
#11087=IFCPOLYLOOP((#9101,#9118,#9120));
#11088=IFCFACEOUTERBOUND(#11087,.T.);
#11089=IFCFACE((#11088));
#11090=IFCPOLYLOOP((#8729,#8728,#9115,#9112,#9116,#9111,#9113,#9110,#9121,#9117,#9109,#9118,#8732));
#11091=IFCFACEOUTERBOUND(#11090,.T.);
#11092=IFCFACE((#11091));
#11093=IFCPOLYLOOP((#8730,#8731,#8779,#8774,#8778,#8773,#8775,#8772,#8777,#8771,#8776,#8695));
#11094=IFCFACEOUTERBOUND(#11093,.T.);
#11095=IFCFACE((#11094));
#11096=IFCCARTESIANPOINT((-97.425279109145094,139.69999999999814,368.29999999999865));
#11097=IFCCARTESIANPOINT((-132.31824233621833,127.,368.29999999999865));
#11098=IFCCARTESIANPOINT((-162.58878358811103,101.59999999999866,368.29999999999865));
#11099=IFCCARTESIANPOINT((-176.98458651060199,76.199999999998695,368.29999999999865));
#11100=IFCCARTESIANPOINT((-183.79049599835278,50.799999999997716,368.29999999999865));
#11101=IFCCARTESIANPOINT((-188.28624413421011,25.303345331529666,368.29999999999865));
#11102=IFCCARTESIANPOINT((-190.50000000000051,0.,368.29999999999865));
#11103=IFCCARTESIANPOINT((-186.07248826841942,-50.606690663062629,368.29999999999865));
#11104=IFCCARTESIANPOINT((-172.40887221219543,-101.60000000000359,368.29999999999865));
#11105=IFCCARTESIANPOINT((-153.9191843114715,-152.40000000000583,368.29999999999865));
#11106=IFCCARTESIANPOINT((-130.23075527719931,-203.20000000000209,368.29999999999865));
#11107=IFCCARTESIANPOINT((-94.990008483197968,-254.,368.29999999999865));
#11108=IFCCARTESIANPOINT((-69.590008483198488,-279.4000000000014,368.29999999999865));
#11109=IFCCARTESIANPOINT((-47.592963227073675,-292.10000000000156,368.29999999999865));
#11110=IFCCARTESIANPOINT((-12.700000000003289,-304.80000000000041,368.29999999999865));
#11111=IFCCARTESIANPOINT((12.700000000003188,-304.80000000000041,368.29999999999865));
#11112=IFCCARTESIANPOINT((47.592963227073191,-292.10000000000167,368.29999999999865));
#11113=IFCCARTESIANPOINT((69.590008483197906,-279.40000000000146,368.29999999999865));
#11114=IFCCARTESIANPOINT((94.990008483197656,-254.,368.29999999999865));
#11115=IFCCARTESIANPOINT((130.23075527719914,-203.20000000000178,368.29999999999865));
#11116=IFCCARTESIANPOINT((153.91918431147309,-152.40000000000163,368.29999999999865));
#11117=IFCCARTESIANPOINT((172.40887221219594,-101.60000000000186,368.29999999999865));
#11118=IFCCARTESIANPOINT((186.07248826841928,-50.606690663062537,368.29999999999865));
#11119=IFCCARTESIANPOINT((190.50000000000048,0.,368.29999999999865));
#11120=IFCCARTESIANPOINT((188.28624413420991,25.30334533153129,368.29999999999865));
#11121=IFCCARTESIANPOINT((183.79049599835284,50.799999999997418,368.29999999999865));
#11122=IFCCARTESIANPOINT((176.98458651060187,76.199999999998795,368.29999999999865));
#11123=IFCCARTESIANPOINT((162.58878358811108,101.59999999999859,368.29999999999865));
#11124=IFCCARTESIANPOINT((132.31824233621836,127.,368.29999999999865));
#11125=IFCCARTESIANPOINT((97.425279109145578,139.69999999999814,368.29999999999865));
#11126=IFCCARTESIANPOINT((25.399999999994055,152.39999999999932,368.29999999999865));
#11127=IFCCARTESIANPOINT((-25.39999999999387,152.39999999999935,368.29999999999865));
#11128=IFCPOLYLOOP((#11096,#11097,#11098,#11099,#11100,#11101,#11102,#11103,#11104,#11105,#11106,#11107,#11108,#11109,#11110,#11111,#11112,#11113,#11114,#11115,#11116,#11117,#11118,#11119,#11120,#11121,#11122,#11123,#11124,#11125,#11126,#11127));
#11129=IFCFACEOUTERBOUND(#11128,.T.);
#11130=IFCFACE((#11129));
#11131=IFCCARTESIANPOINT((-95.775500266164173,133.54294153674311,361.94999999999806));
#11132=IFCCARTESIANPOINT((-24.844446986610212,146.04999999999816,361.94999999999806));
#11133=IFCCARTESIANPOINT((24.844446986610794,146.04999999999814,361.94999999999806));
#11134=IFCCARTESIANPOINT((95.775500266164158,133.54294153674326,361.94999999999806));
#11135=IFCCARTESIANPOINT((129.09426284348081,121.41590371601735,361.94999999999806));
#11136=IFCCARTESIANPOINT((157.6293435157823,97.472128048275437,361.94999999999806));
#11137=IFCCARTESIANPOINT((171.06066395069985,73.773863985914232,361.94999999999806));
#11138=IFCCARTESIANPOINT((177.58511020086263,49.424299089055282,361.94999999999806));
#11139=IFCCARTESIANPOINT((181.98457146844464,24.473714386105915,361.94999999999806));
#11140=IFCCARTESIANPOINT((184.12574403160019,0.,361.94999999999806));
#11141=IFCCARTESIANPOINT((179.79507157105431,-49.499812730167392,361.94999999999806));
#11142=IFCCARTESIANPOINT((166.3470000158155,-99.688699038141266,361.94999999999806));
#11143=IFCCARTESIANPOINT((148.04696022387338,-149.96764514162379,361.94999999999806));
#11144=IFCCARTESIANPOINT((124.70458082616976,-200.02553930115903,361.94999999999806));
#11145=IFCCARTESIANPOINT((90.097158248555573,-249.91259411357453,361.94999999999806));
#11146=IFCCARTESIANPOINT((65.691016996320158,-274.3187353658102,361.94999999999806));
#11147=IFCCARTESIANPOINT((44.899086249818211,-286.32296217927541,361.94999999999806));
#11148=IFCCARTESIANPOINT((11.580323672501331,-298.45000000000158,361.94999999999806));
#11149=IFCCARTESIANPOINT((-11.580323672501162,-298.45000000000164,361.94999999999806));
#11150=IFCCARTESIANPOINT((-44.899086249818268,-286.32296217927552,361.94999999999806));
#11151=IFCCARTESIANPOINT((-65.691016996320428,-274.3187353658102,361.94999999999806));
#11152=IFCCARTESIANPOINT((-90.0971582485558,-249.9125941135745,361.94999999999806));
#11153=IFCCARTESIANPOINT((-124.70458082616939,-200.02553930116002,361.94999999999806));
#11154=IFCCARTESIANPOINT((-148.04696022387293,-149.96764514162504,361.94999999999806));
#11155=IFCCARTESIANPOINT((-166.34700001581436,-99.688699038144307,361.94999999999806));
#11156=IFCCARTESIANPOINT((-179.79507157105436,-49.499812730167086,361.94999999999806));
#11157=IFCCARTESIANPOINT((-184.12574403160022,0.,361.94999999999806));
#11158=IFCCARTESIANPOINT((-181.98457146844484,24.473714386104476,361.94999999999806));
#11159=IFCCARTESIANPOINT((-177.58511020086323,49.424299089053001,361.94999999999806));
#11160=IFCCARTESIANPOINT((-171.06066395069996,73.773863985914048,361.94999999999806));
#11161=IFCCARTESIANPOINT((-157.62934351578255,97.47212804827528,361.94999999999806));
#11162=IFCCARTESIANPOINT((-129.094262843481,121.41590371601733,361.94999999999806));
#11163=IFCPOLYLOOP((#11131,#11132,#11133,#11134,#11135,#11136,#11137,#11138,#11139,#11140,#11141,#11142,#11143,#11144,#11145,#11146,#11147,#11148,#11149,#11150,#11151,#11152,#11153,#11154,#11155,#11156,#11157,#11158,#11159,#11160,#11161,#11162));
#11164=IFCFACEOUTERBOUND(#11163,.T.);
#11165=IFCFACE((#11164));
#11166=IFCPOLYLOOP((#11131,#11162,#11097,#11096));
#11167=IFCFACEOUTERBOUND(#11166,.T.);
#11168=IFCFACE((#11167));
#11169=IFCPOLYLOOP((#11162,#11161,#11098,#11097));
#11170=IFCFACEOUTERBOUND(#11169,.T.);
#11171=IFCFACE((#11170));
#11172=IFCPOLYLOOP((#11161,#11160,#11099,#11098));
#11173=IFCFACEOUTERBOUND(#11172,.T.);
#11174=IFCFACE((#11173));
#11175=IFCPOLYLOOP((#11160,#11159,#11100,#11099));
#11176=IFCFACEOUTERBOUND(#11175,.T.);
#11177=IFCFACE((#11176));
#11178=IFCPOLYLOOP((#11159,#11158,#11101,#11100));
#11179=IFCFACEOUTERBOUND(#11178,.T.);
#11180=IFCFACE((#11179));
#11181=IFCPOLYLOOP((#11158,#11157,#11102,#11101));
#11182=IFCFACEOUTERBOUND(#11181,.T.);
#11183=IFCFACE((#11182));
#11184=IFCPOLYLOOP((#11157,#11156,#11103,#11102));
#11185=IFCFACEOUTERBOUND(#11184,.T.);
#11186=IFCFACE((#11185));
#11187=IFCPOLYLOOP((#11156,#11155,#11104,#11103));
#11188=IFCFACEOUTERBOUND(#11187,.T.);
#11189=IFCFACE((#11188));
#11190=IFCPOLYLOOP((#11155,#11154,#11105,#11104));
#11191=IFCFACEOUTERBOUND(#11190,.T.);
#11192=IFCFACE((#11191));
#11193=IFCPOLYLOOP((#11154,#11153,#11106,#11105));
#11194=IFCFACEOUTERBOUND(#11193,.T.);
#11195=IFCFACE((#11194));
#11196=IFCPOLYLOOP((#11153,#11152,#11107,#11106));
#11197=IFCFACEOUTERBOUND(#11196,.T.);
#11198=IFCFACE((#11197));
#11199=IFCPOLYLOOP((#11152,#11151,#11108,#11107));
#11200=IFCFACEOUTERBOUND(#11199,.T.);
#11201=IFCFACE((#11200));
#11202=IFCPOLYLOOP((#11151,#11150,#11109,#11108));
#11203=IFCFACEOUTERBOUND(#11202,.T.);
#11204=IFCFACE((#11203));
#11205=IFCPOLYLOOP((#11150,#11149,#11110,#11109));
#11206=IFCFACEOUTERBOUND(#11205,.T.);
#11207=IFCFACE((#11206));
#11208=IFCPOLYLOOP((#11149,#11148,#11111,#11110));
#11209=IFCFACEOUTERBOUND(#11208,.T.);
#11210=IFCFACE((#11209));
#11211=IFCPOLYLOOP((#11148,#11147,#11112,#11111));
#11212=IFCFACEOUTERBOUND(#11211,.T.);
#11213=IFCFACE((#11212));
#11214=IFCPOLYLOOP((#11147,#11146,#11113,#11112));
#11215=IFCFACEOUTERBOUND(#11214,.T.);
#11216=IFCFACE((#11215));
#11217=IFCPOLYLOOP((#11146,#11145,#11114,#11113));
#11218=IFCFACEOUTERBOUND(#11217,.T.);
#11219=IFCFACE((#11218));
#11220=IFCPOLYLOOP((#11145,#11144,#11115,#11114));
#11221=IFCFACEOUTERBOUND(#11220,.T.);
#11222=IFCFACE((#11221));
#11223=IFCPOLYLOOP((#11144,#11143,#11116,#11115));
#11224=IFCFACEOUTERBOUND(#11223,.T.);
#11225=IFCFACE((#11224));
#11226=IFCPOLYLOOP((#11143,#11142,#11117,#11116));
#11227=IFCFACEOUTERBOUND(#11226,.T.);
#11228=IFCFACE((#11227));
#11229=IFCPOLYLOOP((#11142,#11141,#11118,#11117));
#11230=IFCFACEOUTERBOUND(#11229,.T.);
#11231=IFCFACE((#11230));
#11232=IFCPOLYLOOP((#11141,#11140,#11119,#11118));
#11233=IFCFACEOUTERBOUND(#11232,.T.);
#11234=IFCFACE((#11233));
#11235=IFCPOLYLOOP((#11140,#11139,#11120,#11119));
#11236=IFCFACEOUTERBOUND(#11235,.T.);
#11237=IFCFACE((#11236));
#11238=IFCPOLYLOOP((#11139,#11138,#11121,#11120));
#11239=IFCFACEOUTERBOUND(#11238,.T.);
#11240=IFCFACE((#11239));
#11241=IFCPOLYLOOP((#11138,#11137,#11122,#11121));
#11242=IFCFACEOUTERBOUND(#11241,.T.);
#11243=IFCFACE((#11242));
#11244=IFCPOLYLOOP((#11137,#11136,#11123,#11122));
#11245=IFCFACEOUTERBOUND(#11244,.T.);
#11246=IFCFACE((#11245));
#11247=IFCPOLYLOOP((#11136,#11135,#11124,#11123));
#11248=IFCFACEOUTERBOUND(#11247,.T.);
#11249=IFCFACE((#11248));
#11250=IFCPOLYLOOP((#11135,#11134,#11125,#11124));
#11251=IFCFACEOUTERBOUND(#11250,.T.);
#11252=IFCFACE((#11251));
#11253=IFCPOLYLOOP((#11134,#11133,#11126,#11125));
#11254=IFCFACEOUTERBOUND(#11253,.T.);
#11255=IFCFACE((#11254));
#11256=IFCPOLYLOOP((#11133,#11132,#11127,#11126));
#11257=IFCFACEOUTERBOUND(#11256,.T.);
#11258=IFCFACE((#11257));
#11259=IFCPOLYLOOP((#11132,#11131,#11096,#11127));
#11260=IFCFACEOUTERBOUND(#11259,.T.);
#11261=IFCFACE((#11260));
#11262=IFCCARTESIANPOINT((177.8000000000024,419.09999999999974,387.21814527230549));
#11263=IFCCARTESIANPOINT((-177.80000000000163,419.09999999999974,387.21814527230549));
#11264=IFCCARTESIANPOINT((-177.80000000000163,298.44999999999919,387.21814527230549));
#11265=IFCCARTESIANPOINT((-175.24778394209508,288.92499999999819,387.21814527230549));
#11266=IFCCARTESIANPOINT((-168.27500000000086,281.9522160579038,387.21814527230549));
#11267=IFCCARTESIANPOINT((-158.74999999999977,279.39999999999588,387.21814527230549));
#11268=IFCCARTESIANPOINT((158.74999999999994,279.39999999999588,387.21814527230549));
#11269=IFCCARTESIANPOINT((168.27500000000089,281.95221605790249,387.21814527230549));
#11270=IFCCARTESIANPOINT((175.24778394209531,288.92499999999666,387.21814527230549));
#11271=IFCCARTESIANPOINT((177.8000000000024,298.44999999999771,387.21814527230549));
#11272=IFCCARTESIANPOINT((177.8000000000024,419.09999999999974,374.64999999999918));
#11273=IFCCARTESIANPOINT((177.80000000000211,298.44999999999766,374.64999999999918));
#11274=IFCCARTESIANPOINT((175.24778394209531,288.92499999999666,374.64999999999918));
#11275=IFCCARTESIANPOINT((168.27500000000089,281.95221605790249,374.64999999999918));
#11276=IFCCARTESIANPOINT((158.75000000000009,279.39999999999588,374.64999999999918));
#11277=IFCCARTESIANPOINT((-158.74999999999989,279.39999999999696,374.64999999999918));
#11278=IFCCARTESIANPOINT((-168.27500000000086,281.9522160579038,374.64999999999918));
#11279=IFCCARTESIANPOINT((-175.24778394209508,288.92499999999819,374.64999999999918));
#11280=IFCCARTESIANPOINT((-177.80000000000163,298.44999999999908,374.64999999999918));
#11281=IFCCARTESIANPOINT((-177.80000000000163,419.09999999999974,374.64999999999918));
#11282=IFCCARTESIANPOINT((-176.51050408638221,293.63753573421866,387.21814527230549));
#11283=IFCCARTESIANPOINT((-176.52389197104841,293.68749999999875,374.64999999999918));
#11284=IFCCARTESIANPOINT((-171.76139197104808,285.43860802895108,387.21814527230549));
#11285=IFCCARTESIANPOINT((-171.76139197104808,285.43860802895108,374.64999999999918));
#11286=IFCCARTESIANPOINT((-163.56246426501053,280.68949591341027,374.64999999999918));
#11287=IFCCARTESIANPOINT((-163.51250000000053,280.67610802895041,387.21814527230549));
#11288=IFCCARTESIANPOINT((163.56246426529793,280.68949591348604,387.21814527230549));
#11289=IFCCARTESIANPOINT((163.51250000000033,280.67610802894916,374.64999999999918));
#11290=IFCCARTESIANPOINT((171.761391971048,285.43860802894949,387.21814527230549));
#11291=IFCCARTESIANPOINT((171.761391971048,285.43860802894949,374.64999999999918));
#11292=IFCCARTESIANPOINT((176.51050408659501,293.63753573500998,374.64999999999918));
#11293=IFCCARTESIANPOINT((176.52389197104867,293.68749999999704,387.21814527230549));
#11294=IFCPOLYLOOP((#11271,#11262,#11263,#11264,#11282,#11265,#11284,#11266,#11287,#11267,#11268,#11288,#11269,#11290,#11270,#11293));
#11295=IFCFACEOUTERBOUND(#11294,.T.);
#11296=IFCFACE((#11295));
#11297=IFCPOLYLOOP((#11280,#11281,#11272,#11273,#11292,#11274,#11291,#11275,#11289,#11276,#11277,#11286,#11278,#11285,#11279,#11283));
#11298=IFCFACEOUTERBOUND(#11297,.T.);
#11299=IFCFACE((#11298));
#11300=IFCPOLYLOOP((#11263,#11262,#11272,#11281));
#11301=IFCFACEOUTERBOUND(#11300,.T.);
#11302=IFCFACE((#11301));
#11303=IFCPOLYLOOP((#11264,#11263,#11281,#11280));
#11304=IFCFACEOUTERBOUND(#11303,.T.);
#11305=IFCFACE((#11304));
#11306=IFCPOLYLOOP((#11279,#11265,#11282,#11264,#11280,#11283));
#11307=IFCFACEOUTERBOUND(#11306,.T.);
#11308=IFCFACE((#11307));
#11309=IFCPOLYLOOP((#11266,#11284,#11265,#11279,#11285,#11278));
#11310=IFCFACEOUTERBOUND(#11309,.T.);
#11311=IFCFACE((#11310));
#11312=IFCPOLYLOOP((#11266,#11278,#11286,#11277,#11267,#11287));
#11313=IFCFACEOUTERBOUND(#11312,.T.);
#11314=IFCFACE((#11313));
#11315=IFCPOLYLOOP((#11268,#11267,#11277,#11276));
#11316=IFCFACEOUTERBOUND(#11315,.T.);
#11317=IFCFACE((#11316));
#11318=IFCPOLYLOOP((#11275,#11269,#11288,#11268,#11276,#11289));
#11319=IFCFACEOUTERBOUND(#11318,.T.);
#11320=IFCFACE((#11319));
#11321=IFCPOLYLOOP((#11270,#11290,#11269,#11275,#11291,#11274));
#11322=IFCFACEOUTERBOUND(#11321,.T.);
#11323=IFCFACE((#11322));
#11324=IFCPOLYLOOP((#11270,#11274,#11292,#11273,#11271,#11293));
#11325=IFCFACEOUTERBOUND(#11324,.T.);
#11326=IFCFACE((#11325));
#11327=IFCPOLYLOOP((#11262,#11271,#11273,#11272));
#11328=IFCFACEOUTERBOUND(#11327,.T.);
#11329=IFCFACE((#11328));
#11330=IFCCARTESIANPOINT((-162.58878358811091,101.59999999999886,387.34999999999866));
#11331=IFCCARTESIANPOINT((-176.98458651060201,76.199999999998496,387.34999999999866));
#11332=IFCCARTESIANPOINT((-183.7904959983527,50.799999999998889,387.34999999999866));
#11333=IFCCARTESIANPOINT((-188.28624413420994,25.303345331530604,387.34999999999866));
#11334=IFCCARTESIANPOINT((-190.50000000000057,0.,387.34999999999866));
#11335=IFCCARTESIANPOINT((-186.07248826841939,-50.606690663062444,387.34999999999866));
#11336=IFCCARTESIANPOINT((-172.4088722121958,-101.60000000000208,387.34999999999866));
#11337=IFCCARTESIANPOINT((-153.91918431147184,-152.40000000000461,387.34999999999866));
#11338=IFCCARTESIANPOINT((-130.23075527719891,-203.20000000000175,387.34999999999866));
#11339=IFCCARTESIANPOINT((-94.990008483198309,-254.,387.34999999999866));
#11340=IFCCARTESIANPOINT((-69.590008483198488,-279.4000000000014,387.34999999999866));
#11341=IFCCARTESIANPOINT((-47.592963227072993,-292.10000000000184,387.34999999999866));
#11342=IFCCARTESIANPOINT((-12.700000000003509,-304.80000000000041,387.34999999999866));
#11343=IFCCARTESIANPOINT((12.70000000000344,-304.80000000000069,387.34999999999866));
#11344=IFCCARTESIANPOINT((47.592963227073604,-292.10000000000167,387.34999999999866));
#11345=IFCCARTESIANPOINT((69.590008483198332,-279.40000000000168,387.34999999999866));
#11346=IFCCARTESIANPOINT((94.990008483197556,-254.,387.34999999999866));
#11347=IFCCARTESIANPOINT((130.23075527719959,-203.20000000000138,387.34999999999866));
#11348=IFCCARTESIANPOINT((153.91918431147394,-152.4000000000006,387.34999999999866));
#11349=IFCCARTESIANPOINT((172.40887221219737,-101.59999999999893,387.34999999999866));
#11350=IFCCARTESIANPOINT((186.07248826841959,-50.606690663062246,387.34999999999866));
#11351=IFCCARTESIANPOINT((190.50000000000063,0.,387.34999999999866));
#11352=IFCCARTESIANPOINT((188.28624413421016,25.303345331530039,387.34999999999866));
#11353=IFCCARTESIANPOINT((183.79049599835258,50.799999999999045,387.34999999999866));
#11354=IFCCARTESIANPOINT((176.98458651060187,76.199999999998752,387.34999999999866));
#11355=IFCCARTESIANPOINT((162.58878358811103,101.59999999999883,387.34999999999866));
#11356=IFCCARTESIANPOINT((132.31824233621805,127.,387.34999999999866));
#11357=IFCCARTESIANPOINT((97.425279109144299,139.69999999999845,387.34999999999866));
#11358=IFCCARTESIANPOINT((25.399999999994041,152.39999999999941,387.34999999999866));
#11359=IFCCARTESIANPOINT((-25.399999999994243,152.39999999999941,387.34999999999866));
#11360=IFCCARTESIANPOINT((-97.425279109144995,139.69999999999828,387.34999999999866));
#11361=IFCCARTESIANPOINT((-132.31824233621839,127.,387.34999999999866));
#11362=IFCPOLYLOOP((#11330,#11331,#11332,#11333,#11334,#11335,#11336,#11337,#11338,#11339,#11340,#11341,#11342,#11343,#11344,#11345,#11346,#11347,#11348,#11349,#11350,#11351,#11352,#11353,#11354,#11355,#11356,#11357,#11358,#11359,#11360,#11361));
#11363=IFCFACEOUTERBOUND(#11362,.T.);
#11364=IFCFACE((#11363));
#11365=IFCCARTESIANPOINT((-162.58878358811091,101.59999999999886,368.29999999999865));
#11366=IFCCARTESIANPOINT((-132.31824233621839,127.,368.29999999999865));
#11367=IFCCARTESIANPOINT((-97.425279109144995,139.69999999999828,368.29999999999865));
#11368=IFCCARTESIANPOINT((-25.399999999994243,152.39999999999941,368.29999999999865));
#11369=IFCCARTESIANPOINT((25.399999999994041,152.39999999999941,368.29999999999865));
#11370=IFCCARTESIANPOINT((97.425279109144299,139.69999999999845,368.29999999999865));
#11371=IFCCARTESIANPOINT((132.31824233621805,127.,368.29999999999865));
#11372=IFCCARTESIANPOINT((162.58878358811103,101.59999999999876,368.29999999999865));
#11373=IFCCARTESIANPOINT((176.98458651060187,76.199999999998752,368.29999999999865));
#11374=IFCCARTESIANPOINT((183.79049599835258,50.799999999999045,368.29999999999865));
#11375=IFCCARTESIANPOINT((188.28624413421016,25.303345331530039,368.29999999999865));
#11376=IFCCARTESIANPOINT((190.50000000000063,0.,368.29999999999865));
#11377=IFCCARTESIANPOINT((186.07248826841959,-50.606690663062246,368.29999999999865));
#11378=IFCCARTESIANPOINT((172.40887221219737,-101.59999999999893,368.29999999999865));
#11379=IFCCARTESIANPOINT((153.91918431147394,-152.4000000000006,368.29999999999865));
#11380=IFCCARTESIANPOINT((130.23075527719959,-203.20000000000138,368.29999999999865));
#11381=IFCCARTESIANPOINT((94.990008483197556,-254.,368.29999999999865));
#11382=IFCCARTESIANPOINT((69.590008483198332,-279.40000000000168,368.29999999999865));
#11383=IFCCARTESIANPOINT((47.592963227073604,-292.10000000000167,368.29999999999865));
#11384=IFCCARTESIANPOINT((12.70000000000344,-304.80000000000069,368.29999999999865));
#11385=IFCCARTESIANPOINT((-12.700000000003509,-304.80000000000041,368.29999999999865));
#11386=IFCCARTESIANPOINT((-47.592963227072993,-292.10000000000184,368.29999999999865));
#11387=IFCCARTESIANPOINT((-69.590008483198488,-279.4000000000014,368.29999999999865));
#11388=IFCCARTESIANPOINT((-94.990008483198309,-254.,368.29999999999865));
#11389=IFCCARTESIANPOINT((-130.23075527719891,-203.20000000000175,368.29999999999865));
#11390=IFCCARTESIANPOINT((-153.91918431147184,-152.40000000000461,368.29999999999865));
#11391=IFCCARTESIANPOINT((-172.4088722121958,-101.60000000000208,368.29999999999865));
#11392=IFCCARTESIANPOINT((-186.07248826841939,-50.606690663062444,368.29999999999865));
#11393=IFCCARTESIANPOINT((-190.50000000000057,0.,368.29999999999865));
#11394=IFCCARTESIANPOINT((-188.28624413420994,25.303345331530604,368.29999999999865));
#11395=IFCCARTESIANPOINT((-183.7904959983527,50.799999999998889,368.29999999999865));
#11396=IFCCARTESIANPOINT((-176.98458651060201,76.199999999998496,368.29999999999865));
#11397=IFCPOLYLOOP((#11365,#11366,#11367,#11368,#11369,#11370,#11371,#11372,#11373,#11374,#11375,#11376,#11377,#11378,#11379,#11380,#11381,#11382,#11383,#11384,#11385,#11386,#11387,#11388,#11389,#11390,#11391,#11392,#11393,#11394,#11395,#11396));
#11398=IFCFACEOUTERBOUND(#11397,.T.);
#11399=IFCFACE((#11398));
#11400=IFCPOLYLOOP((#11331,#11330,#11365,#11396));
#11401=IFCFACEOUTERBOUND(#11400,.T.);
#11402=IFCFACE((#11401));
#11403=IFCPOLYLOOP((#11332,#11331,#11396,#11395));
#11404=IFCFACEOUTERBOUND(#11403,.T.);
#11405=IFCFACE((#11404));
#11406=IFCPOLYLOOP((#11333,#11332,#11395,#11394));
#11407=IFCFACEOUTERBOUND(#11406,.T.);
#11408=IFCFACE((#11407));
#11409=IFCPOLYLOOP((#11334,#11333,#11394,#11393));
#11410=IFCFACEOUTERBOUND(#11409,.T.);
#11411=IFCFACE((#11410));
#11412=IFCPOLYLOOP((#11335,#11334,#11393,#11392));
#11413=IFCFACEOUTERBOUND(#11412,.T.);
#11414=IFCFACE((#11413));
#11415=IFCPOLYLOOP((#11336,#11335,#11392,#11391));
#11416=IFCFACEOUTERBOUND(#11415,.T.);
#11417=IFCFACE((#11416));
#11418=IFCPOLYLOOP((#11337,#11336,#11391,#11390));
#11419=IFCFACEOUTERBOUND(#11418,.T.);
#11420=IFCFACE((#11419));
#11421=IFCPOLYLOOP((#11338,#11337,#11390,#11389));
#11422=IFCFACEOUTERBOUND(#11421,.T.);
#11423=IFCFACE((#11422));
#11424=IFCPOLYLOOP((#11339,#11338,#11389,#11388));
#11425=IFCFACEOUTERBOUND(#11424,.T.);
#11426=IFCFACE((#11425));
#11427=IFCPOLYLOOP((#11340,#11339,#11388,#11387));
#11428=IFCFACEOUTERBOUND(#11427,.T.);
#11429=IFCFACE((#11428));
#11430=IFCPOLYLOOP((#11341,#11340,#11387,#11386));
#11431=IFCFACEOUTERBOUND(#11430,.T.);
#11432=IFCFACE((#11431));
#11433=IFCPOLYLOOP((#11342,#11341,#11386,#11385));
#11434=IFCFACEOUTERBOUND(#11433,.T.);
#11435=IFCFACE((#11434));
#11436=IFCPOLYLOOP((#11343,#11342,#11385,#11384));
#11437=IFCFACEOUTERBOUND(#11436,.T.);
#11438=IFCFACE((#11437));
#11439=IFCPOLYLOOP((#11344,#11343,#11384,#11383));
#11440=IFCFACEOUTERBOUND(#11439,.T.);
#11441=IFCFACE((#11440));
#11442=IFCPOLYLOOP((#11345,#11344,#11383,#11382));
#11443=IFCFACEOUTERBOUND(#11442,.T.);
#11444=IFCFACE((#11443));
#11445=IFCPOLYLOOP((#11346,#11345,#11382,#11381));
#11446=IFCFACEOUTERBOUND(#11445,.T.);
#11447=IFCFACE((#11446));
#11448=IFCPOLYLOOP((#11347,#11346,#11381,#11380));
#11449=IFCFACEOUTERBOUND(#11448,.T.);
#11450=IFCFACE((#11449));
#11451=IFCPOLYLOOP((#11348,#11347,#11380,#11379));
#11452=IFCFACEOUTERBOUND(#11451,.T.);
#11453=IFCFACE((#11452));
#11454=IFCPOLYLOOP((#11349,#11348,#11379,#11378));
#11455=IFCFACEOUTERBOUND(#11454,.T.);
#11456=IFCFACE((#11455));
#11457=IFCPOLYLOOP((#11350,#11349,#11378,#11377));
#11458=IFCFACEOUTERBOUND(#11457,.T.);
#11459=IFCFACE((#11458));
#11460=IFCPOLYLOOP((#11351,#11350,#11377,#11376));
#11461=IFCFACEOUTERBOUND(#11460,.T.);
#11462=IFCFACE((#11461));
#11463=IFCPOLYLOOP((#11352,#11351,#11376,#11375));
#11464=IFCFACEOUTERBOUND(#11463,.T.);
#11465=IFCFACE((#11464));
#11466=IFCPOLYLOOP((#11353,#11352,#11375,#11374));
#11467=IFCFACEOUTERBOUND(#11466,.T.);
#11468=IFCFACE((#11467));
#11469=IFCPOLYLOOP((#11354,#11353,#11374,#11373));
#11470=IFCFACEOUTERBOUND(#11469,.T.);
#11471=IFCFACE((#11470));
#11472=IFCPOLYLOOP((#11355,#11354,#11373,#11372));
#11473=IFCFACEOUTERBOUND(#11472,.T.);
#11474=IFCFACE((#11473));
#11475=IFCPOLYLOOP((#11356,#11355,#11372,#11371));
#11476=IFCFACEOUTERBOUND(#11475,.T.);
#11477=IFCFACE((#11476));
#11478=IFCPOLYLOOP((#11357,#11356,#11371,#11370));
#11479=IFCFACEOUTERBOUND(#11478,.T.);
#11480=IFCFACE((#11479));
#11481=IFCPOLYLOOP((#11358,#11357,#11370,#11369));
#11482=IFCFACEOUTERBOUND(#11481,.T.);
#11483=IFCFACE((#11482));
#11484=IFCPOLYLOOP((#11359,#11358,#11369,#11368));
#11485=IFCFACEOUTERBOUND(#11484,.T.);
#11486=IFCFACE((#11485));
#11487=IFCPOLYLOOP((#11360,#11359,#11368,#11367));
#11488=IFCFACEOUTERBOUND(#11487,.T.);
#11489=IFCFACE((#11488));
#11490=IFCPOLYLOOP((#11361,#11360,#11367,#11366));
#11491=IFCFACEOUTERBOUND(#11490,.T.);
#11492=IFCFACE((#11491));
#11493=IFCPOLYLOOP((#11330,#11361,#11366,#11365));
#11494=IFCFACEOUTERBOUND(#11493,.T.);
#11495=IFCFACE((#11494));
#11496=IFCCLOSEDSHELL((#3096,#3099,#3102,#3105,#3108,#3111,#3114,#3117,#3120,#3123,#3126,#3129,#3132,#3135,#3138,#3141,#3144,#3147,#3150,#3153));
#11497=IFCFACETEDBREP(#11496);
#11498=IFCCOLOURRGB($,0.97647058823529409,0.93725490196078431,0.90196078431372551);
#11499=IFCSURFACESTYLERENDERING(#11498,0.,$,$,$,$,IFCNORMALISEDRATIOMEASURE(0.5),IFCSPECULAREXPONENT(128.),.NOTDEFINED.);
#11500=IFCSURFACESTYLE('Porcelain, Linen',.BOTH.,(#11499));
#11501=IFCSTYLEDITEM(#11497,(#11500),$);
#11502=IFCCLOSEDSHELL((#3198,#3201,#3204,#3207,#3210,#3213,#3216,#3219,#3222,#3225,#3228,#3231,#3234,#3237,#3240,#3243,#3246,#3249,#3252,#3255,#3258,#3261,#3264,#3267,#3270,#3273,#3276,#3279,#3282,#3285,#3288,#3291,#3294,#3297));
#11503=IFCFACETEDBREP(#11502);
#11504=IFCSTYLEDITEM(#11503,(#11500),$);
#11505=IFCCLOSEDSHELL((#3332,#3367,#3370,#3373,#3376,#3379,#3382,#3385,#3388,#3391,#3394,#3397,#3400,#3403,#3406,#3409,#3412,#3415,#3418,#3421,#3424,#3427,#3430,#3433,#3436,#3439,#3442,#3445,#3448,#3451,#3454,#3457,#3460,#3463));
#11506=IFCFACETEDBREP(#11505);
#11507=IFCCOLOURRGB($,0.97647058823529409,0.93725490196078431,0.90196078431372551);
#11508=IFCSURFACESTYLERENDERING(#11507,0.,$,$,$,$,IFCNORMALISEDRATIOMEASURE(0.5),IFCSPECULAREXPONENT(128.),.NOTDEFINED.);
#11509=IFCSURFACESTYLE('Laminate, Linen, Matte',.BOTH.,(#11508));
#11510=IFCSTYLEDITEM(#11506,(#11509),$);
#11511=IFCCLOSEDSHELL((#3506,#3509,#3512,#3515,#3518,#3521,#3524,#3527,#3530,#3533,#3536,#3539,#3542,#3545));
#11512=IFCFACETEDBREP(#11511);
#11513=IFCSTYLEDITEM(#11512,(#11500),$);
#11514=IFCCLOSEDSHELL((#3578,#3581,#3584,#3587,#3590,#3593,#3596,#3599,#3602,#3605));
#11515=IFCFACETEDBREP(#11514);
#11516=IFCSTYLEDITEM(#11515,(#11500),$);
#11517=IFCCLOSEDSHELL((#4425,#4428,#4431,#4434,#4437,#4440,#4443,#4446,#4449,#4452,#4455,#4458,#4461,#4464,#4467,#4470,#4473,#4476,#4479,#4482,#4485,#4488,#4491,#4494,#4497,#4500,#4503,#4506,#4509,#4512,#4515,#4518,#4521,#4524,#4527,#4530,#4533,#4536,#4539,#4542,#4545,#4548,#4551,#4554,#4557,#4560,#4563,#4566,#4569,#4572,#4575,#4578,#4581,#4584,#4587,#4590,#4593,#4596,#4599,#4602,#4605,#4608,#4611,#4614,#4617,#4620,#4623,#4626,#4629,#4632,#4635,#4638,#4641,#4644,#4647,#4650,#4653,#4656,#4659,#4662,#4665,#4668,#4671,#4674,#4677,#4680,#4683,#4686,#4689,#4692,#4695,#4698,#4701,#4704,#4707,#4710,#4713,#4716,#4719,#4722,#4725,#4728,#4731,#4734,#4737,#4740,#4743,#4746,#4749,#4752,#4755,#4758,#4761,#4764,#4767,#4770,#4773,#4776,#4779,#4782,#4785,#4788,#4791,#4794,#4797,#4800,#4803,#4806,#4809,#4812,#4815,#4818,#4821,#4824,#4827,#4830,#4833,#4836,#4839,#4842,#4845,#4848,#4851,#4854,#4857,#4860,#4863,#4866,#4869,#4872,#4875,#4878,#4881,#4884,#4887,#4890,#4893,#4896,#4899,#4902,#4905,#4908,#4911,#4914,#4917,#4920,#4923,#4926,#4929,#4932,#4935,#4938,#4941,#4944,#4947,#4950,#4953,#4956,#4959,#4962,#4965,#4968,#4971,#4974,#4977,#4980,#4983,#4986,#4989,#4992,#4995,#4998,#5001,#5004,#5007,#5010,#5013,#5016,#5019,#5022,#5025,#5028,#5031,#5034,#5037,#5040,#5043,#5046,#5049,#5052,#5055,#5058,#5061,#5064,#5067,#5070,#5073,#5076,#5079,#5082,#5085,#5088,#5091,#5094,#5097,#5100,#5103,#5106,#5109,#5112,#5115,#5118,#5121,#5124,#5127,#5130,#5133,#5136,#5139,#5142,#5145,#5148,#5151,#5154,#5157,#5160,#5163,#5166,#5169,#5172,#5175,#5178,#5181,#5184,#5187,#5190,#5193,#5196,#5199,#5202,#5205,#5208,#5211,#5214,#5217,#5220,#5223,#5226,#5229,#5232,#5235,#5238,#5241,#5244,#5247,#5250,#5253,#5256,#5259,#5262,#5265,#5268,#5271,#5274,#5277,#5280,#5283,#5286,#5289,#5292,#5295,#5298,#5301,#5304,#5307,#5310,#5313,#5316,#5319,#5322,#5325,#5328,#5331,#5334,#5337,#5340,#5343,#5346,#5349,#5352,#5355,#5358,#5361,#5364,#5367,#5370,#5373,#5376,#5379,#5382,#5385,#5388,#5391,#5394,#5397,#5400,#5403,#5406,#5409,#5412,#5415,#5418,#5421,#5424,#5427,#5430,#5433,#5436,#5439,#5442,#5445,#5448,#5451,#5454,#5457,#5460,#5463,#5466,#5469,#5472,#5475,#5478,#5481,#5484,#5487,#5490,#5493,#5496,#5499,#5502,#5505,#5508,#5511,#5514,#5517,#5520,#5523,#5526,#5529,#5532,#5535,#5538,#5541,#5544,#5547,#5550,#5553,#5556,#5559,#5562,#5565,#5568,#5571,#5574,#5577,#5580,#5583,#5586,#5589,#5592,#5595,#5598,#5601,#5604,#5607,#5610,#5613,#5616,#5619,#5622,#5625,#5628,#5631,#5634,#5637,#5640,#5643,#5646,#5649,#5652,#5655,#5658,#5661,#5664,#5667,#5670,#5673,#5676,#5679,#5682,#5685,#5688,#5691,#5694,#5697,#5700,#5703,#5706,#5709,#5712,#5715,#5718,#5721,#5724,#5727,#5730,#5733,#5736,#5739,#5742,#5745,#5748,#5751,#5754,#5757,#5760,#5763,#5766,#5769,#5772,#5775,#5778,#5781,#5784,#5787,#5790,#5793,#5796,#5799,#5802,#5805,#5808,#5811,#5814,#5817,#5820,#5823,#5826,#5829,#5832,#5835,#5838,#5841,#5844,#5847,#5850,#5853,#5856,#5859,#5862,#5865,#5868,#5871,#5874,#5877,#5880,#5883,#5886,#5889,#5892,#5895,#5898,#5901,#5904,#5907,#5910,#5913,#5916,#5919,#5922,#5925,#5928,#5931,#5934,#5937,#5940,#5943,#5946,#5949,#5952,#5955,#5958,#5961,#5964,#5967,#5970,#5973,#5976,#5979,#5982,#5985,#5988,#5991,#5994,#5997,#6000,#6003,#6006,#6009,#6012,#6015,#6018,#6021,#6024,#6027,#6030,#6033,#6036,#6039,#6042,#6045,#6048,#6051,#6054,#6057,#6060,#6063,#6066,#6069,#6072,#6075,#6078,#6081,#6084,#6087,#6090,#6093,#6096,#6099,#6102,#6105,#6108,#6111,#6114,#6117,#6120,#6123,#6126,#6129,#6132,#6135,#6138,#6141,#6144,#6147,#6150,#6153,#6156,#6159,#6162,#6165,#6168,#6171,#6174,#6177,#6180,#6183,#6186,#6189,#6192,#6195,#6198,#6201,#6204,#6207,#6210,#6213,#6216,#6219,#6222,#6225,#6228,#6231,#6234,#6237,#6240,#6243,#6246,#6249,#6252,#6255,#6258,#6261,#6264,#6267,#6270,#6273,#6276,#6279,#6282,#6285,#6288,#6291,#6294,#6297,#6300,#6303,#6306,#6309,#6312,#6315,#6318,#6321,#6324,#6327,#6330,#6333,#6336,#6339,#6342,#6345,#6348,#6351,#6354,#6357,#6360,#6363,#6366,#6369,#6372,#6375,#6378,#6381,#6384,#6387,#6390,#6393,#6396,#6399,#6402,#6405,#6408,#6411,#6414,#6417,#6420,#6423,#6426,#6429,#6432,#6435,#6438,#6441,#6444,#6447,#6450,#6453,#6456,#6459,#6462,#6465,#6468,#6471,#6474,#6477,#6480,#6483,#6486,#6489,#6492,#6495,#6498,#6501,#6504,#6507,#6510,#6513,#6516,#6519,#6522,#6525,#6528,#6531,#6534,#6537,#6540,#6543,#6546,#6549,#6552,#6555,#6558,#6561,#6564,#6567,#6570,#6573,#6576,#6579,#6582,#6585,#6588,#6591,#6594,#6597,#6600,#6603,#6606,#6609,#6612,#6615,#6618,#6621,#6624,#6627,#6630,#6633,#6636,#6639,#6642,#6645,#6648,#6651,#6654,#6657,#6660,#6663,#6666,#6669,#6672,#6675,#6678,#6681,#6684,#6687,#6690,#6693,#6696,#6699,#6702,#6705,#6708,#6711,#6714,#6717,#6720,#6723,#6726,#6729,#6732,#6735,#6738,#6741,#6744,#6747,#6750,#6753,#6756,#6759,#6762,#6765,#6768,#6771,#6774,#6777,#6780,#6783,#6786,#6789,#6792,#6795,#6798,#6801,#6804,#6807,#6810,#6813,#6816,#6819,#6822,#6825,#6828,#6831,#6834,#6837,#6840,#6843,#6846,#6849,#6852,#6855,#6858,#6861,#6864,#6867,#6870,#6873,#6876,#6879,#6882,#6885,#6888,#6891,#6894,#6897,#6900,#6903,#6906,#6909,#6912,#6915,#6918,#6921,#6924,#6927,#6930,#6933,#6936,#6939,#6942,#6945,#6948,#6951,#6954,#6957,#6960,#6963,#6966,#6969,#6972,#6975,#6978,#6981,#6984,#6987,#6990,#6993,#6996,#6999,#7002,#7005,#7008,#7011,#7014,#7017,#7020,#7023,#7026,#7029,#7032,#7035,#7038,#7041,#7044,#7047,#7050,#7053,#7056,#7059,#7062,#7065,#7068,#7071,#7074,#7077,#7080,#7083,#7086,#7089,#7092,#7095,#7098,#7101,#7104,#7107,#7110,#7113,#7116,#7119,#7122,#7125,#7128,#7131,#7134,#7137,#7140,#7143,#7146,#7149,#7152,#7155,#7158,#7161,#7164,#7167,#7170,#7173,#7176,#7179,#7182,#7185,#7188,#7191,#7194,#7197,#7200,#7203,#7206,#7209,#7212,#7215,#7218,#7221,#7224,#7227,#7230,#7233,#7236,#7239,#7242,#7245,#7248,#7251,#7254,#7257,#7260,#7263,#7266,#7269,#7272,#7275,#7278,#7281,#7284,#7287,#7290,#7293,#7296,#7299,#7302,#7305,#7308,#7311,#7314,#7317,#7320,#7323,#7326,#7329,#7332,#7335,#7338,#7341,#7344,#7347,#7350,#7353,#7356,#7359,#7362,#7365,#7368,#7371,#7374,#7377,#7380,#7383,#7386,#7389,#7392,#7395,#7398,#7401,#7404,#7407,#7410,#7413,#7416,#7419,#7422,#7425,#7428,#7431,#7434,#7437,#7440,#7443,#7446,#7449,#7452,#7455,#7458,#7461,#7464,#7467,#7470,#7473,#7476,#7479,#7482,#7485,#7488,#7491,#7494,#7497,#7500,#7503,#7506,#7509,#7512,#7515,#7518,#7521,#7524,#7527,#7530,#7533,#7536,#7539,#7542,#7545,#7548,#7551,#7554,#7557,#7560,#7563,#7566,#7569,#7572,#7575,#7578,#7581,#7584,#7587,#7590,#7593,#7596,#7599,#7602,#7605,#7608,#7611,#7614,#7617,#7620,#7623,#7626,#7629,#7632,#7635,#7638,#7641,#7644,#7647,#7650,#7653,#7656,#7659,#7662,#7665,#7668,#7671,#7674,#7677,#7680,#7683,#7686,#7689,#7692,#7695,#7698,#7701,#7704,#7707,#7710,#7713,#7716,#7719,#7722,#7725,#7728,#7731,#7734,#7737,#7740,#7743,#7746,#7749,#7752,#7755,#7758,#7761,#7764,#7767,#7770,#7773,#7776,#7779,#7782,#7785,#7788,#7791,#7794,#7797,#7800,#7803,#7806,#7809,#7812,#7815,#7818,#7821,#7824,#7827,#7830,#7833,#7836,#7839,#7842,#7845,#7848,#7851,#7854,#7857,#7860,#7863,#7866,#7869,#7872,#7875,#7878,#7881,#7884,#7887,#7890,#7893,#7896,#7899,#7902,#7905,#7908,#7911,#7914,#7917,#7920,#7923,#7926,#7929,#7932,#7935,#7938,#7941,#7944,#7947,#7950,#7953,#7956,#7959,#7962,#7965,#7968,#7971,#7974,#7977,#7980,#7983,#7986,#7989,#7992,#7995,#7998,#8001,#8004,#8007,#8010,#8013,#8016,#8019,#8022,#8025,#8028,#8031,#8034,#8037,#8040,#8043,#8046,#8049,#8052,#8055,#8058,#8061,#8064,#8067,#8070,#8073,#8076,#8079,#8082,#8085,#8088,#8091,#8094,#8097,#8100,#8103,#8106,#8109,#8112,#8115,#8118,#8121,#8124,#8127,#8130,#8133,#8136,#8139,#8142,#8145,#8148,#8151,#8154,#8157,#8160,#8163,#8166,#8169,#8172,#8175,#8178,#8181,#8184,#8187,#8190,#8193,#8196,#8199,#8202,#8205,#8208,#8211,#8214,#8217,#8220,#8223,#8226,#8229,#8232,#8235,#8238,#8241,#8244,#8247,#8250,#8253,#8256,#8259,#8262,#8265,#8268));
#11518=IFCFACETEDBREP(#11517);
#11519=IFCSTYLEDITEM(#11518,(#11500),$);
#11520=IFCCLOSEDSHELL((#8307,#8310,#8313,#8316,#8319,#8322,#8325,#8328,#8331,#8334,#8337,#8340,#8343,#8346,#8349,#8352));
#11521=IFCFACETEDBREP(#11520);
#11522=IFCSTYLEDITEM(#11521,(#11500),$);
#11523=IFCCLOSEDSHELL((#8361,#8370,#8373,#8376,#8379,#8382,#8385,#8388));
#11524=IFCFACETEDBREP(#11523);
#11525=IFCSTYLEDITEM(#11524,(#11500),$);
#11526=IFCCLOSEDSHELL((#8447,#8450,#8453,#8456,#8459,#8462,#8465,#8468,#8471,#8474,#8477,#8480,#8483,#8486,#8489,#8492,#8495,#8498,#8501,#8504,#8507,#8510,#8513,#8516));
#11527=IFCFACETEDBREP(#11526);
#11528=IFCSTYLEDITEM(#11527,(#11500),$);
#11529=IFCCLOSEDSHELL((#8568,#8571,#8574,#8577,#8580,#8583,#8586,#8589,#8592,#8595,#8598,#8601,#8604,#8607,#8610,#8613,#8616,#8619,#8622,#8625,#8628,#8631,#8634,#8637,#8640,#8643,#8646,#8649,#8652,#8655,#8658,#8661,#8664,#8667,#8670,#8673,#8676,#8679,#8682,#8685,#8688,#8691,#8694));
#11530=IFCFACETEDBREP(#11529);
#11531=IFCSTYLEDITEM(#11530,(#11500),$);
#11532=IFCCLOSEDSHELL((#9124,#9127,#9130,#9133,#9136,#9139,#9142,#9145,#9148,#9151,#9154,#9157,#9160,#9163,#9166,#9169,#9172,#9175,#9178,#9181,#9184,#9187,#9190,#9193,#9196,#9199,#9202,#9205,#9208,#9211,#9214,#9217,#9220,#9223,#9226,#9229,#9232,#9235,#9238,#9241,#9244,#9247,#9250,#9253,#9256,#9259,#9262,#9265,#9268,#9271,#9274,#9277,#9280,#9283,#9286,#9289,#9292,#9295,#9298,#9301,#9304,#9307,#9310,#9313,#9316,#9319,#9322,#9325,#9328,#9331,#9334,#9337,#9340,#9343,#9346,#9349,#9352,#9355,#9358,#9361,#9364,#9367,#9370,#9373,#9376,#9379,#9382,#9385,#9388,#9391,#9394,#9397,#9400,#9403,#9406,#9409,#9412,#9415,#9418,#9421,#9424,#9427,#9430,#9433,#9436,#9439,#9442,#9445,#9448,#9451,#9454,#9457,#9460,#9463,#9466,#9469,#9472,#9475,#9478,#9481,#9484,#9487,#9490,#9493,#9496,#9499,#9502,#9505,#9508,#9511,#9514,#9517,#9520,#9523,#9526,#9529,#9532,#9535,#9538,#9541,#9544,#9547,#9550,#9553,#9556,#9559,#9562,#9565,#9568,#9571,#9574,#9577,#9580,#9583,#9586,#9589,#9592,#9595,#9598,#9601,#9604,#9607,#9610,#9613,#9616,#9619,#9622,#9625,#9628,#9631,#9634,#9637,#9640,#9643,#9646,#9649,#9652,#9655,#9658,#9661,#9664,#9667,#9670,#9673,#9676,#9679,#9682,#9685,#9688,#9691,#9694,#9697,#9700,#9703,#9706,#9709,#9712,#9715,#9718,#9721,#9724,#9727,#9730,#9733,#9736,#9739,#9742,#9745,#9748,#9751,#9754,#9757,#9760,#9763,#9766,#9769,#9772,#9775,#9778,#9781,#9784,#9787,#9790,#9793,#9796,#9799,#9802,#9805,#9808,#9811,#9814,#9817,#9820,#9823,#9826,#9829,#9832,#9835,#9838,#9841,#9844,#9847,#9850,#9853,#9856,#9859,#9862,#9865,#9868,#9871,#9874,#9877,#9880,#9883,#9886,#9889,#9892,#9895,#9898,#9901,#9904,#9907,#9910,#9913,#9916,#9919,#9922,#9925,#9928,#9931,#9934,#9937,#9940,#9943,#9946,#9949,#9952,#9955,#9958,#9961,#9964,#9967,#9970,#9973,#9976,#9979,#9982,#9985,#9988,#9991,#9994,#9997,#10000,#10003,#10006,#10009,#10012,#10015,#10018,#10021,#10024,#10027,#10030,#10033,#10036,#10039,#10042,#10045,#10048,#10051,#10054,#10057,#10060,#10063,#10066,#10069,#10072,#10075,#10078,#10081,#10084,#10087,#10090,#10093,#10096,#10099,#10102,#10105,#10108,#10111,#10114,#10117,#10120,#10123,#10126,#10129,#10132,#10135,#10138,#10141,#10144,#10147,#10150,#10153,#10156,#10159,#10162,#10165,#10168,#10171,#10174,#10177,#10180,#10183,#10186,#10189,#10192,#10195,#10198,#10201,#10204,#10207,#10210,#10213,#10216,#10219,#10222,#10225,#10228,#10231,#10234,#10237,#10240,#10243,#10246,#10249,#10252,#10255,#10258,#10261,#10264,#10267,#10270,#10273,#10276,#10279,#10282,#10285,#10288,#10291,#10294,#10297,#10300,#10303,#10306,#10309,#10312,#10315,#10318,#10321,#10324,#10327,#10330,#10333,#10336,#10339,#10342,#10345,#10348,#10351,#10354,#10357,#10360,#10363,#10366,#10369,#10372,#10375,#10378,#10381,#10384,#10387,#10390,#10393,#10396,#10399,#10402,#10405,#10408,#10411,#10414,#10417,#10420,#10423,#10426,#10429,#10432,#10435,#10438,#10441,#10444,#10447,#10450,#10453,#10456,#10459,#10462,#10465,#10468,#10471,#10474,#10477,#10480,#10483,#10486,#10489,#10492,#10495,#10498,#10501,#10504,#10507,#10510,#10513,#10516,#10519,#10522,#10525,#10528,#10531,#10534,#10537,#10540,#10543,#10546,#10549,#10552,#10555,#10558,#10561,#10564,#10567,#10570,#10573,#10576,#10579,#10582,#10585,#10588,#10591,#10594,#10597,#10600,#10603,#10606,#10609,#10612,#10615,#10618,#10621,#10624,#10627,#10630,#10633,#10636,#10639,#10642,#10645,#10648,#10651,#10654,#10657,#10660,#10663,#10666,#10669,#10672,#10675,#10678,#10681,#10684,#10687,#10690,#10693,#10696,#10699,#10702,#10705,#10708,#10711,#10714,#10717,#10720,#10723,#10726,#10729,#10732,#10735,#10738,#10741,#10744,#10747,#10750,#10753,#10756,#10759,#10762,#10765,#10768,#10771,#10774,#10777,#10780,#10783,#10786,#10789,#10792,#10795,#10798,#10801,#10804,#10807,#10810,#10813,#10816,#10819,#10822,#10825,#10828,#10831,#10834,#10837,#10840,#10843,#10846,#10849,#10852,#10855,#10858,#10861,#10864,#10867,#10870,#10873,#10876,#10879,#10882,#10885,#10888,#10891,#10894,#10897,#10900,#10903,#10906,#10909,#10912,#10915,#10918,#10921,#10924,#10927,#10930,#10933,#10936,#10939,#10942,#10945,#10948,#10951,#10954,#10957,#10960,#10963,#10966,#10969,#10972,#10975,#10978,#10981,#10984,#10987,#10990,#10993,#10996,#10999,#11002,#11005,#11008,#11011,#11014,#11017,#11020,#11023,#11026,#11029,#11032,#11035,#11038,#11041,#11044,#11047,#11050,#11053,#11056,#11059,#11062,#11065,#11068,#11071,#11074,#11077,#11080,#11083,#11086,#11089,#11092,#11095));
#11533=IFCFACETEDBREP(#11532);
#11534=IFCSTYLEDITEM(#11533,(#11500),$);
#11535=IFCCLOSEDSHELL((#11130,#11165,#11168,#11171,#11174,#11177,#11180,#11183,#11186,#11189,#11192,#11195,#11198,#11201,#11204,#11207,#11210,#11213,#11216,#11219,#11222,#11225,#11228,#11231,#11234,#11237,#11240,#11243,#11246,#11249,#11252,#11255,#11258,#11261));
#11536=IFCFACETEDBREP(#11535);
#11537=IFCSTYLEDITEM(#11536,(#11509),$);
#11538=IFCCLOSEDSHELL((#11296,#11299,#11302,#11305,#11308,#11311,#11314,#11317,#11320,#11323,#11326,#11329));
#11539=IFCFACETEDBREP(#11538);
#11540=IFCSTYLEDITEM(#11539,(#11500),$);
#11541=IFCCLOSEDSHELL((#11364,#11399,#11402,#11405,#11408,#11411,#11414,#11417,#11420,#11423,#11426,#11429,#11432,#11435,#11438,#11441,#11444,#11447,#11450,#11453,#11456,#11459,#11462,#11465,#11468,#11471,#11474,#11477,#11480,#11483,#11486,#11489,#11492,#11495));
#11542=IFCFACETEDBREP(#11541);
#11543=IFCSTYLEDITEM(#11542,(#11500),$);
#11544=IFCSHAPEREPRESENTATION(#15,'Body','Brep',(#11497,#11503,#11506,#11512,#11515,#11518,#11521,#11524,#11527,#11530,#11533,#11536,#11539,#11542));
#11545=IFCAXIS2PLACEMENT3D(#10,$,$);
#11546=IFCREPRESENTATIONMAP(#11545,#11544);
#11547=IFCDISTRIBUTIONELEMENTTYPE('3dwPwqaa56eAjoUPFz1OYs',#6,'R_Toilet-Domestic-3D:M_Toilet-Domestic-3D',$,$,$,(#11546),'547743',$);
#11548=IFCMATERIAL('<Unnamed>',$,$);
#11549=IFCMATERIAL('Porcelain, Linen',$,'Ceramic');
#11550=IFCSTYLEDITEM($,(#11500),$);
#11551=IFCSTYLEDREPRESENTATION(#13,'Style','Material',(#11550));
#11552=IFCMATERIALDEFINITIONREPRESENTATION($,$,(#11551),#11549);
#11553=IFCMATERIAL('Laminate, Linen, Matte',$,'Plastic');
#11554=IFCSTYLEDITEM($,(#11509),$);
#11555=IFCSTYLEDREPRESENTATION(#13,'Style','Material',(#11554));
#11556=IFCMATERIALDEFINITIONREPRESENTATION($,$,(#11555),#11553);
#11557=IFCMATERIALCONSTITUENT('<Unnamed>',$,#11548,0.,'');
#11558=IFCSHAPEREPRESENTATION(#15,'Body','Brep',());
#11559=IFCSHAPEASPECT((#11558),'<Unnamed>',$,.U.,#11546);
#11560=IFCMATERIALCONSTITUENT('Porcelain, Linen',$,#11549,0.91968833613176404,'Ceramic');
#11561=IFCSHAPEREPRESENTATION(#15,'Body','Brep',(#11497,#11503,#11512,#11515,#11518,#11521,#11524,#11527,#11530,#11533,#11539,#11542));
#11562=IFCSHAPEASPECT((#11561),'Porcelain, Linen',$,.U.,#11546);
#11563=IFCMATERIALCONSTITUENT('Laminate, Linen, Matte',$,#11553,0.080311663868236086,'Plastic');
#11564=IFCSHAPEREPRESENTATION(#15,'Body','Brep',(#11506,#11536));
#11565=IFCSHAPEASPECT((#11564),'Laminate, Linen, Matte',$,.U.,#11546);
#11566=IFCMATERIALCONSTITUENTSET($,$,(#11557,#11560,#11563));
#11567=IFCMAPPEDITEM(#11546,#1867);
#11568=IFCSHAPEREPRESENTATION(#15,'Body','MappedRepresentation',(#11567));
#11569=IFCPRODUCTDEFINITIONSHAPE($,$,(#11568));
#11570=IFCCARTESIANPOINT((5618.4135418074256,1084.6846240374903,0.));
#11571=IFCAXIS2PLACEMENT3D(#11570,#73,#513);
#11573=IFCCARTESIANPOINT((750.7374227922146,1223.2824258164355,0.));
#11574=IFCAXIS2PLACEMENT3D(#11573,#73,#513);
#11575=IFCLOCALPLACEMENT(#311,#11574);
#11576=IFCFLOWTERMINAL('1ZbzvERVP2EPsD9m_40C6a',#6,'R_Toilet-Domestic-3D:M_Toilet-Domestic-3D:850202',$,$,#11575,#11569,'850202');
#11577=IFCMATERIALCONSTITUENT('Porcelain, Linen',$,#11549,0.91968833613176404,'Ceramic');
#11578=IFCMATERIALCONSTITUENT('Laminate, Linen, Matte',$,#11553,0.080311663868236086,'Plastic');
#11579=IFCMATERIALCONSTITUENTSET($,$,(#11577,#11578));
#11580=IFCPROPERTYSINGLEVALUE('Reference',$,IFCIDENTIFIER('M_Toilet-Domestic-3D'),$);
#11581=IFCPROPERTYSET('1qRSbA0zWdp4yY$q88wQnU',#6,'Pset_EnvironmentalImpactIndicators',$,(#11580));
#11582=IFCRELDEFINESBYPROPERTIES('1$V4AGDS9VLevQq5PI_6ru',#6,$,$,(#11576),#11581);
#11583=IFCQUANTITYAREA('NetSurfaceArea','',$,3.7690966026858703,$);
#11584=IFCQUANTITYVOLUME('NetVolume','',$,0.031252549683294634,$);
#11585=IFCELEMENTQUANTITY('1ZArdcB6Vkgkd1DHZxzHb_',#6,'Qto_BodyGeometryValidation',$,'BaseQuantities',(#11583,#11584));
#11586=IFCRELDEFINESBYPROPERTIES('0yhgiUuFyk_NpjZTvJlXU0',#6,$,$,(#11576),#11585);
#11587=IFCAXIS2PLACEMENT3D(#10,$,$);
#11588=IFCLOCALPLACEMENT(#27,#11587);
#11589=IFCCARTESIANPOINT((-1278.3912456668329,-300.));
#11590=IFCCARTESIANPOINT((1316.7142023145705,-300.));
#11591=IFCCARTESIANPOINT((1242.9408528726672,300.));
#11592=IFCCARTESIANPOINT((-1281.2638095204043,300.));
#11593=IFCPOLYLINE((#11589,#11590,#11591,#11592,#11589));
#11594=IFCARBITRARYCLOSEDPROFILEDEF(.AREA.,$,#11593);
#11595=IFCCARTESIANPOINT((3499.107140975314,11.509845874887768,900.));
#11596=IFCDIRECTION((0.99391022867031587,0.11019281893354296,0.));
#11597=IFCAXIS2PLACEMENT3D(#11595,#158,#11596);
#11598=IFCEXTRUDEDAREASOLID(#11594,#11597,#73,899.99999999999989);
#11599=IFCCOLOURRGB($,0.97647058823529409,0.97647058823529409,0.97647058823529409);
#11600=IFCSURFACESTYLERENDERING(#11599,0.,$,$,$,$,IFCNORMALISEDRATIOMEASURE(0.5),IFCSPECULAREXPONENT(128.),.NOTDEFINED.);
#11601=IFCSURFACESTYLE('Gypsum Wall Board',.BOTH.,(#11600));
#11602=IFCSTYLEDITEM(#11598,(#11601),$);
#11603=IFCSHAPEREPRESENTATION(#15,'Body','SweptSolid',(#11598));
#11604=IFCPRODUCTDEFINITIONSHAPE($,$,(#11603));
#11605=IFCSLAB('0k4Y6F2hL0BBDDEi4rhrzj',#6,'Floor:Kjokkenbenk:850392',$,$,#11588,#11604,'850392',.FLOOR.);
#11606=IFCSLABTYPE('0k4Y6F2hL0BBDDEi4rhrzQ',#6,'Floor:Kjokkenbenk',$,$,(#11669),$,'850415',$,.FLOOR.);
#11607=IFCMATERIAL('Gypsum Wall Board',$,'Generic');
#11608=IFCCOLOURRGB($,0.,0.,0.);
#11609=IFCCURVESTYLEFONTPATTERN(33.527999999999999,576.07199999999989);
#11610=IFCCURVESTYLEFONTPATTERN(33.527999999999999,576.07199999999989);
#11611=IFCCURVESTYLEFONTPATTERN(33.527999999999999,1185.6719999999998);
#11612=IFCCURVESTYLEFONTPATTERN(33.527999999999999,576.07199999999989);
#11613=IFCCURVESTYLEFONTPATTERN(33.527999999999999,372.87199999999996);
#11614=IFCCURVESTYLEFONTPATTERN(33.527999999999999,982.47200000000009);
#11615=IFCCURVESTYLEFONT('Sand:1',(#11609,#11610,#11611,#11612,#11613,#11614));
#11616=IFCCURVESTYLE('Sand:1',#11615,$,#11608,$);
#11617=IFCCARTESIANPOINT((812.79999999999995,0.));
#11618=IFCFILLAREASTYLEHATCHING(#11616,IFCPOSITIVELENGTHMEASURE(203.19999999999999),$,#11617,0.);
#11619=IFCCURVESTYLEFONTPATTERN(33.527999999999999,576.07199999999989);
#11620=IFCCURVESTYLEFONTPATTERN(33.527999999999999,576.07199999999989);
#11621=IFCCURVESTYLEFONTPATTERN(33.527999999999999,1185.6719999999998);
#11622=IFCCURVESTYLEFONTPATTERN(33.527999999999999,576.07199999999989);
#11623=IFCCURVESTYLEFONTPATTERN(33.527999999999999,372.87199999999996);
#11624=IFCCURVESTYLEFONTPATTERN(33.527999999999999,982.47200000000009);
#11625=IFCCURVESTYLEFONT('Sand:2',(#11619,#11620,#11621,#11622,#11623,#11624));
#11626=IFCCURVESTYLE('Sand:2',#11625,$,#11608,$);
#11627=IFCCARTESIANPOINT((-101.5999999999986,805.50544819599259));
#11628=IFCFILLAREASTYLEHATCHING(#11626,IFCPOSITIVELENGTHMEASURE(203.19999999999999),$,#11627,120.00000000000001);
#11629=IFCCURVESTYLEFONTPATTERN(33.527999999999999,576.07199999999989);
#11630=IFCCURVESTYLEFONTPATTERN(33.527999999999999,576.07199999999989);
#11631=IFCCURVESTYLEFONTPATTERN(33.527999999999999,1185.6719999999998);
#11632=IFCCURVESTYLEFONTPATTERN(33.527999999999999,576.07199999999989);
#11633=IFCCURVESTYLEFONTPATTERN(33.527999999999999,372.87199999999996);
#11634=IFCCURVESTYLEFONTPATTERN(33.527999999999999,982.47200000000009);
#11635=IFCCURVESTYLEFONT('Sand:3',(#11629,#11630,#11631,#11632,#11633,#11634));
#11636=IFCCURVESTYLE('Sand:3',#11635,$,#11608,$);
#11637=IFCCARTESIANPOINT((-0.,-195.90544819599006));
#11638=IFCFILLAREASTYLEHATCHING(#11636,IFCPOSITIVELENGTHMEASURE(203.19999999999999),$,#11637,240.00000000000003);
#11639=IFCFILLAREASTYLE('Sand',(#11618,#11628,#11638),$);
#11640=IFCSTYLEDITEM($,(#11601,#11639),$);
#11641=IFCSTYLEDREPRESENTATION(#13,'Style','Material and Cut Pattern',(#11640));
#11642=IFCMATERIALDEFINITIONREPRESENTATION($,$,(#11641),#11607);
#11643=IFCMATERIALLAYER(#11607,900.00000000000011,$,'Gypsum Wall Board',$,'Generic',$);
#11644=IFCMATERIALLAYERSET((#11643),'Floor:Kjokkenbenk',$);
#11645=IFCMATERIALLAYERSETUSAGE(#11644,.AXIS3.,.POSITIVE.,0.,$);
#11646=IFCPROPERTYSINGLEVALUE('Reference',$,IFCIDENTIFIER('Kjokkenbenk'),$);
#11647=IFCPROPERTYSET('0h0mQ$pmLJFh04duNuFwpr',#6,'Pset_EnvironmentalImpactIndicators',$,(#11646));
#11648=IFCPROPERTYSINGLEVALUE('Reference',$,IFCLABEL('Kjokkenbenk'),$);
#11649=IFCPROPERTYSET('0BEEQWZW56RJ9IlOzq$h70',#6,'Pset_ReinforcementBarPitchOfSlab',$,(#11648));
#11650=IFCPROPERTYSET('1YJsJhNRqqfqtGzaAgPSpC',#6,'Pset_SlabCommon',$,(#47,#502,#2996,#11646));
#11651=IFCRELDEFINESBYPROPERTIES('3z_bqGh5_JsCXVwx_B0k5X',#6,$,$,(#11605),#11647);
#11652=IFCRELDEFINESBYPROPERTIES('08N_thY55jGpy4yypjvNMO',#6,$,$,(#11605),#11649);
#11653=IFCRELDEFINESBYPROPERTIES('1xLYOzTOdUF9QsBRAbUETv',#6,$,$,(#11605),#11650);
#11654=IFCQUANTITYAREA('GrossSurfaceArea','',$,8.763037922543047,$);
#11655=IFCQUANTITYAREA('NetSurfaceArea','',$,8.7630379225430417,$);
#11656=IFCQUANTITYVOLUME('GrossVolume','',$,1.382213729801105,$);
#11657=IFCQUANTITYVOLUME('NetVolume','',$,1.3822137298011044,$);
#11658=IFCELEMENTQUANTITY('1h5D5jjsSkkiW6ROom0$Xp',#6,'Qto_BodyGeometryValidation',$,'BaseQuantities',(#11654,#11655,#11656,#11657));
#11659=IFCRELDEFINESBYPROPERTIES('1hwLD0tdr$tk9OsRqpOvAk',#6,$,$,(#11605),#11658);
#11660=IFCQUANTITYLENGTH('Depth','',$,900.00000000000011,$);
#11661=IFCQUANTITYLENGTH('Perimeter','',$,6323.8353959092956,$);
#11662=IFCQUANTITYAREA('GrossArea','',$,1.5357930331123386,$);
#11663=IFCQUANTITYAREA('NetArea','',$,1.5357930331123373,$);
#11664=IFCQUANTITYVOLUME('GrossVolume','',$,1.382213729801105,$);
#11665=IFCQUANTITYVOLUME('NetVolume','',$,1.3822137298011044,$);
#11666=IFCELEMENTQUANTITY('0pAHFXDItP3V1gxR4p8Iqr',#6,'Qto_SlabBaseQuantities',$,'BaseQuantities',(#11660,#11661,#11662,#11663,#11664,#11665));
#11667=IFCRELDEFINESBYPROPERTIES('2y4dH1gPO45q0orSOj_WmR',#6,$,$,(#11605),#11666);
#11668=IFCPROPERTYSINGLEVALUE('ThermalTransmittance',$,IFCTHERMALTRANSMITTANCEMEASURE(0.72222222222222221),$);
#11669=IFCPROPERTYSET('3r$nWnPQmT_OwjgdaQ636U',#6,'Pset_SlabCommon',$,(#11668));
#11670=IFCPROPERTYSINGLEVALUE('Reference',$,IFCIDENTIFIER('8mm Head'),$);
#11671=IFCPROPERTYSINGLEVALUE('AboveGround',$,IFCLOGICAL(.U.),$);
#11672=IFCPROPERTYSET('2igo$7GtKAqq_bK9KmLXQQ',#6,'Pset_BuildingStoreyCommon',$,(#11670,#11671));
#11673=IFCPROPERTYSET('3nMRTWK8SHfnUvZ$gmMIMT',#6,'Pset_SpaceCommon',$,(#47,#11670));
#11674=IFCRELDEFINESBYPROPERTIES('3knq58MbJEVT7WRkcd_WtG',#6,$,$,(#25),#11672);
#11675=IFCRELDEFINESBYPROPERTIES('3qi3_CPoCORG99J1ekUgiS',#6,$,$,(#25),#11673);
#11676=IFCPROPERTYSET('2wA2Yjn7YuSKm7KtVR5wpY',#6,'Pset_BuildingStoreyCommon',$,(#11670,#11671));
#11677=IFCPROPERTYSET('2pUavj4gNR2ZtRtzxdH5gT',#6,'Pset_SpaceCommon',$,(#47,#11670));
#11678=IFCRELDEFINESBYPROPERTIES('2KQIZHotT_5sKOp958MJP2',#6,$,$,(#28),#11676);
#11679=IFCRELDEFINESBYPROPERTIES('0lFQbG7dbPpQCIK8MNeVb8',#6,$,$,(#28),#11677);
#11680=IFCRELCONTAINEDINSPATIALSTRUCTURE('0AOVyMliz5pBSZEGw8l1wa',#6,$,$,(#479,#531,#572,#613,#655,#695,#737,#784,#825,#866,#906,#945,#987,#1033,#1078,#1119,#1160,#1206,#1246,#1285,#1325,#1366,#1406,#1446,#1487,#1532,#1574,#1618,#1657,#1697,#1740,#1782,#1874,#1960,#2037,#2115,#2192,#2270,#2377,#2407,#2434,#2525,#2555,#2582,#2619,#2658,#2734,#2779,#2819,#2858,#2895,#2934,#2983,#11605),#28);
#11681=IFCPROPERTYSET('0ngo8XE6Safn8KLKKvanft',#6,'Pset_BuildingStoreyCommon',$,(#11670,#11671));
#11682=IFCPROPERTYSET('1TRHApkwcPx9kKn_btioTp',#6,'Pset_SpaceCommon',$,(#47,#11670));
#11683=IFCRELDEFINESBYPROPERTIES('1LRYro_0wdaS5dUw9cQSAl',#6,$,$,(#32),#11681);
#11684=IFCRELDEFINESBYPROPERTIES('2tquio4F0hJHsPOyMdW0kg',#6,$,$,(#32),#11682);
#11685=IFCPROPERTYSET('0MQyRK1Zai5LWcTkdrERBC',#6,'Pset_BuildingStoreyCommon',$,(#11670,#11671));
#11686=IFCPROPERTYSET('0gnV2DWUuNTrcaeH3Y6sIk',#6,'Pset_SpaceCommon',$,(#47,#11670));
#11687=IFCRELDEFINESBYPROPERTIES('2E1N5kfPkSuufrYHz3TAVs',#6,$,$,(#36),#11685);
#11688=IFCRELDEFINESBYPROPERTIES('3WBBiQ4HjnaiJG09uEbDqr',#6,$,$,(#36),#11686);
#11689=IFCPROPERTYSET('1Ai9X4pPCKJCibpB7lfVQw',#6,'Pset_BuildingStoreyCommon',$,(#11670,#11671));
#11690=IFCPROPERTYSET('1_0EggJu_rjSv1tzFMQ2x5',#6,'Pset_SpaceCommon',$,(#47,#11670));
#11691=IFCRELDEFINESBYPROPERTIES('0QgljbW9owEZmx7T_W8aQ8',#6,$,$,(#40),#11689);
#11692=IFCRELDEFINESBYPROPERTIES('0OVRkYpuIFwjYglnn44Gu4',#6,$,$,(#40),#11690);
#11693=IFCRELAGGREGATES('2B2nZ_i12zrK52AbWB1wfd',#6,$,$,#18,(#44));
#11694=IFCRELAGGREGATES('1md6clyrerkupNcd2xS5qp',#6,$,$,#44,(#21));
#11695=IFCRELAGGREGATES('0AOVyMliz5pBSZEGs8l1wa',#6,$,$,#28,(#83,#123,#165,#215,#261,#328,#375,#438));
#11696=IFCRELAGGREGATES('27PCKGLxT4mxtV9cw6mgBW',#6,$,$,#21,(#25,#28,#32,#36,#40));
#11697=IFCPROPERTYSINGLEVALUE('NumberOfStoreys',$,IFCCOUNTMEASURE(5),$);
#11698=IFCPROPERTYSINGLEVALUE('IsLandmarked',$,IFCLOGICAL(.U.),$);
#11699=IFCPROPERTYSET('1nlhy1J3ZaBOV$eZgWY7Ux',#6,'Pset_BuildingCommon',$,(#45,#11697,#11698));
#11700=IFCPROPERTYSET('3yUuLifctMUgTsjM2JhEjD',#6,'Pset_SpaceCommon',$,(#45,#47));
#11701=IFCRELDEFINESBYPROPERTIES('2cRQoPd79pO_VysQZ9AN2U',#6,$,$,(#21),#11699);
#11702=IFCRELDEFINESBYPROPERTIES('3b$QQ2nrutos63B1hBHAtd',#6,$,$,(#21),#11700);
#11703=IFCRELASSOCIATESMATERIAL('3H26W8S5ngIh1mHb9xQzI$',#6,$,$,(#2983),#2991);
#11704=IFCRELASSOCIATESMATERIAL('07ndUdgwf8w2Ot4I9AVgrf',#6,$,$,(#11605),#11645);
#11705=IFCRELASSOCIATESMATERIAL('115v4nqQArUnvxuI_eGrsU',#6,$,$,(#1851),#1866);
#11706=IFCRELASSOCIATESMATERIAL('3QVdtpI$1LyL1s1y0aDp7K',#6,$,$,(#1874),#1877);
#11707=IFCRELASSOCIATESMATERIAL('1b7s2m8jqSAIHkL_8eCSIq',#6,$,$,(#1945),#1952);
#11708=IFCRELASSOCIATESMATERIAL('1etztIgsU8lpZDJmqRXmH$',#6,$,$,(#1960),#1963);
#11709=IFCRELASSOCIATESMATERIAL('2QyANiCijPxEwzizt6SkO6',#6,$,$,(#2023),#2030);
#11710=IFCRELASSOCIATESMATERIAL('0PeI2J7XGICaSNo4kfeig2',#6,$,$,(#2037),#2040);
#11711=IFCRELASSOCIATESMATERIAL('3iMuE_TKnpLzykLYzkhzEj',#6,$,$,(#2100),#2107);
#11712=IFCRELASSOCIATESMATERIAL('31YH6P00maK6OseWjWuPVx',#6,$,$,(#2115),#2118);
#11713=IFCRELASSOCIATESMATERIAL('2T$GIcjP7bKCt2iM39dV_8',#6,$,$,(#2178),#2185);
#11714=IFCRELASSOCIATESMATERIAL('3nSR6othnjRLCr4SLbGryP',#6,$,$,(#2192),#2195);
#11715=IFCRELASSOCIATESMATERIAL('3nTvaEF3wgOoNuECRvp2My',#6,$,$,(#2255),#2262);
#11716=IFCRELASSOCIATESMATERIAL('3e0M532W5JSFrsgRHY5hQ_',#6,$,$,(#2270),#2273);
#11717=IFCRELASSOCIATESMATERIAL('3XDwI0z$t4x$aVIHf7BbIx',#6,$,$,(#2354),#2369);
#11718=IFCRELASSOCIATESMATERIAL('2EFN7SeAHZWDpgdRSTw3SU',#6,$,$,(#2377),#2380);
#11719=IFCRELASSOCIATESMATERIAL('2m2PCH97H4ZY_NoeFjhM35',#6,$,$,(#2407),#2410);
#11720=IFCRELASSOCIATESMATERIAL('3Go6gEOWnyCS$9BOrxio2H',#6,$,$,(#2434),#2437);
#11721=IFCRELASSOCIATESMATERIAL('2AgNWefhvvnNvggtd95zff',#6,$,$,(#2510),#2517);
#11722=IFCRELASSOCIATESMATERIAL('0JIY0P9GE7XAlWbA$SQWea',#6,$,$,(#2525),#2528);
#11723=IFCRELASSOCIATESMATERIAL('2foxDaZMnOn6cENtkjdbbu',#6,$,$,(#2555),#2558);
#11724=IFCRELASSOCIATESMATERIAL('2dnh8xKIQCtzjB__B2_oJ3',#6,$,$,(#2582),#2585);
#11725=IFCRELASSOCIATESMATERIAL('2gasUigW5zImqWu80I_fhV',#6,$,$,(#2720),#2727);
#11726=IFCRELASSOCIATESMATERIAL('3gftUkp8KiCtKx0ejdgZKa',#6,$,$,(#2734),#2737);
#11727=IFCRELASSOCIATESMATERIAL('0yaSCE04sewh5vsUSPFcx6',#6,$,$,(#11547),#11566);
#11728=IFCRELASSOCIATESMATERIAL('0EYS7ZCc1nekcF1Hj$zIbp',#6,$,$,(#11576),#11579);
#11729=IFCRELASSOCIATESMATERIAL('0ZgBpY2DuGW3YoMgThkrIB',#6,$,$,(#479,#496,#531,#572,#613,#655,#695,#784,#866,#906,#945,#1119,#1406,#1446),#495);
#11730=IFCRELASSOCIATESMATERIAL('0qjbhrAq_gt6PEIb$3RhG_',#6,$,$,(#737,#750,#825),#749);
#11731=IFCRELASSOCIATESMATERIAL('0nKu29THI_8DpCxdL2rELN',#6,$,$,(#987,#1000),#999);
#11732=IFCRELASSOCIATESMATERIAL('2lTdd$sO_UTB$nhbvTNOac',#6,$,$,(#1033,#1046,#1078),#1045);
#11733=IFCRELASSOCIATESMATERIAL('01E3mKiI69CzCk0IEMm33J',#6,$,$,(#1160,#1173,#1206,#1246,#1285,#1325,#1366),#1172);
#11734=IFCRELASSOCIATESMATERIAL('2RGa467SQlgWlgqqefLw$F',#6,$,$,(#1487,#1500,#1532,#1574,#1618,#1657,#1697,#1740,#1782,#2619,#2658,#2779,#2819,#2858,#2895,#2934),#1499);
#11735=IFCRELASSOCIATESMATERIAL('1Zlv79aJQp7LQuz66ryPf5',#6,$,$,(#2984),#2990);
#11736=IFCRELASSOCIATESMATERIAL('2OYMrVuF0caH_EE6PRstWA',#6,$,$,(#11606),#11644);
#11737=IFCRELDEFINESBYTYPE('1QY2Tvewy0R82SlE0k5Ytx',#6,$,$,(#83,#123,#165,#215,#261,#328,#375,#438),#84);
#11738=IFCRELDEFINESBYTYPE('25Vs6hQfUF1ETNRywTfOqa',#6,$,$,(#479,#531,#572,#613,#655,#695,#784,#866,#906,#945,#1119,#1406,#1446),#496);
#11739=IFCRELDEFINESBYTYPE('1KZxkHWD7bko01CFDaSmw0',#6,$,$,(#737,#825),#750);
#11740=IFCRELDEFINESBYTYPE('1ftti$xqkZQU$O63OWp8KR',#6,$,$,(#987),#1000);
#11741=IFCRELDEFINESBYTYPE('3VZS0PE0H401S_maI6FyFn',#6,$,$,(#1033,#1078),#1046);
#11742=IFCRELDEFINESBYTYPE('3bip_cJFNozOvbYEFIwZgI',#6,$,$,(#1160,#1206,#1246,#1285,#1325,#1366),#1173);
#11743=IFCRELDEFINESBYTYPE('3WRSO7L4rVMmMcFI70vrg8',#6,$,$,(#1487,#1532,#1574,#1618,#1657,#1697,#1740,#1782,#2619,#2658,#2779,#2819,#2858,#2895,#2934),#1500);
#11744=IFCRELDEFINESBYTYPE('2vzK0frGjDDBwK7ngFXIC8',#6,$,$,(#1874),#1851);
#11745=IFCRELDEFINESBYTYPE('2hAGgsTzaPC6xfGlXiuSW7',#6,$,$,(#1960),#1945);
#11746=IFCRELDEFINESBYTYPE('3BdmCT$MYtPMvhL3WjEy0f',#6,$,$,(#2037),#2023);
#11747=IFCRELDEFINESBYTYPE('3Zc7cdw8mQfroAXOmhKr64',#6,$,$,(#2115),#2100);
#11748=IFCRELDEFINESBYTYPE('17Aal6fAJP5ptoFkHOCrHl',#6,$,$,(#2192),#2178);
#11749=IFCRELDEFINESBYTYPE('1xY1O2xq$JgYwQJ_mO2KcR',#6,$,$,(#2270),#2255);
#11750=IFCRELDEFINESBYTYPE('0gAFjtIk1ACllWucZc2Lhs',#6,$,$,(#2377,#2407,#2434),#2354);
#11751=IFCRELDEFINESBYTYPE('3ihgwYR0e4vCUw1$4n59kt',#6,$,$,(#2525,#2555,#2582),#2510);
#11752=IFCRELDEFINESBYTYPE('0y3vQXZyRIPhPlvLIPcfev',#6,$,$,(#2734),#2720);
#11753=IFCRELDEFINESBYTYPE('1c_qU9vKvGjzSVBklnIQZh',#6,$,$,(#2983),#2984);
#11754=IFCRELDEFINESBYTYPE('21xsXcVwlxhgtmJgS506Si',#6,$,$,(#11576),#11547);
#11755=IFCRELDEFINESBYTYPE('2jcyQ2MuIaD8DeyMjpLWFS',#6,$,$,(#11605),#11606);
#11756=IFCRELCONNECTSPATHELEMENTS('3Cq470CvBQWKaVUvs3pAEI',#6,'3$Na_1Pi1D4gOO1Cka60nf|3$Na_1Pi1D4gOO1Cka60nt','Structural',$,#479,#531,(),(),.ATEND.,.ATSTART.);
#11757=IFCRELCONNECTSPATHELEMENTS('1vU3oPJz5rMqaVysb41Rn9',#6,'3$Na_1Pi1D4gOO1Cka60nf|3$Na_1Pi1D4gOO1Cka60w7','Structural',$,#479,#1446,(),(),.ATSTART.,.ATEND.);
#11758=IFCRELCONNECTSPATHELEMENTS('2xlRkb0Odrnr5b_WDnoNgb',#6,'3$Na_1Pi1D4gOO1Cka60nt|3$Na_1Pi1D4gOO1Cka60nz','Structural',$,#531,#572,(),(),.ATEND.,.ATSTART.);
#11759=IFCRELCONNECTSPATHELEMENTS('3vpXheRTsP0LLw_B0pSZbc',#6,'3$Na_1Pi1D4gOO1Cka60nz|3$Na_1Pi1D4gOO1Cka60nx','Structural',$,#572,#613,(),(),.ATEND.,.ATSTART.);
#11760=IFCRELCONNECTSPATHELEMENTS('1y28V5PhtcxiTFDwtl$Mv_',#6,'3$Na_1Pi1D4gOO1Cka60nx|3$Na_1Pi1D4gOO1Cka60s1','Structural',$,#613,#655,(),(),.ATEND.,.ATSTART.);
#11761=IFCRELCONNECTSPATHELEMENTS('0QO1UmuoKr7fwQQ0u521sH',#6,'3$Na_1Pi1D4gOO1Cka60s1|3$Na_1Pi1D4gOO1Cka60sF','Structural',$,#655,#695,(),(),.ATEND.,.ATSTART.);
#11762=IFCRELCONNECTSPATHELEMENTS('2iLW2je4BP6AZrdp32psSu',#6,'3$Na_1Pi1D4gOO1Cka60sF|3$Na_1Pi1D4gOO1Cka60ts','Structural',$,#695,#784,(),(),.ATEND.,.ATSTART.);
#11763=IFCRELCONNECTSPATHELEMENTS('2VewheS1qm9ykTkuW05NWn',#6,'3$Na_1Pi1D4gOO1Cka60sL|3$Na_1Pi1D4gOO1Cka60t_','Structural',$,#737,#825,(),(),.ATEND.,.ATSTART.);
#11764=IFCRELCONNECTSPATHELEMENTS('1mI9PrO0YZbORGJVWmUnFS',#6,'3$Na_1Pi1D4gOO1Cka60sL|3$Na_1Pi1D4gOO1Cka60ts','Structural',$,#737,#784,(),(),.ATSTART.,.ATEND.);
#11765=IFCRELCONNECTSPATHELEMENTS('0jy5HA8l9RXv_ag52OcZVB',#6,'3$Na_1Pi1D4gOO1Cka60sL|1ZbzvERVP2EPsD9m_40DJ4','Structural',$,#737,#1740,(),(),.ATEND.,.ATEND.);
#11766=IFCRELCONNECTSPATHELEMENTS('1dec3f3Y0YuBYaYx$OKRkB',#6,'3$Na_1Pi1D4gOO1Cka60ts|1ZbzvERVP2EPsD9m_40DJ4','Structural',$,#784,#1740,(),(),.ATEND.,.ATSTART.);
#11767=IFCRELCONNECTSPATHELEMENTS('3HpbByzecSQPI8eMuBO9Wf',#6,'3$Na_1Pi1D4gOO1Cka60t_|3$Na_1Pi1D4gOO1Cka60q4','Structural',$,#825,#866,(),(),.ATEND.,.ATSTART.);
#11768=IFCRELCONNECTSPATHELEMENTS('1GyiPZMGmcxCZzZGdCwt4X',#6,'3$Na_1Pi1D4gOO1Cka60q4|3$Na_1Pi1D4gOO1Cka60q3','Structural',$,#866,#906,(),(),.ATEND.,.ATSTART.);
#11769=IFCRELCONNECTSPATHELEMENTS('3cZiTZMkn9rEY1aqapcSRF',#6,'3$Na_1Pi1D4gOO1Cka60q3|3$Na_1Pi1D4gOO1Cka60q9','Structural',$,#906,#945,(),(),.ATEND.,.ATSTART.);
#11770=IFCRELCONNECTSPATHELEMENTS('27VRe8yMcKUUaxzAOxM58H',#6,'3$Na_1Pi1D4gOO1Cka60q9|3$Na_1Pi1D4gOO1Cka60qN','Structural',$,#945,#987,(),(),.ATEND.,.ATSTART.);
#11771=IFCRELCONNECTSPATHELEMENTS('18uzsPtDR2EEsBsT$dhxIy',#6,'3$Na_1Pi1D4gOO1Cka60qN|3$Na_1Pi1D4gOO1Cka60qT','Structural',$,#987,#1033,(),(),.ATEND.,.ATSTART.);
#11772=IFCRELCONNECTSPATHELEMENTS('1zKn3Gme9P1SNRF$lOGE7P',#6,'3$Na_1Pi1D4gOO1Cka60qN|1ZbzvERVP2EPsD9m_40DJ4','Structural',$,#987,#1740,(),(),.ATSTART.,.ATSTART.);
#11773=IFCRELCONNECTSPATHELEMENTS('2NhFW0cokUf8rlHvhSp6RD',#6,'3$Na_1Pi1D4gOO1Cka60qT|3$Na_1Pi1D4gOO1Cka60qR','Structural',$,#1033,#1078,(),(),.ATEND.,.ATSTART.);
#11774=IFCRELCONNECTSPATHELEMENTS('1PqJTDehq1Zx5Fv3UDx$bJ',#6,'3$Na_1Pi1D4gOO1Cka60qT|1ZbzvERVP2EPsD9m_40DJ4','Structural',$,#1033,#1740,(),(),.ATSTART.,.ATEND.);
#11775=IFCRELCONNECTSPATHELEMENTS('1G1NEmC4f6or2FuSumPwZJ',#6,'3$Na_1Pi1D4gOO1Cka60qR|3$Na_1Pi1D4gOO1Cka60wI','Structural',$,#1078,#1487,(),(),.ATEND.,.ATSTART.);
#11776=IFCRELCONNECTSPATHELEMENTS('3r3jfA_I6gfyFRkCKQUglU',#6,'3$Na_1Pi1D4gOO1Cka60rK|3$Na_1Pi1D4gOO1Cka60rI','Structural',$,#1119,#1160,(),(),.ATEND.,.ATSTART.);
#11777=IFCRELCONNECTSPATHELEMENTS('0qdmG4NBxdYs9PXfV0qoSW',#6,'3$Na_1Pi1D4gOO1Cka60rK|3$Na_1Pi1D4gOO1Cka60wI','Structural',$,#1119,#1487,(),(),.ATPATH.,.ATEND.);
#11778=IFCRELCONNECTSPATHELEMENTS('1K4R3Euv6AECFCfT5hx2$R',#6,'3$Na_1Pi1D4gOO1Cka60rI|3$Na_1Pi1D4gOO1Cka60rP','Structural',$,#1160,#1206,(),(),.ATEND.,.ATSTART.);
#11779=IFCRELCONNECTSPATHELEMENTS('3j50o25inisSRE7QYPXBgw',#6,'3$Na_1Pi1D4gOO1Cka60rP|3$Na_1Pi1D4gOO1Cka60rd','Structural',$,#1206,#1246,(),(),.ATEND.,.ATSTART.);
#11780=IFCRELCONNECTSPATHELEMENTS('1MzjSiJG7bZgDeG06MNOoE',#6,'3$Na_1Pi1D4gOO1Cka60rd|3$Na_1Pi1D4gOO1Cka60rj','Structural',$,#1246,#1285,(),(),.ATEND.,.ATSTART.);
#11781=IFCRELCONNECTSPATHELEMENTS('2ltsKW$Ge4WfYBUB_iCj5D',#6,'3$Na_1Pi1D4gOO1Cka60rj|3$Na_1Pi1D4gOO1Cka60rh','Structural',$,#1285,#1325,(),(),.ATEND.,.ATSTART.);
#11782=IFCRELCONNECTSPATHELEMENTS('2ASd5u2mbau5jelz5rYEKu',#6,'3$Na_1Pi1D4gOO1Cka60rh|3$Na_1Pi1D4gOO1Cka60rn','Structural',$,#1325,#1366,(),(),.ATEND.,.ATSTART.);
#11783=IFCRELCONNECTSPATHELEMENTS('0JKldhQ8i0B$ztmgqJn9mH',#6,'3$Na_1Pi1D4gOO1Cka60rn|3$Na_1Pi1D4gOO1Cka60ru','Structural',$,#1366,#1406,(),(),.ATEND.,.ATSTART.);
#11784=IFCRELCONNECTSPATHELEMENTS('1vOli2TkncwvFRtGEAWKpY',#6,'3$Na_1Pi1D4gOO1Cka60ru|3$Na_1Pi1D4gOO1Cka60w7','Structural',$,#1406,#1446,(),(),.ATEND.,.ATSTART.);
#11785=IFCRELCONNECTSPATHELEMENTS('2I9d45qSoSe90pvqIFbcu6',#6,'3$Na_1Pi1D4gOO1Cka60rP|1ZbzvERVP2EPsD9m_40D9l','Structural',$,#1206,#1532,(),(),.ATSTART.,.ATPATH.);
#11786=IFCRELCONNECTSPATHELEMENTS('12Jun4Gp2Ajv$9ieTktU$5',#6,'3$Na_1Pi1D4gOO1Cka60nt|1ZbzvERVP2EPsD9m_40D9l','Structural',$,#531,#1532,(),(),.ATEND.,.ATPATH.);
#11787=IFCRELCONNECTSPATHELEMENTS('14kMXOEsPKduoVXAwMNeHw',#6,'1ZbzvERVP2EPsD9m_40DCo|1ZbzvERVP2EPsD9m_40DC7','Structural',$,#1574,#1618,(),(),.ATSTART.,.ATEND.);
#11788=IFCRELCONNECTSPATHELEMENTS('0epYB1uiaJqZEKaEmS0UoD',#6,'1ZbzvERVP2EPsD9m_40DC7|1ZbzvERVP2EPsD9m_40DDY','Structural',$,#1618,#1657,(),(),.ATSTART.,.ATEND.);
#11789=IFCRELCONNECTSPATHELEMENTS('1Kv$f6xZOB6e$7ZpRDe3MG',#6,'3$Na_1Pi1D4gOO1Cka60qT|1ZbzvERVP2EPsD9m_40DDY','Structural',$,#1033,#1657,(),(),.ATEND.,.ATPATH.);
#11790=IFCRELCONNECTSPATHELEMENTS('3PPJY8L54TPxrPWgZqjNC1',#6,'1ZbzvERVP2EPsD9m_40DC7|1ZbzvERVP2EPsD9m_40DI5','Structural',$,#1618,#1697,(),(),.ATSTART.,.ATPATH.);
#11791=IFCRELCONNECTSPATHELEMENTS('2fT1DQgtld9AdbxJfhhthm',#6,'1ZbzvERVP2EPsD9m_40DHp|1ZbzvERVP2EPsD9m_40DS6','Structural',$,#1782,#2779,(),(),.ATPATH.,.ATSTART.);
#11792=IFCRELCONNECTSPATHELEMENTS('3fHWH6gE6BKs4ej47afHUB',#6,'1ZbzvERVP2EPsD9m_40DJ4|1ZbzvERVP2EPsD9m_40DHp','Structural',$,#1740,#1782,(),(),.ATEND.,.ATPATH.);
#11793=IFCRELCONNECTSPATHELEMENTS('0Cx4r0nI7$K8Lu0AcWCu3D',#6,'3$Na_1Pi1D4gOO1Cka60qR|1ZbzvERVP2EPsD9m_40DNj','Structural',$,#1078,#2619,(),(),.ATSTART.,.ATPATH.);
#11794=IFCRELCONNECTSPATHELEMENTS('1FDjnr76U7SYcQJ$yrCw0m',#6,'1ZbzvERVP2EPsD9m_40DC7|1ZbzvERVP2EPsD9m_40DNj','Structural',$,#1618,#2619,(),(),.ATEND.,.ATPATH.);
#11795=IFCRELCONNECTSPATHELEMENTS('27Bq9RD12ZVuDlqawIqHh8',#6,'1ZbzvERVP2EPsD9m_40DCo|1ZbzvERVP2EPsD9m_40DKM','Structural',$,#1574,#2658,(),(),.ATEND.,.ATPATH.);
#11796=IFCRELCONNECTSPATHELEMENTS('0wPolWVwo8F7R1Uc5hUynH',#6,'3$Na_1Pi1D4gOO1Cka60s1|1ZbzvERVP2EPsD9m_40DS6','Structural',$,#655,#2779,(),(),.ATEND.,.ATPATH.);
#11797=IFCRELCONNECTSPATHELEMENTS('0wWm_TtKKswe5QPa_hZl4W',#6,'1ZbzvERVP2EPsD9m_40Cf2|1ZbzvERVP2EPsD9m_40CkS','Structural',$,#2819,#2858,(),(),.ATEND.,.ATSTART.);
#11798=IFCRELCONNECTSPATHELEMENTS('1ob9xG4cAJoQ76maKj8Dj1',#6,'1ZbzvERVP2EPsD9m_40DS6|1ZbzvERVP2EPsD9m_40Cf2','Structural',$,#2779,#2819,(),(),.ATEND.,.ATPATH.);
#11799=IFCRELCONNECTSPATHELEMENTS('1qQfFJ3KaxBGqfJ9sMZzDd',#6,'1ZbzvERVP2EPsD9m_40DHp|1ZbzvERVP2EPsD9m_40CkS','Structural',$,#1782,#2858,(),(),.ATSTART.,.ATPATH.);
#11800=IFCRELCONNECTSPATHELEMENTS('1ByC5nMqPhL1BsxBcBkOb9',#6,'1ZbzvERVP2EPsD9m_40Csr|1ZbzvERVP2EPsD9m_40CsG','Structural',$,#2895,#2934,(),(),.ATSTART.,.ATSTART.);
#11801=IFCRELCONNECTSPATHELEMENTS('2VnlCFkM9KSkzi0mr_6odB',#6,'1ZbzvERVP2EPsD9m_40DJ4|1ZbzvERVP2EPsD9m_40Csr','Structural',$,#1740,#2895,(),(),.ATEND.,.ATPATH.);
#11802=IFCRELCONNECTSPATHELEMENTS('2hqK6XWdQI9xwDy3JvV_ou',#6,'3$Na_1Pi1D4gOO1Cka60sL|1ZbzvERVP2EPsD9m_40CsG','Structural',$,#737,#2934,(),(),.ATEND.,.ATPATH.);
#11803=IFCPRESENTATIONLAYERASSIGNMENT('A-AREA-____-OTLN',$,(#81,#120,#162,#212,#258,#325,#372,#435),$);
#11804=IFCPRESENTATIONLAYERASSIGNMENT('A-WALL-____-OTLN',$,(#464,#478,#518,#530,#559,#571,#600,#612,#641,#654,#683,#694,#723,#736,#768,#783,#812,#824,#853,#865,#894,#905,#933,#944,#972,#986,#1019,#1032,#1065,#1077,#1106,#1118,#1147,#1159,#1192,#1205,#1234,#1245,#1273,#1284,#1313,#1324,#1353,#1365,#1394,#1405,#1433,#1445,#1473,#1486,#1519,#1531,#1560,#1573,#1602,#1617,#1645,#1656,#1685,#1696,#1724,#1739,#1768,#1781,#2607,#2618,#2646,#2657,#2763,#2778,#2806,#2818,#2846,#2857,#2885,#2894,#2922,#2933),$);
#11805=IFCPRESENTATIONLAYERASSIGNMENT('A-DOOR-____-OTLN',$,(#1846,#1861,#1864,#1869,#1940,#1947,#1950,#1954,#2018,#2025,#2028,#2032,#2095,#2102,#2105,#2109,#2173,#2180,#2183,#2187,#2250,#2257,#2260,#2264,#2715,#2722,#2725,#2729),$);
#11806=IFCPRESENTATIONLAYERASSIGNMENT('A-GLAZ-____-OTLN',$,(#2350,#2364,#2367,#2371,#2401,#2428,#2506,#2512,#2515,#2519,#2549,#2576),$);
#11807=IFCPRESENTATIONLAYERASSIGNMENT('A-FLOR-____-OTLN',$,(#2981,#11603),$);
#11808=IFCPRESENTATIONLAYERASSIGNMENT('P-SANR-FIXT-OTLN',$,(#11544,#11558,#11561,#11564,#11568),$);
#11809=IFCCARTESIANPOINT((799.99999999999716,699.99999999999977));
#11810=IFCAXIS2PLACEMENT2D(#11809,#1831);
#11811=IFCRECTANGLEPROFILEDEF(.AREA.,$,#11810,1599.9999999999941,1399.9999999999995);
#11812=IFCAXIS2PLACEMENT3D(#10,#513,#73);
#11813=IFCEXTRUDEDAREASOLID(#11811,#11812,#73,300.);
#11814=IFCSHAPEREPRESENTATION(#15,'Body','SweptSolid',(#11813));
#11815=IFCPRODUCTDEFINITIONSHAPE($,$,(#11814));
#11816=IFCCARTESIANPOINT((263.6683969811919,-150.,1000.));
#11817=IFCAXIS2PLACEMENT3D(#11816,$,$);
#11818=IFCLOCALPLACEMENT(#460,#11817);
#11819=IFCOPENINGELEMENT('22Q7fwXPqwc9G7aKZYmDos',#6,'R_Window:1400x1600:847129:1',$,$,#11818,#11815,'847129',.OPENING.);
#11820=IFCRELVOIDSELEMENT('1ZbzvERVP2EPsD9nk40DMd',#6,$,$,#479,#11819);
#11821=IFCQUANTITYLENGTH('Depth',$,$,300.,$);
#11822=IFCQUANTITYLENGTH('Height',$,$,1399.9999999999991,$);
#11823=IFCQUANTITYLENGTH('Width',$,$,1599.9999999999941,$);
#11824=IFCQUANTITYAREA('Area',$,$,2.2399999999999904,$);
#11825=IFCQUANTITYVOLUME('Volume',$,$,671.99999999999716,$);
#11826=IFCELEMENTQUANTITY('1LFmtw_wN9s1J6oKHAke8m',#6,'Qto_OpeningElementBaseQuantities',$,'BaseQuantities',(#11821,#11822,#11823,#11824,#11825));
#11827=IFCRELDEFINESBYPROPERTIES('0iwNHR00tEY4zg79Txnuuy',#6,$,$,(#11819),#11826);
#11828=IFCRELFILLSELEMENT('2o6gPsObsh$ZZFQQ$mU8RC',#6,$,$,#11819,#2434);
#11829=IFCAXIS2PLACEMENT3D(#10,$,$);
#11830=IFCLOCALPLACEMENT(#11818,#11829);
#11831=IFCCARTESIANPOINT((799.99999999999716,700.));
#11832=IFCAXIS2PLACEMENT2D(#11831,#1831);
#11833=IFCRECTANGLEPROFILEDEF(.AREA.,$,#11832,1599.9999999999941,1399.9999999999995);
#11834=IFCAXIS2PLACEMENT3D(#10,#513,#73);
#11835=IFCEXTRUDEDAREASOLID(#11833,#11834,#73,300.);
#11836=IFCSHAPEREPRESENTATION(#15,'Body','SweptSolid',(#11835));
#11837=IFCPRODUCTDEFINITIONSHAPE($,$,(#11836));
#11838=IFCCARTESIANPOINT((638.86918347325104,-150.,1000.));
#11839=IFCAXIS2PLACEMENT3D(#11838,$,$);
#11840=IFCLOCALPLACEMENT(#556,#11839);
#11841=IFCOPENINGELEMENT('1pc7EecusKQ9TmmBs0F3rU',#6,'R_Window:1400x1600:847127:1',$,$,#11840,#11837,'847127',.OPENING.);
#11842=IFCRELVOIDSELEMENT('1ZbzvERVP2EPsD9nk40DMf',#6,$,$,#572,#11841);
#11843=IFCQUANTITYLENGTH('Depth',$,$,300.,$);
#11844=IFCQUANTITYLENGTH('Height',$,$,1399.9999999999998,$);
#11845=IFCQUANTITYLENGTH('Width',$,$,1599.9999999999941,$);
#11846=IFCQUANTITYAREA('Area',$,$,2.2399999999999913,$);
#11847=IFCQUANTITYVOLUME('Volume',$,$,671.99999999999739,$);
#11848=IFCELEMENTQUANTITY('2R4_H6oAy4Yvc9qChA6tyt',#6,'Qto_OpeningElementBaseQuantities',$,'BaseQuantities',(#11843,#11844,#11845,#11846,#11847));
#11849=IFCRELDEFINESBYPROPERTIES('2aztTEHpT_ZcYamj98Vrpd',#6,$,$,(#11841),#11848);
#11850=IFCRELFILLSELEMENT('3dgayoyHWPW8LBVrDY4m2X',#6,$,$,#11841,#2407);
#11851=IFCAXIS2PLACEMENT3D(#10,$,$);
#11852=IFCLOCALPLACEMENT(#11840,#11851);
#11853=IFCCARTESIANPOINT((799.99999999999716,700.));
#11854=IFCAXIS2PLACEMENT2D(#11853,#1831);
#11855=IFCRECTANGLEPROFILEDEF(.AREA.,$,#11854,1599.9999999999941,1399.9999999999995);
#11856=IFCAXIS2PLACEMENT3D(#10,#513,#73);
#11857=IFCEXTRUDEDAREASOLID(#11855,#11856,#73,300.);
#11858=IFCSHAPEREPRESENTATION(#15,'Body','SweptSolid',(#11857));
#11859=IFCPRODUCTDEFINITIONSHAPE($,$,(#11858));
#11860=IFCCARTESIANPOINT((802.88847323359892,-150.,1000.));
#11861=IFCAXIS2PLACEMENT3D(#11860,$,$);
#11862=IFCLOCALPLACEMENT(#597,#11861);
#11863=IFCOPENINGELEMENT('0IH8EiY$DzpCWcCQ90Qs1f',#6,'R_Window:1400x1600:847124:1',$,$,#11862,#11859,'847124',.OPENING.);
#11864=IFCRELVOIDSELEMENT('1ZbzvERVP2EPsD9nk40DMg',#6,$,$,#613,#11863);
#11865=IFCQUANTITYLENGTH('Depth',$,$,300.,$);
#11866=IFCQUANTITYLENGTH('Height',$,$,1399.9999999999998,$);
#11867=IFCQUANTITYLENGTH('Width',$,$,1599.9999999999941,$);
#11868=IFCQUANTITYAREA('Area',$,$,2.2399999999999913,$);
#11869=IFCQUANTITYVOLUME('Volume',$,$,671.99999999999739,$);
#11870=IFCELEMENTQUANTITY('3p1PBxTFBooSP0sBO$2ncU',#6,'Qto_OpeningElementBaseQuantities',$,'BaseQuantities',(#11865,#11866,#11867,#11868,#11869));
#11871=IFCRELDEFINESBYPROPERTIES('2rdswVmAKQkdx75Shk557m',#6,$,$,(#11863),#11870);
#11872=IFCRELFILLSELEMENT('0uqOb7aYAhNRQ7COYvf6DL',#6,$,$,#11863,#2377);
#11873=IFCAXIS2PLACEMENT3D(#10,$,$);
#11874=IFCLOCALPLACEMENT(#11862,#11873);
#11875=IFCCARTESIANPOINT((649.99999999999864,450.00000000000028));
#11876=IFCAXIS2PLACEMENT2D(#11875,#1831);
#11877=IFCRECTANGLEPROFILEDEF(.AREA.,$,#11876,1299.9999999999973,900.00000000000057);
#11878=IFCAXIS2PLACEMENT3D(#10,#513,#73);
#11879=IFCEXTRUDEDAREASOLID(#11877,#11878,#73,300.);
#11880=IFCSHAPEREPRESENTATION(#15,'Body','SweptSolid',(#11879));
#11881=IFCPRODUCTDEFINITIONSHAPE($,$,(#11880));
#11882=IFCCARTESIANPOINT((986.77444975415881,-150.,1000.));
#11883=IFCAXIS2PLACEMENT3D(#11882,$,$);
#11884=IFCLOCALPLACEMENT(#850,#11883);
#11885=IFCOPENINGELEMENT('1v8FCS_HnvgqN_Z9c1S$ZV',#6,'R_Window:900 x 1000:847139:1',$,$,#11884,#11881,'847139',.OPENING.);
#11886=IFCRELVOIDSELEMENT('1ZbzvERVP2EPsD9nk40DMT',#6,$,$,#866,#11885);
#11887=IFCQUANTITYLENGTH('Depth',$,$,300.,$);
#11888=IFCQUANTITYLENGTH('Height',$,$,900.00000000000011,$);
#11889=IFCQUANTITYLENGTH('Width',$,$,1299.9999999999973,$);
#11890=IFCQUANTITYAREA('Area',$,$,1.1699999999999979,$);
#11891=IFCQUANTITYVOLUME('Volume',$,$,350.99999999999937,$);
#11892=IFCELEMENTQUANTITY('2eyP5HBP2MTsY6L_CbA_fS',#6,'Qto_OpeningElementBaseQuantities',$,'BaseQuantities',(#11887,#11888,#11889,#11890,#11891));
#11893=IFCRELDEFINESBYPROPERTIES('15vW0ZzCvISpyhlZe$lPvr',#6,$,$,(#11885),#11892);
#11894=IFCRELFILLSELEMENT('0lYgMA$g9KIR3hRaeND3BK',#6,$,$,#11885,#2525);
#11895=IFCAXIS2PLACEMENT3D(#10,$,$);
#11896=IFCLOCALPLACEMENT(#11884,#11895);
#11897=IFCCARTESIANPOINT((649.99999999999864,450.00000000000057));
#11898=IFCAXIS2PLACEMENT2D(#11897,#1831);
#11899=IFCRECTANGLEPROFILEDEF(.AREA.,$,#11898,1299.9999999999973,900.00000000000068);
#11900=IFCAXIS2PLACEMENT3D(#10,#513,#73);
#11901=IFCEXTRUDEDAREASOLID(#11899,#11900,#73,300.);
#11902=IFCSHAPEREPRESENTATION(#15,'Body','SweptSolid',(#11901));
#11903=IFCPRODUCTDEFINITIONSHAPE($,$,(#11902));
#11904=IFCCARTESIANPOINT((1846.5823134258164,-150.,1000.));
#11905=IFCAXIS2PLACEMENT3D(#11904,$,$);
#11906=IFCLOCALPLACEMENT(#850,#11905);
#11907=IFCOPENINGELEMENT('3tZpK3ocAvXrUwtgS0fs$T',#6,'R_Window:900 x 1000:847159:1',$,$,#11906,#11903,'847159',.OPENING.);
#11908=IFCRELVOIDSELEMENT('1ZbzvERVP2EPsD9nk40DM9',#6,$,$,#866,#11907);
#11909=IFCQUANTITYLENGTH('Depth',$,$,300.,$);
#11910=IFCQUANTITYLENGTH('Height',$,$,900.00000000000091,$);
#11911=IFCQUANTITYLENGTH('Width',$,$,1299.9999999999973,$);
#11912=IFCQUANTITYAREA('Area',$,$,1.1699999999999986,$);
#11913=IFCQUANTITYVOLUME('Volume',$,$,350.9999999999996,$);
#11914=IFCELEMENTQUANTITY('0cVv9O4LLn$7iHqDmUnWLs',#6,'Qto_OpeningElementBaseQuantities',$,'BaseQuantities',(#11909,#11910,#11911,#11912,#11913));
#11915=IFCRELDEFINESBYPROPERTIES('1_fV4BDs7ca2DnWzqi5KiH',#6,$,$,(#11907),#11914);
#11916=IFCRELFILLSELEMENT('3XNwra5hys45XDPOpjP9iV',#6,$,$,#11907,#2555);
#11917=IFCAXIS2PLACEMENT3D(#10,$,$);
#11918=IFCLOCALPLACEMENT(#11906,#11917);
#11919=IFCCARTESIANPOINT((649.99999999999864,450.00000000000028));
#11920=IFCAXIS2PLACEMENT2D(#11919,#1831);
#11921=IFCRECTANGLEPROFILEDEF(.AREA.,$,#11920,1299.9999999999973,900.00000000000057);
#11922=IFCAXIS2PLACEMENT3D(#10,#513,#73);
#11923=IFCEXTRUDEDAREASOLID(#11921,#11922,#73,300.);
#11924=IFCSHAPEREPRESENTATION(#15,'Body','SweptSolid',(#11923));
#11925=IFCPRODUCTDEFINITIONSHAPE($,$,(#11924));
#11926=IFCCARTESIANPOINT((2681.7903720477816,-150.,1000.));
#11927=IFCAXIS2PLACEMENT3D(#11926,$,$);
#11928=IFCLOCALPLACEMENT(#850,#11927);
#11929=IFCOPENINGELEMENT('0XRPoVMR8DKxjn6ztwM6gu',#6,'R_Window:900 x 1000:847161:1',$,$,#11928,#11925,'847161',.OPENING.);
#11930=IFCRELVOIDSELEMENT('1ZbzvERVP2EPsD9nk40DM7',#6,$,$,#866,#11929);
#11931=IFCQUANTITYLENGTH('Depth',$,$,300.,$);
#11932=IFCQUANTITYLENGTH('Height',$,$,900.00000000000011,$);
#11933=IFCQUANTITYLENGTH('Width',$,$,1299.9999999999973,$);
#11934=IFCQUANTITYAREA('Area',$,$,1.1699999999999979,$);
#11935=IFCQUANTITYVOLUME('Volume',$,$,350.99999999999937,$);
#11936=IFCELEMENTQUANTITY('0wbeVbacx6KYJ1juUMAik0',#6,'Qto_OpeningElementBaseQuantities',$,'BaseQuantities',(#11931,#11932,#11933,#11934,#11935));
#11937=IFCRELDEFINESBYPROPERTIES('1ML$pHxh5g6ycomJ7gMf3m',#6,$,$,(#11929),#11936);
#11938=IFCRELFILLSELEMENT('298j_y2ivNlWPy2lVGSV7L',#6,$,$,#11929,#2582);
#11939=IFCAXIS2PLACEMENT3D(#10,$,$);
#11940=IFCLOCALPLACEMENT(#11928,#11939);
#11941=IFCCARTESIANPOINT((1029.9999999999998,400.00000000000023));
#11942=IFCDIRECTION((0.,-1.));
#11943=IFCAXIS2PLACEMENT2D(#11941,#11942);
#11944=IFCRECTANGLEPROFILEDEF(.AREA.,$,#11943,799.99999999999977,2059.9999999999995);
#11945=IFCAXIS2PLACEMENT3D(#10,#369,#73);
#11946=IFCEXTRUDEDAREASOLID(#11944,#11945,#73,240.);
#11947=IFCSHAPEREPRESENTATION(#15,'Body','SweptSolid',(#11946));
#11948=IFCPRODUCTDEFINITIONSHAPE($,$,(#11947));
#11949=IFCCARTESIANPOINT((1713.5305811857702,120.,0.));
#11950=IFCAXIS2PLACEMENT3D(#11949,$,$);
#11951=IFCLOCALPLACEMENT(#1016,#11950);
#11952=IFCOPENINGELEMENT('2vltkGfjMFTMVfXufFTX5f',#6,'M_Single-Flush:800:847114:1',$,$,#11951,#11948,'847114',.OPENING.);
#11953=IFCRELVOIDSELEMENT('1ZbzvERVP2EPsD9nk40DMq',#6,$,$,#1033,#11952);
#11954=IFCQUANTITYLENGTH('Depth',$,$,240.,$);
#11955=IFCQUANTITYLENGTH('Height',$,$,2059.9999999999995,$);
#11956=IFCQUANTITYLENGTH('Width',$,$,799.99999999999989,$);
#11957=IFCQUANTITYAREA('Area',$,$,1.6479999999999992,$);
#11958=IFCQUANTITYVOLUME('Volume',$,$,395.51999999999981,$);
#11959=IFCELEMENTQUANTITY('3PPGeMgYv8G5rYBGO$htxk',#6,'Qto_OpeningElementBaseQuantities',$,'BaseQuantities',(#11954,#11955,#11956,#11957,#11958));
#11960=IFCRELDEFINESBYPROPERTIES('37pgrtHY61Qnq0YVckZ$9$',#6,$,$,(#11952),#11959);
#11961=IFCRELFILLSELEMENT('3y78K_KP3CZ9izBVyd9O6i',#6,$,$,#11952,#2270);
#11962=IFCAXIS2PLACEMENT3D(#10,#73,#1514);
#11963=IFCLOCALPLACEMENT(#11951,#11962);
#11964=IFCCARTESIANPOINT((1059.9999999999998,325.00000000000023));
#11965=IFCAXIS2PLACEMENT2D(#11964,#11942);
#11966=IFCRECTANGLEPROFILEDEF(.AREA.,$,#11965,649.99999999999977,2119.9999999999995);
#11967=IFCAXIS2PLACEMENT3D(#10,#369,#73);
#11968=IFCEXTRUDEDAREASOLID(#11966,#11967,#73,100.);
#11969=IFCSHAPEREPRESENTATION(#15,'Body','SweptSolid',(#11968));
#11970=IFCPRODUCTDEFINITIONSHAPE($,$,(#11969));
#11971=IFCCARTESIANPOINT((2560.6352989966031,50.,0.));
#11972=IFCAXIS2PLACEMENT3D(#11971,$,$);
#11973=IFCLOCALPLACEMENT(#1516,#11972);
#11974=IFCOPENINGELEMENT('3JtblXrvOqJAc6F3YRvgD3',#6,'M_Single-Flush:650:847078:1',$,$,#11973,#11970,'847078',.OPENING.);
#11975=IFCRELVOIDSELEMENT('1ZbzvERVP2EPsD9nk40DHO',#6,$,$,#1532,#11974);
#11976=IFCQUANTITYLENGTH('Depth',$,$,100.,$);
#11977=IFCQUANTITYLENGTH('Height',$,$,2119.9999999999995,$);
#11978=IFCQUANTITYLENGTH('Width',$,$,649.99999999999989,$);
#11979=IFCQUANTITYAREA('Area',$,$,1.377999999999999,$);
#11980=IFCQUANTITYVOLUME('Volume',$,$,137.7999999999999,$);
#11981=IFCELEMENTQUANTITY('03YEnrG33Q9$7vSnXzY8lH',#6,'Qto_OpeningElementBaseQuantities',$,'BaseQuantities',(#11976,#11977,#11978,#11979,#11980));
#11982=IFCRELDEFINESBYPROPERTIES('1efEylIzpB8woWZLckTfcF',#6,$,$,(#11974),#11981);
#11983=IFCRELFILLSELEMENT('1$_5eHPjeOewtQMaiZl4AG',#6,$,$,#11974,#1874);
#11984=IFCAXIS2PLACEMENT3D(#10,#73,#1514);
#11985=IFCLOCALPLACEMENT(#11973,#11984);
#11986=IFCCARTESIANPOINT((1024.9999999999998,349.99999999999983));
#11987=IFCAXIS2PLACEMENT2D(#11986,#12);
#11988=IFCRECTANGLEPROFILEDEF(.AREA.,$,#11987,699.99999999999977,2049.9999999999995);
#11989=IFCAXIS2PLACEMENT3D(#10,#513,#73);
#11990=IFCEXTRUDEDAREASOLID(#11988,#11989,#73,99.999999999999957);
#11991=IFCSHAPEREPRESENTATION(#15,'Body','SweptSolid',(#11990));
#11992=IFCPRODUCTDEFINITIONSHAPE($,$,(#11991));
#11993=IFCCARTESIANPOINT((1313.3267135243459,-50.,0.));
#11994=IFCAXIS2PLACEMENT3D(#11993,$,$);
#11995=IFCLOCALPLACEMENT(#1557,#11994);
#11996=IFCOPENINGELEMENT('2l5Y0gdYB6pXvpqn9eDmpy',#6,'M_Single-Flush:700:847088:1',$,$,#11995,#11992,'847088',.OPENING.);
#11997=IFCRELVOIDSELEMENT('1ZbzvERVP2EPsD9nk40DHE',#6,$,$,#1574,#11996);
#11998=IFCQUANTITYLENGTH('Depth',$,$,100.,$);
#11999=IFCQUANTITYLENGTH('Height',$,$,2049.9999999999995,$);
#12000=IFCQUANTITYLENGTH('Width',$,$,699.99999999999989,$);
#12001=IFCQUANTITYAREA('Area',$,$,1.4349999999999992,$);
#12002=IFCQUANTITYVOLUME('Volume',$,$,143.49999999999991,$);
#12003=IFCELEMENTQUANTITY('3Mln$RTlPOHi9Kvt0hdMO_',#6,'Qto_OpeningElementBaseQuantities',$,'BaseQuantities',(#11998,#11999,#12000,#12001,#12002));
#12004=IFCRELDEFINESBYPROPERTIES('18xs4CUnQu1eY5of3$5Mm9',#6,$,$,(#11996),#12003);
#12005=IFCRELFILLSELEMENT('0ZE18tvMJcAuzptrnT7Y0v',#6,$,$,#11996,#1960);
#12006=IFCAXIS2PLACEMENT3D(#10,$,$);
#12007=IFCLOCALPLACEMENT(#11995,#12006);
#12008=IFCCARTESIANPOINT((1059.9999999999998,275.00000000000011));
#12009=IFCAXIS2PLACEMENT2D(#12008,#12);
#12010=IFCRECTANGLEPROFILEDEF(.AREA.,$,#12009,549.99999999999977,2119.9999999999995);
#12011=IFCAXIS2PLACEMENT3D(#10,#369,#73);
#12012=IFCEXTRUDEDAREASOLID(#12010,#12011,#73,100.);
#12013=IFCSHAPEREPRESENTATION(#15,'Body','SweptSolid',(#12012));
#12014=IFCPRODUCTDEFINITIONSHAPE($,$,(#12013));
#12015=IFCCARTESIANPOINT((732.92823243173234,50.,0.));
#12016=IFCAXIS2PLACEMENT3D(#12015,$,$);
#12017=IFCLOCALPLACEMENT(#1642,#12016);
#12018=IFCOPENINGELEMENT('2hPdopSK_118PtsE3G$R1_',#6,'M_Single-Flush:550:847109:1',$,$,#12017,#12014,'847109',.OPENING.);
#12019=IFCRELVOIDSELEMENT('1ZbzvERVP2EPsD9nk40DMx',#6,$,$,#1657,#12018);
#12020=IFCQUANTITYLENGTH('Depth',$,$,100.,$);
#12021=IFCQUANTITYLENGTH('Height',$,$,2119.9999999999995,$);
#12022=IFCQUANTITYLENGTH('Width',$,$,550.,$);
#12023=IFCQUANTITYAREA('Area',$,$,1.1659999999999999,$);
#12024=IFCQUANTITYVOLUME('Volume',$,$,116.59999999999999,$);
#12025=IFCELEMENTQUANTITY('37uLpK_pCgtpbm_IJHAoI4',#6,'Qto_OpeningElementBaseQuantities',$,'BaseQuantities',(#12020,#12021,#12022,#12023,#12024));
#12026=IFCRELDEFINESBYPROPERTIES('1HtWbV98zYmlFCI6xnH2E8',#6,$,$,(#12018),#12025);
#12027=IFCRELFILLSELEMENT('06tsZz7DoRpz3z1IVmWDXN',#6,$,$,#12018,#2192);
#12028=IFCAXIS2PLACEMENT3D(#10,#73,#1514);
#12029=IFCLOCALPLACEMENT(#12017,#12028);
#12030=IFCCARTESIANPOINT((1029.9999999999998,399.99999999999994));
#12031=IFCAXIS2PLACEMENT2D(#12030,#12);
#12032=IFCRECTANGLEPROFILEDEF(.AREA.,$,#12031,799.99999999999977,2059.9999999999995);
#12033=IFCAXIS2PLACEMENT3D(#10,#513,#73);
#12034=IFCEXTRUDEDAREASOLID(#12032,#12033,#73,100.);
#12035=IFCSHAPEREPRESENTATION(#15,'Body','SweptSolid',(#12034));
#12036=IFCPRODUCTDEFINITIONSHAPE($,$,(#12035));
#12037=IFCCARTESIANPOINT((247.01941767108309,-50.,0.));
#12038=IFCAXIS2PLACEMENT3D(#12037,$,$);
#12039=IFCLOCALPLACEMENT(#1721,#12038);
#12040=IFCOPENINGELEMENT('0NnaXPv8Mq3Ixxw1FFfDDh',#6,'M_Single-Flush:800:847097:1',$,$,#12039,#12036,'847097',.OPENING.);
#12041=IFCRELVOIDSELEMENT('1ZbzvERVP2EPsD9nk40DH7',#6,$,$,#1740,#12040);
#12042=IFCQUANTITYLENGTH('Depth',$,$,100.,$);
#12043=IFCQUANTITYLENGTH('Height',$,$,2059.9999999999995,$);
#12044=IFCQUANTITYLENGTH('Width',$,$,799.99999999999989,$);
#12045=IFCQUANTITYAREA('Area',$,$,1.6479999999999992,$);
#12046=IFCQUANTITYVOLUME('Volume',$,$,164.79999999999993,$);
#12047=IFCELEMENTQUANTITY('0dVfTTHOwsSgEfHXX_FIfD',#6,'Qto_OpeningElementBaseQuantities',$,'BaseQuantities',(#12042,#12043,#12044,#12045,#12046));
#12048=IFCRELDEFINESBYPROPERTIES('2YLvwaM7vnidjZDTCqvT_Y',#6,$,$,(#12040),#12047);
#12049=IFCRELFILLSELEMENT('1Iho9O8LG2oke9QzR0iwqr',#6,$,$,#12040,#2037);
#12050=IFCAXIS2PLACEMENT3D(#10,$,$);
#12051=IFCLOCALPLACEMENT(#12039,#12050);
#12052=IFCCARTESIANPOINT((1029.9999999999998,375.00000000000006));
#12053=IFCAXIS2PLACEMENT2D(#12052,#12);
#12054=IFCRECTANGLEPROFILEDEF(.AREA.,$,#12053,749.99999999999977,2059.9999999999995);
#12055=IFCAXIS2PLACEMENT3D(#10,#513,#73);
#12056=IFCEXTRUDEDAREASOLID(#12054,#12055,#73,99.999999999999957);
#12057=IFCSHAPEREPRESENTATION(#15,'Body','SweptSolid',(#12056));
#12058=IFCPRODUCTDEFINITIONSHAPE($,$,(#12057));
#12059=IFCCARTESIANPOINT((508.09287428702572,-50.,0.));
#12060=IFCAXIS2PLACEMENT3D(#12059,$,$);
#12061=IFCLOCALPLACEMENT(#1765,#12060);
#12062=IFCOPENINGELEMENT('2Y7iQr_XGVrckDwapOi1lt',#6,'M_Single-Flush:750:847102:1',$,$,#12061,#12058,'847102',.OPENING.);
#12063=IFCRELVOIDSELEMENT('1ZbzvERVP2EPsD9nk40DH0',#6,$,$,#1782,#12062);
#12064=IFCQUANTITYLENGTH('Depth',$,$,100.,$);
#12065=IFCQUANTITYLENGTH('Height',$,$,2059.9999999999995,$);
#12066=IFCQUANTITYLENGTH('Width',$,$,749.99999999999989,$);
#12067=IFCQUANTITYAREA('Area',$,$,1.5449999999999995,$);
#12068=IFCQUANTITYVOLUME('Volume',$,$,154.49999999999994,$);
#12069=IFCELEMENTQUANTITY('0nU7fCcc6OIIwSXl4vnkSx',#6,'Qto_OpeningElementBaseQuantities',$,'BaseQuantities',(#12064,#12065,#12066,#12067,#12068));
#12070=IFCRELDEFINESBYPROPERTIES('34o_U2JmY_D4pyNy2QD$2k',#6,$,$,(#12062),#12069);
#12071=IFCRELFILLSELEMENT('24vkAL5v1lyrz2YxwhxiRv',#6,$,$,#12062,#2115);
#12072=IFCAXIS2PLACEMENT3D(#10,$,$);
#12073=IFCLOCALPLACEMENT(#12061,#12072);
#12074=IFCCARTESIANPOINT((1059.9999999999998,250.00000000000043));
#12075=IFCAXIS2PLACEMENT2D(#12074,#11942);
#12076=IFCRECTANGLEPROFILEDEF(.AREA.,$,#12075,500.00000000000028,2119.9999999999995);
#12077=IFCAXIS2PLACEMENT3D(#10,#369,#73);
#12078=IFCEXTRUDEDAREASOLID(#12076,#12077,#73,100.);
#12079=IFCSHAPEREPRESENTATION(#15,'Body','SweptSolid',(#12078));
#12080=IFCPRODUCTDEFINITIONSHAPE($,$,(#12079));
#12081=IFCCARTESIANPOINT((829.94957168906365,50.,0.));
#12082=IFCAXIS2PLACEMENT3D(#12081,$,$);
#12083=IFCLOCALPLACEMENT(#2643,#12082);
#12084=IFCOPENINGELEMENT('1nSOG44yJtAI6i3BD$sVoq',#6,'M_Single-Flush:500:847380:1',$,$,#12083,#12080,'847380',.OPENING.);
#12085=IFCRELVOIDSELEMENT('1ZbzvERVP2EPsD9nk40DQg',#6,$,$,#2658,#12084);
#12086=IFCQUANTITYLENGTH('Depth',$,$,100.,$);
#12087=IFCQUANTITYLENGTH('Height',$,$,2119.9999999999995,$);
#12088=IFCQUANTITYLENGTH('Width',$,$,500.00000000000057,$);
#12089=IFCQUANTITYAREA('Area',$,$,1.0599999999999998,$);
#12090=IFCQUANTITYVOLUME('Volume',$,$,105.99999999999999,$);
#12091=IFCELEMENTQUANTITY('1R_dNOUqkElLykjppN6pwn',#6,'Qto_OpeningElementBaseQuantities',$,'BaseQuantities',(#12086,#12087,#12088,#12089,#12090));
#12092=IFCRELDEFINESBYPROPERTIES('1ORFnURV_SPgdr9m7Ma3ZU',#6,$,$,(#12084),#12091);
#12093=IFCRELFILLSELEMENT('1ylMzfRHMpA6BiMTteS4cy',#6,$,$,#12084,#2734);
#12094=IFCAXIS2PLACEMENT3D(#10,#73,#1514);
#12095=IFCLOCALPLACEMENT(#12083,#12094);
#12096=IFCRELCONTAINEDINSPATIALSTRUCTURE('1kUi$LxTFAahGWiVlchBt6',#6,$,$,(#11576),#328);
#12097=IFCUNITASSIGNMENT((#7,#8,#9,#80,#1901));
ENDSEC;

END-ISO-10303-21;