ISO-10303-21;
HEADER;
FILE_DESCRIPTION(('ViewDefinition [CoordinationView_V2.0]','RevitIdentifiers [ContentGUID: f0cb7fa9-8373-4068-81cf-5cd6e78c73db, VersionGUID: 2e12218f-0ab5-402c-b34d-3ac135a3a6b5, NumberOfSaves: 202]','Options [Excluded Entities: IfcSpatialStructureElement;IfcSite;IfcSpace;IfcSpaceHeaterType;IfcSpatialStructureElementType;IfcSpaceType;]','CoordinateReference [CoordinateBase: Shared Coordinates, ProjectSite: Default Site]','ExchangeRequirement [Architecture]'),'2;1');
FILE_NAME('Sandakerveien-50.ifc','2026-09-11T11:26:25+01:00',(''),(''),'ODA SDAI 25.12','Autodesk - Revit 27.1.0.45 (ENU) - 27.1.0.45','');
FILE_SCHEMA(('IFC2X3'));
ENDSEC;

DATA;
#1=IFCORGANIZATION($,'Autodesk Revit 2027 (ENU)',$,$,$);
#2=IFCAPPLICATION(#1,'2027','Autodesk Revit 2027 (ENU)','Revit');
#3=IFCPERSON($,'','KFS',$,$,$,$,$);
#4=IFCORGANIZATION($,'FND','',$,$);
#5=IFCPERSONANDORGANIZATION(#3,#4,$);
#6=IFCOWNERHISTORY(#5,#2,$,.NOCHANGE.,$,$,$,1789108087);
#7=IFCSIUNIT(*,.LENGTHUNIT.,.MILLI.,.METRE.);
#8=IFCSIUNIT(*,.AREAUNIT.,$,.SQUARE_METRE.);
#9=IFCSIUNIT(*,.VOLUMEUNIT.,$,.CUBIC_METRE.);
#10=IFCCARTESIANPOINT((0.,0.,0.));
#11=IFCAXIS2PLACEMENT3D(#10,$,$);
#12=IFCDIRECTION((0.,1.));
#13=IFCGEOMETRICREPRESENTATIONCONTEXT($,'Model',3,0.01,#11,#12);
#14=IFCGEOMETRICREPRESENTATIONSUBCONTEXT('Axis','Model',*,*,*,*,#13,$,.GRAPH_VIEW.,$);
#15=IFCGEOMETRICREPRESENTATIONSUBCONTEXT('Body','Model',*,*,*,*,#13,$,.MODEL_VIEW.,$);
#16=IFCGEOMETRICREPRESENTATIONSUBCONTEXT('Box','Model',*,*,*,*,#13,$,.MODEL_VIEW.,$);
#17=IFCGEOMETRICREPRESENTATIONSUBCONTEXT('FootPrint','Model',*,*,*,*,#13,$,.MODEL_VIEW.,$);
#18=IFCPROJECT('3mot_fWtD0Q87FNDOOSumh',#6,'Q326091580',$,$,'Sandakerveien 50B','Project Status',(#13),#10725);
#19=IFCPOSTALADDRESS($,$,$,$,('Enter address here'),$,'','Boston','','MA');
#20=IFCAXIS2PLACEMENT3D(#10,$,$);
#21=IFCLOCALPLACEMENT($,#20);
#22=IFCBUILDING('3mot_fWtD0Q87FNDOOSumg',#6,'',$,$,#21,$,'',.ELEMENT.,$,$,#19);
#23=IFCCARTESIANPOINT((0.,0.,-3000.));
#24=IFCAXIS2PLACEMENT3D(#23,$,$);
#25=IFCLOCALPLACEMENT(#21,#24);
#26=IFCBUILDINGSTOREY('0egXZYVej5GRcA0W_$ewrl',#6,'-1',$,$,#25,$,'-1',.ELEMENT.,-3000.);
#27=IFCAXIS2PLACEMENT3D(#10,$,$);
#28=IFCLOCALPLACEMENT(#21,#27);
#29=IFCBUILDINGSTOREY('0AOVyMliz5pBSZEG_8l1wa',#6,'1',$,$,#28,$,'1',.ELEMENT.,0.);
#30=IFCCARTESIANPOINT((0.,0.,3000.));
#31=IFCAXIS2PLACEMENT3D(#30,$,$);
#32=IFCLOCALPLACEMENT(#21,#31);
#33=IFCBUILDINGSTOREY('0egXZYVej5GRcA0W_$ewmM',#6,'2',$,$,#32,$,'2',.ELEMENT.,3000.);
#34=IFCCARTESIANPOINT((0.,0.,6000.));
#35=IFCAXIS2PLACEMENT3D(#34,$,$);
#36=IFCLOCALPLACEMENT(#21,#35);
#37=IFCBUILDINGSTOREY('0egXZYVej5GRcA0W_$ewn6',#6,'3',$,$,#36,$,'3',.ELEMENT.,6000.);
#38=IFCCARTESIANPOINT((0.,0.,9000.));
#39=IFCAXIS2PLACEMENT3D(#38,$,$);
#40=IFCLOCALPLACEMENT(#21,#39);
#41=IFCBUILDINGSTOREY('0egXZYVej5GRcA0W_$ewos',#6,'4',$,$,#40,$,'4',.ELEMENT.,9000.);
#42=IFCCARTESIANPOINT((-260.84029275197406,4891.500011537878,0.));
#43=IFCDIRECTION((0.,0.,1.));
#44=IFCDIRECTION((0.0098980209236961859,0.99995101339105308,-0.));
#45=IFCAXIS2PLACEMENT3D(#42,#43,#44);
#46=IFCLOCALPLACEMENT(#28,#45);
#47=IFCCARTESIANPOINT((0.,0.));
#48=IFCCARTESIANPOINT((2115.178291619387,-0.));
#49=IFCPOLYLINE((#47,#48));
#50=IFCSHAPEREPRESENTATION(#14,'Axis','Curve2D',(#49));
#51=IFCPRODUCTDEFINITIONSHAPE($,$,(#50,#65));
#52=IFCCARTESIANPOINT((2115.1782916193883,-150.));
#53=IFCCARTESIANPOINT((2113.6935521146543,150.));
#54=IFCCARTESIANPOINT((-0.,150.));
#55=IFCCARTESIANPOINT((1.4847395047331542,-150.));
#56=IFCPOLYLINE((#52,#53,#54,#55,#52));
#57=IFCARBITRARYCLOSEDPROFILEDEF(.AREA.,$,#56);
#58=IFCAXIS2PLACEMENT3D(#10,$,$);
#59=IFCEXTRUDEDAREASOLID(#57,#58,#43,3000.);
#60=IFCCOLOURRGB($,0.50196078431372548,0.50196078431372548,0.50196078431372548);
#61=IFCSURFACESTYLERENDERING(#60,0.,$,$,$,$,IFCNORMALISEDRATIOMEASURE(0.5),IFCSPECULAREXPONENT(64.),.NOTDEFINED.);
#62=IFCSURFACESTYLE('Default Wall',.BOTH.,(#61));
#63=IFCPRESENTATIONSTYLEASSIGNMENT((#62));
#64=IFCSTYLEDITEM(#59,(#63),$);
#65=IFCSHAPEREPRESENTATION(#15,'Body','SweptSolid',(#59));
#66=IFCWALLSTANDARDCASE('3$Na_1Pi1D4gOO1Cka60nf',#6,'Basic Wall:300:846061',$,$,#46,#51,'846061');
#67=IFCMATERIAL('Default Wall');
#68=IFCPRESENTATIONSTYLEASSIGNMENT((#62));
#69=IFCSTYLEDITEM($,(#68),$);
#70=IFCSTYLEDREPRESENTATION(#13,'Style','Material',(#69));
#71=IFCMATERIALDEFINITIONREPRESENTATION($,$,(#70),#67);
#72=IFCMATERIALLAYER(#67,300.,$);
#73=IFCMATERIALLAYERSET((#72),'Basic Wall:300');
#74=IFCMATERIALLAYERSETUSAGE(#73,.AXIS2.,.NEGATIVE.,150.);
#75=IFCWALLTYPE('2MCIim7RfDzPU6pTIsk$Ek',#6,'Basic Wall:300',$,$,$,$,'351435',$,.STANDARD.);
#76=IFCPROPERTYSINGLEVALUE('Reference',$,IFCIDENTIFIER('300'),$);
#77=IFCPROPERTYSET('1BQkbFhpnJvx2HfLHaxugJ',#6,'Pset_QuantityTakeOff',$,(#76));
#78=IFCPROPERTYSINGLEVALUE('Reference',$,IFCLABEL('300'),$);
#79=IFCPROPERTYSET('3maZ$wDLykjmvzghKHpJfd',#6,'Pset_ReinforcementBarPitchOfWall',$,(#78));
#80=IFCPROPERTYSINGLEVALUE('IsExternal',$,IFCBOOLEAN(.T.),$);
#81=IFCPROPERTYSINGLEVALUE('ExtendToStructure',$,IFCBOOLEAN(.F.),$);
#82=IFCPROPERTYSINGLEVALUE('LoadBearing',$,IFCBOOLEAN(.F.),$);
#83=IFCPROPERTYSET('2vylrUjQyTBpHhIa57cGX9',#6,'Pset_WallCommon',$,(#76,#80,#81,#82));
#84=IFCRELDEFINESBYPROPERTIES('1xfZRyCau5ddqAdyVvQaOw',#6,$,$,(#66),#77);
#85=IFCRELDEFINESBYPROPERTIES('0pQNoyvQ1KI2nMKNOAu3A1',#6,$,$,(#66),#79);
#86=IFCRELDEFINESBYPROPERTIES('041OX73Mg_3g7Iax4pxTH0',#6,$,$,(#66),#83);
#87=IFCCARTESIANPOINT((-260.83294476063952,4015.7322636815325,0.));
#88=IFCDIRECTION((0.,1.,0.));
#89=IFCAXIS2PLACEMENT3D(#87,#43,#88);
#90=IFCLOCALPLACEMENT(#28,#89);
#91=IFCCARTESIANPOINT((877.25245099425319,-0.));
#92=IFCPOLYLINE((#47,#91));
#93=IFCSHAPEREPRESENTATION(#14,'Axis','Curve2D',(#92));
#94=IFCPRODUCTDEFINITIONSHAPE($,$,(#93,#105));
#95=IFCCARTESIANPOINT((875.76771148952446,-150.));
#96=IFCCARTESIANPOINT((877.25245099425319,150.));
#97=IFCCARTESIANPOINT((1.0948759275768674,150.));
#98=IFCCARTESIANPOINT((0.,-150.));
#99=IFCCARTESIANPOINT((97.132635276660125,-150.));
#100=IFCPOLYLINE((#95,#96,#97,#98,#99,#95));
#101=IFCARBITRARYCLOSEDPROFILEDEF(.AREA.,$,#100);
#102=IFCAXIS2PLACEMENT3D(#10,$,$);
#103=IFCEXTRUDEDAREASOLID(#101,#102,#43,3000.);
#104=IFCSTYLEDITEM(#103,(#63),$);
#105=IFCSHAPEREPRESENTATION(#15,'Body','SweptSolid',(#103));
#106=IFCWALLSTANDARDCASE('3$Na_1Pi1D4gOO1Cka60nt',#6,'Basic Wall:300:846067',$,$,#90,#94,'846067');
#107=IFCMATERIALLAYERSETUSAGE(#73,.AXIS2.,.NEGATIVE.,150.);
#108=IFCPROPERTYSET('0bqTcTpiwB_bhORi5H2iIW',#6,'Pset_QuantityTakeOff',$,(#76));
#109=IFCPROPERTYSINGLEVALUE('Reference',$,IFCLABEL('300'),$);
#110=IFCPROPERTYSET('0MdHrGxiZ0UabkQJkpARA7',#6,'Pset_ReinforcementBarPitchOfWall',$,(#109));
#111=IFCPROPERTYSET('2o1bzukIWkI1nBx7lOhGuI',#6,'Pset_WallCommon',$,(#76,#80,#81,#82));
#112=IFCRELDEFINESBYPROPERTIES('0wDyjMzavaYZm7MHqKONEw',#6,$,$,(#106),#108);
#113=IFCRELDEFINESBYPROPERTIES('2EzqlxvWUV$29BwGH3SUFK',#6,$,$,(#106),#110);
#114=IFCRELDEFINESBYPROPERTIES('0asQgu$L4hiv_OivW3Tnx4',#6,$,$,(#106),#111);
#115=IFCCARTESIANPOINT((-276.75557069761282,1834.8799482935838,0.));
#116=IFCDIRECTION((0.0072990756306185404,0.99997336139266146,-0.));
#117=IFCAXIS2PLACEMENT3D(#115,#43,#116);
#118=IFCLOCALPLACEMENT(#28,#117);
#119=IFCCARTESIANPOINT((2182.005302324073,-0.));
#120=IFCPOLYLINE((#47,#119));
#121=IFCSHAPEREPRESENTATION(#14,'Axis','Curve2D',(#120));
#122=IFCPRODUCTDEFINITIONSHAPE($,$,(#121,#135));
#123=IFCCARTESIANPOINT((2182.0053023240735,-150.));
#124=IFCCARTESIANPOINT((2180.910426396501,150.));
#125=IFCCARTESIANPOINT((-0.,150.));
#126=IFCCARTESIANPOINT((0.48943570176870399,-150.));
#127=IFCCARTESIANPOINT((445.79384084724751,-150.));
#128=IFCCARTESIANPOINT((545.85277891642875,-150.));
#129=IFCCARTESIANPOINT((2179.1378612070216,-150.));
#130=IFCPOLYLINE((#123,#124,#125,#126,#127,#128,#129,#123));
#131=IFCARBITRARYCLOSEDPROFILEDEF(.AREA.,$,#130);
#132=IFCAXIS2PLACEMENT3D(#10,$,$);
#133=IFCEXTRUDEDAREASOLID(#131,#132,#43,3000.);
#134=IFCSTYLEDITEM(#133,(#63),$);
#135=IFCSHAPEREPRESENTATION(#15,'Body','SweptSolid',(#133));
#136=IFCWALLSTANDARDCASE('3$Na_1Pi1D4gOO1Cka60nz',#6,'Basic Wall:300:846073',$,$,#118,#122,'846073');
#137=IFCMATERIALLAYERSETUSAGE(#73,.AXIS2.,.NEGATIVE.,150.);
#138=IFCPROPERTYSET('1LbqVjiF$ZDYHN3CbQnXB4',#6,'Pset_QuantityTakeOff',$,(#76));
#139=IFCPROPERTYSINGLEVALUE('Reference',$,IFCLABEL('300'),$);
#140=IFCPROPERTYSET('309bS8fBj1xM8hX6kkBif0',#6,'Pset_ReinforcementBarPitchOfWall',$,(#139));
#141=IFCPROPERTYSET('2jZQYFt4e5etfOzVmiEPo6',#6,'Pset_WallCommon',$,(#76,#80,#81,#82));
#142=IFCRELDEFINESBYPROPERTIES('2oCH2eaU492zU8i8eEr7V6',#6,$,$,(#136),#138);
#143=IFCRELDEFINESBYPROPERTIES('2YzNQ0dafFivJ9z6Ixq0p4',#6,$,$,(#136),#140);
#144=IFCRELDEFINESBYPROPERTIES('2xi$hwD5lUu$v$_5mIqSgG',#6,$,$,(#136),#141);
#145=IFCCARTESIANPOINT((-288.31537215496377,-1029.3057819104899,0.));
#146=IFCDIRECTION((0.0040362277009250418,0.99999185439979776,-0.));
#147=IFCAXIS2PLACEMENT3D(#145,#43,#146);
#148=IFCLOCALPLACEMENT(#28,#147);
#149=IFCCARTESIANPOINT((2864.6984921185344,0.));
#150=IFCPOLYLINE((#47,#149));
#151=IFCSHAPEREPRESENTATION(#14,'Axis','Curve2D',(#150));
#152=IFCPRODUCTDEFINITIONSHAPE($,$,(#151,#163));
#153=IFCCARTESIANPOINT((2864.2090564167693,-150.));
#154=IFCCARTESIANPOINT((2864.6984921185344,150.));
#155=IFCCARTESIANPOINT((-0.,150.));
#156=IFCCARTESIANPOINT((34.486704573005866,-150.));
#157=IFCCARTESIANPOINT((336.46242014017776,-150.));
#158=IFCPOLYLINE((#153,#154,#155,#156,#157,#153));
#159=IFCARBITRARYCLOSEDPROFILEDEF(.AREA.,$,#158);
#160=IFCAXIS2PLACEMENT3D(#10,$,$);
#161=IFCEXTRUDEDAREASOLID(#159,#160,#43,3000.);
#162=IFCSTYLEDITEM(#161,(#63),$);
#163=IFCSHAPEREPRESENTATION(#15,'Body','SweptSolid',(#161));
#164=IFCWALLSTANDARDCASE('3$Na_1Pi1D4gOO1Cka60nx',#6,'Basic Wall:300:846079',$,$,#148,#152,'846079');
#165=IFCMATERIALLAYERSETUSAGE(#73,.AXIS2.,.NEGATIVE.,150.);
#166=IFCPROPERTYSET('1iP3xMhUhwbhegZi4b88wo',#6,'Pset_QuantityTakeOff',$,(#76));
#167=IFCPROPERTYSINGLEVALUE('Reference',$,IFCLABEL('300'),$);
#168=IFCPROPERTYSET('0c8k5Aejg5GrrPcKsbE_1y',#6,'Pset_ReinforcementBarPitchOfWall',$,(#167));
#169=IFCPROPERTYSET('2hdkbqb8_74YNEvWUAQU1F',#6,'Pset_WallCommon',$,(#76,#80,#81,#82));
#170=IFCRELDEFINESBYPROPERTIES('2SYCce120nPZTvU05Vw5G8',#6,$,$,(#164),#166);
#171=IFCRELDEFINESBYPROPERTIES('0bxvCaoUmWjHaT5dZfMJwH',#6,$,$,(#164),#168);
#172=IFCRELDEFINESBYPROPERTIES('0o2lm4k7Ua63BuL4YPcr2G',#6,$,$,(#164),#169);
#173=IFCCARTESIANPOINT((4999.8941064536175,-274.85812322832317,0.));
#174=IFCDIRECTION((-0.99391022867031575,-0.11019281893354343,-0.));
#175=IFCAXIS2PLACEMENT3D(#173,#43,#174);
#176=IFCLOCALPLACEMENT(#28,#175);
#177=IFCCARTESIANPOINT((5186.1830962262275,0.));
#178=IFCPOLYLINE((#47,#177));
#179=IFCSHAPEREPRESENTATION(#14,'Axis','Curve2D',(#178));
#180=IFCPRODUCTDEFINITIONSHAPE($,$,(#179,#192));
#181=IFCCARTESIANPOINT((5151.6963916532195,-150.));
#182=IFCCARTESIANPOINT((5186.1830962262238,150.));
#183=IFCCARTESIANPOINT((15.895594072276175,150.));
#184=IFCCARTESIANPOINT((0.,-150.));
#185=IFCCARTESIANPOINT((116.39790119993746,-150.));
#186=IFCCARTESIANPOINT((217.15096940354579,-150.));
#187=IFCPOLYLINE((#181,#182,#183,#184,#185,#186,#181));
#188=IFCARBITRARYCLOSEDPROFILEDEF(.AREA.,$,#187);
#189=IFCAXIS2PLACEMENT3D(#10,$,$);
#190=IFCEXTRUDEDAREASOLID(#188,#189,#43,3000.);
#191=IFCSTYLEDITEM(#190,(#63),$);
#192=IFCSHAPEREPRESENTATION(#15,'Body','SweptSolid',(#190));
#193=IFCWALLSTANDARDCASE('3$Na_1Pi1D4gOO1Cka60s1',#6,'Basic Wall:300:846085',$,$,#176,#180,'846085');
#194=IFCMATERIALLAYERSETUSAGE(#73,.AXIS2.,.NEGATIVE.,150.);
#195=IFCPROPERTYSET('3gKBn1VFrHiO7pJZeXQD1V',#6,'Pset_QuantityTakeOff',$,(#76));
#196=IFCPROPERTYSINGLEVALUE('Reference',$,IFCLABEL('300'),$);
#197=IFCPROPERTYSET('3VRfILrvcNJLQjobGI9bjS',#6,'Pset_ReinforcementBarPitchOfWall',$,(#196));
#198=IFCPROPERTYSET('0vNv$2Qe7JhfYIZ74Pzp$d',#6,'Pset_WallCommon',$,(#76,#80,#81,#82));
#199=IFCRELDEFINESBYPROPERTIES('2hFTKPK_k1KpdQEyncPqak',#6,$,$,(#193),#195);
#200=IFCRELDEFINESBYPROPERTIES('0xwyUqcqtlEqLx6JUEbgiZ',#6,$,$,(#193),#197);
#201=IFCRELDEFINESBYPROPERTIES('0LdhZOJOFZIpEFC15thv4d',#6,$,$,(#193),#198);
#202=IFCCARTESIANPOINT((6551.7085050130991,-268.64430522745602,0.));
#203=IFCDIRECTION((-0.99998966958156621,-0.0045454075890074578,-0.));
#204=IFCAXIS2PLACEMENT3D(#202,#43,#203);
#205=IFCLOCALPLACEMENT(#28,#204);
#206=IFCCARTESIANPOINT((1567.6777050277917,0.));
#207=IFCPOLYLINE((#47,#206));
#208=IFCSHAPEREPRESENTATION(#14,'Axis','Curve2D',(#207));
#209=IFCPRODUCTDEFINITIONSHAPE($,$,(#208,#219));
#210=IFCCARTESIANPOINT((1567.6777050277922,-150.));
#211=IFCCARTESIANPOINT((1551.7821109555189,150.));
#212=IFCCARTESIANPOINT((1.3636363636384303,150.));
#213=IFCCARTESIANPOINT((-0.,-150.));
#214=IFCPOLYLINE((#210,#211,#212,#213,#210));
#215=IFCARBITRARYCLOSEDPROFILEDEF(.AREA.,$,#214);
#216=IFCAXIS2PLACEMENT3D(#10,$,$);
#217=IFCEXTRUDEDAREASOLID(#215,#216,#43,3000.);
#218=IFCSTYLEDITEM(#217,(#63),$);
#219=IFCSHAPEREPRESENTATION(#15,'Body','SweptSolid',(#217));
#220=IFCWALLSTANDARDCASE('3$Na_1Pi1D4gOO1Cka60sF',#6,'Basic Wall:300:846091',$,$,#205,#209,'846091');
#221=IFCMATERIALLAYERSETUSAGE(#73,.AXIS2.,.NEGATIVE.,150.);
#222=IFCPROPERTYSET('0Yfu38Sl8Y_4EN5lpPOiKB',#6,'Pset_QuantityTakeOff',$,(#76));
#223=IFCPROPERTYSINGLEVALUE('Reference',$,IFCLABEL('300'),$);
#224=IFCPROPERTYSET('3CoL5dXAtDX3QJgJxhl$N2',#6,'Pset_ReinforcementBarPitchOfWall',$,(#223));
#225=IFCPROPERTYSET('3Q0W97yykSQJxYhVgYOWXP',#6,'Pset_WallCommon',$,(#76,#80,#81,#82));
#226=IFCRELDEFINESBYPROPERTIES('3n1DdjMGDQJ63o69zi85mu',#6,$,$,(#220),#222);
#227=IFCRELDEFINESBYPROPERTIES('0HVkih$5Lp1C0QcqkuAw2n',#6,$,$,(#220),#224);
#228=IFCRELDEFINESBYPROPERTIES('0OeGxOakohUMXoC2QR_cdK',#6,$,$,(#220),#225);
#229=IFCCARTESIANPOINT((8282.7384040166799,-173.24419920851054,0.));
#230=IFCDIRECTION((-0.99988130848909174,-0.015406782082629144,-0.));
#231=IFCAXIS2PLACEMENT3D(#229,#43,#230);
#232=IFCLOCALPLACEMENT(#28,#231);
#233=IFCCARTESIANPOINT((1435.2715567497451,-0.));
#234=IFCPOLYLINE((#47,#233));
#235=IFCSHAPEREPRESENTATION(#14,'Axis','Curve2D',(#234));
#236=IFCPRODUCTDEFINITIONSHAPE($,$,(#235,#248));
#237=IFCCARTESIANPOINT((1428.491767930007,-220.));
#238=IFCCARTESIANPOINT((1435.2715567497457,220.));
#239=IFCCARTESIANPOINT((2.1351655414294766,220.));
#240=IFCCARTESIANPOINT((-0.,-220.));
#241=IFCCARTESIANPOINT((1229.7534758555094,-220.));
#242=IFCCARTESIANPOINT((1329.7653464155351,-220.));
#243=IFCPOLYLINE((#237,#238,#239,#240,#241,#242,#237));
#244=IFCARBITRARYCLOSEDPROFILEDEF(.AREA.,$,#243);
#245=IFCAXIS2PLACEMENT3D(#10,$,$);
#246=IFCEXTRUDEDAREASOLID(#244,#245,#43,3000.);
#247=IFCSTYLEDITEM(#246,(#63),$);
#248=IFCSHAPEREPRESENTATION(#15,'Body','SweptSolid',(#246));
#249=IFCWALLSTANDARDCASE('3$Na_1Pi1D4gOO1Cka60sL',#6,'Basic Wall:440:846097',$,$,#232,#236,'846097');
#250=IFCMATERIALLAYER(#67,440.,$);
#251=IFCMATERIALLAYERSET((#250),'Basic Wall:440');
#252=IFCMATERIALLAYERSETUSAGE(#251,.AXIS2.,.NEGATIVE.,220.);
#253=IFCWALLTYPE('1CCZds$Vb2Lgj8Ft5vjMoB',#6,'Basic Wall:440',$,$,$,$,'649527',$,.STANDARD.);
#254=IFCPROPERTYSINGLEVALUE('Reference',$,IFCIDENTIFIER('440'),$);
#255=IFCPROPERTYSET('2c9cW9MiyrtxuNLMFnCg3Z',#6,'Pset_QuantityTakeOff',$,(#254));
#256=IFCPROPERTYSINGLEVALUE('Reference',$,IFCLABEL('440'),$);
#257=IFCPROPERTYSET('2Cv7E8KcHMsfo_G8ynAMdn',#6,'Pset_ReinforcementBarPitchOfWall',$,(#256));
#258=IFCPROPERTYSET('3y2Cz6vqDF5yCYGRqJs$Tz',#6,'Pset_WallCommon',$,(#80,#81,#82,#254));
#259=IFCRELDEFINESBYPROPERTIES('0QI6AJv$kLCikFoRM26GGP',#6,$,$,(#249),#255);
#260=IFCRELDEFINESBYPROPERTIES('1UWmPaURiXRXqGkWu2RsaJ',#6,$,$,(#249),#257);
#261=IFCRELDEFINESBYPROPERTIES('1Lw5UoZRbCpp8tV4lh42V3',#6,$,$,(#249),#258);
#262=IFCCARTESIANPOINT((6701.0266938747491,24.72122728376365,0.));
#263=IFCDIRECTION((0.,-1.,0.));
#264=IFCAXIS2PLACEMENT3D(#262,#43,#263);
#265=IFCLOCALPLACEMENT(#28,#264);
#266=IFCCARTESIANPOINT((443.37018123153177,-0.));
#267=IFCPOLYLINE((#47,#266));
#268=IFCSHAPEREPRESENTATION(#14,'Axis','Curve2D',(#267));
#269=IFCPRODUCTDEFINITIONSHAPE($,$,(#268,#283));
#270=IFCCARTESIANPOINT((443.37018123153172,-150.));
#271=IFCCARTESIANPOINT((442.0065448678929,150.));
#272=IFCCARTESIANPOINT((440.05223046411237,150.));
#273=IFCCARTESIANPOINT((-0.,150.));
#274=IFCCARTESIANPOINT((3.0648367941838144,-48.904158417845863));
#275=IFCCARTESIANPOINT((4.6056978895789804,-148.90415841784585));
#276=IFCCARTESIANPOINT((4.6225832861855967,-150.));
#277=IFCCARTESIANPOINT((143.36708207398587,-150.));
#278=IFCPOLYLINE((#270,#271,#272,#273,#274,#275,#276,#277,#270));
#279=IFCARBITRARYCLOSEDPROFILEDEF(.AREA.,$,#278);
#280=IFCAXIS2PLACEMENT3D(#10,$,$);
#281=IFCEXTRUDEDAREASOLID(#279,#280,#43,3000.);
#282=IFCSTYLEDITEM(#281,(#63),$);
#283=IFCSHAPEREPRESENTATION(#15,'Body','SweptSolid',(#281));
#284=IFCWALLSTANDARDCASE('3$Na_1Pi1D4gOO1Cka60ts',#6,'Basic Wall:300:846194',$,$,#265,#269,'846194');
#285=IFCMATERIALLAYERSETUSAGE(#73,.AXIS2.,.NEGATIVE.,150.);
#286=IFCPROPERTYSET('2qnz5f$3d_6AxQTTl_OcV2',#6,'Pset_QuantityTakeOff',$,(#76));
#287=IFCPROPERTYSINGLEVALUE('Reference',$,IFCLABEL('300'),$);
#288=IFCPROPERTYSET('2TIbp3LrCXuYiIQkKayze8',#6,'Pset_ReinforcementBarPitchOfWall',$,(#287));
#289=IFCPROPERTYSET('3GZKTNCrA_lWMFRIIi2KqJ',#6,'Pset_WallCommon',$,(#76,#80,#81,#82));
#290=IFCRELDEFINESBYPROPERTIES('1gLSTCIX7WH6xON8QTDMit',#6,$,$,(#284),#286);
#291=IFCRELDEFINESBYPROPERTIES('0HlzIDYskXFCM9rKr$bNP9',#6,$,$,(#284),#288);
#292=IFCRELDEFINESBYPROPERTIES('00gjNK0GkcscYFSxZmw2hJ',#6,$,$,(#284),#289);
#293=IFCCARTESIANPOINT((12324.622079894531,-150.20680299852773,0.));
#294=IFCDIRECTION((-0.99998374267311141,-0.0057021390264015868,-0.));
#295=IFCAXIS2PLACEMENT3D(#293,#43,#294);
#296=IFCLOCALPLACEMENT(#28,#295);
#297=IFCCARTESIANPOINT((4044.0844433570455,0.));
#298=IFCPOLYLINE((#47,#297));
#299=IFCSHAPEREPRESENTATION(#14,'Axis','Curve2D',(#298));
#300=IFCPRODUCTDEFINITIONSHAPE($,$,(#299,#311));
#301=IFCCARTESIANPOINT((4044.0844433570446,-220.));
#302=IFCCARTESIANPOINT((4041.9492778156286,220.));
#303=IFCCARTESIANPOINT((3.8343490222428485,220.));
#304=IFCCARTESIANPOINT((0.,-220.));
#305=IFCCARTESIANPOINT((300.01139097622058,-220.));
#306=IFCPOLYLINE((#301,#302,#303,#304,#305,#301));
#307=IFCARBITRARYCLOSEDPROFILEDEF(.AREA.,$,#306);
#308=IFCAXIS2PLACEMENT3D(#10,$,$);
#309=IFCEXTRUDEDAREASOLID(#307,#308,#43,3000.);
#310=IFCSTYLEDITEM(#309,(#63),$);
#311=IFCSHAPEREPRESENTATION(#15,'Body','SweptSolid',(#309));
#312=IFCWALLSTANDARDCASE('3$Na_1Pi1D4gOO1Cka60t_',#6,'Basic Wall:440:846202',$,$,#296,#300,'846202');
#313=IFCMATERIALLAYERSETUSAGE(#251,.AXIS2.,.NEGATIVE.,220.);
#314=IFCPROPERTYSET('3I5lF7JOMj$EwNJOXsQNIO',#6,'Pset_QuantityTakeOff',$,(#254));
#315=IFCPROPERTYSINGLEVALUE('Reference',$,IFCLABEL('440'),$);
#316=IFCPROPERTYSET('2RdO1sFfTDZJqxi8Nzldmq',#6,'Pset_ReinforcementBarPitchOfWall',$,(#315));
#317=IFCPROPERTYSET('1t4sNR8DFmkrnYVqmAjx9W',#6,'Pset_WallCommon',$,(#80,#81,#82,#254));
#318=IFCRELDEFINESBYPROPERTIES('2X3iJee9TsBZ2jfm9S6UUH',#6,$,$,(#312),#314);
#319=IFCRELDEFINESBYPROPERTIES('2dkjQsIBZBdKQYSRYxfgw_',#6,$,$,(#312),#316);
#320=IFCRELDEFINESBYPROPERTIES('1ZRzwcDrbMn8O1OTJBSKe_',#6,$,$,(#312),#317);
#321=IFCCARTESIANPOINT((12184.654997922595,3817.4285432973834,0.));
#322=IFCDIRECTION((-0.0030120345295591177,-0.99999546381370785,-0.));
#323=IFCAXIS2PLACEMENT3D(#321,#43,#322);
#324=IFCLOCALPLACEMENT(#28,#323);
#325=IFCCARTESIANPOINT((3749.8184446231376,-0.));
#326=IFCPOLYLINE((#47,#325));
#327=IFCSHAPEREPRESENTATION(#14,'Axis','Curve2D',(#326));
#328=IFCPRODUCTDEFINITIONSHAPE($,$,(#327,#339));
#329=IFCCARTESIANPOINT((3749.8184446231376,-150.));
#330=IFCCARTESIANPOINT((3747.2041157443368,150.));
#331=IFCCARTESIANPOINT((6.8074760996320949,150.));
#332=IFCCARTESIANPOINT((0.,-150.));
#333=IFCCARTESIANPOINT((300.07722627824921,-150.));
#334=IFCPOLYLINE((#329,#330,#331,#332,#333,#329));
#335=IFCARBITRARYCLOSEDPROFILEDEF(.AREA.,$,#334);
#336=IFCAXIS2PLACEMENT3D(#10,$,$);
#337=IFCEXTRUDEDAREASOLID(#335,#336,#43,3000.);
#338=IFCSTYLEDITEM(#337,(#63),$);
#339=IFCSHAPEREPRESENTATION(#15,'Body','SweptSolid',(#337));
#340=IFCWALLSTANDARDCASE('3$Na_1Pi1D4gOO1Cka60q4',#6,'Basic Wall:300:846208',$,$,#324,#328,'846208');
#341=IFCMATERIALLAYERSETUSAGE(#73,.AXIS2.,.NEGATIVE.,150.);
#342=IFCPROPERTYSET('3GgYKHLblxaw$41Vl27lIs',#6,'Pset_QuantityTakeOff',$,(#76));
#343=IFCPROPERTYSINGLEVALUE('Reference',$,IFCLABEL('300'),$);
#344=IFCPROPERTYSET('0hgV3S8tw4ututTa1iVMWq',#6,'Pset_ReinforcementBarPitchOfWall',$,(#343));
#345=IFCPROPERTYSET('213EyVpMo0XotbA3udTuny',#6,'Pset_WallCommon',$,(#76,#80,#81,#82));
#346=IFCRELDEFINESBYPROPERTIES('0pqcESwCP8e2iEFfHu2OBp',#6,$,$,(#340),#342);
#347=IFCRELDEFINESBYPROPERTIES('3AUxsUMaLcLWuRLa67JabO',#6,$,$,(#340),#344);
#348=IFCRELDEFINESBYPROPERTIES('1XHkFolnc_g3RqcMnCoeU$',#6,$,$,(#340),#345);
#349=IFCCARTESIANPOINT((11224.225171922168,3688.6632330655839,0.));
#350=IFCDIRECTION((0.99966978004816887,-0.025696903674287376,-0.));
#351=IFCAXIS2PLACEMENT3D(#349,#43,#350);
#352=IFCLOCALPLACEMENT(#28,#351);
#353=IFCCARTESIANPOINT((813.64988243741175,0.));
#354=IFCPOLYLINE((#47,#353));
#355=IFCSHAPEREPRESENTATION(#14,'Axis','Curve2D',(#354));
#356=IFCPRODUCTDEFINITIONSHAPE($,$,(#355,#366));
#357=IFCCARTESIANPOINT((813.64988243741323,-150.));
#358=IFCCARTESIANPOINT((806.84240633778234,150.));
#359=IFCCARTESIANPOINT((0.,150.));
#360=IFCCARTESIANPOINT((3.8551720785073393,-150.));
#361=IFCPOLYLINE((#357,#358,#359,#360,#357));
#362=IFCARBITRARYCLOSEDPROFILEDEF(.AREA.,$,#361);
#363=IFCAXIS2PLACEMENT3D(#10,$,$);
#364=IFCEXTRUDEDAREASOLID(#362,#363,#43,3000.);
#365=IFCSTYLEDITEM(#364,(#63),$);
#366=IFCSHAPEREPRESENTATION(#15,'Body','SweptSolid',(#364));
#367=IFCWALLSTANDARDCASE('3$Na_1Pi1D4gOO1Cka60q3',#6,'Basic Wall:300:846215',$,$,#352,#356,'846215');
#368=IFCMATERIALLAYERSETUSAGE(#73,.AXIS2.,.NEGATIVE.,150.);
#369=IFCPROPERTYSET('2RURSmByf0uV4ZVzQHwnld',#6,'Pset_QuantityTakeOff',$,(#76));
#370=IFCPROPERTYSINGLEVALUE('Reference',$,IFCLABEL('300'),$);
#371=IFCPROPERTYSET('0WKV13V9Dki_3f9P8oY0Qm',#6,'Pset_ReinforcementBarPitchOfWall',$,(#370));
#372=IFCPROPERTYSET('0fYQdxc8Wf_BjcayngxOaq',#6,'Pset_WallCommon',$,(#76,#80,#81,#82));
#373=IFCRELDEFINESBYPROPERTIES('3D42aU9oy3bC6Z_8oIwVLa',#6,$,$,(#367),#369);
#374=IFCRELDEFINESBYPROPERTIES('3U_DeVO1Cz5nVFeDDT4_Ro',#6,$,$,(#367),#371);
#375=IFCRELDEFINESBYPROPERTIES('0FAPn1uQsJDRkztrNqRShi',#6,$,$,(#367),#372);
#376=IFCCARTESIANPOINT((6652.1225354569096,3688.6137000728295,0.));
#377=IFCAXIS2PLACEMENT3D(#376,$,$);
#378=IFCLOCALPLACEMENT(#28,#377);
#379=IFCCARTESIANPOINT((4575.9571720162039,0.));
#380=IFCPOLYLINE((#47,#379));
#381=IFCSHAPEREPRESENTATION(#14,'Axis','Curve2D',(#380));
#382=IFCPRODUCTDEFINITIONSHAPE($,$,(#381,#392));
#383=IFCCARTESIANPOINT((4572.1019999376858,-150.));
#384=IFCCARTESIANPOINT((4575.9571720162039,150.));
#385=IFCCARTESIANPOINT((0.,150.));
#386=IFCCARTESIANPOINT((0.,-150.));
#387=IFCPOLYLINE((#383,#384,#385,#386,#383));
#388=IFCARBITRARYCLOSEDPROFILEDEF(.AREA.,$,#387);
#389=IFCAXIS2PLACEMENT3D(#10,$,$);
#390=IFCEXTRUDEDAREASOLID(#388,#389,#43,3000.);
#391=IFCSTYLEDITEM(#390,(#63),$);
#392=IFCSHAPEREPRESENTATION(#15,'Body','SweptSolid',(#390));
#393=IFCWALLSTANDARDCASE('3$Na_1Pi1D4gOO1Cka60q9',#6,'Basic Wall:300:846221',$,$,#378,#382,'846221');
#394=IFCMATERIALLAYERSETUSAGE(#73,.AXIS2.,.NEGATIVE.,150.);
#395=IFCPROPERTYSET('04T57ZJhoRfg1ESpanSh7P',#6,'Pset_QuantityTakeOff',$,(#76));
#396=IFCPROPERTYSINGLEVALUE('Reference',$,IFCLABEL('300'),$);
#397=IFCPROPERTYSET('1_U2MRbvCw_QT4J8pWJR4p',#6,'Pset_ReinforcementBarPitchOfWall',$,(#396));
#398=IFCPROPERTYSET('0wgUu0FqKS1TR$gOaI2v3_',#6,'Pset_WallCommon',$,(#76,#80,#81,#82));
#399=IFCRELDEFINESBYPROPERTIES('33SG0pTkn7KYpH1ciClXwa',#6,$,$,(#393),#395);
#400=IFCRELDEFINESBYPROPERTIES('1cWNL4FNRPCN0T_KyRej1R',#6,$,$,(#393),#397);
#401=IFCRELDEFINESBYPROPERTIES('12SkznpLvex5JUA3_784Px',#6,$,$,(#393),#398);
#402=IFCCARTESIANPOINT((6542.1225354569106,3453.6300030720886,0.));
#403=IFCAXIS2PLACEMENT3D(#402,#43,#88);
#404=IFCLOCALPLACEMENT(#28,#403);
#405=IFCCARTESIANPOINT((384.98369700074147,0.));
#406=IFCPOLYLINE((#47,#405));
#407=IFCSHAPEREPRESENTATION(#14,'Axis','Curve2D',(#406));
#408=IFCPRODUCTDEFINITIONSHAPE($,$,(#407,#421));
#409=IFCCARTESIANPOINT((384.9836970007409,-110.));
#410=IFCCARTESIANPOINT((384.98369700074147,110.));
#411=IFCCARTESIANPOINT((240.03417744951525,110.));
#412=IFCCARTESIANPOINT((0.,110.));
#413=IFCCARTESIANPOINT((2.0252372617448429,-10.));
#414=IFCCARTESIANPOINT((3.7129349798660871,-110.));
#415=IFCCARTESIANPOINT((84.983697000740904,-110.));
#416=IFCPOLYLINE((#409,#410,#411,#412,#413,#414,#415,#409));
#417=IFCARBITRARYCLOSEDPROFILEDEF(.AREA.,$,#416);
#418=IFCAXIS2PLACEMENT3D(#10,$,$);
#419=IFCEXTRUDEDAREASOLID(#417,#418,#43,3000.);
#420=IFCSTYLEDITEM(#419,(#63),$);
#421=IFCSHAPEREPRESENTATION(#15,'Body','SweptSolid',(#419));
#422=IFCWALLSTANDARDCASE('3$Na_1Pi1D4gOO1Cka60qN',#6,'Basic Wall:220:846227',$,$,#404,#408,'846227');
#423=IFCMATERIALLAYER(#67,220.,$);
#424=IFCMATERIALLAYERSET((#423),'Basic Wall:220');
#425=IFCMATERIALLAYERSETUSAGE(#424,.AXIS2.,.NEGATIVE.,110.);
#426=IFCWALLTYPE('2fraZq3R19_AiRhVx8cxrr',#6,'Basic Wall:220',$,$,$,$,'400438',$,.STANDARD.);
#427=IFCPROPERTYSINGLEVALUE('Reference',$,IFCIDENTIFIER('220'),$);
#428=IFCPROPERTYSET('15TBeLH0fhTdgchAqKcWc3',#6,'Pset_QuantityTakeOff',$,(#427));
#429=IFCPROPERTYSINGLEVALUE('Reference',$,IFCLABEL('220'),$);
#430=IFCPROPERTYSET('07iKm0SGVj3KA6m_iIihGB',#6,'Pset_ReinforcementBarPitchOfWall',$,(#429));
#431=IFCPROPERTYSET('14KYa9xIPpxS4m0BY3PkpH',#6,'Pset_WallCommon',$,(#80,#81,#82,#427));
#432=IFCRELDEFINESBYPROPERTIES('2nD0sGSRx4R3lE3uZo_9cG',#6,$,$,(#422),#428);
#433=IFCRELDEFINESBYPROPERTIES('2piyl9laBJmEhJrBwsnZ_x',#6,$,$,(#422),#430);
#434=IFCRELDEFINESBYPROPERTIES('3a4EGcZ9vV7F0Y9cKf77Gd',#6,$,$,(#422),#431);
#435=IFCCARTESIANPOINT((4581.9307030513773,3542.4214464604788,0.));
#436=IFCDIRECTION((0.99985761423694519,0.016874574139934803,-0.));
#437=IFCAXIS2PLACEMENT3D(#435,#43,#436);
#438=IFCLOCALPLACEMENT(#28,#437);
#439=IFCCARTESIANPOINT((1852.4805481587198,0.));
#440=IFCPOLYLINE((#47,#439));
#441=IFCSHAPEREPRESENTATION(#14,'Axis','Curve2D',(#440));
#442=IFCPRODUCTDEFINITIONSHAPE($,$,(#441,#454));
#443=IFCCARTESIANPOINT((1.6718089946648653,-120.));
#444=IFCCARTESIANPOINT((214.14732837583279,-120.));
#445=IFCCARTESIANPOINT((314.16156897979749,-120.));
#446=IFCCARTESIANPOINT((1848.43007363523,-120.));
#447=IFCCARTESIANPOINT((1852.48054815872,120.));
#448=IFCCARTESIANPOINT((0.,120.));
#449=IFCPOLYLINE((#443,#444,#445,#446,#447,#448,#443));
#450=IFCARBITRARYCLOSEDPROFILEDEF(.AREA.,$,#449);
#451=IFCAXIS2PLACEMENT3D(#10,$,$);
#452=IFCEXTRUDEDAREASOLID(#450,#451,#43,3000.);
#453=IFCSTYLEDITEM(#452,(#63),$);
#454=IFCSHAPEREPRESENTATION(#15,'Body','SweptSolid',(#452));
#455=IFCWALLSTANDARDCASE('3$Na_1Pi1D4gOO1Cka60qT',#6,'Basic Wall:240:846233',$,$,#438,#442,'846233');
#456=IFCMATERIALLAYER(#67,240.,$);
#457=IFCMATERIALLAYERSET((#456),'Basic Wall:240');
#458=IFCMATERIALLAYERSETUSAGE(#457,.AXIS2.,.NEGATIVE.,120.);
#459=IFCWALLTYPE('1YoarVCYn5SB_k$jaYoDAS',#6,'Basic Wall:240',$,$,$,$,'440133',$,.STANDARD.);
#460=IFCPROPERTYSINGLEVALUE('Reference',$,IFCIDENTIFIER('240'),$);
#461=IFCPROPERTYSET('1Gg79PReecUL1s5iabLqQU',#6,'Pset_QuantityTakeOff',$,(#460));
#462=IFCPROPERTYSINGLEVALUE('Reference',$,IFCLABEL('240'),$);
#463=IFCPROPERTYSET('1WCEUEjz1wEt6JKhad36xu',#6,'Pset_ReinforcementBarPitchOfWall',$,(#462));
#464=IFCPROPERTYSET('0PUInlOTRMtcuVDI$fTO4y',#6,'Pset_WallCommon',$,(#80,#81,#82,#460));
#465=IFCRELDEFINESBYPROPERTIES('0E_bnAVxC7cqh_vVEU2pOc',#6,$,$,(#455),#461);
#466=IFCRELDEFINESBYPROPERTIES('23gch5lwL_jWoZj$hXjHwo',#6,$,$,(#455),#463);
#467=IFCRELDEFINESBYPROPERTIES('32QtbfkiVhO2FZcA2HTyMl',#6,$,$,(#455),#464);
#468=IFCCARTESIANPOINT((3903.0851317353067,3521.4900556356524,0.));
#469=IFCDIRECTION((0.9995255052508536,0.030802018651798289,-0.));
#470=IFCAXIS2PLACEMENT3D(#468,#43,#469);
#471=IFCLOCALPLACEMENT(#28,#470);
#472=IFCCARTESIANPOINT((680.83991962427717,0.));
#473=IFCPOLYLINE((#47,#472));
#474=IFCSHAPEREPRESENTATION(#14,'Axis','Curve2D',(#473));
#475=IFCPRODUCTDEFINITIONSHAPE($,$,(#474,#486));
#476=IFCCARTESIANPOINT((679.16811062970828,-120.));
#477=IFCCARTESIANPOINT((680.83991962427694,120.));
#478=IFCCARTESIANPOINT((7.3959938366719395,120.));
#479=IFCCARTESIANPOINT((0.,-120.));
#480=IFCCARTESIANPOINT((100.04747200013011,-120.));
#481=IFCPOLYLINE((#476,#477,#478,#479,#480,#476));
#482=IFCARBITRARYCLOSEDPROFILEDEF(.AREA.,$,#481);
#483=IFCAXIS2PLACEMENT3D(#10,$,$);
#484=IFCEXTRUDEDAREASOLID(#482,#483,#43,3000.);
#485=IFCSTYLEDITEM(#484,(#63),$);
#486=IFCSHAPEREPRESENTATION(#15,'Body','SweptSolid',(#484));
#487=IFCWALLSTANDARDCASE('3$Na_1Pi1D4gOO1Cka60qR',#6,'Basic Wall:240:846239',$,$,#471,#475,'846239');
#488=IFCMATERIALLAYERSETUSAGE(#457,.AXIS2.,.NEGATIVE.,120.);
#489=IFCPROPERTYSET('3nuy4$eUhHtZ8ANJiUl8_g',#6,'Pset_QuantityTakeOff',$,(#460));
#490=IFCPROPERTYSINGLEVALUE('Reference',$,IFCLABEL('240'),$);
#491=IFCPROPERTYSET('2Ng_s6d5txzFwYcSmc3Nf2',#6,'Pset_ReinforcementBarPitchOfWall',$,(#490));
#492=IFCPROPERTYSET('32URBxOOM5LQRFiJvQEH0h',#6,'Pset_WallCommon',$,(#80,#81,#82,#460));
#493=IFCRELDEFINESBYPROPERTIES('2cDFIVBKnsxoqPytC1ZsXA',#6,$,$,(#487),#489);
#494=IFCRELDEFINESBYPROPERTIES('2ESBT5LlTLOyWPLgiXKB65',#6,$,$,(#487),#491);
#495=IFCRELDEFINESBYPROPERTIES('1_vtsv9_gY8kNlkK2Lq1Bo',#6,$,$,(#487),#492);
#496=IFCCARTESIANPOINT((3208.5472762058957,3527.133083684103,0.));
#497=IFCDIRECTION((0.99973218924098861,-0.023141948825023212,-0.));
#498=IFCAXIS2PLACEMENT3D(#496,#43,#497);
#499=IFCLOCALPLACEMENT(#28,#498);
#500=IFCCARTESIANPOINT((601.86657643603883,0.));
#501=IFCPOLYLINE((#47,#500));
#502=IFCSHAPEREPRESENTATION(#14,'Axis','Curve2D',(#501));
#503=IFCPRODUCTDEFINITIONSHAPE($,$,(#502,#514));
#504=IFCCARTESIANPOINT((601.86657643603928,-150.));
#505=IFCCARTESIANPOINT((595.49480244499739,125.2606364130059));
#506=IFCCARTESIANPOINT((594.92213199159471,150.));
#507=IFCCARTESIANPOINT((-0.,150.));
#508=IFCCARTESIANPOINT((6.3916857783495979,-150.));
#509=IFCPOLYLINE((#504,#505,#506,#507,#508,#504));
#510=IFCARBITRARYCLOSEDPROFILEDEF(.AREA.,$,#509);
#511=IFCAXIS2PLACEMENT3D(#10,$,$);
#512=IFCEXTRUDEDAREASOLID(#510,#511,#43,3000.);
#513=IFCSTYLEDITEM(#512,(#63),$);
#514=IFCSHAPEREPRESENTATION(#15,'Body','SweptSolid',(#512));
#515=IFCWALLSTANDARDCASE('3$Na_1Pi1D4gOO1Cka60rK',#6,'Basic Wall:300:846288',$,$,#499,#503,'846288');
#516=IFCMATERIALLAYERSETUSAGE(#73,.AXIS2.,.NEGATIVE.,150.);
#517=IFCPROPERTYSET('1ObSyGnNT4vMlIyRJtlGoc',#6,'Pset_QuantityTakeOff',$,(#76));
#518=IFCPROPERTYSINGLEVALUE('Reference',$,IFCLABEL('300'),$);
#519=IFCPROPERTYSET('21dS38iVth1WrKfG$Or6zx',#6,'Pset_ReinforcementBarPitchOfWall',$,(#518));
#520=IFCPROPERTYSET('0Rd92e2t$$aHOEIlXN46Z4',#6,'Pset_WallCommon',$,(#76,#80,#81,#82));
#521=IFCRELDEFINESBYPROPERTIES('0aisntrW_5KdSJKrdQhh5K',#6,$,$,(#515),#517);
#522=IFCRELDEFINESBYPROPERTIES('3kSrOAJeXi$V7iF1ILW370',#6,$,$,(#515),#519);
#523=IFCRELDEFINESBYPROPERTIES('0AwGHrhPnvBhAl1Kb90sjj',#6,$,$,(#515),#520);
#524=IFCCARTESIANPOINT((3107.2537919556471,3804.9159173879984,0.));
#525=IFCDIRECTION((-0.0018416175031702661,-0.99999830422104818,-0.));
#526=IFCAXIS2PLACEMENT3D(#524,#43,#525);
#527=IFCLOCALPLACEMENT(#28,#526);
#528=IFCCARTESIANPOINT((427.69793359855379,0.));
#529=IFCPOLYLINE((#47,#528));
#530=IFCSHAPEREPRESENTATION(#14,'Axis','Curve2D',(#529));
#531=IFCPRODUCTDEFINITIONSHAPE($,$,(#530,#542));
#532=IFCCARTESIANPOINT((423.22375355370849,-105.));
#533=IFCCARTESIANPOINT((427.69793359855356,105.));
#534=IFCCARTESIANPOINT((127.62985191193158,105.));
#535=IFCCARTESIANPOINT((0.,105.));
#536=IFCCARTESIANPOINT((0.87224481405200938,-105.));
#537=IFCPOLYLINE((#532,#533,#534,#535,#536,#532));
#538=IFCARBITRARYCLOSEDPROFILEDEF(.AREA.,$,#537);
#539=IFCAXIS2PLACEMENT3D(#10,$,$);
#540=IFCEXTRUDEDAREASOLID(#538,#539,#43,3000.);
#541=IFCSTYLEDITEM(#540,(#63),$);
#542=IFCSHAPEREPRESENTATION(#15,'Body','SweptSolid',(#540));
#543=IFCWALLSTANDARDCASE('3$Na_1Pi1D4gOO1Cka60rI',#6,'Basic Wall:210:846294',$,$,#527,#531,'846294');
#544=IFCMATERIALLAYER(#67,210.,$);
#545=IFCMATERIALLAYERSET((#544),'Basic Wall:210');
#546=IFCMATERIALLAYERSETUSAGE(#545,.AXIS2.,.NEGATIVE.,105.);
#547=IFCWALLTYPE('3_TpTOQsrDqwy39fyMLFSo',#6,'Basic Wall:210',$,$,$,$,'391017',$,.STANDARD.);
#548=IFCPROPERTYSINGLEVALUE('Reference',$,IFCIDENTIFIER('210'),$);
#549=IFCPROPERTYSET('0BzpTze88rNLxktyruR5vW',#6,'Pset_QuantityTakeOff',$,(#548));
#550=IFCPROPERTYSINGLEVALUE('Reference',$,IFCLABEL('210'),$);
#551=IFCPROPERTYSET('2TX_qM5y_mYO43b_NYJFeb',#6,'Pset_ReinforcementBarPitchOfWall',$,(#550));
#552=IFCPROPERTYSET('2qBkx7QUKCo9WSR$Q6WsPH',#6,'Pset_WallCommon',$,(#80,#81,#82,#548));
#553=IFCRELDEFINESBYPROPERTIES('0UVmrKWREV5XdQvyPVqRHC',#6,$,$,(#543),#549);
#554=IFCRELDEFINESBYPROPERTIES('05xecD7YVvwvuh3LFi_iFX',#6,$,$,(#543),#551);
#555=IFCRELDEFINESBYPROPERTIES('3um0MeCv6m4ak1abfVu44r',#6,$,$,(#543),#552);
#556=IFCCARTESIANPOINT((3103.8554257862647,4329.96953952063,0.));
#557=IFCDIRECTION((0.0064653821068888263,-0.99997909919868422,-0.));
#558=IFCAXIS2PLACEMENT3D(#556,#43,#557);
#559=IFCLOCALPLACEMENT(#28,#558);
#560=IFCCARTESIANPOINT((525.93684959527957,0.));
#561=IFCPOLYLINE((#47,#560));
#562=IFCSHAPEREPRESENTATION(#14,'Axis','Curve2D',(#561));
#563=IFCPRODUCTDEFINITIONSHAPE($,$,(#562,#575));
#564=IFCCARTESIANPOINT((525.06460478146653,-105.));
#565=IFCCARTESIANPOINT((525.9368495952798,105.));
#566=IFCCARTESIANPOINT((1.3640342846492688,105.));
#567=IFCCARTESIANPOINT((0.,-105.));
#568=IFCCARTESIANPOINT((216.43029900790222,-105.));
#569=IFCCARTESIANPOINT((316.43238913171905,-105.));
#570=IFCPOLYLINE((#564,#565,#566,#567,#568,#569,#564));
#571=IFCARBITRARYCLOSEDPROFILEDEF(.AREA.,$,#570);
#572=IFCAXIS2PLACEMENT3D(#10,$,$);
#573=IFCEXTRUDEDAREASOLID(#571,#572,#43,3000.);
#574=IFCSTYLEDITEM(#573,(#63),$);
#575=IFCSHAPEREPRESENTATION(#15,'Body','SweptSolid',(#573));
#576=IFCWALLSTANDARDCASE('3$Na_1Pi1D4gOO1Cka60rP',#6,'Basic Wall:210:846301',$,$,#559,#563,'846301');
#577=IFCMATERIALLAYERSETUSAGE(#545,.AXIS2.,.NEGATIVE.,105.);
#578=IFCPROPERTYSET('2n8Z90Lkep7b9hxN7xQyDw',#6,'Pset_QuantityTakeOff',$,(#548));
#579=IFCPROPERTYSINGLEVALUE('Reference',$,IFCLABEL('210'),$);
#580=IFCPROPERTYSET('0VmngyevDWgckCHQ_kucYK',#6,'Pset_ReinforcementBarPitchOfWall',$,(#579));
#581=IFCPROPERTYSET('1t03PZ8TZ$$RkeK7vnJvva',#6,'Pset_WallCommon',$,(#80,#81,#82,#548));
#582=IFCRELDEFINESBYPROPERTIES('02hvsoiPC7r82MGXPBGTHL',#6,$,$,(#576),#578);
#583=IFCRELDEFINESBYPROPERTIES('2GvOmgXXQpOlkuG9_ScvwQ',#6,$,$,(#576),#580);
#584=IFCRELDEFINESBYPROPERTIES('3U6PMi2TEJeT1s91RVj4ST',#6,$,$,(#576),#581);
#585=IFCCARTESIANPOINT((3108.3861801158873,5022.9498815538427,0.));
#586=IFCDIRECTION((-0.0065251465644661959,-0.9999787110045455,-0.));
#587=IFCAXIS2PLACEMENT3D(#585,#43,#586);
#588=IFCLOCALPLACEMENT(#28,#587);
#589=IFCCARTESIANPOINT((694.35912975207225,-0.));
#590=IFCPOLYLINE((#47,#589));
#591=IFCSHAPEREPRESENTATION(#14,'Axis','Curve2D',(#590));
#592=IFCPRODUCTDEFINITIONSHAPE($,$,(#591,#602));
#593=IFCCARTESIANPOINT((694.35912975207282,-105.));
#594=IFCCARTESIANPOINT((692.99509546740603,105.));
#595=IFCCARTESIANPOINT((-0.,105.));
#596=IFCCARTESIANPOINT((0.68514768224306821,-105.));
#597=IFCPOLYLINE((#593,#594,#595,#596,#593));
#598=IFCARBITRARYCLOSEDPROFILEDEF(.AREA.,$,#597);
#599=IFCAXIS2PLACEMENT3D(#10,$,$);
#600=IFCEXTRUDEDAREASOLID(#598,#599,#43,3000.);
#601=IFCSTYLEDITEM(#600,(#63),$);
#602=IFCSHAPEREPRESENTATION(#15,'Body','SweptSolid',(#600));
#603=IFCWALLSTANDARDCASE('3$Na_1Pi1D4gOO1Cka60rd',#6,'Basic Wall:210:846307',$,$,#588,#592,'846307');
#604=IFCMATERIALLAYERSETUSAGE(#545,.AXIS2.,.NEGATIVE.,105.);
#605=IFCPROPERTYSET('0IRQ0XXh4zBnC7pU5G67z_',#6,'Pset_QuantityTakeOff',$,(#548));
#606=IFCPROPERTYSINGLEVALUE('Reference',$,IFCLABEL('210'),$);
#607=IFCPROPERTYSET('1Lb7$CfUhB9Xh6Y9rqIqXm',#6,'Pset_ReinforcementBarPitchOfWall',$,(#606));
#608=IFCPROPERTYSET('2wNWEcDl2dTiOU2RlZs1Ab',#6,'Pset_WallCommon',$,(#80,#81,#82,#548));
#609=IFCRELDEFINESBYPROPERTIES('1_hxzAxd$dh$3YUijlcTQx',#6,$,$,(#603),#605);
#610=IFCRELDEFINESBYPROPERTIES('2VnMdsQi$XdoAgP6__TCGd',#6,$,$,(#603),#607);
#611=IFCRELDEFINESBYPROPERTIES('0PLNnWEDOazDZEg9Gy8kXq',#6,$,$,(#603),#608);
#612=IFCCARTESIANPOINT((3108.3839447713544,5498.213950944637,0.));
#613=IFCAXIS2PLACEMENT3D(#612,#43,#263);
#614=IFCLOCALPLACEMENT(#28,#613);
#615=IFCCARTESIANPOINT((475.94920978172331,0.));
#616=IFCPOLYLINE((#47,#615));
#617=IFCSHAPEREPRESENTATION(#14,'Axis','Curve2D',(#616));
#618=IFCPRODUCTDEFINITIONSHAPE($,$,(#617,#628));
#619=IFCCARTESIANPOINT((475.26406209932287,-105.));
#620=IFCCARTESIANPOINT((475.94920978172331,105.));
#621=IFCCARTESIANPOINT((1.1753363162196619,105.));
#622=IFCCARTESIANPOINT((0.,-105.));
#623=IFCPOLYLINE((#619,#620,#621,#622,#619));
#624=IFCARBITRARYCLOSEDPROFILEDEF(.AREA.,$,#623);
#625=IFCAXIS2PLACEMENT3D(#10,$,$);
#626=IFCEXTRUDEDAREASOLID(#624,#625,#43,3000.);
#627=IFCSTYLEDITEM(#626,(#63),$);
#628=IFCSHAPEREPRESENTATION(#15,'Body','SweptSolid',(#626));
#629=IFCWALLSTANDARDCASE('3$Na_1Pi1D4gOO1Cka60rj',#6,'Basic Wall:210:846313',$,$,#614,#618,'846313');
#630=IFCMATERIALLAYERSETUSAGE(#545,.AXIS2.,.NEGATIVE.,105.);
#631=IFCPROPERTYSET('3AX9$kKsZcmt5k0SHD0YaI',#6,'Pset_QuantityTakeOff',$,(#548));
#632=IFCPROPERTYSINGLEVALUE('Reference',$,IFCLABEL('210'),$);
#633=IFCPROPERTYSET('0N3Bg6bQpofPPyMHYucDfx',#6,'Pset_ReinforcementBarPitchOfWall',$,(#632));
#634=IFCPROPERTYSET('02DI$C972Qw1LfqYkaubNQ',#6,'Pset_WallCommon',$,(#80,#81,#82,#548));
#635=IFCRELDEFINESBYPROPERTIES('21OCjHGpddrFM723sXTM3i',#6,$,$,(#629),#631);
#636=IFCRELDEFINESBYPROPERTIES('0KWFzkU$M8Wth453Qbzfol',#6,$,$,(#629),#633);
#637=IFCRELDEFINESBYPROPERTIES('3jIzwv9JiTFJTqEeaQk5uQ',#6,$,$,(#629),#634);
#638=IFCCARTESIANPOINT((3115.1840017770783,6105.0980419650732,0.));
#639=IFCDIRECTION((-0.011193328575395161,-0.99993735273536166,-0.));
#640=IFCAXIS2PLACEMENT3D(#638,#43,#639);
#641=IFCLOCALPLACEMENT(#28,#640);
#642=IFCCARTESIANPOINT((608.09748616445518,0.));
#643=IFCPOLYLINE((#47,#642));
#644=IFCSHAPEREPRESENTATION(#14,'Axis','Curve2D',(#643));
#645=IFCPRODUCTDEFINITIONSHAPE($,$,(#644,#655));
#646=IFCCARTESIANPOINT((608.09748616445563,-105.));
#647=IFCCARTESIANPOINT((606.92214984823931,105.));
#648=IFCCARTESIANPOINT((0.,105.));
#649=IFCCARTESIANPOINT((1.5320167697439318,-105.));
#650=IFCPOLYLINE((#646,#647,#648,#649,#646));
#651=IFCARBITRARYCLOSEDPROFILEDEF(.AREA.,$,#650);
#652=IFCAXIS2PLACEMENT3D(#10,$,$);
#653=IFCEXTRUDEDAREASOLID(#651,#652,#43,3000.);
#654=IFCSTYLEDITEM(#653,(#63),$);
#655=IFCSHAPEREPRESENTATION(#15,'Body','SweptSolid',(#653));
#656=IFCWALLSTANDARDCASE('3$Na_1Pi1D4gOO1Cka60rh',#6,'Basic Wall:210:846319',$,$,#641,#645,'846319');
#657=IFCMATERIALLAYERSETUSAGE(#545,.AXIS2.,.NEGATIVE.,105.);
#658=IFCPROPERTYSET('2PjJtzU4tdtq2P1q7q8R$D',#6,'Pset_QuantityTakeOff',$,(#548));
#659=IFCPROPERTYSINGLEVALUE('Reference',$,IFCLABEL('210'),$);
#660=IFCPROPERTYSET('2ykJ_a9V0bGuMVsvNOTwrU',#6,'Pset_ReinforcementBarPitchOfWall',$,(#659));
#661=IFCPROPERTYSET('3a4WP$UqZxTzB1lm1c0YCo',#6,'Pset_WallCommon',$,(#80,#81,#82,#548));
#662=IFCRELDEFINESBYPROPERTIES('2BslEMtWxnM_Sj113QohKP',#6,$,$,(#656),#658);
#663=IFCRELDEFINESBYPROPERTIES('22zSJSkDp2lyOCFbO6Xgwp',#6,$,$,(#656),#660);
#664=IFCRELDEFINESBYPROPERTIES('1R95_3HmY9NRnh6r6hZVnJ',#6,$,$,(#656),#661);
#665=IFCCARTESIANPOINT((3110.7998262093442,7392.4755013835529,0.));
#666=IFCDIRECTION((0.0033968082073006873,-0.99999423083035965,-0.));
#667=IFCAXIS2PLACEMENT3D(#665,#43,#666);
#668=IFCLOCALPLACEMENT(#28,#667);
#669=IFCCARTESIANPOINT((1288.9168597604335,-0.));
#670=IFCPOLYLINE((#47,#669));
#671=IFCSHAPEREPRESENTATION(#14,'Axis','Curve2D',(#670));
#672=IFCPRODUCTDEFINITIONSHAPE($,$,(#671,#683));
#673=IFCCARTESIANPOINT((1287.3848429906889,-105.));
#674=IFCCARTESIANPOINT((1288.9168597604339,105.));
#675=IFCCARTESIANPOINT((1.0084897428350421,105.));
#676=IFCCARTESIANPOINT((0.,-105.));
#677=IFCCARTESIANPOINT((300.00345933910768,-105.));
#678=IFCPOLYLINE((#673,#674,#675,#676,#677,#673));
#679=IFCARBITRARYCLOSEDPROFILEDEF(.AREA.,$,#678);
#680=IFCAXIS2PLACEMENT3D(#10,$,$);
#681=IFCEXTRUDEDAREASOLID(#679,#680,#43,3000.);
#682=IFCSTYLEDITEM(#681,(#63),$);
#683=IFCSHAPEREPRESENTATION(#15,'Body','SweptSolid',(#681));
#684=IFCWALLSTANDARDCASE('3$Na_1Pi1D4gOO1Cka60rn',#6,'Basic Wall:210:846325',$,$,#668,#672,'846325');
#685=IFCMATERIALLAYERSETUSAGE(#545,.AXIS2.,.NEGATIVE.,105.);
#686=IFCPROPERTYSET('1Bn3aNRYXjkS_CI3jlrdDe',#6,'Pset_QuantityTakeOff',$,(#548));
#687=IFCPROPERTYSINGLEVALUE('Reference',$,IFCLABEL('210'),$);
#688=IFCPROPERTYSET('3DzUqni8ZjLfnMyKn3wfBu',#6,'Pset_ReinforcementBarPitchOfWall',$,(#687));
#689=IFCPROPERTYSET('1itmF2Ixrh3DVWOzD7ciIF',#6,'Pset_WallCommon',$,(#80,#81,#82,#548));
#690=IFCRELDEFINESBYPROPERTIES('3gGDbfz91b$YRwtV93kOQA',#6,$,$,(#684),#686);
#691=IFCRELDEFINESBYPROPERTIES('3WqBc$0clhXOgMd52ihApN',#6,$,$,(#684),#688);
#692=IFCRELDEFINESBYPROPERTIES('0eamS2zJwkyz2VeYsYZQy0',#6,$,$,(#684),#689);
#693=IFCCARTESIANPOINT((-90.122383753898205,7246.469950231799,0.));
#694=IFCDIRECTION((0.9999990123125122,-0.001405479989195041,-0.));
#695=IFCAXIS2PLACEMENT3D(#693,#43,#694);
#696=IFCLOCALPLACEMENT(#28,#695);
#697=IFCCARTESIANPOINT((3097.1557509593181,0.));
#698=IFCPOLYLINE((#47,#697));
#699=IFCSHAPEREPRESENTATION(#14,'Axis','Curve2D',(#698));
#700=IFCPRODUCTDEFINITIONSHAPE($,$,(#699,#710));
#701=IFCCARTESIANPOINT((3097.155750959319,-150.));
#702=IFCCARTESIANPOINT((3095.7150513266974,150.));
#703=IFCCARTESIANPOINT((0.,150.));
#704=IFCCARTESIANPOINT((0.42164441321091289,-150.));
#705=IFCPOLYLINE((#701,#702,#703,#704,#701));
#706=IFCARBITRARYCLOSEDPROFILEDEF(.AREA.,$,#705);
#707=IFCAXIS2PLACEMENT3D(#10,$,$);
#708=IFCEXTRUDEDAREASOLID(#706,#707,#43,3000.);
#709=IFCSTYLEDITEM(#708,(#63),$);
#710=IFCSHAPEREPRESENTATION(#15,'Body','SweptSolid',(#708));
#711=IFCWALLSTANDARDCASE('3$Na_1Pi1D4gOO1Cka60ru',#6,'Basic Wall:300:846332',$,$,#696,#700,'846332');
#712=IFCMATERIALLAYERSETUSAGE(#73,.AXIS2.,.NEGATIVE.,150.);
#713=IFCPROPERTYSET('1nuPXEPsqGX8LmM_9CjTZC',#6,'Pset_QuantityTakeOff',$,(#76));
#714=IFCPROPERTYSINGLEVALUE('Reference',$,IFCLABEL('300'),$);
#715=IFCPROPERTYSET('2sDslQGqCJizhuWtwitlGs',#6,'Pset_ReinforcementBarPitchOfWall',$,(#714));
#716=IFCPROPERTYSET('2mwmITCPfAu2ToGE_IUvdA',#6,'Pset_WallCommon',$,(#76,#80,#81,#82));
#717=IFCRELDEFINESBYPROPERTIES('1PeQNbtcxzuKgz6zDS_0Zg',#6,$,$,(#711),#713);
#718=IFCRELDEFINESBYPROPERTIES('1QBdDeWgHxV4QRbZ7XtFOa',#6,$,$,(#711),#715);
#719=IFCRELDEFINESBYPROPERTIES('12sN65gViWKGF6kuzszjPg',#6,$,$,(#711),#716);
#720=IFCCARTESIANPOINT((-239.9115617555195,7005.089984606394,0.));
#721=IFCAXIS2PLACEMENT3D(#720,#43,#88);
#722=IFCLOCALPLACEMENT(#28,#721);
#723=IFCCARTESIANPOINT((391.80146188549315,0.));
#724=IFCPOLYLINE((#47,#723));
#725=IFCSHAPEREPRESENTATION(#14,'Axis','Curve2D',(#724));
#726=IFCPRODUCTDEFINITIONSHAPE($,$,(#725,#737));
#727=IFCCARTESIANPOINT((391.3798174722823,-150.));
#728=IFCCARTESIANPOINT((391.80146188549315,150.));
#729=IFCCARTESIANPOINT((1.4847395047278469,150.));
#730=IFCCARTESIANPOINT((0.,-150.));
#731=IFCCARTESIANPOINT((91.379521165742716,-150.));
#732=IFCPOLYLINE((#727,#728,#729,#730,#731,#727));
#733=IFCARBITRARYCLOSEDPROFILEDEF(.AREA.,$,#732);
#734=IFCAXIS2PLACEMENT3D(#10,$,$);
#735=IFCEXTRUDEDAREASOLID(#733,#734,#43,3000.);
#736=IFCSTYLEDITEM(#735,(#63),$);
#737=IFCSHAPEREPRESENTATION(#15,'Body','SweptSolid',(#735));
#738=IFCWALLSTANDARDCASE('3$Na_1Pi1D4gOO1Cka60w7',#6,'Basic Wall:300:846339',$,$,#722,#726,'846339');
#739=IFCMATERIALLAYERSETUSAGE(#73,.AXIS2.,.NEGATIVE.,150.);
#740=IFCPROPERTYSET('3w7HOOzWDVyCmAZQ9pkBrZ',#6,'Pset_QuantityTakeOff',$,(#76));
#741=IFCPROPERTYSINGLEVALUE('Reference',$,IFCLABEL('300'),$);
#742=IFCPROPERTYSET('0DwYffgBEUX6k2ap7A19KJ',#6,'Pset_ReinforcementBarPitchOfWall',$,(#741));
#743=IFCPROPERTYSET('28OCO7pei71Kk$uQR5SvIJ',#6,'Pset_WallCommon',$,(#76,#80,#81,#82));
#744=IFCRELDEFINESBYPROPERTIES('2emrfrRQgV6TBxFwwkIfZE',#6,$,$,(#738),#740);
#745=IFCRELDEFINESBYPROPERTIES('3DZme2ebpYN4E6FuOfzpTb',#6,$,$,(#738),#742);
#746=IFCRELDEFINESBYPROPERTIES('0zcSfIkUVrVtFKz2v7eU8N',#6,$,$,(#738),#743);
#747=IFCCARTESIANPOINT((3856.7813739735229,3360.930074971765,0.));
#748=IFCAXIS2PLACEMENT3D(#747,#43,#88);
#749=IFCLOCALPLACEMENT(#28,#748);
#750=IFCCARTESIANPOINT((280.73085283409586,0.));
#751=IFCPOLYLINE((#47,#750));
#752=IFCSHAPEREPRESENTATION(#14,'Axis','Curve2D',(#751));
#753=IFCPRODUCTDEFINITIONSHAPE($,$,(#752,#765));
#754=IFCCARTESIANPOINT((280.73085283409586,-50.));
#755=IFCCARTESIANPOINT((277.64918873548243,50.));
#756=IFCCARTESIANPOINT((2.3148148148145893,50.));
#757=IFCCARTESIANPOINT((0.,50.));
#758=IFCCARTESIANPOINT((0.,-50.));
#759=IFCCARTESIANPOINT((40.616920033785384,-50.));
#760=IFCPOLYLINE((#754,#755,#756,#757,#758,#759,#754));
#761=IFCARBITRARYCLOSEDPROFILEDEF(.AREA.,$,#760);
#762=IFCAXIS2PLACEMENT3D(#10,$,$);
#763=IFCEXTRUDEDAREASOLID(#761,#762,#43,3000.);
#764=IFCSTYLEDITEM(#763,(#63),$);
#765=IFCSHAPEREPRESENTATION(#15,'Body','SweptSolid',(#763));
#766=IFCWALLSTANDARDCASE('3$Na_1Pi1D4gOO1Cka60wI',#6,'Basic Wall:100:846358',$,$,#749,#753,'846358');
#767=IFCMATERIALLAYER(#67,100.,$);
#768=IFCMATERIALLAYERSET((#767),'Basic Wall:100');
#769=IFCMATERIALLAYERSETUSAGE(#768,.AXIS2.,.NEGATIVE.,50.);
#770=IFCWALLTYPE('2MCIim7RfDzPU6pTIsk$1J',#6,'Basic Wall:100',$,$,$,$,'352054',$,.STANDARD.);
#771=IFCPROPERTYSINGLEVALUE('Reference',$,IFCIDENTIFIER('100'),$);
#772=IFCPROPERTYSET('0G0XLndgl9xj19PRnUAJZh',#6,'Pset_QuantityTakeOff',$,(#771));
#773=IFCPROPERTYSINGLEVALUE('Reference',$,IFCLABEL('100'),$);
#774=IFCPROPERTYSET('0Ps23tf6$dkq1bdfChc5Xu',#6,'Pset_ReinforcementBarPitchOfWall',$,(#773));
#775=IFCPROPERTYSET('2rk6pwd4X8oex2Yji904Hv',#6,'Pset_WallCommon',$,(#80,#81,#82,#771));
#776=IFCRELDEFINESBYPROPERTIES('1oY91pnbKimN3WbsNbOyXh',#6,$,$,(#766),#772);
#777=IFCRELDEFINESBYPROPERTIES('2KFkdqHRhJjCdZZg8jHtoA',#6,$,$,(#766),#774);
#778=IFCRELDEFINESBYPROPERTIES('14rE5X91RIE4d0wAGT8NAi',#6,$,$,(#766),#775);
#779=IFCCARTESIANPOINT((3000.9034766771356,4062.8648989581825,0.));
#780=IFCDIRECTION((-1.,0.,0.));
#781=IFCAXIS2PLACEMENT3D(#779,#43,#780);
#782=IFCLOCALPLACEMENT(#28,#781);
#783=IFCCARTESIANPOINT((3111.7573511073551,0.));
#784=IFCPOLYLINE((#47,#783));
#785=IFCSHAPEREPRESENTATION(#14,'Axis','Curve2D',(#784));
#786=IFCPRODUCTDEFINITIONSHAPE($,$,(#785,#797));
#787=IFCCARTESIANPOINT((0.64655172413833673,-50.));
#788=IFCCARTESIANPOINT((3111.7364214377749,-50.));
#789=IFCCARTESIANPOINT((3111.7364214377749,47.132635276807989));
#790=IFCCARTESIANPOINT((3111.7573511073551,50.));
#791=IFCCARTESIANPOINT((0.,50.));
#792=IFCPOLYLINE((#787,#788,#789,#790,#791,#787));
#793=IFCARBITRARYCLOSEDPROFILEDEF(.AREA.,$,#792);
#794=IFCAXIS2PLACEMENT3D(#10,$,$);
#795=IFCEXTRUDEDAREASOLID(#793,#794,#43,3000.);
#796=IFCSTYLEDITEM(#795,(#63),$);
#797=IFCSHAPEREPRESENTATION(#15,'Body','SweptSolid',(#795));
#798=IFCWALLSTANDARDCASE('1ZbzvERVP2EPsD9m_40D9l',#6,'Basic Wall:100:846545',$,$,#782,#786,'846545');
#799=IFCMATERIALLAYERSETUSAGE(#768,.AXIS2.,.NEGATIVE.,50.);
#800=IFCPROPERTYSET('1KXUQ0anJE7V8RgNiK8$jj',#6,'Pset_QuantityTakeOff',$,(#771));
#801=IFCPROPERTYSINGLEVALUE('Reference',$,IFCLABEL('100'),$);
#802=IFCPROPERTYSET('09xrCDliodq1myVXz6hOdx',#6,'Pset_ReinforcementBarPitchOfWall',$,(#801));
#803=IFCPROPERTYSET('2xSyTim202iAzcORlCMtVo',#6,'Pset_WallCommon',$,(#80,#81,#82,#771));
#804=IFCRELDEFINESBYPROPERTIES('0P10y8vmdQeO_bl4$8VAfd',#6,$,$,(#798),#800);
#805=IFCRELDEFINESBYPROPERTIES('16EatoKraJe3MMW9Mrmki2',#6,$,$,(#798),#802);
#806=IFCRELDEFINESBYPROPERTIES('2xR7jay5URyVu8Qz6wz4kG',#6,$,$,(#798),#803);
#807=IFCCARTESIANPOINT((-124.85679534322124,2329.5487941041265,0.));
#808=IFCDIRECTION((0.9996348326993566,0.027022236290312193,0.));
#809=IFCAXIS2PLACEMENT3D(#807,#43,#808);
#810=IFCLOCALPLACEMENT(#28,#809);
#811=IFCCARTESIANPOINT((3661.6764143961218,-0.));
#812=IFCPOLYLINE((#47,#811));
#813=IFCSHAPEREPRESENTATION(#14,'Axis','Curve2D',(#812));
#814=IFCPRODUCTDEFINITIONSHAPE($,$,(#813,#826));
#815=IFCCARTESIANPOINT((0.,-50.));
#816=IFCCARTESIANPOINT((3661.4945152853265,-50.));
#817=IFCCARTESIANPOINT((3661.6764143961213,50.));
#818=IFCCARTESIANPOINT((3230.563644933402,50.));
#819=IFCCARTESIANPOINT((3130.5271148637503,50.));
#820=IFCCARTESIANPOINT((3.4338153025825338,50.));
#821=IFCPOLYLINE((#815,#816,#817,#818,#819,#820,#815));
#822=IFCARBITRARYCLOSEDPROFILEDEF(.AREA.,$,#821);
#823=IFCAXIS2PLACEMENT3D(#10,$,$);
#824=IFCEXTRUDEDAREASOLID(#822,#823,#43,3000.);
#825=IFCSTYLEDITEM(#824,(#63),$);
#826=IFCSHAPEREPRESENTATION(#15,'Body','SweptSolid',(#824));
#827=IFCWALLSTANDARDCASE('1ZbzvERVP2EPsD9m_40DCo',#6,'Basic Wall:100:846732',$,$,#810,#814,'846732');
#828=IFCMATERIALLAYERSETUSAGE(#768,.AXIS2.,.NEGATIVE.,50.);
#829=IFCPROPERTYSET('0yj1hUkOpVcaraN1gJa2w5',#6,'Pset_QuantityTakeOff',$,(#771));
#830=IFCPROPERTYSINGLEVALUE('Reference',$,IFCLABEL('100'),$);
#831=IFCPROPERTYSET('30QAJiVwLe9vNQUtsPg09M',#6,'Pset_ReinforcementBarPitchOfWall',$,(#830));
#832=IFCPROPERTYSET('3ZhAHy0n_8qxWtfLGCvDuw',#6,'Pset_WallCommon',$,(#80,#81,#82,#771));
#833=IFCRELDEFINESBYPROPERTIES('1N5$G8lnXuMjpd_n1EYc6$',#6,$,$,(#827),#829);
#834=IFCRELDEFINESBYPROPERTIES('2$VbHM7Qx32kI9WyB6fwOr',#6,$,$,(#827),#831);
#835=IFCRELDEFINESBYPROPERTIES('1ZpNsL5V2N9fGlDHfiam1K',#6,$,$,(#827),#832);
#836=IFCCARTESIANPOINT((3535.3006534772471,2428.4908948376687,0.));
#837=IFCDIRECTION((0.99972652377022531,0.023385415760706657,0.));
#838=IFCAXIS2PLACEMENT3D(#836,#43,#837);
#839=IFCLOCALPLACEMENT(#28,#838);
#840=IFCCARTESIANPOINT((1364.3142136113979,0.));
#841=IFCPOLYLINE((#47,#840));
#842=IFCSHAPEREPRESENTATION(#14,'Axis','Curve2D',(#841));
#843=IFCPRODUCTDEFINITIONSHAPE($,$,(#842,#857));
#844=IFCCARTESIANPOINT((1361.9750323248479,-50.));
#845=IFCCARTESIANPOINT((1364.3142136113975,50.));
#846=IFCCARTESIANPOINT((1264.2868585074493,50.));
#847=IFCCARTESIANPOINT((472.77928518073639,50.));
#848=IFCCARTESIANPOINT((372.75193007678826,50.));
#849=IFCCARTESIANPOINT((-0.,50.));
#850=IFCCARTESIANPOINT((0.18189911086054414,-50.));
#851=IFCCARTESIANPOINT((1261.9126529595706,-50.));
#852=IFCPOLYLINE((#844,#845,#846,#847,#848,#849,#850,#851,#844));
#853=IFCARBITRARYCLOSEDPROFILEDEF(.AREA.,$,#852);
#854=IFCAXIS2PLACEMENT3D(#10,$,$);
#855=IFCEXTRUDEDAREASOLID(#853,#854,#43,3000.);
#856=IFCSTYLEDITEM(#855,(#63),$);
#857=IFCSHAPEREPRESENTATION(#15,'Body','SweptSolid',(#855));
#858=IFCWALLSTANDARDCASE('1ZbzvERVP2EPsD9m_40DC7',#6,'Basic Wall:100:846777',$,$,#839,#843,'846777');
#859=IFCMATERIALLAYERSETUSAGE(#768,.AXIS2.,.NEGATIVE.,50.);
#860=IFCPROPERTYSET('1usPGKkvl5XwFz5KXcCqE0',#6,'Pset_QuantityTakeOff',$,(#771));
#861=IFCPROPERTYSINGLEVALUE('Reference',$,IFCLABEL('100'),$);
#862=IFCPROPERTYSET('1aY7RqLw8kBCEXZq3Gie9j',#6,'Pset_ReinforcementBarPitchOfWall',$,(#861));
#863=IFCPROPERTYSET('1BjzGi9M$Z3LqoCcmY1hRs',#6,'Pset_WallCommon',$,(#80,#81,#82,#771));
#864=IFCRELDEFINESBYPROPERTIES('1dtkmfXYLRb11xiLfhw9eA',#6,$,$,(#858),#860);
#865=IFCRELDEFINESBYPROPERTIES('2dvXJwGZKffJEqKibbNu3O',#6,$,$,(#858),#862);
#866=IFCRELDEFINESBYPROPERTIES('3FKIGhgFf7z7_I2Er0$ZlM',#6,$,$,(#858),#863);
#867=IFCCARTESIANPOINT((4848.0724887932429,2508.0430948531744,0.));
#868=IFCAXIS2PLACEMENT3D(#867,#43,#88);
#869=IFCLOCALPLACEMENT(#28,#868);
#870=IFCCARTESIANPOINT((919.69678058653983,-0.));
#871=IFCPOLYLINE((#47,#870));
#872=IFCSHAPEREPRESENTATION(#14,'Axis','Curve2D',(#871));
#873=IFCPRODUCTDEFINITIONSHAPE($,$,(#872,#883));
#874=IFCCARTESIANPOINT((2.3391812865502133,-50.));
#875=IFCCARTESIANPOINT((919.69678058653983,-50.));
#876=IFCCARTESIANPOINT((918.00908286841832,50.));
#877=IFCCARTESIANPOINT((-0.,50.));
#878=IFCPOLYLINE((#874,#875,#876,#877,#874));
#879=IFCARBITRARYCLOSEDPROFILEDEF(.AREA.,$,#878);
#880=IFCAXIS2PLACEMENT3D(#10,$,$);
#881=IFCEXTRUDEDAREASOLID(#879,#880,#43,3000.);
#882=IFCSTYLEDITEM(#881,(#63),$);
#883=IFCSHAPEREPRESENTATION(#15,'Body','SweptSolid',(#881));
#884=IFCWALLSTANDARDCASE('1ZbzvERVP2EPsD9m_40DDY',#6,'Basic Wall:100:846812',$,$,#869,#873,'846812');
#885=IFCMATERIALLAYERSETUSAGE(#768,.AXIS2.,.NEGATIVE.,50.);
#886=IFCPROPERTYSET('0yTfHT6Fqd7ts8n6xIL8aH',#6,'Pset_QuantityTakeOff',$,(#771));
#887=IFCPROPERTYSINGLEVALUE('Reference',$,IFCLABEL('100'),$);
#888=IFCPROPERTYSET('2NipuvYA91oCBRZxbapTtL',#6,'Pset_ReinforcementBarPitchOfWall',$,(#887));
#889=IFCPROPERTYSET('3WWUKOIz3Dv10bIharfU4e',#6,'Pset_WallCommon',$,(#80,#81,#82,#771));
#890=IFCRELDEFINESBYPROPERTIES('0oBH8Oyq4bG0Pa7WGcFGaz',#6,$,$,(#884),#886);
#891=IFCRELDEFINESBYPROPERTIES('3y632pP7arm2tT8AhB4nme',#6,$,$,(#884),#888);
#892=IFCRELDEFINESBYPROPERTIES('1KryNR5DiEIWGl3DywG8Yt',#6,$,$,(#884),#889);
#893=IFCCARTESIANPOINT((4848.0760435801303,2410.9511307742628,0.));
#894=IFCDIRECTION((-0.011924194769738146,-0.99992890426224479,0.));
#895=IFCAXIS2PLACEMENT3D(#893,#43,#894);
#896=IFCLOCALPLACEMENT(#28,#895);
#897=IFCCARTESIANPOINT((122.94105488287643,0.));
#898=IFCPOLYLINE((#47,#897));
#899=IFCSHAPEREPRESENTATION(#14,'Axis','Curve2D',(#898));
#900=IFCPRODUCTDEFINITIONSHAPE($,$,(#899,#910));
#901=IFCCARTESIANPOINT((122.94105488287659,-50.));
#902=IFCCARTESIANPOINT((122.94105488287653,50.));
#903=IFCCARTESIANPOINT((-0.,50.));
#904=IFCCARTESIANPOINT((3.5326709782858479,-50.));
#905=IFCPOLYLINE((#901,#902,#903,#904,#901));
#906=IFCARBITRARYCLOSEDPROFILEDEF(.AREA.,$,#905);
#907=IFCAXIS2PLACEMENT3D(#10,$,$);
#908=IFCEXTRUDEDAREASOLID(#906,#907,#43,3000.);
#909=IFCSTYLEDITEM(#908,(#63),$);
#910=IFCSHAPEREPRESENTATION(#15,'Body','SweptSolid',(#908));
#911=IFCWALLSTANDARDCASE('1ZbzvERVP2EPsD9m_40DI5',#6,'Basic Wall:100:846907',$,$,#896,#900,'846907');
#912=IFCMATERIALLAYERSETUSAGE(#768,.AXIS2.,.POSITIVE.,-50.);
#913=IFCPROPERTYSET('1lW9zYPIINOlSwG92n2Pmw',#6,'Pset_QuantityTakeOff',$,(#771));
#914=IFCPROPERTYSINGLEVALUE('Reference',$,IFCLABEL('100'),$);
#915=IFCPROPERTYSET('2ekFLFYS2_xHMkFWnPKLwU',#6,'Pset_ReinforcementBarPitchOfWall',$,(#914));
#916=IFCPROPERTYSET('2WV$uVw5kRgkNBA3phzF8Q',#6,'Pset_WallCommon',$,(#80,#81,#82,#771));
#917=IFCRELDEFINESBYPROPERTIES('0ZqYLRcaMDRDwinLsAS5bZ',#6,$,$,(#911),#913);
#918=IFCRELDEFINESBYPROPERTIES('02GgNaURGbqRQ02gyAoJDU',#6,$,$,(#911),#915);
#919=IFCRELDEFINESBYPROPERTIES('2dYPOUReWgR5yEOI7Rbtum',#6,$,$,(#911),#916);
#920=IFCCARTESIANPOINT((6602.1225354569106,3457.3429380519547,0.));
#921=IFCAXIS2PLACEMENT3D(#920,#43,#263);
#922=IFCLOCALPLACEMENT(#28,#921);
#923=IFCCARTESIANPOINT((3437.2274086577686,-0.));
#924=IFCPOLYLINE((#47,#923));
#925=IFCSHAPEREPRESENTATION(#14,'Axis','Curve2D',(#924));
#926=IFCPRODUCTDEFINITIONSHAPE($,$,(#925,#940));
#927=IFCCARTESIANPOINT((1.6876977181213257,-50.));
#928=IFCCARTESIANPOINT((1899.0155566147491,-50.));
#929=IFCCARTESIANPOINT((1999.0193372616188,-50.));
#930=IFCCARTESIANPOINT((3437.2274086577686,-50.));
#931=IFCCARTESIANPOINT((3435.686547562374,50.));
#932=IFCCARTESIANPOINT((3036.9205263924709,50.));
#933=IFCCARTESIANPOINT((2936.9205263924709,50.));
#934=IFCCARTESIANPOINT((-0.,50.));
#935=IFCPOLYLINE((#927,#928,#929,#930,#931,#932,#933,#934,#927));
#936=IFCARBITRARYCLOSEDPROFILEDEF(.AREA.,$,#935);
#937=IFCAXIS2PLACEMENT3D(#10,$,$);
#938=IFCEXTRUDEDAREASOLID(#936,#937,#43,3000.);
#939=IFCSTYLEDITEM(#938,(#63),$);
#940=IFCSHAPEREPRESENTATION(#15,'Body','SweptSolid',(#938));
#941=IFCWALLSTANDARDCASE('1ZbzvERVP2EPsD9m_40DJ4',#6,'Basic Wall:100:846970',$,$,#922,#926,'846970');
#942=IFCMATERIALLAYERSETUSAGE(#768,.AXIS2.,.POSITIVE.,-50.);
#943=IFCPROPERTYSET('2$GTyEdXFcropQ5oHliUdZ',#6,'Pset_QuantityTakeOff',$,(#771));
#944=IFCPROPERTYSINGLEVALUE('Reference',$,IFCLABEL('100'),$);
#945=IFCPROPERTYSET('1lkEYWZl3mPHLKsefV5gZ$',#6,'Pset_ReinforcementBarPitchOfWall',$,(#944));
#946=IFCPROPERTYSET('1dtSw3W$uzy3ITuX3Ii505',#6,'Pset_WallCommon',$,(#80,#81,#82,#771));
#947=IFCRELDEFINESBYPROPERTIES('0rT4sdTJ$PTuEPqGn_vRfT',#6,$,$,(#941),#943);
#948=IFCRELDEFINESBYPROPERTIES('1PFcf9DAVb36bJTI47WwNk',#6,$,$,(#941),#945);
#949=IFCRELDEFINESBYPROPERTIES('2mJ2LNIPWKo6fsI4VpDUMb',#6,$,$,(#941),#946);
#950=IFCCARTESIANPOINT((4886.1119949981203,1493.838442935868,0.));
#951=IFCDIRECTION((0.9999621949605747,0.0086953234344398517,0.));
#952=IFCAXIS2PLACEMENT3D(#950,#43,#951);
#953=IFCLOCALPLACEMENT(#28,#952);
#954=IFCCARTESIANPOINT((1666.5083090428338,0.));
#955=IFCPOLYLINE((#47,#954));
#956=IFCSHAPEREPRESENTATION(#14,'Axis','Curve2D',(#955));
#957=IFCPRODUCTDEFINITIONSHAPE($,$,(#956,#969));
#958=IFCCARTESIANPOINT((-0.,-50.));
#959=IFCCARTESIANPOINT((149.27297370876221,-50.));
#960=IFCCARTESIANPOINT((249.27675435563225,-50.));
#961=IFCCARTESIANPOINT((1665.6387438254424,-50.));
#962=IFCCARTESIANPOINT((1666.5083090428338,50.));
#963=IFCCARTESIANPOINT((2.0622833269131164,50.));
#964=IFCPOLYLINE((#958,#959,#960,#961,#962,#963,#958));
#965=IFCARBITRARYCLOSEDPROFILEDEF(.AREA.,$,#964);
#966=IFCAXIS2PLACEMENT3D(#10,$,$);
#967=IFCEXTRUDEDAREASOLID(#965,#966,#43,3000.);
#968=IFCSTYLEDITEM(#967,(#63),$);
#969=IFCSHAPEREPRESENTATION(#15,'Body','SweptSolid',(#967));
#970=IFCWALLSTANDARDCASE('1ZbzvERVP2EPsD9m_40DHp',#6,'Basic Wall:100:847053',$,$,#953,#957,'847053');
#971=IFCMATERIALLAYERSETUSAGE(#768,.AXIS2.,.POSITIVE.,-50.);
#972=IFCPROPERTYSET('1Xxa1XOTptIg1YeCEFcDQR',#6,'Pset_QuantityTakeOff',$,(#771));
#973=IFCPROPERTYSINGLEVALUE('Reference',$,IFCLABEL('100'),$);
#974=IFCPROPERTYSET('15kKKqT3hSxFHVQPEfqCVt',#6,'Pset_ReinforcementBarPitchOfWall',$,(#973));
#975=IFCPROPERTYSET('1hn1IOrcBxZ33$hSFeubpf',#6,'Pset_WallCommon',$,(#80,#81,#82,#771));
#976=IFCRELDEFINESBYPROPERTIES('23ql_yStdMFW5VY3AMsr7H',#6,$,$,(#970),#972);
#977=IFCRELDEFINESBYPROPERTIES('08rwEIzKTlkpIz$X$q67t6',#6,$,$,(#970),#974);
#978=IFCRELDEFINESBYPROPERTIES('26lLx4GZpsHuP0dzy$6FFu',#6,$,$,(#970),#975);
#979=IFCCARTESIANPOINT((-401.,-1117.));
#980=IFCCARTESIANPOINT((401.,-1117.));
#981=IFCCARTESIANPOINT((401.,1079.));
#982=IFCCARTESIANPOINT((325.,1079.));
#983=IFCCARTESIANPOINT((325.,-1041.));
#984=IFCCARTESIANPOINT((-325.,-1041.));
#985=IFCCARTESIANPOINT((-325.,1079.));
#986=IFCCARTESIANPOINT((-401.,1079.));
#987=IFCPOLYLINE((#979,#980,#981,#982,#983,#984,#985,#986,#979));
#988=IFCARBITRARYCLOSEDPROFILEDEF(.AREA.,'650',#987);
#989=IFCCARTESIANPOINT((325.,125.,1079.));
#990=IFCAXIS2PLACEMENT3D(#989,#263,#780);
#991=IFCEXTRUDEDAREASOLID(#988,#990,#43,24.999999999994444);
#992=IFCSIUNIT(*,.PLANEANGLEUNIT.,$,.RADIAN.);
#993=IFCDIMENSIONALEXPONENTS(0,0,0,0,0,0,0);
#994=IFCMEASUREWITHUNIT(IFCPLANEANGLEMEASURE(0.017453292519943278),#992);
#995=IFCCONVERSIONBASEDUNIT(#993,.PLANEANGLEUNIT.,'DEGREE',#994);
#996=IFCCARTESIANPOINT((-1117.,-401.));
#997=IFCCARTESIANPOINT((1079.,-401.));
#998=IFCCARTESIANPOINT((1079.,-325.));
#999=IFCCARTESIANPOINT((-1041.,-325.));
#1000=IFCCARTESIANPOINT((-1041.,325.));
#1001=IFCCARTESIANPOINT((1079.,325.));
#1002=IFCCARTESIANPOINT((1079.,401.));
#1003=IFCCARTESIANPOINT((-1117.,401.));
#1004=IFCPOLYLINE((#996,#997,#998,#999,#1000,#1001,#1002,#1003,#996));
#1005=IFCARBITRARYCLOSEDPROFILEDEF(.AREA.,'650',#1004);
#1006=IFCCARTESIANPOINT((325.,-0.,1079.));
#1007=IFCDIRECTION((0.,0.,-1.));
#1008=IFCAXIS2PLACEMENT3D(#1006,#263,#1007);
#1009=IFCEXTRUDEDAREASOLID(#1005,#1008,#43,25.000000000005567);
#1010=IFCCARTESIANPOINT((0.,0.));
#1011=IFCDIRECTION((1.,0.));
#1012=IFCAXIS2PLACEMENT2D(#1010,#1011);
#1013=IFCRECTANGLEPROFILEDEF(.AREA.,'650',#1012,649.99999999999989,51.000000000000007);
#1014=IFCCARTESIANPOINT((325.,74.499999999995183,0.));
#1015=IFCAXIS2PLACEMENT3D(#1014,$,$);
#1016=IFCEXTRUDEDAREASOLID(#1013,#1015,#43,2119.9999999999995);
#1017=IFCCOLOURRGB($,0.46274509803921571,0.27450980392156865,0.20000000000000001);
#1018=IFCSURFACESTYLERENDERING(#1017,0.,$,$,$,$,IFCNORMALISEDRATIOMEASURE(0.5),IFCSPECULAREXPONENT(128.),.NOTDEFINED.);
#1019=IFCSURFACESTYLE('Door - Frame',.BOTH.,(#1018));
#1020=IFCPRESENTATIONSTYLEASSIGNMENT((#1019));
#1021=IFCSTYLEDITEM(#991,(#1020),$);
#1022=IFCSTYLEDITEM(#1009,(#1020),$);
#1023=IFCCOLOURRGB($,0.82352941176470584,0.62352941176470589,0.37254901960784315);
#1024=IFCSURFACESTYLERENDERING(#1023,0.,$,$,$,$,IFCNORMALISEDRATIOMEASURE(0.5),IFCSPECULAREXPONENT(128.),.NOTDEFINED.);
#1025=IFCSURFACESTYLE('Door - Panel',.BOTH.,(#1024));
#1026=IFCPRESENTATIONSTYLEASSIGNMENT((#1025));
#1027=IFCSTYLEDITEM(#1016,(#1026),$);
#1028=IFCSHAPEREPRESENTATION(#15,'Body','SweptSolid',(#991,#1009,#1016));
#1029=IFCAXIS2PLACEMENT3D(#10,$,$);
#1030=IFCREPRESENTATIONMAP(#1029,#1028);
#1031=IFCDOORLININGPROPERTIES('1ZbzvERVP2EPsD9mw40DHO',#6,'M_Single-Flush:650:847078',$,$,$,$,$,$,$,$,$,$,$,$);
#1032=IFCDOORPANELPROPERTIES('1ZbzvERVP2EPsD9ms40DHO',#6,'M_Single-Flush:650:847078:1',$,$,.SWINGING.,$,.NOTDEFINED.,$);
#1033=IFCDOORSTYLE('0VgiU3C6a043vB9IBYwH3c',#6,'M_Single-Flush:650',$,$,(#1031,#1032,#1067),(#1030),'390618',.SINGLE_SWING_LEFT.,.NOTDEFINED.,.F.,.F.);
#1034=IFCMATERIAL('Door - Frame');
#1035=IFCPRESENTATIONSTYLEASSIGNMENT((#1019));
#1036=IFCSTYLEDITEM($,(#1035),$);
#1037=IFCSTYLEDREPRESENTATION(#13,'Style','Material',(#1036));
#1038=IFCMATERIALDEFINITIONREPRESENTATION($,$,(#1037),#1034);
#1039=IFCMATERIAL('Door - Panel');
#1040=IFCPRESENTATIONSTYLEASSIGNMENT((#1025));
#1041=IFCSTYLEDITEM($,(#1040),$);
#1042=IFCSTYLEDREPRESENTATION(#13,'Style','Material',(#1041));
#1043=IFCMATERIALDEFINITIONREPRESENTATION($,$,(#1042),#1039);
#1044=IFCMATERIALLIST((#1034,#1039));
#1045=IFCCARTESIANTRANSFORMATIONOPERATOR3D($,$,#10,1.,$);
#1046=IFCMAPPEDITEM(#1030,#1045);
#1047=IFCSHAPEREPRESENTATION(#15,'Body','MappedRepresentation',(#1046));
#1048=IFCPRODUCTDEFINITIONSHAPE($,$,(#1047));
#1049=IFCCARTESIANPOINT((440.26817768053166,4012.8648989581957,0.));
#1050=IFCAXIS2PLACEMENT3D(#1049,$,$);
#1052=IFCDOOR('1ZbzvERVP2EPsD9m_40DHO',#6,'M_Single-Flush:650:847078',$,$,#10649,#1048,'847078',2119.9999999999995,650.);
#1053=IFCPROPERTYSINGLEVALUE('Reference',$,IFCIDENTIFIER('650'),$);
#1054=IFCPROPERTYSINGLEVALUE('IsExternal',$,IFCBOOLEAN(.F.),$);
#1055=IFCPROPERTYSET('358QVnr1hvAEFFCmKVgA3a',#6,'Pset_DoorCommon',$,(#1053,#1054));
#1056=IFCPROPERTYSET('2LqQpIJQChfzxeP7eS7B4l',#6,'Pset_QuantityTakeOff',$,(#1053));
#1057=IFCRELDEFINESBYPROPERTIES('27xhBQkEq0iCfBYiSBh49K',#6,$,$,(#1052),#1055);
#1058=IFCRELDEFINESBYPROPERTIES('30mgFb4WeoNEhOQl7rUZT5',#6,$,$,(#1052),#1056);
#1059=IFCSIUNIT(*,.MASSUNIT.,.KILO.,.GRAM.);
#1060=IFCDERIVEDUNITELEMENT(#1059,1);
#1061=IFCSIUNIT(*,.THERMODYNAMICTEMPERATUREUNIT.,$,.KELVIN.);
#1062=IFCDERIVEDUNITELEMENT(#1061,-1);
#1063=IFCSIUNIT(*,.TIMEUNIT.,$,.SECOND.);
#1064=IFCDERIVEDUNITELEMENT(#1063,-3);
#1065=IFCDERIVEDUNIT((#1060,#1062,#1064),.THERMALTRANSMITTANCEUNIT.,$);
#1066=IFCPROPERTYSINGLEVALUE('ThermalTransmittance',$,IFCTHERMALTRANSMITTANCEMEASURE(3.7021000000000002),$);
#1067=IFCPROPERTYSET('0PuXmVfUX0rGgi3VGOZl1q',#6,'Pset_DoorCommon',$,(#1066));
#1068=IFCCARTESIANPOINT((-426.,-1082.));
#1069=IFCCARTESIANPOINT((426.,-1082.));
#1070=IFCCARTESIANPOINT((426.,1044.));
#1071=IFCCARTESIANPOINT((350.,1044.));
#1072=IFCCARTESIANPOINT((350.,-1006.));
#1073=IFCCARTESIANPOINT((-350.,-1006.));
#1074=IFCCARTESIANPOINT((-350.,1044.));
#1075=IFCCARTESIANPOINT((-426.,1044.));
#1076=IFCPOLYLINE((#1068,#1069,#1070,#1071,#1072,#1073,#1074,#1075,#1068));
#1077=IFCARBITRARYCLOSEDPROFILEDEF(.AREA.,'700',#1076);
#1078=IFCCARTESIANPOINT((350.,100.,1044.));
#1079=IFCDIRECTION((1.,0.,0.));
#1080=IFCAXIS2PLACEMENT3D(#1078,#88,#1079);
#1081=IFCEXTRUDEDAREASOLID(#1077,#1080,#43,24.999999999994444);
#1082=IFCCARTESIANPOINT((-1082.,-426.));
#1083=IFCCARTESIANPOINT((1044.,-426.));
#1084=IFCCARTESIANPOINT((1044.,-350.));
#1085=IFCCARTESIANPOINT((-1006.,-350.));
#1086=IFCCARTESIANPOINT((-1006.,350.));
#1087=IFCCARTESIANPOINT((1044.,350.));
#1088=IFCCARTESIANPOINT((1044.,426.));
#1089=IFCCARTESIANPOINT((-1082.,426.));
#1090=IFCPOLYLINE((#1082,#1083,#1084,#1085,#1086,#1087,#1088,#1089,#1082));
#1091=IFCARBITRARYCLOSEDPROFILEDEF(.AREA.,'700',#1090);
#1092=IFCCARTESIANPOINT((350.,-25.,1044.));
#1093=IFCAXIS2PLACEMENT3D(#1092,#88,#1007);
#1094=IFCEXTRUDEDAREASOLID(#1091,#1093,#43,25.000000000005578);
#1095=IFCCARTESIANPOINT((0.,0.));
#1096=IFCAXIS2PLACEMENT2D(#1095,#1011);
#1097=IFCRECTANGLEPROFILEDEF(.AREA.,'700',#1096,51.000000000000007,699.99999999999989);
#1098=IFCCARTESIANPOINT((350.,74.499999999999361,0.));
#1099=IFCAXIS2PLACEMENT3D(#1098,#43,#88);
#1100=IFCEXTRUDEDAREASOLID(#1097,#1099,#43,2049.9999999999995);
#1101=IFCSTYLEDITEM(#1081,(#1020),$);
#1102=IFCSTYLEDITEM(#1094,(#1020),$);
#1103=IFCSTYLEDITEM(#1100,(#1026),$);
#1104=IFCSHAPEREPRESENTATION(#15,'Body','SweptSolid',(#1081,#1094,#1100));
#1105=IFCAXIS2PLACEMENT3D(#10,$,$);
#1106=IFCREPRESENTATIONMAP(#1105,#1104);
#1107=IFCDOORLININGPROPERTIES('1ZbzvERVP2EPsD9mw40DHE',#6,'M_Single-Flush:700:847088',$,$,$,$,$,$,$,$,$,$,$,$);
#1108=IFCDOORPANELPROPERTIES('1ZbzvERVP2EPsD9ms40DHE',#6,'M_Single-Flush:700:847088:1',$,$,.SWINGING.,$,.NOTDEFINED.,$);
#1109=IFCDOORSTYLE('29MsE3vMzNvEanlH4fuoEF',#6,'M_Single-Flush:700',$,$,(#1107,#1108,#1124),(#1106),'49480',.SINGLE_SWING_RIGHT.,.NOTDEFINED.,.F.,.F.);
#1110=IFCMAPPEDITEM(#1106,#1045);
#1111=IFCSHAPEREPRESENTATION(#15,'Body','MappedRepresentation',(#1110));
#1112=IFCPRODUCTDEFINITIONSHAPE($,$,(#1111));
#1113=IFCCARTESIANPOINT((1232.3609020093588,2316.2189838085383,0.));
#1114=IFCDIRECTION((0.9996348326993566,0.027022236290312193,0.));
#1115=IFCAXIS2PLACEMENT3D(#1113,#43,#1114);
#1117=IFCDOOR('1ZbzvERVP2EPsD9m_40DHE',#6,'M_Single-Flush:700:847088',$,$,#10664,#1112,'847088',2049.9999999999995,700.00000000000023);
#1118=IFCPROPERTYSINGLEVALUE('Reference',$,IFCIDENTIFIER('700'),$);
#1119=IFCPROPERTYSET('1YGllt03ieRzcnBfl0jqKv',#6,'Pset_DoorCommon',$,(#1054,#1118));
#1120=IFCPROPERTYSET('2jptu5QHZpw2P0_$O3IKLc',#6,'Pset_QuantityTakeOff',$,(#1118));
#1121=IFCRELDEFINESBYPROPERTIES('3EYp4IBX$94acyVaEHqAFM',#6,$,$,(#1117),#1119);
#1122=IFCRELDEFINESBYPROPERTIES('3n1sszNc8OsZDPOG8mGDRu',#6,$,$,(#1117),#1120);
#1123=IFCPROPERTYSINGLEVALUE('ThermalTransmittance',$,IFCTHERMALTRANSMITTANCEMEASURE(3.7021000000000002),$);
#1124=IFCPROPERTYSET('1Q3LOsMjKr0zTNMknycSTz',#6,'Pset_DoorCommon',$,(#1123));
#1125=IFCCARTESIANPOINT((-476.,-1087.));
#1126=IFCCARTESIANPOINT((476.,-1087.));
#1127=IFCCARTESIANPOINT((476.,1049.));
#1128=IFCCARTESIANPOINT((400.,1049.));
#1129=IFCCARTESIANPOINT((400.,-1011.));
#1130=IFCCARTESIANPOINT((-400.,-1011.));
#1131=IFCCARTESIANPOINT((-400.,1049.));
#1132=IFCCARTESIANPOINT((-476.,1049.));
#1133=IFCPOLYLINE((#1125,#1126,#1127,#1128,#1129,#1130,#1131,#1132,#1125));
#1134=IFCARBITRARYCLOSEDPROFILEDEF(.AREA.,'800',#1133);
#1135=IFCCARTESIANPOINT((400.,100.,1049.));
#1136=IFCAXIS2PLACEMENT3D(#1135,#88,#1079);
#1137=IFCEXTRUDEDAREASOLID(#1134,#1136,#43,24.999999999994451);
#1138=IFCCARTESIANPOINT((-1087.,-476.));
#1139=IFCCARTESIANPOINT((1049.,-476.));
#1140=IFCCARTESIANPOINT((1049.,-400.));
#1141=IFCCARTESIANPOINT((-1011.,-400.));
#1142=IFCCARTESIANPOINT((-1011.,400.));
#1143=IFCCARTESIANPOINT((1049.,400.));
#1144=IFCCARTESIANPOINT((1049.,476.));
#1145=IFCCARTESIANPOINT((-1087.,476.));
#1146=IFCPOLYLINE((#1138,#1139,#1140,#1141,#1142,#1143,#1144,#1145,#1138));
#1147=IFCARBITRARYCLOSEDPROFILEDEF(.AREA.,'800',#1146);
#1148=IFCCARTESIANPOINT((400.,-25.,1049.));
#1149=IFCAXIS2PLACEMENT3D(#1148,#88,#1007);
#1150=IFCEXTRUDEDAREASOLID(#1147,#1149,#43,25.000000000005567);
#1151=IFCCARTESIANPOINT((0.,0.));
#1152=IFCAXIS2PLACEMENT2D(#1151,#1011);
#1153=IFCRECTANGLEPROFILEDEF(.AREA.,'800',#1152,51.000000000000007,799.99999999999989);
#1154=IFCCARTESIANPOINT((400.,74.499999999999261,0.));
#1155=IFCAXIS2PLACEMENT3D(#1154,#43,#88);
#1156=IFCEXTRUDEDAREASOLID(#1153,#1155,#43,2059.9999999999991);
#1157=IFCSTYLEDITEM(#1137,(#1020),$);
#1158=IFCSTYLEDITEM(#1150,(#1020),$);
#1159=IFCSTYLEDITEM(#1156,(#1026),$);
#1160=IFCSHAPEREPRESENTATION(#15,'Body','SweptSolid',(#1137,#1150,#1156));
#1161=IFCAXIS2PLACEMENT3D(#10,$,$);
#1162=IFCREPRESENTATIONMAP(#1161,#1160);
#1163=IFCDOORLININGPROPERTIES('1ZbzvERVP2EPsD9mw40DH7',#6,'M_Single-Flush:800:847097',$,$,$,$,$,$,$,$,$,$,$,$);
#1164=IFCDOORPANELPROPERTIES('1ZbzvERVP2EPsD9ms40DH7',#6,'M_Single-Flush:800:847097:1',$,$,.SWINGING.,$,.NOTDEFINED.,$);
#1165=IFCDOORSTYLE('3p21I4NunT8Lht6J0JAJdc',#6,'M_Single-Flush:800',$,$,(#1163,#1164,#1179),(#1162),'451692',.SINGLE_SWING_RIGHT.,.NOTDEFINED.,.F.,.F.);
#1166=IFCMAPPEDITEM(#1162,#1045);
#1167=IFCSHAPEREPRESENTATION(#15,'Body','MappedRepresentation',(#1166));
#1168=IFCPRODUCTDEFINITIONSHAPE($,$,(#1167));
#1169=IFCCARTESIANPOINT((6552.1225354569115,3210.3235203808717,0.));
#1170=IFCAXIS2PLACEMENT3D(#1169,#43,#263);
#1172=IFCDOOR('1ZbzvERVP2EPsD9m_40DH7',#6,'M_Single-Flush:800:847097',$,$,#10694,#1168,'847097',2059.9999999999995,800.);
#1173=IFCPROPERTYSINGLEVALUE('Reference',$,IFCIDENTIFIER('800'),$);
#1174=IFCPROPERTYSET('2YQZ_3kSvK8s8lWm97ZFE4',#6,'Pset_DoorCommon',$,(#1054,#1173));
#1175=IFCPROPERTYSET('3l5PW_FytU9zLNMQKkldCF',#6,'Pset_QuantityTakeOff',$,(#1173));
#1176=IFCRELDEFINESBYPROPERTIES('3Y_Sx8_dTQrQKSX$_kitIb',#6,$,$,(#1172),#1174);
#1177=IFCRELDEFINESBYPROPERTIES('2Xj7TI3PWR7q0qu1K_6ufj',#6,$,$,(#1172),#1175);
#1178=IFCPROPERTYSINGLEVALUE('ThermalTransmittance',$,IFCTHERMALTRANSMITTANCEMEASURE(3.7021000000000002),$);
#1179=IFCPROPERTYSET('1GBZXTxhJxj6rcaG1IYVdV',#6,'Pset_DoorCommon',$,(#1178));
#1180=IFCCARTESIANPOINT((-451.,-1087.));
#1181=IFCCARTESIANPOINT((451.,-1087.));
#1182=IFCCARTESIANPOINT((451.,1049.));
#1183=IFCCARTESIANPOINT((375.,1049.));
#1184=IFCCARTESIANPOINT((375.,-1011.));
#1185=IFCCARTESIANPOINT((-375.,-1011.));
#1186=IFCCARTESIANPOINT((-375.,1049.));
#1187=IFCCARTESIANPOINT((-451.,1049.));
#1188=IFCPOLYLINE((#1180,#1181,#1182,#1183,#1184,#1185,#1186,#1187,#1180));
#1189=IFCARBITRARYCLOSEDPROFILEDEF(.AREA.,'750',#1188);
#1190=IFCCARTESIANPOINT((375.,100.,1049.));
#1191=IFCAXIS2PLACEMENT3D(#1190,#88,#1079);
#1192=IFCEXTRUDEDAREASOLID(#1189,#1191,#43,24.999999999994451);
#1193=IFCCARTESIANPOINT((-1087.,-451.));
#1194=IFCCARTESIANPOINT((1049.,-451.));
#1195=IFCCARTESIANPOINT((1049.,-375.));
#1196=IFCCARTESIANPOINT((-1011.,-375.));
#1197=IFCCARTESIANPOINT((-1011.,375.));
#1198=IFCCARTESIANPOINT((1049.,375.));
#1199=IFCCARTESIANPOINT((1049.,451.));
#1200=IFCCARTESIANPOINT((-1087.,451.));
#1201=IFCPOLYLINE((#1193,#1194,#1195,#1196,#1197,#1198,#1199,#1200,#1193));
#1202=IFCARBITRARYCLOSEDPROFILEDEF(.AREA.,'750',#1201);
#1203=IFCCARTESIANPOINT((375.,-25.,1049.));
#1204=IFCAXIS2PLACEMENT3D(#1203,#88,#1007);
#1205=IFCEXTRUDEDAREASOLID(#1202,#1204,#43,25.000000000005578);
#1206=IFCCARTESIANPOINT((0.,0.));
#1207=IFCAXIS2PLACEMENT2D(#1206,#1011);
#1208=IFCRECTANGLEPROFILEDEF(.AREA.,'750',#1207,51.000000000000007,749.99999999999989);
#1209=IFCCARTESIANPOINT((375.,74.499999999999304,0.));
#1210=IFCAXIS2PLACEMENT3D(#1209,#43,#88);
#1211=IFCEXTRUDEDAREASOLID(#1208,#1210,#43,2059.9999999999991);
#1212=IFCSTYLEDITEM(#1192,(#1020),$);
#1213=IFCSTYLEDITEM(#1205,(#1020),$);
#1214=IFCSTYLEDITEM(#1211,(#1026),$);
#1215=IFCSHAPEREPRESENTATION(#15,'Body','SweptSolid',(#1192,#1205,#1211));
#1216=IFCAXIS2PLACEMENT3D(#10,$,$);
#1217=IFCREPRESENTATIONMAP(#1216,#1215);
#1218=IFCDOORLININGPROPERTIES('1ZbzvERVP2EPsD9mw40DH0',#6,'M_Single-Flush:750:847102',$,$,$,$,$,$,$,$,$,$,$,$);
#1219=IFCDOORPANELPROPERTIES('1ZbzvERVP2EPsD9ms40DH0',#6,'M_Single-Flush:750:847102:1',$,$,.SWINGING.,$,.NOTDEFINED.,$);
#1220=IFCDOORSTYLE('1xFrZ1tWPCI9b8$$F3umlv',#6,'M_Single-Flush:750',$,$,(#1218,#1219,#1235),(#1217),'354397',.SINGLE_SWING_RIGHT.,.NOTDEFINED.,.F.,.F.);
#1221=IFCMAPPEDITEM(#1217,#1045);
#1222=IFCSHAPEREPRESENTATION(#15,'Body','MappedRepresentation',(#1221));
#1223=IFCPRODUCTDEFINITIONSHAPE($,$,(#1222));
#1224=IFCCARTESIANPOINT((5394.6204269857244,1448.2583650644999,0.));
#1225=IFCDIRECTION((0.99996219496057481,0.0086953234344398535,0.));
#1226=IFCAXIS2PLACEMENT3D(#1224,#43,#1225);
#1228=IFCDOOR('1ZbzvERVP2EPsD9m_40DH0',#6,'M_Single-Flush:750:847102',$,$,#10709,#1223,'847102',2059.9999999999995,750.00000000000023);
#1229=IFCPROPERTYSINGLEVALUE('Reference',$,IFCIDENTIFIER('750'),$);
#1230=IFCPROPERTYSET('2fk0HVV_iHuQFsh4svIbyS',#6,'Pset_DoorCommon',$,(#1054,#1229));
#1231=IFCPROPERTYSET('0i5s7rJ960rmRECP8iIWsN',#6,'Pset_QuantityTakeOff',$,(#1229));
#1232=IFCRELDEFINESBYPROPERTIES('3x1Lt2Jky5CSdeHWPm5sek',#6,$,$,(#1228),#1230);
#1233=IFCRELDEFINESBYPROPERTIES('3$zu_MmIWCrot0nQc6yEC8',#6,$,$,(#1228),#1231);
#1234=IFCPROPERTYSINGLEVALUE('ThermalTransmittance',$,IFCTHERMALTRANSMITTANCEMEASURE(3.7021000000000002),$);
#1235=IFCPROPERTYSET('1AAv3DIz0$$xWwAWFoK9FG',#6,'Pset_DoorCommon',$,(#1234));
#1236=IFCCARTESIANPOINT((-351.,-1117.));
#1237=IFCCARTESIANPOINT((351.,-1117.));
#1238=IFCCARTESIANPOINT((351.,1079.));
#1239=IFCCARTESIANPOINT((275.,1079.));
#1240=IFCCARTESIANPOINT((275.,-1041.));
#1241=IFCCARTESIANPOINT((-275.,-1041.));
#1242=IFCCARTESIANPOINT((-275.,1079.));
#1243=IFCCARTESIANPOINT((-351.,1079.));
#1244=IFCPOLYLINE((#1236,#1237,#1238,#1239,#1240,#1241,#1242,#1243,#1236));
#1245=IFCARBITRARYCLOSEDPROFILEDEF(.AREA.,'550',#1244);
#1246=IFCCARTESIANPOINT((275.,100.,1079.));
#1247=IFCAXIS2PLACEMENT3D(#1246,#88,#1079);
#1248=IFCEXTRUDEDAREASOLID(#1245,#1247,#43,24.999999999994451);
#1249=IFCCARTESIANPOINT((-1117.,-351.));
#1250=IFCCARTESIANPOINT((1079.,-351.));
#1251=IFCCARTESIANPOINT((1079.,-275.));
#1252=IFCCARTESIANPOINT((-1041.,-275.));
#1253=IFCCARTESIANPOINT((-1041.,275.));
#1254=IFCCARTESIANPOINT((1079.,275.));
#1255=IFCCARTESIANPOINT((1079.,351.));
#1256=IFCCARTESIANPOINT((-1117.,351.));
#1257=IFCPOLYLINE((#1249,#1250,#1251,#1252,#1253,#1254,#1255,#1256,#1249));
#1258=IFCARBITRARYCLOSEDPROFILEDEF(.AREA.,'550',#1257);
#1259=IFCCARTESIANPOINT((275.,-25.,1079.));
#1260=IFCAXIS2PLACEMENT3D(#1259,#88,#1007);
#1261=IFCEXTRUDEDAREASOLID(#1258,#1260,#43,25.000000000005578);
#1262=IFCCARTESIANPOINT((0.,0.));
#1263=IFCAXIS2PLACEMENT2D(#1262,#1011);
#1264=IFCRECTANGLEPROFILEDEF(.AREA.,'550',#1263,51.000000000000007,549.99999999999989);
#1265=IFCCARTESIANPOINT((275.,74.500000000000526,0.));
#1266=IFCAXIS2PLACEMENT3D(#1265,#43,#88);
#1267=IFCEXTRUDEDAREASOLID(#1264,#1266,#43,2119.9999999999995);
#1268=IFCSTYLEDITEM(#1248,(#1020),$);
#1269=IFCSTYLEDITEM(#1261,(#1020),$);
#1270=IFCSTYLEDITEM(#1267,(#1026),$);
#1271=IFCSHAPEREPRESENTATION(#15,'Body','SweptSolid',(#1248,#1261,#1267));
#1272=IFCAXIS2PLACEMENT3D(#10,$,$);
#1273=IFCREPRESENTATIONMAP(#1272,#1271);
#1274=IFCDOORLININGPROPERTIES('1ZbzvERVP2EPsD9mw40DMx',#6,'M_Single-Flush:550:847109',$,$,$,$,$,$,$,$,$,$,$,$);
#1275=IFCDOORPANELPROPERTIES('1ZbzvERVP2EPsD9ms40DMx',#6,'M_Single-Flush:550:847109:1',$,$,.SWINGING.,$,.NOTDEFINED.,$);
#1276=IFCDOORSTYLE('3BOdZdn6kzxuMk0PYmKeCS',#6,'M_Single-Flush:550',$,$,(#1274,#1275,#1290),(#1273),'442367',.SINGLE_SWING_RIGHT.,.NOTDEFINED.,.F.,.F.);
#1277=IFCMAPPEDITEM(#1273,#1045);
#1278=IFCSHAPEREPRESENTATION(#15,'Body','MappedRepresentation',(#1277));
#1279=IFCPRODUCTDEFINITIONSHAPE($,$,(#1278));
#1280=IFCCARTESIANPOINT((4798.0724887932438,3240.9713272849067,0.));
#1281=IFCAXIS2PLACEMENT3D(#1280,#43,#263);
#1283=IFCDOOR('1ZbzvERVP2EPsD9m_40DMx',#6,'M_Single-Flush:550:847109',$,$,#10679,#1279,'847109',2119.9999999999995,550.00000000000057);
#1284=IFCPROPERTYSINGLEVALUE('Reference',$,IFCIDENTIFIER('550'),$);
#1285=IFCPROPERTYSET('0b2pzFSMOf3UMPFNI_LDDu',#6,'Pset_DoorCommon',$,(#1054,#1284));
#1286=IFCPROPERTYSET('1CxrFObME4LcjnvaaL26jJ',#6,'Pset_QuantityTakeOff',$,(#1284));
#1287=IFCRELDEFINESBYPROPERTIES('1vk4mZ5lZRxt9fuTpcA2sj',#6,$,$,(#1283),#1285);
#1288=IFCRELDEFINESBYPROPERTIES('0vIpoviOqRVb4lIKgJ9TAr',#6,$,$,(#1283),#1286);
#1289=IFCPROPERTYSINGLEVALUE('ThermalTransmittance',$,IFCTHERMALTRANSMITTANCEMEASURE(3.7021000000000002),$);
#1290=IFCPROPERTYSET('11$lu2LIhPzWRnnZzl5yCC',#6,'Pset_DoorCommon',$,(#1289));
#1291=IFCCARTESIANPOINT((-476.,-1087.));
#1292=IFCCARTESIANPOINT((476.,-1087.));
#1293=IFCCARTESIANPOINT((476.,1049.));
#1294=IFCCARTESIANPOINT((400.,1049.));
#1295=IFCCARTESIANPOINT((400.,-1011.));
#1296=IFCCARTESIANPOINT((-400.,-1011.));
#1297=IFCCARTESIANPOINT((-400.,1049.));
#1298=IFCCARTESIANPOINT((-476.,1049.));
#1299=IFCPOLYLINE((#1291,#1292,#1293,#1294,#1295,#1296,#1297,#1298,#1291));
#1300=IFCARBITRARYCLOSEDPROFILEDEF(.AREA.,'800',#1299);
#1301=IFCCARTESIANPOINT((400.,265.,1049.));
#1302=IFCAXIS2PLACEMENT3D(#1301,#263,#780);
#1303=IFCEXTRUDEDAREASOLID(#1300,#1302,#43,24.999999999994451);
#1304=IFCCARTESIANPOINT((-1087.,-476.));
#1305=IFCCARTESIANPOINT((1049.,-476.));
#1306=IFCCARTESIANPOINT((1049.,-400.));
#1307=IFCCARTESIANPOINT((-1011.,-400.));
#1308=IFCCARTESIANPOINT((-1011.,400.));
#1309=IFCCARTESIANPOINT((1049.,400.));
#1310=IFCCARTESIANPOINT((1049.,476.));
#1311=IFCCARTESIANPOINT((-1087.,476.));
#1312=IFCPOLYLINE((#1304,#1305,#1306,#1307,#1308,#1309,#1310,#1311,#1304));
#1313=IFCARBITRARYCLOSEDPROFILEDEF(.AREA.,'800',#1312);
#1314=IFCCARTESIANPOINT((400.,-0.,1049.));
#1315=IFCAXIS2PLACEMENT3D(#1314,#263,#1007);
#1316=IFCEXTRUDEDAREASOLID(#1313,#1315,#43,25.000000000005567);
#1317=IFCCARTESIANPOINT((0.,5.3290705182007514E-015));
#1318=IFCAXIS2PLACEMENT2D(#1317,#1011);
#1319=IFCRECTANGLEPROFILEDEF(.AREA.,'800',#1318,799.99999999999989,51.);
#1320=IFCCARTESIANPOINT((400.,214.49999999999528,0.));
#1321=IFCAXIS2PLACEMENT3D(#1320,$,$);
#1322=IFCEXTRUDEDAREASOLID(#1319,#1321,#43,2059.9999999999991);
#1323=IFCSTYLEDITEM(#1303,(#1020),$);
#1324=IFCSTYLEDITEM(#1316,(#1020),$);
#1325=IFCSTYLEDITEM(#1322,(#1026),$);
#1326=IFCSHAPEREPRESENTATION(#15,'Body','SweptSolid',(#1303,#1316,#1322));
#1327=IFCAXIS2PLACEMENT3D(#10,$,$);
#1328=IFCREPRESENTATIONMAP(#1327,#1326);
#1329=IFCDOORLININGPROPERTIES('1ZbzvERVP2EPsD9mw40DMq',#6,'M_Single-Flush:800:847114',$,$,$,$,$,$,$,$,$,$,$,$);
#1330=IFCDOORPANELPROPERTIES('1ZbzvERVP2EPsD9ms40DMq',#6,'M_Single-Flush:800:847114:1',$,$,.SWINGING.,$,.NOTDEFINED.,$);
#1331=IFCDOORSTYLE('3ZmFKrWQSOzjxA2PAtdLD1',#6,'M_Single-Flush:800',$,$,(#1329,#1330,#1345),(#1328),'451692',.SINGLE_SWING_LEFT.,.NOTDEFINED.,.F.,.F.);
#1332=IFCMAPPEDITEM(#1328,#1045);
#1333=IFCSHAPEREPRESENTATION(#15,'Body','MappedRepresentation',(#1332));
#1334=IFCPRODUCTDEFINITIONSHAPE($,$,(#1333));
#1335=IFCCARTESIANPOINT((6293.1923529810365,3691.3194590021726,0.));
#1336=IFCDIRECTION((-0.99985761423694519,-0.016874574139934803,0.));
#1337=IFCAXIS2PLACEMENT3D(#1335,#43,#1336);
#1339=IFCDOOR('1ZbzvERVP2EPsD9m_40DMq',#6,'M_Single-Flush:800:847114',$,$,#10634,#1334,'847114',2059.9999999999995,799.99999999999909);
#1340=IFCPROPERTYSET('2IyMv0E3ILI4s31LSbP0DU',#6,'Pset_DoorCommon',$,(#1054,#1173));
#1341=IFCPROPERTYSET('3KGq0sV3a_EKME0B1d4nTc',#6,'Pset_QuantityTakeOff',$,(#1173));
#1342=IFCRELDEFINESBYPROPERTIES('24RU9EVaAhQm5Q7bu0P2fj',#6,$,$,(#1339),#1340);
#1343=IFCRELDEFINESBYPROPERTIES('0hAmb$wpAw_UgzeVKRqwKG',#6,$,$,(#1339),#1341);
#1344=IFCPROPERTYSINGLEVALUE('ThermalTransmittance',$,IFCTHERMALTRANSMITTANCEMEASURE(3.7021000000000002),$);
#1345=IFCPROPERTYSET('0kGu$MWi_X6wQz6YQRmkif',#6,'Pset_DoorCommon',$,(#1344));
#1346=IFCCARTESIANPOINT((-8.4376949871511897E-015,0.));
#1347=IFCAXIS2PLACEMENT2D(#1346,#1011);
#1348=IFCRECTANGLEPROFILEDEF(.AREA.,'1400x1600',#1347,11.999999999999996,1273.9999999999966);
#1349=IFCCARTESIANPOINT((700.,228.,63.));
#1350=IFCAXIS2PLACEMENT3D(#1349,#43,#263);
#1351=IFCEXTRUDEDAREASOLID(#1348,#1350,#43,1474.0000000000057);
#1352=IFCCARTESIANPOINT((-681.,-781.));
#1353=IFCCARTESIANPOINT((681.,-781.));
#1354=IFCCARTESIANPOINT((681.,781.));
#1355=IFCCARTESIANPOINT((-681.,781.));
#1356=IFCPOLYLINE((#1352,#1353,#1354,#1355,#1352));
#1357=IFCCARTESIANPOINT((-637.,-737.));
#1358=IFCCARTESIANPOINT((-637.,737.));
#1359=IFCCARTESIANPOINT((637.,737.));
#1360=IFCCARTESIANPOINT((637.,-737.));
#1361=IFCPOLYLINE((#1357,#1358,#1359,#1360,#1357));
#1362=IFCARBITRARYPROFILEDEFWITHVOIDS(.AREA.,'1400x1600',#1356,(#1361));
#1363=IFCCARTESIANPOINT((700.,206.,800.));
#1364=IFCAXIS2PLACEMENT3D(#1363,#88,#1079);
#1365=IFCEXTRUDEDAREASOLID(#1362,#1364,#43,44.000000000027441);
#1366=IFCCARTESIANPOINT((-700.,-800.));
#1367=IFCCARTESIANPOINT((700.,-800.));
#1368=IFCCARTESIANPOINT((700.,800.));
#1369=IFCCARTESIANPOINT((-700.,800.));
#1370=IFCPOLYLINE((#1366,#1367,#1368,#1369,#1366));
#1371=IFCCARTESIANPOINT((-681.,-781.));
#1372=IFCCARTESIANPOINT((-681.,781.));
#1373=IFCCARTESIANPOINT((681.,781.));
#1374=IFCCARTESIANPOINT((681.,-781.));
#1375=IFCPOLYLINE((#1371,#1372,#1373,#1374,#1371));
#1376=IFCARBITRARYPROFILEDEFWITHVOIDS(.AREA.,'1400x1600',#1370,(#1375));
#1377=IFCCARTESIANPOINT((700.,206.,800.));
#1378=IFCAXIS2PLACEMENT3D(#1377,#88,#1079);
#1379=IFCEXTRUDEDAREASOLID(#1376,#1378,#43,94.000000000027441);
#1380=IFCCARTESIANPOINT((-700.,-800.));
#1381=IFCCARTESIANPOINT((700.,-800.));
#1382=IFCCARTESIANPOINT((700.,800.));
#1383=IFCCARTESIANPOINT((-700.,800.));
#1384=IFCPOLYLINE((#1380,#1381,#1382,#1383,#1380));
#1385=IFCCARTESIANPOINT((-668.,-768.));
#1386=IFCCARTESIANPOINT((-668.,768.));
#1387=IFCCARTESIANPOINT((668.,768.));
#1388=IFCCARTESIANPOINT((668.,-768.));
#1389=IFCPOLYLINE((#1385,#1386,#1387,#1388,#1385));
#1390=IFCARBITRARYPROFILEDEFWITHVOIDS(.AREA.,'1400x1600',#1384,(#1389));
#1391=IFCCARTESIANPOINT((700.,-0.,800.));
#1392=IFCAXIS2PLACEMENT3D(#1391,#88,#1079);
#1393=IFCEXTRUDEDAREASOLID(#1390,#1392,#43,205.9999999999726);
#1394=IFCCOLOURRGB($,0.,0.50196078431372548,0.75294117647058822);
#1395=IFCSURFACESTYLERENDERING(#1394,0.90000000000000002,$,$,$,$,IFCNORMALISEDRATIOMEASURE(0.5),IFCSPECULAREXPONENT(12.),.NOTDEFINED.);
#1396=IFCSURFACESTYLE('Glass',.BOTH.,(#1395));
#1397=IFCPRESENTATIONSTYLEASSIGNMENT((#1396));
#1398=IFCSTYLEDITEM(#1351,(#1397),$);
#1399=IFCCOLOURRGB($,0.47058823529411764,0.47058823529411764,0.47058823529411764);
#1400=IFCSURFACESTYLERENDERING(#1399,0.,$,$,$,$,IFCNORMALISEDRATIOMEASURE(0.5),IFCSPECULAREXPONENT(64.),.NOTDEFINED.);
#1401=IFCSURFACESTYLE('Metal, Paint Finish, White, Matte',.BOTH.,(#1400));
#1402=IFCPRESENTATIONSTYLEASSIGNMENT((#1401));
#1403=IFCSTYLEDITEM(#1365,(#1402),$);
#1404=IFCSTYLEDITEM(#1379,(#1402),$);
#1405=IFCSTYLEDITEM(#1393,(#1402),$);
#1406=IFCSHAPEREPRESENTATION(#15,'Body','SweptSolid',(#1351,#1365,#1379,#1393));
#1407=IFCAXIS2PLACEMENT3D(#10,$,$);
#1408=IFCREPRESENTATIONMAP(#1407,#1406);
#1409=IFCWINDOWLININGPROPERTIES('1ZbzvERVP2EPsD9mw40DMg',#6,'R_Window:1400x1600:847124',$,$,$,$,$,$,$,$,$,$);
#1410=IFCWINDOWSTYLE('1kOxiK6Gv_GLjKR_VJL2_5',#6,'R_Window:1400x1600',$,$,(#1409,#1436),(#1408),'543830',.NOTDEFINED.,.NOTDEFINED.,.F.,.F.);
#1411=IFCMATERIAL('Glass');
#1412=IFCPRESENTATIONSTYLEASSIGNMENT((#1396));
#1413=IFCSTYLEDITEM($,(#1412),$);
#1414=IFCSTYLEDREPRESENTATION(#13,'Style','Material',(#1413));
#1415=IFCMATERIALDEFINITIONREPRESENTATION($,$,(#1414),#1411);
#1416=IFCMATERIAL('Metal, Paint Finish, White, Matte');
#1417=IFCPRESENTATIONSTYLEASSIGNMENT((#1401));
#1418=IFCSTYLEDITEM($,(#1417),$);
#1419=IFCSTYLEDREPRESENTATION(#13,'Style','Material',(#1418));
#1420=IFCMATERIALDEFINITIONREPRESENTATION($,$,(#1419),#1416);
#1421=IFCMATERIALLIST((#1411,#1416));
#1422=IFCMAPPEDITEM(#1408,#1045);
#1423=IFCSHAPEREPRESENTATION(#15,'Body','MappedRepresentation',(#1422));
#1424=IFCPRODUCTDEFINITIONSHAPE($,$,(#1423));
#1425=IFCCARTESIANPOINT((-135.07595329857753,-227.02928284053965,1000.));
#1426=IFCDIRECTION((0.0040362277009250418,0.99999185439979776,0.));
#1427=IFCAXIS2PLACEMENT3D(#1425,#43,#1426);
#1429=IFCWINDOW('1ZbzvERVP2EPsD9m_40DMg',#6,'R_Window:1400x1600:847124',$,$,#10573,#1424,'847124',1599.9999999999943,1399.9999999999998);
#1430=IFCPROPERTYSINGLEVALUE('Reference',$,IFCIDENTIFIER('1400x1600'),$);
#1431=IFCPROPERTYSET('3q8HLYBpQnS6luZ6QROlKp',#6,'Pset_QuantityTakeOff',$,(#1430));
#1432=IFCPROPERTYSET('1cvY74VuSG3hvpZR0MX7W6',#6,'Pset_WindowCommon',$,(#80,#1430));
#1433=IFCRELDEFINESBYPROPERTIES('1c73RPeXJAh29Q7PWI6Nk4',#6,$,$,(#1429),#1431);
#1434=IFCRELDEFINESBYPROPERTIES('3ATI3ppcukT6M9SbbP9Dri',#6,$,$,(#1429),#1432);
#1435=IFCPROPERTYSINGLEVALUE('ThermalTransmittance',$,IFCTHERMALTRANSMITTANCEMEASURE(3.6886000000000001),$);
#1436=IFCPROPERTYSET('2ExLEVcz4paEBhrG0xogkD',#6,'Pset_WindowCommon',$,(#1435));
#1437=IFCMAPPEDITEM(#1408,#1045);
#1438=IFCSHAPEREPRESENTATION(#15,'Body','MappedRepresentation',(#1437));
#1439=IFCPRODUCTDEFINITIONSHAPE($,$,(#1438));
#1440=IFCCARTESIANPOINT((-122.09641200047308,2472.6372518369235,1000.));
#1441=IFCDIRECTION((0.0072990756306185412,0.99997336139266157,0.));
#1442=IFCAXIS2PLACEMENT3D(#1440,#43,#1441);
#1444=IFCWINDOW('1ZbzvERVP2EPsD9m_40DMf',#6,'R_Window:1400x1600:847127',$,$,#10558,#1439,'847127',1599.9999999999943,1400.);
#1445=IFCPROPERTYSET('23n0koNZJplR_etmLolgaw',#6,'Pset_QuantityTakeOff',$,(#1430));
#1446=IFCPROPERTYSET('28Q31MkgBU8uHXdWn$aQO3',#6,'Pset_WindowCommon',$,(#80,#1430));
#1447=IFCRELDEFINESBYPROPERTIES('3wVOz0CesAykwAcohci1lr',#6,$,$,(#1444),#1445);
#1448=IFCRELDEFINESBYPROPERTIES('25JjoaAlaamOuY3P5Mk4gf',#6,$,$,(#1444),#1446);
#1449=IFCMAPPEDITEM(#1408,#1045);
#1450=IFCSHAPEREPRESENTATION(#15,'Body','MappedRepresentation',(#1449));
#1451=IFCPRODUCTDEFINITIONSHAPE($,$,(#1450));
#1452=IFCCARTESIANPOINT((-108.23784543308113,5153.6707891598617,1000.));
#1453=IFCDIRECTION((0.0098980209236961859,0.99995101339105308,0.));
#1454=IFCAXIS2PLACEMENT3D(#1452,#43,#1453);
#1456=IFCWINDOW('1ZbzvERVP2EPsD9m_40DMd',#6,'R_Window:1400x1600:847129',$,$,#10543,#1451,'847129',1599.9999999999943,1399.9999999999993);
#1457=IFCPROPERTYSET('2duAhh2UaI2we9innjBe8M',#6,'Pset_QuantityTakeOff',$,(#1430));
#1458=IFCPROPERTYSET('0EGcqgj5f42fLYWaHRSIYQ',#6,'Pset_WindowCommon',$,(#80,#1430));
#1459=IFCRELDEFINESBYPROPERTIES('2myK4$Dvjbj0o$BFSEfc9D',#6,$,$,(#1456),#1457);
#1460=IFCRELDEFINESBYPROPERTIES('0Sx1gfs5qEHV16B$GdRVV1',#6,$,$,(#1456),#1458);
#1461=IFCCARTESIANPOINT((-8.4376949871511897E-015,0.));
#1462=IFCAXIS2PLACEMENT2D(#1461,#1011);
#1463=IFCRECTANGLEPROFILEDEF(.AREA.,'900 x 1000',#1462,11.999999999999996,773.99999999999716);
#1464=IFCCARTESIANPOINT((450.,228.,63.));
#1465=IFCAXIS2PLACEMENT3D(#1464,#43,#263);
#1466=IFCEXTRUDEDAREASOLID(#1463,#1465,#43,1174.0000000000084);
#1467=IFCCARTESIANPOINT((-431.,-631.));
#1468=IFCCARTESIANPOINT((431.,-631.));
#1469=IFCCARTESIANPOINT((431.,631.));
#1470=IFCCARTESIANPOINT((-431.,631.));
#1471=IFCPOLYLINE((#1467,#1468,#1469,#1470,#1467));
#1472=IFCCARTESIANPOINT((-387.,-587.));
#1473=IFCCARTESIANPOINT((-387.,587.));
#1474=IFCCARTESIANPOINT((387.,587.));
#1475=IFCCARTESIANPOINT((387.,-587.));
#1476=IFCPOLYLINE((#1472,#1473,#1474,#1475,#1472));
#1477=IFCARBITRARYPROFILEDEFWITHVOIDS(.AREA.,'900 x 1000',#1471,(#1476));
#1478=IFCCARTESIANPOINT((450.,206.,650.));
#1479=IFCAXIS2PLACEMENT3D(#1478,#88,#1079);
#1480=IFCEXTRUDEDAREASOLID(#1477,#1479,#43,44.000000000027441);
#1481=IFCCARTESIANPOINT((-450.,-650.));
#1482=IFCCARTESIANPOINT((450.,-650.));
#1483=IFCCARTESIANPOINT((450.,650.));
#1484=IFCCARTESIANPOINT((-450.,650.));
#1485=IFCPOLYLINE((#1481,#1482,#1483,#1484,#1481));
#1486=IFCCARTESIANPOINT((-431.,-631.));
#1487=IFCCARTESIANPOINT((-431.,631.));
#1488=IFCCARTESIANPOINT((431.,631.));
#1489=IFCCARTESIANPOINT((431.,-631.));
#1490=IFCPOLYLINE((#1486,#1487,#1488,#1489,#1486));
#1491=IFCARBITRARYPROFILEDEFWITHVOIDS(.AREA.,'900 x 1000',#1485,(#1490));
#1492=IFCCARTESIANPOINT((450.,206.,650.));
#1493=IFCAXIS2PLACEMENT3D(#1492,#88,#1079);
#1494=IFCEXTRUDEDAREASOLID(#1491,#1493,#43,94.000000000027441);
#1495=IFCCARTESIANPOINT((-450.,-650.));
#1496=IFCCARTESIANPOINT((450.,-650.));
#1497=IFCCARTESIANPOINT((450.,650.));
#1498=IFCCARTESIANPOINT((-450.,650.));
#1499=IFCPOLYLINE((#1495,#1496,#1497,#1498,#1495));
#1500=IFCCARTESIANPOINT((-418.,-618.));
#1501=IFCCARTESIANPOINT((-418.,618.));
#1502=IFCCARTESIANPOINT((418.,618.));
#1503=IFCCARTESIANPOINT((418.,-618.));
#1504=IFCPOLYLINE((#1500,#1501,#1502,#1503,#1500));
#1505=IFCARBITRARYPROFILEDEFWITHVOIDS(.AREA.,'900 x 1000',#1499,(#1504));
#1506=IFCCARTESIANPOINT((450.,-0.,650.));
#1507=IFCAXIS2PLACEMENT3D(#1506,#88,#1079);
#1508=IFCEXTRUDEDAREASOLID(#1505,#1507,#43,205.9999999999726);
#1509=IFCSTYLEDITEM(#1466,(#1397),$);
#1510=IFCSTYLEDITEM(#1480,(#1402),$);
#1511=IFCSTYLEDITEM(#1494,(#1402),$);
#1512=IFCSTYLEDITEM(#1508,(#1402),$);
#1513=IFCSHAPEREPRESENTATION(#15,'Body','SweptSolid',(#1466,#1480,#1494,#1508));
#1514=IFCAXIS2PLACEMENT3D(#10,$,$);
#1515=IFCREPRESENTATIONMAP(#1514,#1513);
#1516=IFCWINDOWLININGPROPERTIES('1ZbzvERVP2EPsD9mw40DMT',#6,'R_Window:900 x 1000:847139',$,$,$,$,$,$,$,$,$,$);
#1517=IFCWINDOWSTYLE('36iimcO5disvAEXDqLG7Rs',#6,'R_Window:900 x 1000',$,$,(#1516,#1532),(#1515),'543444',.NOTDEFINED.,.NOTDEFINED.,.F.,.F.);
#1518=IFCMAPPEDITEM(#1515,#1045);
#1519=IFCSHAPEREPRESENTATION(#15,'Body','MappedRepresentation',(#1518));
#1520=IFCPRODUCTDEFINITIONSHAPE($,$,(#1519));
#1521=IFCCARTESIANPOINT((12031.683479634994,2831.1103749153904,1000.));
#1522=IFCDIRECTION((-0.0030120345295591177,-0.99999546381370785,0.));
#1523=IFCAXIS2PLACEMENT3D(#1521,#43,#1522);
#1525=IFCWINDOW('1ZbzvERVP2EPsD9m_40DMT',#6,'R_Window:900 x 1000:847139',$,$,#10588,#1520,'847139',1299.9999999999973,900.00000000000068);
#1526=IFCPROPERTYSINGLEVALUE('Reference',$,IFCIDENTIFIER('900 x 1000'),$);
#1527=IFCPROPERTYSET('0oTGzda9BCU_d9yrYeCDSh',#6,'Pset_QuantityTakeOff',$,(#1526));
#1528=IFCPROPERTYSET('1qBOXAh$fDbWC9pBdG5ubx',#6,'Pset_WindowCommon',$,(#80,#1526));
#1529=IFCRELDEFINESBYPROPERTIES('3DVmhXJrve2I0MKzAvpoqm',#6,$,$,(#1525),#1527);
#1530=IFCRELDEFINESBYPROPERTIES('2nq8Y_JqEWc7x7iAfXo10i',#6,$,$,(#1525),#1528);
#1531=IFCPROPERTYSINGLEVALUE('ThermalTransmittance',$,IFCTHERMALTRANSMITTANCEMEASURE(3.6886000000000001),$);
#1532=IFCPROPERTYSET('184HqDBAZ$EQ4BSL1zFEPN',#6,'Pset_WindowCommon',$,(#1531));
#1533=IFCMAPPEDITEM(#1515,#1045);
#1534=IFCSHAPEREPRESENTATION(#15,'Body','MappedRepresentation',(#1533));
#1535=IFCPRODUCTDEFINITIONSHAPE($,$,(#1534));
#1536=IFCCARTESIANPOINT((12029.093708660828,1971.3064114923786,1000.));
#1537=IFCDIRECTION((-0.0030120345295591177,-0.99999546381370785,0.));
#1538=IFCAXIS2PLACEMENT3D(#1536,#43,#1537);
#1540=IFCWINDOW('1ZbzvERVP2EPsD9m_40DM9',#6,'R_Window:900 x 1000:847159',$,$,#10603,#1535,'847159',1299.9999999999973,900.00000000000102);
#1541=IFCPROPERTYSET('07yA7V2D68GJWuMKK8CWZm',#6,'Pset_QuantityTakeOff',$,(#1526));
#1542=IFCPROPERTYSET('1iywjp65oRFiZ4$xp3ky5Q',#6,'Pset_WindowCommon',$,(#80,#1526));
#1543=IFCRELDEFINESBYPROPERTIES('2OUTR4euz2wM_kp250hB3B',#6,$,$,(#1540),#1541);
#1544=IFCRELDEFINESBYPROPERTIES('2DU2rLVSLZi9hy6ibCUhwz',#6,$,$,(#1540),#1542);
#1545=IFCMAPPEDITEM(#1515,#1045);
#1546=IFCSHAPEREPRESENTATION(#15,'Body','MappedRepresentation',(#1545));
#1547=IFCPRODUCTDEFINITIONSHAPE($,$,(#1546));
#1548=IFCCARTESIANPOINT((12026.578033148893,1136.1021415297598,1000.));
#1549=IFCDIRECTION((-0.0030120345295591177,-0.99999546381370785,0.));
#1550=IFCAXIS2PLACEMENT3D(#1548,#43,#1549);
#1552=IFCWINDOW('1ZbzvERVP2EPsD9m_40DM7',#6,'R_Window:900 x 1000:847161',$,$,#10618,#1547,'847161',1299.9999999999973,900.00000000000068);
#1553=IFCPROPERTYSET('1lMaU3kSePVxn1EA_ViXdG',#6,'Pset_QuantityTakeOff',$,(#1526));
#1554=IFCPROPERTYSET('26bSwICfmBnRKdjt1ZN8rh',#6,'Pset_WindowCommon',$,(#80,#1526));
#1555=IFCRELDEFINESBYPROPERTIES('3tDeBgAeGVcwEFzxOIZc7z',#6,$,$,(#1552),#1553);
#1556=IFCRELDEFINESBYPROPERTIES('31IVkpIzMj4iRovjkohmUH',#6,$,$,(#1552),#1554);
#1557=IFCCARTESIANPOINT((3956.7813739735229,3404.6286591041639,0.));
#1558=IFCAXIS2PLACEMENT3D(#1557,#43,#263);
#1559=IFCLOCALPLACEMENT(#28,#1558);
#1560=IFCCARTESIANPOINT((917.4344792175325,0.));
#1561=IFCPOLYLINE((#47,#1560));
#1562=IFCSHAPEREPRESENTATION(#14,'Axis','Curve2D',(#1561));
#1563=IFCPRODUCTDEFINITIONSHAPE($,$,(#1562,#1573));
#1564=IFCCARTESIANPOINT((917.4344792175325,-50.));
#1565=IFCCARTESIANPOINT((915.09529793098261,50.));
#1566=IFCCARTESIANPOINT((-0.,50.));
#1567=IFCCARTESIANPOINT((3.0816640986135209,-50.));
#1568=IFCPOLYLINE((#1564,#1565,#1566,#1567,#1564));
#1569=IFCARBITRARYCLOSEDPROFILEDEF(.AREA.,$,#1568);
#1570=IFCAXIS2PLACEMENT3D(#10,$,$);
#1571=IFCEXTRUDEDAREASOLID(#1569,#1570,#43,3000.);
#1572=IFCSTYLEDITEM(#1571,(#63),$);
#1573=IFCSHAPEREPRESENTATION(#15,'Body','SweptSolid',(#1571));
#1574=IFCWALLSTANDARDCASE('1ZbzvERVP2EPsD9m_40DNj',#6,'Basic Wall:100:847187',$,$,#1559,#1563,'847187');
#1575=IFCMATERIALLAYERSETUSAGE(#768,.AXIS2.,.NEGATIVE.,50.);
#1576=IFCPROPERTYSET('1y_F1R4U0mefNon1UwkNdy',#6,'Pset_QuantityTakeOff',$,(#771));
#1577=IFCPROPERTYSINGLEVALUE('Reference',$,IFCLABEL('100'),$);
#1578=IFCPROPERTYSET('0r9gXXmuc4HFuvmwQEuXZs',#6,'Pset_ReinforcementBarPitchOfWall',$,(#1577));
#1579=IFCPROPERTYSET('26FD_nqDPG6sUbDd4tt4Io',#6,'Pset_WallCommon',$,(#80,#81,#82,#771));
#1580=IFCRELDEFINESBYPROPERTIES('1dg1bfWXcM$tSXbPUofuD$',#6,$,$,(#1574),#1576);
#1581=IFCRELDEFINESBYPROPERTIES('2Ll03DIk5mW1SD5Ftr$C0F',#6,$,$,(#1574),#1578);
#1582=IFCRELDEFINESBYPROPERTIES('0urJTZyo8W7NX_Q$Msu2Oh',#6,$,$,(#1574),#1579);
#1583=IFCCARTESIANPOINT((3053.1760415698891,3380.6894576662935,0.));
#1584=IFCAXIS2PLACEMENT3D(#1583,#43,#263);
#1585=IFCLOCALPLACEMENT(#28,#1584);
#1586=IFCCARTESIANPOINT((916.56507851612218,0.));
#1587=IFCPOLYLINE((#47,#1586));
#1588=IFCSHAPEREPRESENTATION(#14,'Axis','Curve2D',(#1587));
#1589=IFCPRODUCTDEFINITIONSHAPE($,$,(#1588,#1599));
#1590=IFCCARTESIANPOINT((0.,-50.));
#1591=IFCCARTESIANPOINT((916.56507851612173,-50.));
#1592=IFCCARTESIANPOINT((913.86186776291652,50.));
#1593=IFCCARTESIANPOINT((0.,50.));
#1594=IFCPOLYLINE((#1590,#1591,#1592,#1593,#1590));
#1595=IFCARBITRARYCLOSEDPROFILEDEF(.AREA.,$,#1594);
#1596=IFCAXIS2PLACEMENT3D(#10,$,$);
#1597=IFCEXTRUDEDAREASOLID(#1595,#1596,#43,3000.);
#1598=IFCSTYLEDITEM(#1597,(#63),$);
#1599=IFCSHAPEREPRESENTATION(#15,'Body','SweptSolid',(#1597));
#1600=IFCWALLSTANDARDCASE('1ZbzvERVP2EPsD9m_40DKM',#6,'Basic Wall:100:847272',$,$,#1585,#1589,'847272');
#1601=IFCMATERIALLAYERSETUSAGE(#768,.AXIS2.,.POSITIVE.,-50.);
#1602=IFCPROPERTYSET('23XClUOO2lBcPkBpxOmLYH',#6,'Pset_QuantityTakeOff',$,(#771));
#1603=IFCPROPERTYSINGLEVALUE('Reference',$,IFCLABEL('100'),$);
#1604=IFCPROPERTYSET('2qeo5FKBWicutEJZHTt7ZC',#6,'Pset_ReinforcementBarPitchOfWall',$,(#1603));
#1605=IFCPROPERTYSET('0Z8uDc9pYrgaWPFTBfmBJN',#6,'Pset_WallCommon',$,(#80,#81,#82,#771));
#1606=IFCRELDEFINESBYPROPERTIES('2AIEMqFZSGSBSq7CRu8adV',#6,$,$,(#1600),#1602);
#1607=IFCRELDEFINESBYPROPERTIES('2CK6JuKVPO9TqgXJ7AUafd',#6,$,$,(#1600),#1604);
#1608=IFCRELDEFINESBYPROPERTIES('0It8y9Qw71AYNRzfTS$Z4D',#6,$,$,(#1600),#1605);
#1609=IFCCARTESIANPOINT((-326.,-1117.));
#1610=IFCCARTESIANPOINT((326.,-1117.));
#1611=IFCCARTESIANPOINT((326.,1079.));
#1612=IFCCARTESIANPOINT((250.,1079.));
#1613=IFCCARTESIANPOINT((250.,-1041.));
#1614=IFCCARTESIANPOINT((-250.,-1041.));
#1615=IFCCARTESIANPOINT((-250.,1079.));
#1616=IFCCARTESIANPOINT((-326.,1079.));
#1617=IFCPOLYLINE((#1609,#1610,#1611,#1612,#1613,#1614,#1615,#1616,#1609));
#1618=IFCARBITRARYCLOSEDPROFILEDEF(.AREA.,'500',#1617);
#1619=IFCCARTESIANPOINT((250.,125.,1079.));
#1620=IFCAXIS2PLACEMENT3D(#1619,#263,#780);
#1621=IFCEXTRUDEDAREASOLID(#1618,#1620,#43,24.999999999994444);
#1622=IFCCARTESIANPOINT((-1117.,-326.));
#1623=IFCCARTESIANPOINT((1079.,-326.));
#1624=IFCCARTESIANPOINT((1079.,-250.));
#1625=IFCCARTESIANPOINT((-1041.,-250.));
#1626=IFCCARTESIANPOINT((-1041.,250.));
#1627=IFCCARTESIANPOINT((1079.,250.));
#1628=IFCCARTESIANPOINT((1079.,326.));
#1629=IFCCARTESIANPOINT((-1117.,326.));
#1630=IFCPOLYLINE((#1622,#1623,#1624,#1625,#1626,#1627,#1628,#1629,#1622));
#1631=IFCARBITRARYCLOSEDPROFILEDEF(.AREA.,'500',#1630);
#1632=IFCCARTESIANPOINT((250.,-0.,1079.));
#1633=IFCAXIS2PLACEMENT3D(#1632,#263,#1007);
#1634=IFCEXTRUDEDAREASOLID(#1631,#1633,#43,25.000000000005578);
#1635=IFCCARTESIANPOINT((0.,0.));
#1636=IFCAXIS2PLACEMENT2D(#1635,#1011);
#1637=IFCRECTANGLEPROFILEDEF(.AREA.,'500',#1636,499.99999999999994,51.000000000000007);
#1638=IFCCARTESIANPOINT((250.,74.49999999999504,0.));
#1639=IFCAXIS2PLACEMENT3D(#1638,$,$);
#1640=IFCEXTRUDEDAREASOLID(#1637,#1639,#43,2119.9999999999995);
#1641=IFCSTYLEDITEM(#1621,(#1020),$);
#1642=IFCSTYLEDITEM(#1634,(#1020),$);
#1643=IFCSTYLEDITEM(#1640,(#1026),$);
#1644=IFCSHAPEREPRESENTATION(#15,'Body','SweptSolid',(#1621,#1634,#1640));
#1645=IFCAXIS2PLACEMENT3D(#10,$,$);
#1646=IFCREPRESENTATIONMAP(#1645,#1644);
#1647=IFCDOORLININGPROPERTIES('1ZbzvERVP2EPsD9mw40DQg',#6,'M_Single-Flush:500:847380',$,$,$,$,$,$,$,$,$,$,$,$);
#1648=IFCDOORPANELPROPERTIES('1ZbzvERVP2EPsD9ms40DQg',#6,'M_Single-Flush:500:847380:1',$,$,.SWINGING.,$,.NOTDEFINED.,$);
#1649=IFCDOORSTYLE('1b6v$k$$V2HENUN8izD1H6',#6,'M_Single-Flush:500',$,$,(#1647,#1648,#1663),(#1646),'600262',.SINGLE_SWING_LEFT.,.NOTDEFINED.,.F.,.F.);
#1650=IFCMAPPEDITEM(#1646,#1045);
#1651=IFCSHAPEREPRESENTATION(#15,'Body','MappedRepresentation',(#1650));
#1652=IFCPRODUCTDEFINITIONSHAPE($,$,(#1651));
#1653=IFCCARTESIANPOINT((3103.1760415698823,2550.7398859772284,0.));
#1654=IFCAXIS2PLACEMENT3D(#1653,#43,#88);
#1656=IFCDOOR('1ZbzvERVP2EPsD9m_40DQg',#6,'M_Single-Flush:500:847380',$,$,#10724,#1652,'847380',2119.9999999999995,500.00000000000057);
#1657=IFCPROPERTYSINGLEVALUE('Reference',$,IFCIDENTIFIER('500'),$);
#1658=IFCPROPERTYSET('15y$ymrCbuBSBeP6dRSoyr',#6,'Pset_DoorCommon',$,(#1054,#1657));
#1659=IFCPROPERTYSET('1GQ2I32vO_kT5yDl0L2PEY',#6,'Pset_QuantityTakeOff',$,(#1657));
#1660=IFCRELDEFINESBYPROPERTIES('2z4zEOq5qpztgXbx3WYvo8',#6,$,$,(#1656),#1658);
#1661=IFCRELDEFINESBYPROPERTIES('1ncCowXDafYPZHSLpy3sr4',#6,$,$,(#1656),#1659);
#1662=IFCPROPERTYSINGLEVALUE('ThermalTransmittance',$,IFCTHERMALTRANSMITTANCEMEASURE(3.7021000000000002),$);
#1663=IFCPROPERTYSET('1wW1LlkuTPUmqo6kYnbvNQ',#6,'Pset_DoorCommon',$,(#1662));
#1664=IFCCARTESIANPOINT((4838.6417208812081,1619.8157844503928,0.));
#1665=IFCDIRECTION((-0.011924194769738146,-0.99992890426224479,0.));
#1666=IFCAXIS2PLACEMENT3D(#1664,#43,#1665);
#1667=IFCLOCALPLACEMENT(#28,#1666);
#1668=IFCCARTESIANPOINT((1770.2379169400924,0.));
#1669=IFCPOLYLINE((#47,#1668));
#1670=IFCSHAPEREPRESENTATION(#14,'Axis','Curve2D',(#1669));
#1671=IFCPRODUCTDEFINITIONSHAPE($,$,(#1670,#1685));
#1672=IFCCARTESIANPOINT((1770.2379169400911,-50.));
#1673=IFCCARTESIANPOINT((1757.9423586997739,50.));
#1674=IFCCARTESIANPOINT((1110.3595512526711,50.));
#1675=IFCCARTESIANPOINT((1010.3524411733987,50.));
#1676=IFCCARTESIANPOINT((175.39171112716528,50.));
#1677=IFCCARTESIANPOINT((75.370448325096831,50.));
#1678=IFCCARTESIANPOINT((-0.,50.));
#1679=IFCCARTESIANPOINT((-0.,-50.));
#1680=IFCPOLYLINE((#1672,#1673,#1674,#1675,#1676,#1677,#1678,#1679,#1672));
#1681=IFCARBITRARYCLOSEDPROFILEDEF(.AREA.,$,#1680);
#1682=IFCAXIS2PLACEMENT3D(#10,$,$);
#1683=IFCEXTRUDEDAREASOLID(#1681,#1682,#43,3000.);
#1684=IFCSTYLEDITEM(#1683,(#63),$);
#1685=IFCSHAPEREPRESENTATION(#15,'Body','SweptSolid',(#1683));
#1686=IFCWALLSTANDARDCASE('1ZbzvERVP2EPsD9m_40DS6',#6,'Basic Wall:100:847800',$,$,#1667,#1671,'847800');
#1687=IFCMATERIALLAYERSETUSAGE(#768,.AXIS2.,.POSITIVE.,-50.);
#1688=IFCPROPERTYSET('0GQ6y_Uv9Lm0XNeqfABWyJ',#6,'Pset_QuantityTakeOff',$,(#771));
#1689=IFCPROPERTYSINGLEVALUE('Reference',$,IFCLABEL('100'),$);
#1690=IFCPROPERTYSET('0eONMiZYqN_c_$Fil5IgZA',#6,'Pset_ReinforcementBarPitchOfWall',$,(#1689));
#1691=IFCPROPERTYSET('0ILhM_k5gd9j7865nz5sRa',#6,'Pset_WallCommon',$,(#80,#81,#82,#771));
#1692=IFCRELDEFINESBYPROPERTIES('3Yei$9JaTGDBTBRpA6sdUD',#6,$,$,(#1686),#1688);
#1693=IFCRELDEFINESBYPROPERTIES('2D4m$vaZNJPX21b3nN6Yuk',#6,$,$,(#1686),#1690);
#1694=IFCRELDEFINESBYPROPERTIES('0nHN7lKkmv1zQmX9X3lhxj',#6,$,$,(#1686),#1691);
#1695=IFCCARTESIANPOINT((5135.8140916079474,558.93896529070423,0.));
#1696=IFCAXIS2PLACEMENT3D(#1695,#43,#780);
#1697=IFCLOCALPLACEMENT(#28,#1696);
#1698=IFCCARTESIANPOINT((260.41606906720244,-0.));
#1699=IFCPOLYLINE((#47,#1698));
#1700=IFCSHAPEREPRESENTATION(#14,'Axis','Curve2D',(#1699));
#1701=IFCPRODUCTDEFINITIONSHAPE($,$,(#1700,#1712));
#1702=IFCCARTESIANPOINT((259.2235648082596,-50.));
#1703=IFCCARTESIANPOINT((260.41606906720278,50.));
#1704=IFCCARTESIANPOINT((-0.,50.));
#1705=IFCCARTESIANPOINT((0.,-50.));
#1706=IFCCARTESIANPOINT((100.,-50.));
#1707=IFCPOLYLINE((#1702,#1703,#1704,#1705,#1706,#1702));
#1708=IFCARBITRARYCLOSEDPROFILEDEF(.AREA.,$,#1707);
#1709=IFCAXIS2PLACEMENT3D(#10,$,$);
#1710=IFCEXTRUDEDAREASOLID(#1708,#1709,#43,3000.);
#1711=IFCSTYLEDITEM(#1710,(#63),$);
#1712=IFCSHAPEREPRESENTATION(#15,'Body','SweptSolid',(#1710));
#1713=IFCWALLSTANDARDCASE('1ZbzvERVP2EPsD9m_40Cf2',#6,'Basic Wall:100:848636',$,$,#1697,#1701,'848636');
#1714=IFCMATERIALLAYERSETUSAGE(#768,.AXIS2.,.POSITIVE.,-50.);
#1715=IFCPROPERTYSET('1UUcD$zQudSCiYdWtvPNIU',#6,'Pset_QuantityTakeOff',$,(#771));
#1716=IFCPROPERTYSINGLEVALUE('Reference',$,IFCLABEL('100'),$);
#1717=IFCPROPERTYSET('3joe4KTHCfMGWPOxEzPFkj',#6,'Pset_ReinforcementBarPitchOfWall',$,(#1716));
#1718=IFCPROPERTYSET('0QegI_28Aew1EGw8dPtusw',#6,'Pset_WallCommon',$,(#80,#81,#82,#771));
#1719=IFCRELDEFINESBYPROPERTIES('3$loTnIAJLWL5qHQ2B7yJt',#6,$,$,(#1713),#1715);
#1720=IFCRELDEFINESBYPROPERTIES('00xo9Fjr4bcuZdgXGALjq9',#6,$,$,(#1713),#1717);
#1721=IFCRELDEFINESBYPROPERTIES('3EqX_lKES1iELn2_xoDxS6',#6,$,$,(#1713),#1718);
#1722=IFCCARTESIANPOINT((5085.8140916079492,1446.007875191649,0.));
#1723=IFCAXIS2PLACEMENT3D(#1722,#43,#263);
#1724=IFCLOCALPLACEMENT(#28,#1723);
#1725=IFCCARTESIANPOINT((837.06890990094496,0.));
#1726=IFCPOLYLINE((#47,#1725));
#1727=IFCSHAPEREPRESENTATION(#14,'Axis','Curve2D',(#1726));
#1728=IFCPRODUCTDEFINITIONSHAPE($,$,(#1727,#1738));
#1729=IFCCARTESIANPOINT((837.06890990094462,-50.));
#1730=IFCCARTESIANPOINT((837.06890990094485,50.));
#1731=IFCCARTESIANPOINT((-0.,50.));
#1732=IFCCARTESIANPOINT((0.8695652173914763,-50.));
#1733=IFCPOLYLINE((#1729,#1730,#1731,#1732,#1729));
#1734=IFCARBITRARYCLOSEDPROFILEDEF(.AREA.,$,#1733);
#1735=IFCAXIS2PLACEMENT3D(#10,$,$);
#1736=IFCEXTRUDEDAREASOLID(#1734,#1735,#43,3000.);
#1737=IFCSTYLEDITEM(#1736,(#63),$);
#1738=IFCSHAPEREPRESENTATION(#15,'Body','SweptSolid',(#1736));
#1739=IFCWALLSTANDARDCASE('1ZbzvERVP2EPsD9m_40CkS',#6,'Basic Wall:100:848674',$,$,#1724,#1728,'848674');
#1740=IFCMATERIALLAYERSETUSAGE(#768,.AXIS2.,.POSITIVE.,-50.);
#1741=IFCPROPERTYSET('32wohhsb1FPw2VRqkwfGRV',#6,'Pset_QuantityTakeOff',$,(#771));
#1742=IFCPROPERTYSINGLEVALUE('Reference',$,IFCLABEL('100'),$);
#1743=IFCPROPERTYSET('2R9PqBbzPpyWB4jw5MAJfI',#6,'Pset_ReinforcementBarPitchOfWall',$,(#1742));
#1744=IFCPROPERTYSET('2xE_yIsYCWhVtMy_vPEgGC',#6,'Pset_WallCommon',$,(#80,#81,#82,#771));
#1745=IFCRELDEFINESBYPROPERTIES('1ag1unadutUh$trm6yccQj',#6,$,$,(#1739),#1741);
#1746=IFCRELDEFINESBYPROPERTIES('0FYIEvI6QKfqkaGqrVJ15Y',#6,$,$,(#1739),#1743);
#1747=IFCRELDEFINESBYPROPERTIES('3MgYJ$hhmPQF4BF3iBmOFo',#6,$,$,(#1739),#1744);
#1748=IFCCARTESIANPOINT((7049.7413974010869,470.42241165948201,0.));
#1749=IFCAXIS2PLACEMENT3D(#1748,#43,#780);
#1750=IFCLOCALPLACEMENT(#28,#1749);
#1751=IFCCARTESIANPOINT((397.61886194418253,0.));
#1752=IFCPOLYLINE((#47,#1751));
#1753=IFCSHAPEREPRESENTATION(#14,'Axis','Curve2D',(#1752));
#1754=IFCPRODUCTDEFINITIONSHAPE($,$,(#1753,#1762));
#1755=IFCCARTESIANPOINT((198.80943097209112,-1.0658141036401503E-014));
#1756=IFCDIRECTION((-1.,0.));
#1757=IFCAXIS2PLACEMENT2D(#1755,#1756);
#1758=IFCRECTANGLEPROFILEDEF(.AREA.,$,#1757,397.61886194418224,100.);
#1759=IFCAXIS2PLACEMENT3D(#10,$,$);
#1760=IFCEXTRUDEDAREASOLID(#1758,#1759,#43,3000.);
#1761=IFCSTYLEDITEM(#1760,(#63),$);
#1762=IFCSHAPEREPRESENTATION(#15,'Body','SweptSolid',(#1760));
#1763=IFCWALLSTANDARDCASE('1ZbzvERVP2EPsD9m_40Csr',#6,'Basic Wall:100:849163',$,$,#1750,#1754,'849163');
#1764=IFCMATERIALLAYERSETUSAGE(#768,.AXIS2.,.NEGATIVE.,50.);
#1765=IFCPROPERTYSET('2lBMVqF_eUy6_6hwcKbxa9',#6,'Pset_QuantityTakeOff',$,(#771));
#1766=IFCPROPERTYSINGLEVALUE('Reference',$,IFCLABEL('100'),$);
#1767=IFCPROPERTYSET('1vZRepIpXYcofHSiO3VMET',#6,'Pset_ReinforcementBarPitchOfWall',$,(#1766));
#1768=IFCPROPERTYSET('2KqDvDPnx7V_$YyN9o1h7A',#6,'Pset_WallCommon',$,(#80,#81,#82,#771));
#1769=IFCRELDEFINESBYPROPERTIES('3gTCxjzvytCwGxfmJ2pyVc',#6,$,$,(#1763),#1765);
#1770=IFCRELDEFINESBYPROPERTIES('2AexgVFrfrZPtlkI1bawTD',#6,$,$,(#1763),#1767);
#1771=IFCRELDEFINESBYPROPERTIES('3$TbqsfFwar6sU5FN0GOlJ',#6,$,$,(#1763),#1768);
#1772=IFCCARTESIANPOINT((6999.7413974010869,420.42241165948229,0.));
#1773=IFCAXIS2PLACEMENT3D(#1772,#43,#263);
#1774=IFCLOCALPLACEMENT(#28,#1773);
#1775=IFCCARTESIANPOINT((394.18012791364868,-0.));
#1776=IFCPOLYLINE((#47,#1775));
#1777=IFCSHAPEREPRESENTATION(#14,'Axis','Curve2D',(#1776));
#1778=IFCPRODUCTDEFINITIONSHAPE($,$,(#1777,#1788));
#1779=IFCCARTESIANPOINT((394.18012791364868,-50.));
#1780=IFCCARTESIANPOINT((392.63926681825404,50.));
#1781=IFCCARTESIANPOINT((0.,50.));
#1782=IFCCARTESIANPOINT((0.,-50.));
#1783=IFCPOLYLINE((#1779,#1780,#1781,#1782,#1779));
#1784=IFCARBITRARYCLOSEDPROFILEDEF(.AREA.,$,#1783);
#1785=IFCAXIS2PLACEMENT3D(#10,$,$);
#1786=IFCEXTRUDEDAREASOLID(#1784,#1785,#43,3000.);
#1787=IFCSTYLEDITEM(#1786,(#63),$);
#1788=IFCSHAPEREPRESENTATION(#15,'Body','SweptSolid',(#1786));
#1789=IFCWALLSTANDARDCASE('1ZbzvERVP2EPsD9m_40CsG',#6,'Basic Wall:100:849198',$,$,#1774,#1778,'849198');
#1790=IFCMATERIALLAYERSETUSAGE(#768,.AXIS2.,.POSITIVE.,-50.);
#1791=IFCPROPERTYSET('2YV$czW1qFv4HdiaFpF031',#6,'Pset_QuantityTakeOff',$,(#771));
#1792=IFCPROPERTYSINGLEVALUE('Reference',$,IFCLABEL('100'),$);
#1793=IFCPROPERTYSET('01th4PZayi3Ixww$_6vOM5',#6,'Pset_ReinforcementBarPitchOfWall',$,(#1792));
#1794=IFCPROPERTYSET('0umcK_zI2TZo4W_VH3hrpH',#6,'Pset_WallCommon',$,(#80,#81,#82,#771));
#1795=IFCRELDEFINESBYPROPERTIES('0YyOcJoqqIPMNu88FGILld',#6,$,$,(#1789),#1791);
#1796=IFCRELDEFINESBYPROPERTIES('3H6Vuv5CW$DXLOZ3ojHN32',#6,$,$,(#1789),#1793);
#1797=IFCRELDEFINESBYPROPERTIES('0Kv0SfXGhpcVi9ncAHE9Hu',#6,$,$,(#1789),#1794);
#1798=IFCAXIS2PLACEMENT3D(#10,$,$);
#1799=IFCLOCALPLACEMENT(#28,#1798);
#1800=IFCCARTESIANPOINT((-441.59578501367611,-7656.7918930654851));
#1801=IFCCARTESIANPOINT((3738.7999059408535,-7644.2512154736669));
#1802=IFCCARTESIANPOINT((3783.905818743392,-2173.2356455540548));
#1803=IFCCARTESIANPOINT((3785.8601331471723,-2173.2356455540539));
#1804=IFCCARTESIANPOINT((3794.2710534113562,-322.83318743373877));
#1805=IFCCARTESIANPOINT((4397.2751633183934,5116.1051986356288));
#1806=IFCCARTESIANPOINT((-4028.3166309288458,5067.7026100762141));
#1807=IFCCARTESIANPOINT((-4023.2488667575908,1461.988402227928));
#1808=IFCCARTESIANPOINT((-308.51809650720958,1465.7724797910441));
#1809=IFCCARTESIANPOINT((-284.13566828746923,412.45158069825135));
#1810=IFCCARTESIANPOINT((-293.82954460593561,97.885294164003085));
#1811=IFCCARTESIANPOINT((-325.08936495856153,-1754.3314871362174));
#1812=IFCCARTESIANPOINT((-470.03888450978883,-1754.3314871362174));
#1813=IFCCARTESIANPOINT((-470.03888450977689,-6550.2886591526003));
#1814=IFCPOLYLINE((#1800,#1801,#1802,#1803,#1804,#1805,#1806,#1807,#1808,#1809,#1810,#1811,#1812,#1813,#1800));
#1815=IFCARBITRARYCLOSEDPROFILEDEF(.AREA.,$,#1814);
#1816=IFCCARTESIANPOINT((4677.7910483206933,3368.5748155630422,0.));
#1817=IFCAXIS2PLACEMENT3D(#1816,#1007,#263);
#1818=IFCEXTRUDEDAREASOLID(#1815,#1817,#43,250.00000000000003);
#1819=IFCCOLOURRGB($,0.49803921568627452,0.49803921568627452,0.49803921568627452);
#1820=IFCSURFACESTYLERENDERING(#1819,0.,$,$,$,$,IFCNORMALISEDRATIOMEASURE(0.5),IFCSPECULAREXPONENT(64.),.NOTDEFINED.);
#1821=IFCSURFACESTYLE('Default Floor',.BOTH.,(#1820));
#1822=IFCPRESENTATIONSTYLEASSIGNMENT((#1821));
#1823=IFCSTYLEDITEM(#1818,(#1822),$);
#1824=IFCSHAPEREPRESENTATION(#15,'Body','SweptSolid',(#1818));
#1825=IFCPRODUCTDEFINITIONSHAPE($,$,(#1824));
#1826=IFCSLAB('1ZbzvERVP2EPsD9m_40C2K',#6,'Floor:250:849962',$,$,#1799,#1825,'849962',.FLOOR.);
#1827=IFCSLABTYPE('3Zu5Bv0LOHrPC10026FoR_',#6,'Floor:250',$,$,$,$,'339',$,.FLOOR.);
#1828=IFCMATERIAL('Default Floor');
#1829=IFCPRESENTATIONSTYLEASSIGNMENT((#1821));
#1830=IFCSTYLEDITEM($,(#1829),$);
#1831=IFCSTYLEDREPRESENTATION(#13,'Style','Material',(#1830));
#1832=IFCMATERIALDEFINITIONREPRESENTATION($,$,(#1831),#1828);
#1833=IFCMATERIALLAYER(#1828,250.00000000000003,$);
#1834=IFCMATERIALLAYERSET((#1833),'Floor:250');
#1835=IFCMATERIALLAYERSETUSAGE(#1834,.AXIS3.,.POSITIVE.,0.);
#1836=IFCPROPERTYSINGLEVALUE('Reference',$,IFCIDENTIFIER('250'),$);
#1837=IFCPROPERTYSET('1cF2MlVzbMCKk9oVZ6X0wk',#6,'Pset_QuantityTakeOff',$,(#1836));
#1838=IFCPROPERTYSINGLEVALUE('Reference',$,IFCLABEL('250'),$);
#1839=IFCPROPERTYSET('0aFRK01j1LOLnZgTaoLDBq',#6,'Pset_ReinforcementBarPitchOfSlab',$,(#1838));
#1840=IFCPROPERTYSINGLEVALUE('PitchAngle',$,IFCPLANEANGLEMEASURE(0.),$);
#1841=IFCPROPERTYSET('28jekXTfnSCttqNaCC6szN',#6,'Pset_SlabCommon',$,(#82,#1054,#1836,#1840));
#1842=IFCRELDEFINESBYPROPERTIES('0J$Gs1WUzQ6468Cq3tFLD9',#6,$,$,(#1826),#1837);
#1843=IFCRELDEFINESBYPROPERTIES('2yvF6YfBzIycqzgk4eV3Yr',#6,$,$,(#1826),#1839);
#1844=IFCRELDEFINESBYPROPERTIES('0lOSihJKkHewdgYtCe1V0t',#6,$,$,(#1826),#1841);
#1845=IFCCARTESIANPOINT((117.76363636363696,285.75000000000063,0.));
#1846=IFCCARTESIANPOINT((114.3000000000002,285.75000000000063,31.749999999999346));
#1847=IFCCARTESIANPOINT((38.099999999998325,285.7500000000004,31.749999999999346));
#1848=IFCCARTESIANPOINT((38.099999999998325,285.7500000000004,0.));
#1849=IFCCARTESIANPOINT((101.98630073294274,344.63181818181835,0.));
#1850=IFCCARTESIANPOINT((98.986703652561744,342.89999999999992,31.749999999999346));
#1851=IFCCARTESIANPOINT((32.995567884185725,304.79999999999927,31.749999999999346));
#1852=IFCCARTESIANPOINT((32.995567884185725,304.79999999999927,0.));
#1853=IFCCARTESIANPOINT((58.881818181818851,387.7363007329426,0.));
#1854=IFCCARTESIANPOINT((57.150000000000489,384.73670365256163,31.749999999999346));
#1855=IFCCARTESIANPOINT((19.049999999999258,318.7455678841859,31.749999999999346));
#1856=IFCCARTESIANPOINT((19.049999999999258,318.7455678841859,0.));
#1857=IFCCARTESIANPOINT((0.,403.51363636363726,0.));
#1858=IFCCARTESIANPOINT((0.,400.05000000000047,31.749999999999346));
#1859=IFCCARTESIANPOINT((0.,323.8499999999986,31.749999999999346));
#1860=IFCCARTESIANPOINT((0.,323.8499999999986,0.));
#1861=IFCCARTESIANPOINT((-58.881818181818012,387.73630073294305,0.));
#1862=IFCCARTESIANPOINT((-57.149999999999608,384.73670365256208,31.749999999999346));
#1863=IFCCARTESIANPOINT((-19.049999999999031,318.74556788418602,31.749999999999346));
#1864=IFCCARTESIANPOINT((-19.049999999999031,318.74556788418602,0.));
#1865=IFCCARTESIANPOINT((-101.9863007329422,344.63181818181926,0.));
#1866=IFCCARTESIANPOINT((-98.986703652561189,342.90000000000089,31.749999999999346));
#1867=IFCCARTESIANPOINT((-32.995567884185576,304.79999999999956,31.749999999999346));
#1868=IFCCARTESIANPOINT((-32.995567884185576,304.79999999999956,0.));
#1869=IFCCARTESIANPOINT((-117.76363636363698,285.75000000000085,0.));
#1870=IFCCARTESIANPOINT((-114.30000000000021,285.75000000000085,31.749999999999346));
#1871=IFCCARTESIANPOINT((-38.099999999998325,285.7500000000004,31.749999999999346));
#1872=IFCCARTESIANPOINT((-38.099999999998325,285.7500000000004,0.));
#1873=IFCPOLYLOOP((#1849,#1850,#1846,#1845));
#1874=IFCFACEOUTERBOUND(#1873,.T.);
#1875=IFCFACE((#1874));
#1876=IFCPOLYLOOP((#1850,#1851,#1847,#1846));
#1877=IFCFACEOUTERBOUND(#1876,.T.);
#1878=IFCFACE((#1877));
#1879=IFCPOLYLOOP((#1851,#1852,#1848,#1847));
#1880=IFCFACEOUTERBOUND(#1879,.T.);
#1881=IFCFACE((#1880));
#1882=IFCPOLYLOOP((#1852,#1849,#1845,#1848));
#1883=IFCFACEOUTERBOUND(#1882,.T.);
#1884=IFCFACE((#1883));
#1885=IFCPOLYLOOP((#1853,#1854,#1850,#1849));
#1886=IFCFACEOUTERBOUND(#1885,.T.);
#1887=IFCFACE((#1886));
#1888=IFCPOLYLOOP((#1854,#1855,#1851,#1850));
#1889=IFCFACEOUTERBOUND(#1888,.T.);
#1890=IFCFACE((#1889));
#1891=IFCPOLYLOOP((#1855,#1856,#1852,#1851));
#1892=IFCFACEOUTERBOUND(#1891,.T.);
#1893=IFCFACE((#1892));
#1894=IFCPOLYLOOP((#1856,#1853,#1849,#1852));
#1895=IFCFACEOUTERBOUND(#1894,.T.);
#1896=IFCFACE((#1895));
#1897=IFCPOLYLOOP((#1857,#1858,#1854,#1853));
#1898=IFCFACEOUTERBOUND(#1897,.T.);
#1899=IFCFACE((#1898));
#1900=IFCPOLYLOOP((#1858,#1859,#1855,#1854));
#1901=IFCFACEOUTERBOUND(#1900,.T.);
#1902=IFCFACE((#1901));
#1903=IFCPOLYLOOP((#1859,#1860,#1856,#1855));
#1904=IFCFACEOUTERBOUND(#1903,.T.);
#1905=IFCFACE((#1904));
#1906=IFCPOLYLOOP((#1860,#1857,#1853,#1856));
#1907=IFCFACEOUTERBOUND(#1906,.T.);
#1908=IFCFACE((#1907));
#1909=IFCPOLYLOOP((#1861,#1862,#1858,#1857));
#1910=IFCFACEOUTERBOUND(#1909,.T.);
#1911=IFCFACE((#1910));
#1912=IFCPOLYLOOP((#1862,#1863,#1859,#1858));
#1913=IFCFACEOUTERBOUND(#1912,.T.);
#1914=IFCFACE((#1913));
#1915=IFCPOLYLOOP((#1863,#1864,#1860,#1859));
#1916=IFCFACEOUTERBOUND(#1915,.T.);
#1917=IFCFACE((#1916));
#1918=IFCPOLYLOOP((#1864,#1861,#1857,#1860));
#1919=IFCFACEOUTERBOUND(#1918,.T.);
#1920=IFCFACE((#1919));
#1921=IFCPOLYLOOP((#1865,#1866,#1862,#1861));
#1922=IFCFACEOUTERBOUND(#1921,.T.);
#1923=IFCFACE((#1922));
#1924=IFCPOLYLOOP((#1866,#1867,#1863,#1862));
#1925=IFCFACEOUTERBOUND(#1924,.T.);
#1926=IFCFACE((#1925));
#1927=IFCPOLYLOOP((#1867,#1868,#1864,#1863));
#1928=IFCFACEOUTERBOUND(#1927,.T.);
#1929=IFCFACE((#1928));
#1930=IFCPOLYLOOP((#1868,#1865,#1861,#1864));
#1931=IFCFACEOUTERBOUND(#1930,.T.);
#1932=IFCFACE((#1931));
#1933=IFCPOLYLOOP((#1869,#1870,#1866,#1865));
#1934=IFCFACEOUTERBOUND(#1933,.T.);
#1935=IFCFACE((#1934));
#1936=IFCPOLYLOOP((#1870,#1871,#1867,#1866));
#1937=IFCFACEOUTERBOUND(#1936,.T.);
#1938=IFCFACE((#1937));
#1939=IFCPOLYLOOP((#1871,#1872,#1868,#1867));
#1940=IFCFACEOUTERBOUND(#1939,.T.);
#1941=IFCFACE((#1940));
#1942=IFCPOLYLOOP((#1872,#1869,#1865,#1868));
#1943=IFCFACEOUTERBOUND(#1942,.T.);
#1944=IFCFACE((#1943));
#1945=IFCPOLYLOOP((#1845,#1846,#1847,#1848));
#1946=IFCFACEOUTERBOUND(#1945,.T.);
#1947=IFCFACE((#1946));
#1948=IFCPOLYLOOP((#1872,#1871,#1870,#1869));
#1949=IFCFACEOUTERBOUND(#1948,.T.);
#1950=IFCFACE((#1949));
#1951=IFCCARTESIANPOINT((38.100000000000001,342.90000000000003,206.37500000000713));
#1952=IFCCARTESIANPOINT((38.100000000000001,342.90000000000003,31.749999999998849));
#1953=IFCCARTESIANPOINT((57.150000000000325,342.90000000000009,31.749999999998849));
#1954=IFCCARTESIANPOINT((34.326913867082304,359.43097046037843,206.37500000000716));
#1955=IFCCARTESIANPOINT((34.326913867082304,359.43097046037843,31.749999999998849));
#1956=IFCCARTESIANPOINT((51.490370800623708,367.69645569056792,31.749999999998849));
#1957=IFCCARTESIANPOINT((23.754961450818147,372.68777948203103,206.37500000000716));
#1958=IFCCARTESIANPOINT((23.754961450818147,372.68777948203103,31.749999999998849));
#1959=IFCCARTESIANPOINT((35.632442176227279,387.58166922304719,31.749999999998849));
#1960=IFCCARTESIANPOINT((8.478047583736382,380.04475345412646,206.37500000000716));
#1961=IFCCARTESIANPOINT((8.478047583736382,380.04475345412646,31.749999999998849));
#1962=IFCCARTESIANPOINT((12.717071375604334,398.61713018119053,31.749999999998849));
#1963=IFCCARTESIANPOINT((-8.4780475837343552,380.04475345412652,206.37500000000716));
#1964=IFCCARTESIANPOINT((-8.4780475837343552,380.04475345412652,31.749999999998849));
#1965=IFCCARTESIANPOINT((-12.717071375602108,398.61713018119059,31.749999999998849));
#1966=IFCCARTESIANPOINT((-23.754961450816179,372.6877794820312,206.37500000000716));
#1967=IFCCARTESIANPOINT((-23.754961450816179,372.6877794820312,31.749999999998849));
#1968=IFCCARTESIANPOINT((-35.632442176225155,387.58166922304753,31.749999999998849));
#1969=IFCCARTESIANPOINT((-34.326913867080428,359.4309704603786,206.37500000000716));
#1970=IFCCARTESIANPOINT((-34.326913867080428,359.4309704603786,31.749999999998849));
#1971=IFCCARTESIANPOINT((-51.490370800621747,367.69645569056837,31.749999999998849));
#1972=IFCCARTESIANPOINT((-38.099999999998253,342.90000000000009,206.37500000000716));
#1973=IFCCARTESIANPOINT((-38.099999999998253,342.90000000000009,31.749999999998849));
#1974=IFCCARTESIANPOINT((-57.149999999998577,342.9000000000002,31.749999999998849));
#1975=IFCPOLYLOOP((#1954,#1955,#1952,#1951));
#1976=IFCFACEOUTERBOUND(#1975,.T.);
#1977=IFCFACE((#1976));
#1978=IFCPOLYLOOP((#1955,#1956,#1953,#1952));
#1979=IFCFACEOUTERBOUND(#1978,.T.);
#1980=IFCFACE((#1979));
#1981=IFCPOLYLOOP((#1956,#1954,#1951,#1953));
#1982=IFCFACEOUTERBOUND(#1981,.T.);
#1983=IFCFACE((#1982));
#1984=IFCPOLYLOOP((#1957,#1958,#1955,#1954));
#1985=IFCFACEOUTERBOUND(#1984,.T.);
#1986=IFCFACE((#1985));
#1987=IFCPOLYLOOP((#1958,#1959,#1956,#1955));
#1988=IFCFACEOUTERBOUND(#1987,.T.);
#1989=IFCFACE((#1988));
#1990=IFCPOLYLOOP((#1959,#1957,#1954,#1956));
#1991=IFCFACEOUTERBOUND(#1990,.T.);
#1992=IFCFACE((#1991));
#1993=IFCPOLYLOOP((#1960,#1961,#1958,#1957));
#1994=IFCFACEOUTERBOUND(#1993,.T.);
#1995=IFCFACE((#1994));
#1996=IFCPOLYLOOP((#1961,#1962,#1959,#1958));
#1997=IFCFACEOUTERBOUND(#1996,.T.);
#1998=IFCFACE((#1997));
#1999=IFCPOLYLOOP((#1962,#1960,#1957,#1959));
#2000=IFCFACEOUTERBOUND(#1999,.T.);
#2001=IFCFACE((#2000));
#2002=IFCPOLYLOOP((#1963,#1964,#1961,#1960));
#2003=IFCFACEOUTERBOUND(#2002,.T.);
#2004=IFCFACE((#2003));
#2005=IFCPOLYLOOP((#1964,#1965,#1962,#1961));
#2006=IFCFACEOUTERBOUND(#2005,.T.);
#2007=IFCFACE((#2006));
#2008=IFCPOLYLOOP((#1965,#1963,#1960,#1962));
#2009=IFCFACEOUTERBOUND(#2008,.T.);
#2010=IFCFACE((#2009));
#2011=IFCPOLYLOOP((#1966,#1967,#1964,#1963));
#2012=IFCFACEOUTERBOUND(#2011,.T.);
#2013=IFCFACE((#2012));
#2014=IFCPOLYLOOP((#1967,#1968,#1965,#1964));
#2015=IFCFACEOUTERBOUND(#2014,.T.);
#2016=IFCFACE((#2015));
#2017=IFCPOLYLOOP((#1968,#1966,#1963,#1965));
#2018=IFCFACEOUTERBOUND(#2017,.T.);
#2019=IFCFACE((#2018));
#2020=IFCPOLYLOOP((#1969,#1970,#1967,#1966));
#2021=IFCFACEOUTERBOUND(#2020,.T.);
#2022=IFCFACE((#2021));
#2023=IFCPOLYLOOP((#1970,#1971,#1968,#1967));
#2024=IFCFACEOUTERBOUND(#2023,.T.);
#2025=IFCFACE((#2024));
#2026=IFCPOLYLOOP((#1971,#1969,#1966,#1968));
#2027=IFCFACEOUTERBOUND(#2026,.T.);
#2028=IFCFACE((#2027));
#2029=IFCPOLYLOOP((#1972,#1973,#1970,#1969));
#2030=IFCFACEOUTERBOUND(#2029,.T.);
#2031=IFCFACE((#2030));
#2032=IFCPOLYLOOP((#1973,#1974,#1971,#1970));
#2033=IFCFACEOUTERBOUND(#2032,.T.);
#2034=IFCFACE((#2033));
#2035=IFCPOLYLOOP((#1974,#1972,#1969,#1971));
#2036=IFCFACEOUTERBOUND(#2035,.T.);
#2037=IFCFACE((#2036));
#2038=IFCPOLYLOOP((#1951,#1952,#1953));
#2039=IFCFACEOUTERBOUND(#2038,.T.);
#2040=IFCFACE((#2039));
#2041=IFCPOLYLOOP((#1974,#1973,#1972));
#2042=IFCFACEOUTERBOUND(#2041,.T.);
#2043=IFCFACE((#2042));
#2044=IFCCARTESIANPOINT((-157.62934351578264,97.472128048275479,400.05000000000001));
#2045=IFCCARTESIANPOINT((-171.06066395069993,73.77386398591446,400.05000000000001));
#2046=IFCCARTESIANPOINT((-177.58511020086289,49.424299089054131,400.05000000000001));
#2047=IFCCARTESIANPOINT((-181.98457146844476,24.473714386105627,400.05000000000001));
#2048=IFCCARTESIANPOINT((-184.12574403160019,0.,400.05000000000001));
#2049=IFCCARTESIANPOINT((-179.79507157105454,-49.499812730165871,400.05000000000001));
#2050=IFCCARTESIANPOINT((-166.34700001581447,-99.688699038144563,400.05000000000001));
#2051=IFCCARTESIANPOINT((-148.04696022387267,-149.96764514162442,400.05000000000001));
#2052=IFCCARTESIANPOINT((-124.70458082616943,-200.02553930115999,400.05000000000001));
#2053=IFCCARTESIANPOINT((-90.097158248555971,-249.91259411357427,400.05000000000001));
#2054=IFCCARTESIANPOINT((-65.691016996320627,-274.31873536580997,400.05000000000001));
#2055=IFCCARTESIANPOINT((-44.899086249818872,-286.32296217927524,400.05000000000001));
#2056=IFCCARTESIANPOINT((-11.580323672501383,-298.45000000000164,400.05000000000001));
#2057=IFCCARTESIANPOINT((11.580323672501263,-298.45000000000158,400.05000000000001));
#2058=IFCCARTESIANPOINT((44.899086249817806,-286.32296217927558,400.05000000000001));
#2059=IFCCARTESIANPOINT((65.691016996320258,-274.3187353658102,400.05000000000001));
#2060=IFCCARTESIANPOINT((90.097158248555289,-249.91259411357493,400.05000000000001));
#2061=IFCCARTESIANPOINT((124.70458082616925,-200.02553930116002,400.05000000000001));
#2062=IFCCARTESIANPOINT((148.04696022387148,-149.96764514162859,400.05000000000001));
#2063=IFCCARTESIANPOINT((166.34700001581359,-99.68869903814678,400.05000000000001));
#2064=IFCCARTESIANPOINT((179.79507157105442,-49.499812730166589,400.05000000000001));
#2065=IFCCARTESIANPOINT((184.12574403160022,0.,400.05000000000001));
#2066=IFCCARTESIANPOINT((181.98457146844441,24.473714386107996,400.05000000000001));
#2067=IFCCARTESIANPOINT((177.5851102008632,49.424299089052013,400.05000000000001));
#2068=IFCCARTESIANPOINT((171.06066395069982,73.773863985914218,400.05000000000001));
#2069=IFCCARTESIANPOINT((157.62934351578272,97.472128048275351,400.05000000000001));
#2070=IFCCARTESIANPOINT((129.09426284348103,121.41590371601747,400.05000000000001));
#2071=IFCCARTESIANPOINT((95.775500266165579,133.54294153674292,400.05000000000001));
#2072=IFCCARTESIANPOINT((24.844446986610194,146.04999999999833,400.05000000000001));
#2073=IFCCARTESIANPOINT((-24.844446986610297,146.04999999999831,400.05000000000001));
#2074=IFCCARTESIANPOINT((-95.775500266164372,133.54294153674326,400.05000000000001));
#2075=IFCCARTESIANPOINT((-129.09426284348126,121.41590371601731,400.05000000000001));
#2076=IFCPOLYLOOP((#2044,#2045,#2046,#2047,#2048,#2049,#2050,#2051,#2052,#2053,#2054,#2055,#2056,#2057,#2058,#2059,#2060,#2061,#2062,#2063,#2064,#2065,#2066,#2067,#2068,#2069,#2070,#2071,#2072,#2073,#2074,#2075));
#2077=IFCFACEOUTERBOUND(#2076,.T.);
#2078=IFCFACE((#2077));
#2079=IFCCARTESIANPOINT((-162.588783588111,101.59999999999883,387.21814527230197));
#2080=IFCCARTESIANPOINT((-132.31824233621822,127.,387.21814527230197));
#2081=IFCCARTESIANPOINT((-97.425279109145123,139.69999999999825,387.21814527230197));
#2082=IFCCARTESIANPOINT((-25.399999999994225,152.39999999999938,387.21814527230197));
#2083=IFCCARTESIANPOINT((25.399999999993522,152.39999999999949,387.21814527230197));
#2084=IFCCARTESIANPOINT((97.425279109144697,139.6999999999984,387.21814527230197));
#2085=IFCCARTESIANPOINT((132.31824233621839,127.,387.21814527230197));
#2086=IFCCARTESIANPOINT((162.58878358811094,101.59999999999901,387.21814527230197));
#2087=IFCCARTESIANPOINT((176.98458651060216,76.199999999998596,387.21814527230197));
#2088=IFCCARTESIANPOINT((183.7904959983527,50.799999999998207,387.21814527230197));
#2089=IFCCARTESIANPOINT((188.28624413420997,25.303345331532061,387.21814527230197));
#2090=IFCCARTESIANPOINT((190.50000000000054,0.,387.21814527230197));
#2091=IFCCARTESIANPOINT((186.07248826841956,-50.606690663061713,387.21814527230197));
#2092=IFCCARTESIANPOINT((172.408872212196,-101.60000000000127,387.21814527230197));
#2093=IFCCARTESIANPOINT((153.91918431147465,-152.39999999999748,387.21814527230197));
#2094=IFCCARTESIANPOINT((130.23075527719948,-203.20000000000144,387.21814527230197));
#2095=IFCCARTESIANPOINT((94.990008483198167,-254.,387.21814527230197));
#2096=IFCCARTESIANPOINT((69.590008483198162,-279.40000000000151,387.21814527230197));
#2097=IFCCARTESIANPOINT((47.592963227073739,-292.10000000000156,387.21814527230197));
#2098=IFCCARTESIANPOINT((12.700000000003103,-304.80000000000058,387.21814527230197));
#2099=IFCCARTESIANPOINT((-12.70000000000339,-304.80000000000058,387.21814527230197));
#2100=IFCCARTESIANPOINT((-47.59296322707398,-292.10000000000173,387.21814527230197));
#2101=IFCCARTESIANPOINT((-69.590008483198886,-279.40000000000146,387.21814527230197));
#2102=IFCCARTESIANPOINT((-94.990008483197656,-254.,387.21814527230197));
#2103=IFCCARTESIANPOINT((-130.23075527719948,-203.20000000000232,387.21814527230197));
#2104=IFCCARTESIANPOINT((-153.91918431147275,-152.40000000000211,387.21814527230197));
#2105=IFCCARTESIANPOINT((-172.40887221219506,-101.60000000000556,387.21814527230197));
#2106=IFCCARTESIANPOINT((-186.07248826841939,-50.606690663062871,387.21814527230197));
#2107=IFCCARTESIANPOINT((-190.50000000000048,0.,387.21814527230197));
#2108=IFCCARTESIANPOINT((-188.28624413421008,25.303345331531208,387.21814527230197));
#2109=IFCCARTESIANPOINT((-183.79049599835255,50.799999999999351,387.21814527230197));
#2110=IFCCARTESIANPOINT((-176.98458651060204,76.199999999998667,387.21814527230197));
#2111=IFCPOLYLOOP((#2079,#2080,#2081,#2082,#2083,#2084,#2085,#2086,#2087,#2088,#2089,#2090,#2091,#2092,#2093,#2094,#2095,#2096,#2097,#2098,#2099,#2100,#2101,#2102,#2103,#2104,#2105,#2106,#2107,#2108,#2109,#2110));
#2112=IFCFACEOUTERBOUND(#2111,.T.);
#2113=IFCFACE((#2112));
#2114=IFCPOLYLOOP((#2079,#2110,#2045,#2044));
#2115=IFCFACEOUTERBOUND(#2114,.T.);
#2116=IFCFACE((#2115));
#2117=IFCPOLYLOOP((#2110,#2109,#2046,#2045));
#2118=IFCFACEOUTERBOUND(#2117,.T.);
#2119=IFCFACE((#2118));
#2120=IFCPOLYLOOP((#2109,#2108,#2047,#2046));
#2121=IFCFACEOUTERBOUND(#2120,.T.);
#2122=IFCFACE((#2121));
#2123=IFCPOLYLOOP((#2108,#2107,#2048,#2047));
#2124=IFCFACEOUTERBOUND(#2123,.T.);
#2125=IFCFACE((#2124));
#2126=IFCPOLYLOOP((#2107,#2106,#2049,#2048));
#2127=IFCFACEOUTERBOUND(#2126,.T.);
#2128=IFCFACE((#2127));
#2129=IFCPOLYLOOP((#2106,#2105,#2050,#2049));
#2130=IFCFACEOUTERBOUND(#2129,.T.);
#2131=IFCFACE((#2130));
#2132=IFCPOLYLOOP((#2105,#2104,#2051,#2050));
#2133=IFCFACEOUTERBOUND(#2132,.T.);
#2134=IFCFACE((#2133));
#2135=IFCPOLYLOOP((#2104,#2103,#2052,#2051));
#2136=IFCFACEOUTERBOUND(#2135,.T.);
#2137=IFCFACE((#2136));
#2138=IFCPOLYLOOP((#2103,#2102,#2053,#2052));
#2139=IFCFACEOUTERBOUND(#2138,.T.);
#2140=IFCFACE((#2139));
#2141=IFCPOLYLOOP((#2102,#2101,#2054,#2053));
#2142=IFCFACEOUTERBOUND(#2141,.T.);
#2143=IFCFACE((#2142));
#2144=IFCPOLYLOOP((#2101,#2100,#2055,#2054));
#2145=IFCFACEOUTERBOUND(#2144,.T.);
#2146=IFCFACE((#2145));
#2147=IFCPOLYLOOP((#2100,#2099,#2056,#2055));
#2148=IFCFACEOUTERBOUND(#2147,.T.);
#2149=IFCFACE((#2148));
#2150=IFCPOLYLOOP((#2099,#2098,#2057,#2056));
#2151=IFCFACEOUTERBOUND(#2150,.T.);
#2152=IFCFACE((#2151));
#2153=IFCPOLYLOOP((#2098,#2097,#2058,#2057));
#2154=IFCFACEOUTERBOUND(#2153,.T.);
#2155=IFCFACE((#2154));
#2156=IFCPOLYLOOP((#2097,#2096,#2059,#2058));
#2157=IFCFACEOUTERBOUND(#2156,.T.);
#2158=IFCFACE((#2157));
#2159=IFCPOLYLOOP((#2096,#2095,#2060,#2059));
#2160=IFCFACEOUTERBOUND(#2159,.T.);
#2161=IFCFACE((#2160));
#2162=IFCPOLYLOOP((#2095,#2094,#2061,#2060));
#2163=IFCFACEOUTERBOUND(#2162,.T.);
#2164=IFCFACE((#2163));
#2165=IFCPOLYLOOP((#2094,#2093,#2062,#2061));
#2166=IFCFACEOUTERBOUND(#2165,.T.);
#2167=IFCFACE((#2166));
#2168=IFCPOLYLOOP((#2093,#2092,#2063,#2062));
#2169=IFCFACEOUTERBOUND(#2168,.T.);
#2170=IFCFACE((#2169));
#2171=IFCPOLYLOOP((#2092,#2091,#2064,#2063));
#2172=IFCFACEOUTERBOUND(#2171,.T.);
#2173=IFCFACE((#2172));
#2174=IFCPOLYLOOP((#2091,#2090,#2065,#2064));
#2175=IFCFACEOUTERBOUND(#2174,.T.);
#2176=IFCFACE((#2175));
#2177=IFCPOLYLOOP((#2090,#2089,#2066,#2065));
#2178=IFCFACEOUTERBOUND(#2177,.T.);
#2179=IFCFACE((#2178));
#2180=IFCPOLYLOOP((#2089,#2088,#2067,#2066));
#2181=IFCFACEOUTERBOUND(#2180,.T.);
#2182=IFCFACE((#2181));
#2183=IFCPOLYLOOP((#2088,#2087,#2068,#2067));
#2184=IFCFACEOUTERBOUND(#2183,.T.);
#2185=IFCFACE((#2184));
#2186=IFCPOLYLOOP((#2087,#2086,#2069,#2068));
#2187=IFCFACEOUTERBOUND(#2186,.T.);
#2188=IFCFACE((#2187));
#2189=IFCPOLYLOOP((#2086,#2085,#2070,#2069));
#2190=IFCFACEOUTERBOUND(#2189,.T.);
#2191=IFCFACE((#2190));
#2192=IFCPOLYLOOP((#2085,#2084,#2071,#2070));
#2193=IFCFACEOUTERBOUND(#2192,.T.);
#2194=IFCFACE((#2193));
#2195=IFCPOLYLOOP((#2084,#2083,#2072,#2071));
#2196=IFCFACEOUTERBOUND(#2195,.T.);
#2197=IFCFACE((#2196));
#2198=IFCPOLYLOOP((#2083,#2082,#2073,#2072));
#2199=IFCFACEOUTERBOUND(#2198,.T.);
#2200=IFCFACE((#2199));
#2201=IFCPOLYLOOP((#2082,#2081,#2074,#2073));
#2202=IFCFACEOUTERBOUND(#2201,.T.);
#2203=IFCFACE((#2202));
#2204=IFCPOLYLOOP((#2081,#2080,#2075,#2074));
#2205=IFCFACEOUTERBOUND(#2204,.T.);
#2206=IFCFACE((#2205));
#2207=IFCPOLYLOOP((#2080,#2079,#2044,#2075));
#2208=IFCFACEOUTERBOUND(#2207,.T.);
#2209=IFCFACE((#2208));
#2210=IFCCARTESIANPOINT((228.58688693507665,469.88688693507396,704.84999999999945));
#2211=IFCCARTESIANPOINT((-228.58688693507568,469.88688693507396,704.84999999999945));
#2212=IFCCARTESIANPOINT((-228.58688693507602,298.44999999999982,704.84999999999945));
#2213=IFCCARTESIANPOINT((-223.27087045362197,271.72458040199211,704.84999999999945));
#2214=IFCCARTESIANPOINT((-208.1321363287511,249.06786367124906,704.84999999999945));
#2215=IFCCARTESIANPOINT((-185.47541959800836,233.92912954637754,704.84999999999945));
#2216=IFCCARTESIANPOINT((-158.75000000000026,228.61311306492277,704.84999999999945));
#2217=IFCCARTESIANPOINT((158.7499999999992,228.61311306492169,704.84999999999945));
#2218=IFCCARTESIANPOINT((185.47541959800699,233.92912954637575,704.84999999999945));
#2219=IFCCARTESIANPOINT((208.13213632875014,249.0678636712467,704.84999999999945));
#2220=IFCCARTESIANPOINT((223.27087045362148,271.72458040198933,704.84999999999945));
#2221=IFCCARTESIANPOINT((228.58688693507665,298.44999999999737,704.84999999999945));
#2222=IFCCARTESIANPOINT((228.58688693507665,469.88688693507396,654.04999999998006));
#2223=IFCCARTESIANPOINT((228.58688693507631,298.44999999999692,654.04999999998006));
#2224=IFCCARTESIANPOINT((223.27087045362148,271.72458040198933,654.04999999998006));
#2225=IFCCARTESIANPOINT((208.13213632875014,249.0678636712467,654.04999999998006));
#2226=IFCCARTESIANPOINT((185.47541959800699,233.92912954637575,654.04999999998006));
#2227=IFCCARTESIANPOINT((158.74999999999974,228.61311306492169,654.04999999998006));
#2228=IFCCARTESIANPOINT((-158.75000000000077,228.61311306492277,654.04999999998006));
#2229=IFCCARTESIANPOINT((-185.47541959800836,233.92912954637754,654.04999999998006));
#2230=IFCCARTESIANPOINT((-208.1321363287511,249.06786367124906,654.04999999998006));
#2231=IFCCARTESIANPOINT((-223.27087045362197,271.72458040199211,654.04999999998006));
#2232=IFCCARTESIANPOINT((-228.58688693507602,298.44999999999936,654.04999999998006));
#2233=IFCCARTESIANPOINT((-228.58688693507568,469.88688693507396,654.04999999998006));
#2234=IFCCARTESIANPOINT((-225.19407316110266,281.39317332467357,704.84999999999945));
#2235=IFCCARTESIANPOINT((-225.92887869434907,285.08729020099622,654.04999999998006));
#2236=IFCCARTESIANPOINT((-215.70150339118678,260.39622203662094,654.04999999998006));
#2237=IFCCARTESIANPOINT((-215.70150339118678,260.39622203662094,704.84999999999945));
#2238=IFCCARTESIANPOINT((-175.80682672143672,232.00592684806844,704.84999999999945));
#2239=IFCCARTESIANPOINT((-172.11270979900479,231.27112130565024,654.04999999998006));
#2240=IFCCARTESIANPOINT((-196.8037779633801,241.49849660881355,654.04999999998006));
#2241=IFCCARTESIANPOINT((-196.8037779633801,241.49849660881355,704.84999999999945));
#2242=IFCCARTESIANPOINT((175.80682666664202,232.00592683716781,704.84999999999945));
#2243=IFCCARTESIANPOINT((172.11270979900266,231.27112130564865,654.04999999998006));
#2244=IFCCARTESIANPOINT((196.80377796337814,241.498496608811,654.04999999998006));
#2245=IFCCARTESIANPOINT((196.8037779633782,241.498496608811,704.84999999999945));
#2246=IFCCARTESIANPOINT((225.19407314995635,281.39317326863573,704.84999999999945));
#2247=IFCCARTESIANPOINT((225.92887869434884,285.08729020099292,654.04999999998006));
#2248=IFCCARTESIANPOINT((215.70150339118558,260.39622203661764,654.04999999998006));
#2249=IFCCARTESIANPOINT((215.70150339118558,260.39622203661764,704.84999999999945));
#2250=IFCPOLYLOOP((#2217,#2242,#2218,#2245,#2219,#2249,#2220,#2246,#2221,#2210,#2211,#2212,#2234,#2213,#2237,#2214,#2241,#2215,#2238,#2216));
#2251=IFCFACEOUTERBOUND(#2250,.T.);
#2252=IFCFACE((#2251));
#2253=IFCPOLYLOOP((#2232,#2233,#2222,#2223,#2247,#2224,#2248,#2225,#2244,#2226,#2243,#2227,#2228,#2239,#2229,#2240,#2230,#2236,#2231,#2235));
#2254=IFCFACEOUTERBOUND(#2253,.T.);
#2255=IFCFACE((#2254));
#2256=IFCPOLYLOOP((#2211,#2210,#2222,#2233));
#2257=IFCFACEOUTERBOUND(#2256,.T.);
#2258=IFCFACE((#2257));
#2259=IFCPOLYLOOP((#2212,#2211,#2233,#2232));
#2260=IFCFACEOUTERBOUND(#2259,.T.);
#2261=IFCFACE((#2260));
#2262=IFCPOLYLOOP((#2231,#2213,#2234,#2212,#2232,#2235));
#2263=IFCFACEOUTERBOUND(#2262,.T.);
#2264=IFCFACE((#2263));
#2265=IFCPOLYLOOP((#2238,#2215,#2229,#2239,#2228,#2216));
#2266=IFCFACEOUTERBOUND(#2265,.T.);
#2267=IFCFACE((#2266));
#2268=IFCPOLYLOOP((#2213,#2231,#2236,#2230,#2214,#2237));
#2269=IFCFACEOUTERBOUND(#2268,.T.);
#2270=IFCFACE((#2269));
#2271=IFCPOLYLOOP((#2230,#2240,#2229,#2215,#2241,#2214));
#2272=IFCFACEOUTERBOUND(#2271,.T.);
#2273=IFCFACE((#2272));
#2274=IFCPOLYLOOP((#2217,#2216,#2228,#2227));
#2275=IFCFACEOUTERBOUND(#2274,.T.);
#2276=IFCFACE((#2275));
#2277=IFCPOLYLOOP((#2226,#2218,#2242,#2217,#2227,#2243));
#2278=IFCFACEOUTERBOUND(#2277,.T.);
#2279=IFCFACE((#2278));
#2280=IFCPOLYLOOP((#2246,#2220,#2224,#2247,#2223,#2221));
#2281=IFCFACEOUTERBOUND(#2280,.T.);
#2282=IFCFACE((#2281));
#2283=IFCPOLYLOOP((#2218,#2226,#2244,#2225,#2219,#2245));
#2284=IFCFACEOUTERBOUND(#2283,.T.);
#2285=IFCFACE((#2284));
#2286=IFCPOLYLOOP((#2225,#2248,#2224,#2220,#2249,#2219));
#2287=IFCFACEOUTERBOUND(#2286,.T.);
#2288=IFCFACE((#2287));
#2289=IFCPOLYLOOP((#2210,#2221,#2223,#2222));
#2290=IFCFACEOUTERBOUND(#2289,.T.);
#2291=IFCFACE((#2290));
#2292=IFCCARTESIANPOINT((-38.099999999999731,342.89999999999907,336.55000000000024));
#2293=IFCCARTESIANPOINT((38.099999999999731,342.89999999999878,336.55000000000024));
#2294=IFCCARTESIANPOINT((34.326913867082034,359.43097046037769,336.55000000000024));
#2295=IFCCARTESIANPOINT((23.754961450817735,372.68777948203069,336.55000000000024));
#2296=IFCCARTESIANPOINT((8.4780475837356697,380.04475345412624,336.55000000000024));
#2297=IFCCARTESIANPOINT((-8.4780475837353997,380.04475345412629,336.55000000000024));
#2298=IFCCARTESIANPOINT((-23.754961450817511,372.68777948203081,336.55000000000024));
#2299=IFCCARTESIANPOINT((-34.326913867081906,359.43097046037798,336.55000000000024));
#2300=IFCCARTESIANPOINT((-38.099999999999731,342.89999999999907,206.37499999999966));
#2301=IFCCARTESIANPOINT((-34.326913867081906,359.43097046037798,206.37499999999966));
#2302=IFCCARTESIANPOINT((-23.754961450817511,372.68777948203081,206.37499999999966));
#2303=IFCCARTESIANPOINT((-8.4780475837353997,380.04475345412629,206.37499999999966));
#2304=IFCCARTESIANPOINT((8.4780475837356697,380.04475345412624,206.37499999999966));
#2305=IFCCARTESIANPOINT((23.754961450817735,372.68777948203069,206.37499999999966));
#2306=IFCCARTESIANPOINT((34.326913867082034,359.43097046037769,206.37499999999966));
#2307=IFCCARTESIANPOINT((38.099999999999731,342.89999999999878,206.37499999999966));
#2308=IFCCARTESIANPOINT((35.670624580925171,353.54378916227716,206.37499999999966));
#2309=IFCCARTESIANPOINT((36.213456933540932,351.16548523018798,336.55000000000024));
#2310=IFCCARTESIANPOINT((29.040937658950018,366.05937497120402,336.55000000000024));
#2311=IFCCARTESIANPOINT((29.040937658950003,366.05937497120402,206.37499999999966));
#2312=IFCCARTESIANPOINT((16.11650451727693,376.36626646807838,336.55000000000024));
#2313=IFCCARTESIANPOINT((16.11650451727693,376.36626646807832,206.37499999999966));
#2314=IFCCARTESIANPOINT((0.,380.04475345412624,336.55000000000024));
#2315=IFCCARTESIANPOINT((0.,380.04475345412624,206.37499999999966));
#2316=IFCCARTESIANPOINT((-16.116504517276265,376.36626646807866,336.55000000000024));
#2317=IFCCARTESIANPOINT((-16.116504517276283,376.36626646807866,206.37499999999966));
#2318=IFCCARTESIANPOINT((-29.040937658949566,366.05937497120453,336.55000000000024));
#2319=IFCCARTESIANPOINT((-29.040937658949581,366.05937497120453,206.37499999999966));
#2320=IFCCARTESIANPOINT((-35.670624580911088,353.54378916233867,336.55000000000024));
#2321=IFCCARTESIANPOINT((-36.213456933540769,351.16548523018872,206.37499999999966));
#2322=IFCPOLYLOOP((#2320,#2292,#2293,#2309,#2294,#2310,#2295,#2312,#2296,#2314,#2297,#2316,#2298,#2318,#2299));
#2323=IFCFACEOUTERBOUND(#2322,.T.);
#2324=IFCFACE((#2323));
#2325=IFCPOLYLOOP((#2304,#2313,#2305,#2311,#2306,#2308,#2307,#2300,#2321,#2301,#2319,#2302,#2317,#2303,#2315));
#2326=IFCFACEOUTERBOUND(#2325,.T.);
#2327=IFCFACE((#2326));
#2328=IFCPOLYLOOP((#2293,#2292,#2300,#2307));
#2329=IFCFACEOUTERBOUND(#2328,.T.);
#2330=IFCFACE((#2329));
#2331=IFCPOLYLOOP((#2306,#2294,#2309,#2293,#2307,#2308));
#2332=IFCFACEOUTERBOUND(#2331,.T.);
#2333=IFCFACE((#2332));
#2334=IFCPOLYLOOP((#2305,#2295,#2310,#2294,#2306,#2311));
#2335=IFCFACEOUTERBOUND(#2334,.T.);
#2336=IFCFACE((#2335));
#2337=IFCPOLYLOOP((#2320,#2299,#2301,#2321,#2300,#2292));
#2338=IFCFACEOUTERBOUND(#2337,.T.);
#2339=IFCFACE((#2338));
#2340=IFCPOLYLOOP((#2304,#2296,#2312,#2295,#2305,#2313));
#2341=IFCFACEOUTERBOUND(#2340,.T.);
#2342=IFCFACE((#2341));
#2343=IFCPOLYLOOP((#2314,#2296,#2304,#2315,#2303,#2297));
#2344=IFCFACEOUTERBOUND(#2343,.T.);
#2345=IFCFACE((#2344));
#2346=IFCPOLYLOOP((#2302,#2298,#2316,#2297,#2303,#2317));
#2347=IFCFACEOUTERBOUND(#2346,.T.);
#2348=IFCFACE((#2347));
#2349=IFCPOLYLOOP((#2298,#2302,#2319,#2301,#2299,#2318));
#2350=IFCFACEOUTERBOUND(#2349,.T.);
#2351=IFCFACE((#2350));
#2352=IFCCARTESIANPOINT((177.80000000000285,419.10000000000031,387.21814527230214));
#2353=IFCCARTESIANPOINT((177.80000000000285,419.10000000000031,374.64999999999918));
#2354=IFCCARTESIANPOINT((177.80000000000285,298.44999999999789,374.64999999999918));
#2355=IFCCARTESIANPOINT((177.80000000000285,298.44999999999789,387.21814527230219));
#2356=IFCCARTESIANPOINT((192.8020829112169,434.10208291121432,387.21814527230214));
#2357=IFCCARTESIANPOINT((192.80208291121679,298.44999999999789,387.21814527230219));
#2358=IFCCARTESIANPOINT((211.46509306122209,452.76509306121949,402.44786358886489));
#2359=IFCCARTESIANPOINT((207.87238019474688,449.17238019474433,394.61530700061769));
#2360=IFCCARTESIANPOINT((201.19600722956798,442.49600722956552,389.16713552030802));
#2361=IFCCARTESIANPOINT((201.19600722956793,298.44999999999789,389.16713552030819));
#2362=IFCCARTESIANPOINT((207.8723801947466,298.44999999999789,394.61530700061797));
#2363=IFCCARTESIANPOINT((211.46509306122161,298.44999999999789,402.44786358886495));
#2364=IFCCARTESIANPOINT((195.97290932893685,298.44999999999789,387.95438133208478));
#2365=IFCCARTESIANPOINT((196.99904507039238,438.29904507038992,388.19264039630508));
#2366=IFCCARTESIANPOINT((204.53419371215745,445.8341937121549,391.89122126046283));
#2367=IFCCARTESIANPOINT((204.53419371215728,298.44999999999789,391.89122126046311));
#2368=IFCCARTESIANPOINT((210.10815177299349,451.40815177299089,399.48956443666816));
#2369=IFCCARTESIANPOINT((209.66873662798412,298.44999999999789,398.53158529474143));
#2370=IFCCARTESIANPOINT((218.7732505714396,460.07325057143697,438.15000000000163));
#2371=IFCCARTESIANPOINT((218.77325057143932,298.44999999999789,438.15000000000043));
#2372=IFCCARTESIANPOINT((228.58688693507705,469.88688693507447,654.05000000000234));
#2373=IFCCARTESIANPOINT((228.58688693507705,298.44999999999789,654.05000000000223));
#2374=IFCCARTESIANPOINT((228.58688693507705,469.88688693507447,704.84999999999945));
#2375=IFCCARTESIANPOINT((228.58688693507705,298.44999999999789,704.84999999999934));
#2376=IFCCARTESIANPOINT((237.9181699828672,479.21816998286465,704.84999999999945));
#2377=IFCCARTESIANPOINT((237.91816998286714,298.44999999999789,704.84999999999934));
#2378=IFCCARTESIANPOINT((250.56984264863272,491.86984264862991,693.25687793289501));
#2379=IFCCARTESIANPOINT((248.52886518781168,489.8288651878089,699.12876402149891));
#2380=IFCCARTESIANPOINT((243.94559467866225,485.24559467865964,703.32855766798696));
#2381=IFCCARTESIANPOINT((243.9455946786621,298.44999999999789,703.32855766798673));
#2382=IFCCARTESIANPOINT((248.52886518781125,298.44999999999789,699.12876402149857));
#2383=IFCCARTESIANPOINT((250.56984264863209,298.44999999999789,693.25687793289489));
#2384=IFCCARTESIANPOINT((237.91816998286714,422.88407953195826,704.84999999999945));
#2385=IFCCARTESIANPOINT((240.11079117920571,481.41079117920327,704.2965386339032));
#2386=IFCCARTESIANPOINT((240.11215402566611,298.44999999999789,704.29619462424682));
#2387=IFCCARTESIANPOINT((241.17523234348405,389.93619379261906,704.42524112916067));
#2388=IFCCARTESIANPOINT((246.49816562080187,391.84779734955879,701.51342217637387));
#2389=IFCCARTESIANPOINT((250.56984264863229,367.43576328636607,693.25687793289501));
#2390=IFCCARTESIANPOINT((249.82692636071766,298.44999999999789,695.39424588513452));
#2391=IFCCARTESIANPOINT((249.64868798862537,400.27642455621816,697.01671833133787));
#2392=IFCCARTESIANPOINT((237.91816998286714,360.66703976597807,704.84999999999945));
#2393=IFCCARTESIANPOINT((244.00931122640262,401.25117653216046,703.29396690372369));
#2394=IFCCARTESIANPOINT((246.23722993323668,298.44999999999789,701.22866084474265));
#2395=IFCCARTESIANPOINT((246.23722993323696,487.5372299332343,701.22866084474288));
#2396=IFCCARTESIANPOINT((250.56984264863249,429.65280296749791,693.25687793289501));
#2397=IFCCARTESIANPOINT((249.54935391822221,490.84935391821938,696.19282097719702));
#2398=IFCCARTESIANPOINT((248.29900802660876,413.26095260010351,699.46629698068648));
#2399=IFCCARTESIANPOINT((253.39602735109855,494.69602735109601,660.95343896644704));
#2400=IFCCARTESIANPOINT((253.39602735109855,298.44999999999789,660.95343896644715));
#2401=IFCCARTESIANPOINT((247.07019101821609,488.37019101821346,654.04999999999927));
#2402=IFCCARTESIANPOINT((249.62763249881917,490.92763249881654,654.58777210759069));
#2403=IFCCARTESIANPOINT((251.75190210696053,493.05190210695781,656.11000218163974));
#2404=IFCCARTESIANPOINT((253.08319734051028,494.38319734050748,658.35885939532432));
#2405=IFCCARTESIANPOINT((253.08319734050971,298.44999999999789,658.35885939532443));
#2406=IFCCARTESIANPOINT((251.75190210696019,298.44999999999789,656.11000218164008));
#2407=IFCCARTESIANPOINT((249.62763249881908,298.44999999999789,654.58777210759092));
#2408=IFCCARTESIANPOINT((247.07019101821612,298.44999999999789,654.04999999999927));
#2409=IFCCARTESIANPOINT((247.07019101821609,386.43817883695607,654.04999999999927));
#2410=IFCCARTESIANPOINT((253.39602735109858,396.57302192398356,660.95343896644704));
#2411=IFCCARTESIANPOINT((253.39602735109838,342.44410870489264,660.95343896644704));
#2412=IFCCARTESIANPOINT((247.07019101821609,444.3760917080495,654.04999999999927));
#2413=IFCCARTESIANPOINT((253.39602735109875,450.70193514307442,660.95343896644704));
#2414=IFCCARTESIANPOINT((247.07019101821609,342.44407952679217,654.04999999999927));
#2415=IFCCARTESIANPOINT((251.75190206415144,364.44113537637406,656.1100021349223));
#2416=IFCCARTESIANPOINT((251.58324238435296,404.36895599898298,655.93291287676004));
#2417=IFCCARTESIANPOINT((251.69349158867942,454.77139343471077,656.04711683649089));
#2418=IFCCARTESIANPOINT((241.30000000000555,482.60000000000298,654.04999999999939));
#2419=IFCCARTESIANPOINT((241.30000000000555,298.44999999999789,654.0499999999995));
#2420=IFCCARTESIANPOINT((231.48636363636822,472.78636363636565,438.14999999999918));
#2421=IFCCARTESIANPOINT((231.48636363636822,298.44999999999789,438.14999999999964));
#2422=IFCCARTESIANPOINT((222.34168242667167,463.64168242666909,393.47599625439705));
#2423=IFCCARTESIANPOINT((222.3416824266717,298.44999999999789,393.47599625439722));
#2424=IFCCARTESIANPOINT((197.80716643892876,439.10716643892619,374.64999999999918));
#2425=IFCCARTESIANPOINT((208.54167028714321,449.84167028714057,377.02978220926849));
#2426=IFCCARTESIANPOINT((217.26469529415181,458.56469529414915,383.72319471396202));
#2427=IFCCARTESIANPOINT((217.26469529415149,298.44999999999789,383.7231947139623));
#2428=IFCCARTESIANPOINT((208.54167028714315,298.44999999999789,377.02978220926866));
#2429=IFCCARTESIANPOINT((197.80716643892879,298.44999999999789,374.64999999999918));
#2430=IFCCARTESIANPOINT((203.17441836303598,444.47441836303341,375.83989110463386));
#2431=IFCCARTESIANPOINT((203.17441836303595,298.44999999999789,375.83989110463392));
#2432=IFCCARTESIANPOINT((212.90318279064732,298.44999999999789,380.37648846161551));
#2433=IFCCARTESIANPOINT((212.90318279064752,454.20318279064492,380.37648846161522));
#2434=IFCCARTESIANPOINT((219.80318886041144,298.44999999999789,388.59959548417982));
#2435=IFCCARTESIANPOINT((219.80318886041184,461.10318886040915,388.59959548417959));
#2436=IFCCARTESIANPOINT((158.75000000000037,279.39999999999537,387.21814527230214));
#2437=IFCCARTESIANPOINT((172.22038418160588,284.97961581839235,387.21814527230214));
#2438=IFCCARTESIANPOINT((172.22038418160588,284.97961581839235,374.64999999999918));
#2439=IFCCARTESIANPOINT((158.75000000000026,279.39999999999537,374.64999999999918));
#2440=IFCCARTESIANPOINT((174.04123150818435,289.37553012922882,387.21814527230214));
#2441=IFCCARTESIANPOINT((175.0101920908044,291.71480790919514,374.64999999999918));
#2442=IFCCARTESIANPOINT((175.92061575213452,293.91276505988367,374.64999999999918));
#2443=IFCCARTESIANPOINT((165.48519209080311,282.18980790919386,387.21814527230219));
#2444=IFCCARTESIANPOINT((165.48519209080305,282.18980790919386,374.64999999999918));
#2445=IFCCARTESIANPOINT((168.85278813620448,283.58471186379313,374.64999999999918));
#2446=IFCCARTESIANPOINT((173.61528813620512,288.34721186379375,374.64999999999918));
#2447=IFCCARTESIANPOINT((175.92061575409357,293.91276506461332,387.21814527230214));
#2448=IFCCARTESIANPOINT((162.11759604540177,280.79490395459459,387.21814527230214));
#2449=IFCCARTESIANPOINT((162.11759604540165,280.79490395459459,374.64999999999918));
#2450=IFCCARTESIANPOINT((168.85278813620448,283.58471186379313,387.21814527230214));
#2451=IFCCARTESIANPOINT((158.75000000000031,264.39791708878136,387.21814527230214));
#2452=IFCCARTESIANPOINT((175.77604145560863,268.96003114711033,387.21814527230214));
#2453=IFCCARTESIANPOINT((188.23996885288784,281.42395854438956,387.21814527230214));
#2454=IFCCARTESIANPOINT((158.75000000000028,245.73490693877619,402.447863588865));
#2455=IFCCARTESIANPOINT((178.92319275011374,249.74760446630739,402.447863588865));
#2456=IFCCARTESIANPOINT((196.02519977447011,261.17480022552809,402.447863588865));
#2457=IFCCARTESIANPOINT((207.45239553369083,278.27680724988443,402.447863588865));
#2458=IFCCARTESIANPOINT((158.75000000000023,256.00399277043039,389.16713552030797));
#2459=IFCCARTESIANPOINT((158.7500000000002,249.32761980525149,394.61530700061763));
#2460=IFCCARTESIANPOINT((191.20163653400451,265.99836330366435,391.34560244129744));
#2461=IFCCARTESIANPOINT((196.36997041158568,285.03753967957999,388.15069760309302));
#2462=IFCCARTESIANPOINT((202.21356724444189,281.19315492334869,392.07986477590151));
#2463=IFCCARTESIANPOINT((172.16246019034654,260.8300295926818,388.15069758759216));
#2464=IFCCARTESIANPOINT((176.00684494307458,254.98643282749467,392.07986467183434));
#2465=IFCCARTESIANPOINT((188.00982453676545,271.20392552454115,388.16428878183922));
#2466=IFCCARTESIANPOINT((199.1499307769858,268.5128119363323,396.29534482408786));
#2467=IFCCARTESIANPOINT((186.74456556314038,256.24424257797472,396.91170406046899));
#2468=IFCCARTESIANPOINT((206.35908138487659,281.47164891824025,396.73629539523671));
#2469=IFCCARTESIANPOINT((173.27232447856608,250.2590726549804,396.37461460769345));
#2470=IFCCARTESIANPOINT((209.45874429745643,288.36340362494116,402.447863588865));
#2471=IFCCARTESIANPOINT((209.8543565598186,298.44999999999789,398.93625961023264));
#2472=IFCCARTESIANPOINT((208.82650635231022,290.62616622034267,396.9793615331356));
#2473=IFCCARTESIANPOINT((206.09635403181417,288.95583487322784,393.61050065869892));
#2474=IFCCARTESIANPOINT((202.92333967528333,290.07063483809895,390.65095829528525));
#2475=IFCCARTESIANPOINT((199.37248859979047,282.71807031451954,389.76187630824813));
#2476=IFCCARTESIANPOINT((197.08853842859477,273.98778194393219,391.0250440320645));
#2477=IFCCARTESIANPOINT((194.34364013620939,276.3215523048118,388.91499667850684));
#2478=IFCCARTESIANPOINT((191.68901810166898,278.84916696627647,387.70463645545271));
#2479=IFCCARTESIANPOINT((196.64095102826593,268.95167527385752,393.31388336954132));
#2480=IFCCARTESIANPOINT((190.16976840007612,261.26154676697081,394.07002407071582));
#2481=IFCCARTESIANPOINT((184.1871493186112,259.67036945434052,391.74309525582822));
#2482=IFCCARTESIANPOINT((184.33554449788625,264.07175086041127,389.37362257463741));
#2483=IFCCARTESIANPOINT((182.58135980724145,255.96915137503041,394.09931491758834));
#2484=IFCCARTESIANPOINT((180.13674170946825,265.6622848276819,387.91188723402786));
#2485=IFCCARTESIANPOINT((190.6370588874218,269.42242163692515,389.51509258916639));
#2486=IFCCARTESIANPOINT((193.65666297688767,261.76040453098761,396.90435156068963));
#2487=IFCCARTESIANPOINT((158.75000000000026,247.53126337201385,398.53158529474126));
#2488=IFCCARTESIANPOINT((168.03206838703804,247.58122513582177,402.447863588865));
#2489=IFCCARTESIANPOINT((196.99904507039253,298.44999999999789,388.19264039630508));
#2490=IFCCARTESIANPOINT((190.52102588205241,289.9369792721937,387.21814527230214));
#2491=IFCCARTESIANPOINT((167.26302072780442,266.67897411794598,387.21814527230214));
#2492=IFCCARTESIANPOINT((158.75000000000023,260.20095492960598,388.19264039630508));
#2493=IFCCARTESIANPOINT((169.69239435965582,256.39983205228293,389.69796682389517));
#2494=IFCCARTESIANPOINT((158.7500000000002,252.66580628784095,391.89122126046283));
#2495=IFCCARTESIANPOINT((178.13891105145029,258.99539269903437,389.99823703254009));
#2496=IFCCARTESIANPOINT((167.50956747140137,253.2639066379632,391.45273131020343));
#2497=IFCCARTESIANPOINT((182.00800515424825,275.19199484574995,387.21814527230214));
#2498=IFCCARTESIANPOINT((201.73879765408046,269.72580373770626,402.447863588865));
#2499=IFCCARTESIANPOINT((187.47419626229191,255.46120234591774,402.447863588865));
#2500=IFCCARTESIANPOINT((158.75000000000028,238.42674942855865,438.15000000000163));
#2501=IFCCARTESIANPOINT((181.71990355038852,242.99574732224877,438.15000000000163));
#2502=IFCCARTESIANPOINT((201.19284750792434,256.00715249207383,438.15000000000163));
#2503=IFCCARTESIANPOINT((214.20425267774945,275.48009644960962,438.15000000000163));
#2504=IFCCARTESIANPOINT((209.86142404571444,290.38781142603835,402.447863588865));
#2505=IFCCARTESIANPOINT((216.48875162459453,286.96504822480375,438.15000000000163));
#2506=IFCCARTESIANPOINT((207.69855009283691,265.74362447084172,438.15000000000163));
#2507=IFCCARTESIANPOINT((166.81218928502642,247.33857609572374,402.447863588865));
#2508=IFCCARTESIANPOINT((170.23495177519439,240.7112483754037,438.15000000000163));
#2509=IFCCARTESIANPOINT((191.45637552915645,249.50144990716129,438.15000000000163));
#2510=IFCCARTESIANPOINT((158.75000000000026,228.61311306492118,654.05000000000234));
#2511=IFCCARTESIANPOINT((185.47541959800816,233.92912954637558,654.05000000000234));
#2512=IFCCARTESIANPOINT((208.13213632875127,249.0678636712469,654.05000000000234));
#2513=IFCCARTESIANPOINT((223.27087045362259,271.72458040199001,654.05000000000234));
#2514=IFCCARTESIANPOINT((216.1296365486877,285.15965482148022,438.15000000000043));
#2515=IFCCARTESIANPOINT((225.92887869434983,285.08729020099395,654.05000000000234));
#2516=IFCCARTESIANPOINT((215.70150339118695,260.39622203661844,654.05000000000234));
#2517=IFCCARTESIANPOINT((172.04034428566464,241.070363273711,438.15000000000043));
#2518=IFCCARTESIANPOINT((172.11270979900422,231.27112130564839,654.05000000000234));
#2519=IFCCARTESIANPOINT((196.8037779633797,241.49849660881125,654.05000000000234));
#2520=IFCCARTESIANPOINT((158.75000000000026,228.61311306492118,704.84999999999945));
#2521=IFCCARTESIANPOINT((185.47541959800816,233.92912954637558,704.84999999999945));
#2522=IFCCARTESIANPOINT((208.13213632875127,249.0678636712469,704.84999999999945));
#2523=IFCCARTESIANPOINT((223.27087045362259,271.72458040199001,704.84999999999945));
#2524=IFCCARTESIANPOINT((225.1940731389335,281.39317321321596,704.84999999999945));
#2525=IFCCARTESIANPOINT((215.70150339118695,260.39622203661844,704.84999999999945));
#2526=IFCCARTESIANPOINT((175.8068267873503,232.0059268611777,704.84999999999945));
#2527=IFCCARTESIANPOINT((196.8037779633797,241.49849660881125,704.84999999999945));
#2528=IFCCARTESIANPOINT((158.75000000000026,219.281830017131,704.84999999999945));
#2529=IFCCARTESIANPOINT((189.04634702310665,225.30814812645272,704.84999999999945));
#2530=IFCCARTESIANPOINT((214.7303498490148,242.4696501509834,704.84999999999945));
#2531=IFCCARTESIANPOINT((231.89185187354551,268.15365297689146,704.84999999999945));
#2532=IFCCARTESIANPOINT((158.75000000000023,206.63015735136577,693.25687793289489));
#2533=IFCCARTESIANPOINT((187.12389179926117,211.12414032382063,693.25687793289489));
#2534=IFCCARTESIANPOINT((212.72034937668175,224.16618687642085,693.25687793289489));
#2535=IFCCARTESIANPOINT((233.03381312357735,244.47965062331639,693.25687793289489));
#2536=IFCCARTESIANPOINT((246.07585967617763,270.07610820073694,693.25687793289489));
#2537=IFCCARTESIANPOINT((158.75000000000014,213.25440532133604,703.32855766798696));
#2538=IFCCARTESIANPOINT((158.75000000000011,208.67113481218681,699.12876402149891));
#2539=IFCCARTESIANPOINT((220.85735849345923,236.34264151761298,701.43490873824294));
#2540=IFCCARTESIANPOINT((239.42143618054365,257.96830916868214,698.33775427628973));
#2541=IFCCARTESIANPOINT((199.23169083904301,217.7785638232846,698.33775427621356));
#2542=IFCCARTESIANPOINT((227.90975453069382,251.08382298858214,703.96542087675937));
#2543=IFCCARTESIANPOINT((223.02185370266031,234.17814630181084,697.02769697338158));
#2544=IFCCARTESIANPOINT((205.5833940248051,229.82854629606908,704.23256284655884));
#2545=IFCCARTESIANPOINT((158.75000000000014,215.77579168085498,703.9650059251353));
#2546=IFCCARTESIANPOINT((183.97722740394789,217.92164859451321,703.72799381796654));
#2547=IFCCARTESIANPOINT((158.75000000000011,210.96277006676144,701.22866084474288));
#2548=IFCCARTESIANPOINT((180.65164290527943,212.19516923138426,700.19873735091926));
#2549=IFCCARTESIANPOINT((201.50291167721787,221.37698488554068,701.14206182746761));
#2550=IFCCARTESIANPOINT((158.7500000000002,207.82389958706057,696.69127079695693));
#2551=IFCCARTESIANPOINT((241.42420831922243,298.44999999999789,703.96500592511507));
#2552=IFCCARTESIANPOINT((239.49114873740692,273.95100490358681,703.73304775472889));
#2553=IFCCARTESIANPOINT((245.00483077114777,276.54835710265979,700.19873735030717));
#2554=IFCCARTESIANPOINT((235.0824955917451,256.89649860156533,702.21749671287671));
#2555=IFCCARTESIANPOINT((249.37610041290529,298.44999999999789,696.69127079705038));
#2556=IFCCARTESIANPOINT((179.79574581049695,210.25625849216124,697.53484604686207));
#2557=IFCCARTESIANPOINT((194.78472701486723,214.52757812641011,695.80228707158699));
#2558=IFCCARTESIANPOINT((246.94374150873026,277.40425419214603,697.53484604631751));
#2559=IFCCARTESIANPOINT((242.67242187273723,262.41527298291805,695.80228707128322));
#2560=IFCCARTESIANPOINT((209.64891059509625,222.90356501920897,696.51860684507596));
#2561=IFCCARTESIANPOINT((234.29643498277133,247.55108940826091,696.51860684571227));
#2562=IFCCARTESIANPOINT((208.53901953618364,228.39868257254756,702.8922929547391));
#2563=IFCCARTESIANPOINT((177.44273247370907,213.69447724509311,702.30684259962459));
#2564=IFCCARTESIANPOINT((243.52906135821081,279.80860807208995,702.29786408225425));
#2565=IFCCARTESIANPOINT((171.24212190008606,208.6087150869767,693.25687793289478));
#2566=IFCCARTESIANPOINT((178.98906726883496,209.24665926193637,695.30312687915921));
#2567=IFCCARTESIANPOINT((248.59128491309957,285.95787810040491,693.25687793289489));
#2568=IFCCARTESIANPOINT((247.95334073887906,278.2109327344055,695.30312687884896));
#2569=IFCCARTESIANPOINT((222.23577200360913,240.82580705614976,703.01868850486755));
#2570=IFCCARTESIANPOINT((217.69820787836878,238.95167355270164,703.99266389706668));
#2571=IFCCARTESIANPOINT((221.81532226860898,246.80152950076186,704.63116140027353));
#2572=IFCCARTESIANPOINT((231.97465516351579,262.08300227797884,704.58308385232692));
#2573=IFCCARTESIANPOINT((234.90501092820637,283.3018264884447,704.84999999999945));
#2574=IFCCARTESIANPOINT((223.3111008612801,255.31165156393746,704.84999999999945));
#2575=IFCCARTESIANPOINT((171.12609109658734,221.7435875960596,704.84999999999945));
#2576=IFCCARTESIANPOINT((182.38667506283329,220.26824875969237,704.59979602765839));
#2577=IFCCARTESIANPOINT((193.5733219052486,219.44592691835015,702.63230882414734));
#2578=IFCCARTESIANPOINT((228.56745975493175,242.29390788764923,699.39481676089633));
#2579=IFCCARTESIANPOINT((214.22824839725928,228.24720480732344,699.56636522203257));
#2580=IFCCARTESIANPOINT((236.64349957021844,255.81314269296263,700.42847553344427));
#2581=IFCCARTESIANPOINT((201.88834843606071,233.88889913871807,704.84999999999945));
#2582=IFCCARTESIANPOINT((238.39334595321299,279.54623172422913,704.5623016579882));
#2583=IFCCARTESIANPOINT((158.75000000000023,203.80397264889967,660.95343896644704));
#2584=IFCCARTESIANPOINT((187.99723090156573,208.43627894628656,660.95343896644704));
#2585=IFCCARTESIANPOINT((214.3815390650459,221.87975542288331,660.95343896644704));
#2586=IFCCARTESIANPOINT((235.32024457711489,242.81846093495227,660.95343896644704));
#2587=IFCCARTESIANPOINT((248.76372105371163,269.20276909843238,660.95343896644704));
#2588=IFCCARTESIANPOINT((158.75000000000026,210.12980898178219,654.04999999999927));
#2589=IFCCARTESIANPOINT((186.04243997107051,214.45250681169114,654.04999999999927));
#2590=IFCCARTESIANPOINT((210.66330576016165,226.99746451981974,654.04999999999927));
#2591=IFCCARTESIANPOINT((230.20253548017843,246.53669423983652,654.04999999999927));
#2592=IFCCARTESIANPOINT((242.74749318830712,271.15756002892761,654.04999999999927));
#2593=IFCCARTESIANPOINT((158.75000000000011,204.11680265948817,658.35885939532432));
#2594=IFCCARTESIANPOINT((158.75000000000011,205.44809789303775,656.11000218163997));
#2595=IFCCARTESIANPOINT((158.75000000000011,207.57236750117906,654.58777210759081));
#2596=IFCCARTESIANPOINT((249.92346130830421,276.03105588179483,657.34925844118311));
#2597=IFCCARTESIANPOINT((181.16894411698078,207.27653869113072,657.34925844164866));
#2598=IFCCARTESIANPOINT((224.52925996100345,232.67074004358864,656.13636304296813));
#2599=IFCCARTESIANPOINT((240.26902674604452,255.54396970408547,655.31312180420116));
#2600=IFCCARTESIANPOINT((201.65603030059611,216.93097325554439,655.31312180477926));
#2601=IFCCARTESIANPOINT((242.85056524257149,255.76117248678173,658.30483106744339));
#2602=IFCCARTESIANPOINT((201.43882750950172,214.34943475517878,658.304831068368));
#2603=IFCCARTESIANPOINT((247.59264264608282,276.81343494753116,654.86887891357537));
#2604=IFCCARTESIANPOINT((180.3865650566018,209.60735735458456,654.86887891376034));
#2605=IFCCARTESIANPOINT((220.43292062017002,236.76707937982812,654.04999999999927));
#2606=IFCCARTESIANPOINT((227.72677720693397,239.25613882993957,654.59497654279539));
#2607=IFCCARTESIANPOINT((215.01496838088764,226.68618414742502,654.73597652369915));
#2608=IFCCARTESIANPOINT((158.75000000000026,215.89999999999267,654.04999999999939));
#2609=IFCCARTESIANPOINT((184.25935288565381,219.94028457982796,654.04999999999939));
#2610=IFCCARTESIANPOINT((207.27167257674705,231.66564711434171,654.04999999999939));
#2611=IFCCARTESIANPOINT((225.53435288565649,249.92832742325112,654.04999999999939));
#2612=IFCCARTESIANPOINT((237.25971542017027,272.94064711434436,654.04999999999939));
#2613=IFCCARTESIANPOINT((158.75000000000026,225.71363636363,438.14999999999918));
#2614=IFCCARTESIANPOINT((186.58500129412087,231.25036236705932,438.14999999999918));
#2615=IFCCARTESIANPOINT((210.1823759661267,247.0176240338715,438.14999999999918));
#2616=IFCCARTESIANPOINT((225.9496376329389,270.61499870587727,438.14999999999918));
#2617=IFCCARTESIANPOINT((228.71800063465358,284.53249935293758,438.14999999999918));
#2618=IFCCARTESIANPOINT((218.0660067995328,258.81631136987437,438.14999999999918));
#2619=IFCCARTESIANPOINT((198.3836886301238,239.1339932004654,438.14999999999918));
#2620=IFCCARTESIANPOINT((172.66750064706054,228.48199936534465,438.14999999999918));
#2621=IFCCARTESIANPOINT((158.75000000000028,234.85831757332656,393.47599625439705));
#2622=IFCCARTESIANPOINT((183.08548330090966,239.69894616803856,393.47599625439705));
#2623=IFCCARTESIANPOINT((203.71610987096105,253.48389012903715,393.47599625439705));
#2624=IFCCARTESIANPOINT((217.50105383195967,274.11451669908848,393.47599625439705));
#2625=IFCCARTESIANPOINT((218.94146896045973,281.35597255965257,393.47599625439705));
#2626=IFCCARTESIANPOINT((210.60858185146034,263.79920341406279,393.47599625439693));
#2627=IFCCARTESIANPOINT((175.84402787801528,238.25853112659638,393.47599625439705));
#2628=IFCCARTESIANPOINT((193.40079658593532,246.59141814853783,393.47599625439705));
#2629=IFCCARTESIANPOINT((158.75000000000031,259.39283356106949,374.64999999999918));
#2630=IFCCARTESIANPOINT((178.27858321946456,264.62550166404884,374.64999999999918));
#2631=IFCCARTESIANPOINT((192.57449833594939,278.92141678053366,374.64999999999918));
#2632=IFCCARTESIANPOINT((158.7500000000002,239.93530470584648,383.72319471396213));
#2633=IFCCARTESIANPOINT((158.7500000000002,248.65832971285505,377.02978220926855));
#2634=IFCCARTESIANPOINT((197.10882673263825,260.09117486077827,379.69289847058991));
#2635=IFCCARTESIANPOINT((202.78780202454743,282.22140744653547,375.90185025338263));
#2636=IFCCARTESIANPOINT((211.04438095878709,277.66068501219729,381.37650560392268));
#2637=IFCCARTESIANPOINT((174.97859306085553,254.4121982222826,375.90185023506712));
#2638=IFCCARTESIANPOINT((179.53931600357274,246.15561971966832,381.3765053685994));
#2639=IFCCARTESIANPOINT((191.5567048755232,265.6432957264463,375.73321315146666));
#2640=IFCCARTESIANPOINT((206.29088395127181,261.71286280924824,385.79695796853377));
#2641=IFCCARTESIANPOINT((192.9572178244652,248.21393846354923,386.88086870404737));
#2642=IFCCARTESIANPOINT((178.84654104610306,241.13125357692115,386.8201748027974));
#2643=IFCCARTESIANPOINT((170.91774165045493,237.27863187068255,393.47599625439716));
#2644=IFCCARTESIANPOINT((158.7500000000002,237.52761674496585,388.34832025413817));
#2645=IFCCARTESIANPOINT((168.23826057094786,238.69845779272583,386.43543341029124));
#2646=IFCCARTESIANPOINT((158.7500000000002,244.29681720935079,380.37648846161539));
#2647=IFCCARTESIANPOINT((168.3942510826179,241.85558265026319,382.49085955945492));
#2648=IFCCARTESIANPOINT((169.3516615126116,245.83943439111985,379.27308714316803));
#2649=IFCCARTESIANPOINT((178.56262858769648,250.43167542622436,378.16256987659375));
#2650=IFCCARTESIANPOINT((186.22679643356199,257.23586271699236,376.91120286960046));
#2651=IFCCARTESIANPOINT((188.52992491020993,252.28692104232584,380.22454294267902));
#2652=IFCCARTESIANPOINT((196.77027820663182,254.50462589491912,383.25235460586191));
#2653=IFCCARTESIANPOINT((182.12223290672162,260.48519317182109,375.25822492208482));
#2654=IFCCARTESIANPOINT((188.28165719024702,248.33995234017618,383.31497480313834));
#2655=IFCCARTESIANPOINT((219.87992485383674,286.07390893404471,393.47599625439716));
#2656=IFCCARTESIANPOINT((219.6723833795117,298.44999999999789,388.3483204932607));
#2657=IFCCARTESIANPOINT((217.41644855777392,282.59331676124526,386.87260827410722));
#2658=IFCCARTESIANPOINT((195.19083238743909,288.68570839026575,374.64999999999918));
#2659=IFCCARTESIANPOINT((203.8394801287653,272.07411443556185,378.33731275144538));
#2660=IFCCARTESIANPOINT((208.35676707550826,283.79897604011524,378.03446048185293));
#2661=IFCCARTESIANPOINT((215.24366371450532,287.75673187539371,382.58172729111163));
#2662=IFCCARTESIANPOINT((205.65634360447913,266.79756577992288,381.66883913121791));
#2663=IFCCARTESIANPOINT((158.75000000000026,254.02558163696227,375.83989110463386));
#2664=IFCCARTESIANPOINT((168.51429160973245,262.00916761255911,374.64999999999918));
#2665=IFCCARTESIANPOINT((185.42654077770698,271.77345922229125,374.64999999999918));
#2666=IFCCARTESIANPOINT((196.56449965076533,275.26783985809237,375.2086030775078));
#2667=IFCCARTESIANPOINT((212.60240207678925,272.24386069739307,385.51926306968721));
#2668=IFCCARTESIANPOINT((-158.74999999999957,279.39999999999532,374.64999999999918));
#2669=IFCCARTESIANPOINT((-158.74999999999957,279.39999999999532,387.21814527230214));
#2670=IFCCARTESIANPOINT((-158.74999999999966,264.39791708878147,387.21814527230214));
#2671=IFCCARTESIANPOINT((-158.74999999999966,256.0039927704313,389.16713552030802));
#2672=IFCCARTESIANPOINT((-158.74999999999966,249.32761980525248,394.61530700061769));
#2673=IFCCARTESIANPOINT((-158.74999999999966,245.73490693877721,402.44786358886506));
#2674=IFCCARTESIANPOINT((6.3503300212112919,264.39791708878192,387.21814527230214));
#2675=IFCCARTESIANPOINT((4.1154669805365528E-008,252.35370408147836,391.50876069723586));
#2676=IFCCARTESIANPOINT((-6.349999537627304,245.73490693877673,402.447863588865));
#2677=IFCCARTESIANPOINT((158.75000000000023,258.53777505633752,388.57881511396283));
#2678=IFCCARTESIANPOINT((19.201111316671049,257.20068108433475,388.63005314485554));
#2679=IFCCARTESIANPOINT((-158.74999999999966,248.24312679896394,396.9796353388428));
#2680=IFCCARTESIANPOINT((-19.201111283538665,248.56146440841948,395.67997892950967));
#2681=IFCCARTESIANPOINT((-158.74999999999966,252.66580628784192,391.89122126046283));
#2682=IFCCARTESIANPOINT((-158.74999999999966,260.20095492960695,388.19264039630508));
#2683=IFCCARTESIANPOINT((-76.828524656502907,258.0050998724688,388.32282866771669));
#2684=IFCCARTESIANPOINT((-10.745526082906693,260.66700410557132,387.58706424598807));
#2685=IFCCARTESIANPOINT((82.550165010605753,264.3979170887817,387.21814527230214));
#2686=IFCCARTESIANPOINT((76.504511837006831,259.82194398134845,387.77590446378861));
#2687=IFCCARTESIANPOINT((76.828524666608303,248.09916310176138,396.40644569917612));
#2688=IFCCARTESIANPOINT((10.74552610731379,246.84452778175148,398.86672487917258));
#2689=IFCCARTESIANPOINT((-82.549999768813464,245.73490693877699,402.447863588865));
#2690=IFCCARTESIANPOINT((-76.504511840785355,247.1989999391746,398.076701633911));
#2691=IFCCARTESIANPOINT((-158.74999999999966,238.42674942855896,438.15000000000049));
#2692=IFCCARTESIANPOINT((-158.74999999999966,228.61311306492115,654.05000000000234));
#2693=IFCCARTESIANPOINT((-158.7499999999996,228.61311306492118,704.84999999999945));
#2694=IFCCARTESIANPOINT((-158.74999999999969,219.28183001713117,704.84999999999945));
#2695=IFCCARTESIANPOINT((-158.74999999999966,213.25440532133715,703.32855766798696));
#2696=IFCCARTESIANPOINT((-158.74999999999966,208.67113481218774,699.12876402149891));
#2697=IFCCARTESIANPOINT((-158.74999999999957,206.63015735136676,693.25687793289478));
#2698=IFCCARTESIANPOINT((34.315760397306924,219.28183001713157,704.84999999999945));
#2699=IFCCARTESIANPOINT((-34.315596402881603,206.63015735136636,693.25687793289478));
#2700=IFCCARTESIANPOINT((5.0826026853911797E-008,210.70183438057163,701.51342217763386));
#2701=IFCCARTESIANPOINT((158.75000000000014,217.08784597439677,704.29619462426331));
#2702=IFCCARTESIANPOINT((96.53288019865353,219.28183001713134,704.84999999999945));
#2703=IFCCARTESIANPOINT((65.424440412365257,215.89430877403314,704.38988152832974));
#2704=IFCCARTESIANPOINT((-62.216877364238748,219.28183001713188,704.84999999999945));
#2705=IFCCARTESIANPOINT((-158.74999999999966,217.08784597399983,704.29619462416292));
#2706=IFCCARTESIANPOINT((-55.401304733866795,215.07941552609387,704.13456142065718));
#2707=IFCCARTESIANPOINT((-158.7499999999996,207.37307363934062,695.39424588530539));
#2708=IFCCARTESIANPOINT((-96.532798201440599,206.63015735136656,693.25687793289478));
#2709=IFCCARTESIANPOINT((-65.424440543836027,207.38376686210009,696.59140666443375));
#2710=IFCCARTESIANPOINT((62.216271155638886,206.63015735136605,693.25687793289501));
#2711=IFCCARTESIANPOINT((158.75000000000011,207.37307363926897,695.39424588510235));
#2712=IFCCARTESIANPOINT((55.401304936021795,207.70913802458875,697.38094638146265));
#2713=IFCCARTESIANPOINT((79.375000015489945,211.92194812900524,702.49998254070147));
#2714=IFCCARTESIANPOINT((76.784578369578057,209.49900334017769,700.2485370412611));
#2715=IFCCARTESIANPOINT((6.3013087663538299,213.18720374951701,703.29206132895035));
#2716=IFCCARTESIANPOINT((-76.687107360981102,212.07221549535473,702.60521202307109));
#2717=IFCCARTESIANPOINT((-79.565823772716911,209.62113724623762,700.39384711080845));
#2718=IFCCARTESIANPOINT((-158.74999999999966,210.96277006676246,701.22866084474288));
#2719=IFCCARTESIANPOINT((-6.5963991301657234,208.71096750076589,699.18895344920611));
#2720=IFCCARTESIANPOINT((-2.8228839079488779,216.93550846774195,704.63137713503033));
#2721=IFCCARTESIANPOINT((2.8228838469631885,207.05244368733133,695.57521678094918));
#2722=IFCCARTESIANPOINT((-96.514463585132134,208.2839924567437,698.50118642422899));
#2723=IFCCARTESIANPOINT((-158.74999999999966,203.80397264889965,660.95343896644715));
#2724=IFCCARTESIANPOINT((-158.74999999999966,204.1168026594892,658.35885939532432));
#2725=IFCCARTESIANPOINT((-158.74999999999966,205.44809789303889,656.11000218163974));
#2726=IFCCARTESIANPOINT((-158.74999999999966,207.5723675011802,654.58777210759081));
#2727=IFCCARTESIANPOINT((-158.74999999999957,210.12980898178219,654.04999999999927));
#2728=IFCCARTESIANPOINT((-17.226366947674396,210.12980898178219,654.04999999999927));
#2729=IFCCARTESIANPOINT((0.,203.80397264890007,660.95343896644704));
#2730=IFCCARTESIANPOINT((-70.761818960492718,203.80397264890033,660.95343896644704));
#2731=IFCCARTESIANPOINT((70.761820333464158,210.12980898178219,654.04999999999927));
#2732=IFCCARTESIANPOINT((79.375000000000185,203.80397264889982,660.95343896644704));
#2733=IFCCARTESIANPOINT((39.687500000000213,203.80397264889993,660.95343896644704));
#2734=IFCCARTESIANPOINT((-87.988183473836983,210.12980898178219,654.04999999999927));
#2735=IFCCARTESIANPOINT((114.75591016673212,210.12980898178219,654.04999999999927));
#2736=IFCCARTESIANPOINT((-114.75590948024616,203.80397264890047,660.95343896644704));
#2737=IFCCARTESIANPOINT((114.75590948024666,203.80397264889973,660.95343896644704));
#2738=IFCCARTESIANPOINT((-114.7559101667316,210.12980898178216,654.04999999999927));
#2739=IFCCARTESIANPOINT((-101.37204726893955,205.44809789516171,656.11000217932303));
#2740=IFCCARTESIANPOINT((26.767722885593596,210.12980898178219,654.04999999999927));
#2741=IFCCARTESIANPOINT((97.065448252260538,205.44809797675455,656.11000209027929));
#2742=IFCCARTESIANPOINT((-52.607275210755695,210.12980898178222,654.04999999999927));
#2743=IFCCARTESIANPOINT((-35.380909480246224,203.80397264890021,660.95343896644704));
#2744=IFCCARTESIANPOINT((-53.071365474866667,205.25498175768658,656.33077900142837));
#2745=IFCCARTESIANPOINT((19.843745656297983,205.23514638677867,656.35465970762971));
#2746=IFCCARTESIANPOINT((58.529037486587235,205.11765135112421,656.50118275813804));
#2747=IFCCARTESIANPOINT((-16.621989057635787,205.01146631446457,656.64166681361064));
#2748=IFCCARTESIANPOINT((-158.74999999999957,215.89999999999267,654.04999999999939));
#2749=IFCCARTESIANPOINT((-158.7499999999996,225.71363636363,438.14999999999964));
#2750=IFCCARTESIANPOINT((-158.74999999999969,234.8583175733265,393.47599625439722));
#2751=IFCCARTESIANPOINT((-158.74999999999966,239.93530470584756,383.72319471396207));
#2752=IFCCARTESIANPOINT((-158.74999999999966,248.65832971285613,377.02978220926849));
#2753=IFCCARTESIANPOINT((-158.74999999999966,259.39283356106949,374.64999999999918));
#2754=IFCCARTESIANPOINT((-17.226368565944188,234.8583175733271,393.47599625439716));
#2755=IFCCARTESIANPOINT((-158.74999999999966,238.21521494320766,387.02745640477997));
#2756=IFCCARTESIANPOINT((-1.2133408083592202E-006,238.78273614665622,385.20466791990145));
#2757=IFCCARTESIANPOINT((-158.74999999999966,244.29681720935184,380.37648846161522));
#2758=IFCCARTESIANPOINT((-4.8174521785071531E-007,246.21599287395944,378.33523844232809));
#2759=IFCCARTESIANPOINT((-6.5025364733672933E-005,259.39283356106949,374.64999999999918));
#2760=IFCCARTESIANPOINT((158.7500000000002,252.29519352517644,376.22350891331757));
#2761=IFCCARTESIANPOINT((-158.74999999999966,252.2951935157925,376.2235089153981));
#2762=IFCCARTESIANPOINT((158.7500000000002,237.39681113958648,388.59959548417964));
#2763=IFCCARTESIANPOINT((-55.421981689831505,236.51030900793916,389.02502516667829));
#2764=IFCCARTESIANPOINT((54.843520722581303,236.05156912975309,390.03274614740297));
#2765=IFCCARTESIANPOINT((-42.039059790156401,242.15373375322287,381.39595384869239));
#2766=IFCCARTESIANPOINT((-2.0590616944815564E-008,252.82266464041561,375.51445679521015));
#2767=IFCCARTESIANPOINT((-177.80000000000211,298.44999999999879,387.21814527230214));
#2768=IFCCARTESIANPOINT((-172.22038418160508,284.97961581839343,387.21814527230214));
#2769=IFCCARTESIANPOINT((-172.22038418160508,284.97961581839343,374.64999999999918));
#2770=IFCCARTESIANPOINT((-177.80000000000211,298.44999999999897,374.64999999999918));
#2771=IFCCARTESIANPOINT((-167.8244698707687,283.15876849181501,387.21814527230214));
#2772=IFCCARTESIANPOINT((-165.48519209080234,282.18980790919494,374.64999999999918));
#2773=IFCCARTESIANPOINT((-163.28723494011376,281.27938424786481,374.64999999999918));
#2774=IFCCARTESIANPOINT((-175.0101920908036,291.71480790919611,387.21814527230214));
#2775=IFCCARTESIANPOINT((-175.0101920908036,291.71480790919617,374.64999999999918));
#2776=IFCCARTESIANPOINT((-173.61528813620433,288.34721186379477,374.64999999999918));
#2777=IFCCARTESIANPOINT((-168.85278813620371,283.58471186379415,374.64999999999918));
#2778=IFCCARTESIANPOINT((-163.28723493538413,281.2793842459057,387.21814527230214));
#2779=IFCCARTESIANPOINT((-176.40509604540287,295.08240395459751,387.21814527230214));
#2780=IFCCARTESIANPOINT((-176.40509604540284,295.08240395459757,374.64999999999918));
#2781=IFCCARTESIANPOINT((-173.61528813620433,288.34721186379477,387.21814527230214));
#2782=IFCCARTESIANPOINT((-192.80208291121616,298.44999999999874,387.21814527230214));
#2783=IFCCARTESIANPOINT((-188.23996885288705,281.42395854439053,387.21814527230214));
#2784=IFCCARTESIANPOINT((-175.77604145560781,268.96003114711141,387.21814527230214));
#2785=IFCCARTESIANPOINT((-211.4650930612213,298.44999999999862,402.447863588865));
#2786=IFCCARTESIANPOINT((-207.45239553368995,278.27680724988528,402.447863588865));
#2787=IFCCARTESIANPOINT((-196.02519977446926,261.17480022552905,402.447863588865));
#2788=IFCCARTESIANPOINT((-178.92319275011297,249.74760446630847,402.447863588865));
#2789=IFCCARTESIANPOINT((-201.19600722956716,298.44999999999879,389.16713552030802));
#2790=IFCCARTESIANPOINT((-207.872380194746,298.44999999999874,394.61530700061763));
#2791=IFCCARTESIANPOINT((-191.20163669633297,265.99836346599471,391.34560244129744));
#2792=IFCCARTESIANPOINT((-172.16246032041741,260.83002958841365,388.15069760309302));
#2793=IFCCARTESIANPOINT((-176.00684507664872,254.9864327555575,392.07986477590146));
#2794=IFCCARTESIANPOINT((-196.36997040731563,285.03753980965251,388.15069758759216));
#2795=IFCCARTESIANPOINT((-202.21356717250268,281.19315505692447,392.07986467183434));
#2796=IFCCARTESIANPOINT((-185.99607447545628,269.1901754632338,388.16428878183922));
#2797=IFCCARTESIANPOINT((-188.68718806366496,258.0500692230134,396.29534482408786));
#2798=IFCCARTESIANPOINT((-200.95575742202263,270.4554344368587,396.91170406046899));
#2799=IFCCARTESIANPOINT((-175.72835108175673,250.8409186151226,396.73629539523665));
#2800=IFCCARTESIANPOINT((-206.94092734501695,283.92767552143289,396.37461460769333));
#2801=IFCCARTESIANPOINT((-168.8365963750563,247.74125570254287,402.447863588865));
#2802=IFCCARTESIANPOINT((-158.7499999999996,247.34564344018077,398.93625961023258));
#2803=IFCCARTESIANPOINT((-166.57383377965451,248.37349364768909,396.9793615331356));
#2804=IFCCARTESIANPOINT((-168.24416512676979,251.10364596818519,393.61050065869892));
#2805=IFCCARTESIANPOINT((-167.12936516189842,254.276660324716,390.65095829528525));
#2806=IFCCARTESIANPOINT((-174.48192968547761,257.82751140020878,389.76187630824808));
#2807=IFCCARTESIANPOINT((-183.2122180560651,260.11146157140462,391.02504403206439));
#2808=IFCCARTESIANPOINT((-180.8784476951856,262.85635986378992,388.91499667850684));
#2809=IFCCARTESIANPOINT((-178.35083303372099,265.51098189833027,387.70463645545271));
#2810=IFCCARTESIANPOINT((-188.24832472613951,260.55904897173309,393.3138833695412));
#2811=IFCCARTESIANPOINT((-195.93845323302631,267.03023159992267,394.07002407071587));
#2812=IFCCARTESIANPOINT((-197.52963054565694,273.01285068138776,391.74309525582834));
#2813=IFCCARTESIANPOINT((-193.12824913958639,272.86445550211334,389.37362257463741));
#2814=IFCCARTESIANPOINT((-201.23084862496719,274.61864019275794,394.0993149175884));
#2815=IFCCARTESIANPOINT((-191.5377151723155,277.06325829053094,387.91188723402786));
#2816=IFCCARTESIANPOINT((-187.77757836307228,266.56294111257751,389.51509258916639));
#2817=IFCCARTESIANPOINT((-195.43959546900973,263.54333702311135,396.9043515606898));
#2818=IFCCARTESIANPOINT((-209.66873662798363,298.44999999999868,398.53158529474126));
#2819=IFCCARTESIANPOINT((-209.61877486417566,289.16793161296084,402.447863588865));
#2820=IFCCARTESIANPOINT((-167.26302072780371,266.67897411794689,387.21814527230214));
#2821=IFCCARTESIANPOINT((-190.52102588205148,289.93697927219472,387.21814527230214));
#2822=IFCCARTESIANPOINT((-196.99904507039156,298.44999999999879,388.19264039630508));
#2823=IFCCARTESIANPOINT((-200.80016794771447,287.50760564034323,389.69796682389517));
#2824=IFCCARTESIANPOINT((-204.53419371215656,298.44999999999879,391.89122126046283));
#2825=IFCCARTESIANPOINT((-198.20460730096332,279.06108894854879,389.99823703254026));
#2826=IFCCARTESIANPOINT((-203.93609336203417,289.69043252859763,391.45273131020343));
#2827=IFCCARTESIANPOINT((-182.00800515424746,275.19199484575097,387.21814527230214));
#2828=IFCCARTESIANPOINT((-187.47419626229109,255.46120234591876,402.447863588865));
#2829=IFCCARTESIANPOINT((-201.7387976540796,269.72580373770717,402.447863588865));
#2830=IFCCARTESIANPOINT((-218.77325057143881,298.44999999999857,438.15000000000163));
#2831=IFCCARTESIANPOINT((-214.20425267774857,275.48009644961047,438.15000000000163));
#2832=IFCCARTESIANPOINT((-201.19284750792346,256.00715249207485,438.15000000000163));
#2833=IFCCARTESIANPOINT((-181.7199035503877,242.99574732224985,438.15000000000163));
#2834=IFCCARTESIANPOINT((-166.81218857395908,247.33857595428492,402.447863588865));
#2835=IFCCARTESIANPOINT((-170.23495177519365,240.71124837540478,438.15000000000163));
#2836=IFCCARTESIANPOINT((-191.45637552915559,249.50144990716234,438.15000000000163));
#2837=IFCCARTESIANPOINT((-209.86142390427364,290.38781071497255,402.447863588865));
#2838=IFCCARTESIANPOINT((-216.48875162459368,286.96504822480455,438.15000000000163));
#2839=IFCCARTESIANPOINT((-207.69855009283603,265.74362447084263,438.15000000000163));
#2840=IFCCARTESIANPOINT((-228.58688693507631,298.44999999999851,654.05000000000234));
#2841=IFCCARTESIANPOINT((-223.27087045362171,271.72458040199081,654.05000000000234));
#2842=IFCCARTESIANPOINT((-208.13213632875039,249.06786367124786,654.05000000000234));
#2843=IFCCARTESIANPOINT((-185.47541959800736,233.92912954637666,654.05000000000234));
#2844=IFCCARTESIANPOINT((-172.04034517851724,241.07036345131161,438.15000000000043));
#2845=IFCCARTESIANPOINT((-172.11270979900348,231.27112130564947,654.05000000000234));
#2846=IFCCARTESIANPOINT((-196.80377796337888,241.49849660881227,654.05000000000234));
#2847=IFCCARTESIANPOINT((-216.12963672628638,285.15965571433424,438.15000000000043));
#2848=IFCCARTESIANPOINT((-225.92887869434901,285.08729020099463,654.05000000000234));
#2849=IFCCARTESIANPOINT((-215.70150339118607,260.39622203661929,654.05000000000234));
#2850=IFCCARTESIANPOINT((-228.58688693507631,298.44999999999851,704.84999999999945));
#2851=IFCCARTESIANPOINT((-223.27087045362171,271.72458040199081,704.84999999999945));
#2852=IFCCARTESIANPOINT((-208.13213632875039,249.06786367124786,704.84999999999945));
#2853=IFCCARTESIANPOINT((-185.47541959800736,233.92912954637666,704.84999999999945));
#2854=IFCCARTESIANPOINT((-175.8068267867815,232.0059268610658,704.84999999999945));
#2855=IFCCARTESIANPOINT((-196.80377796337888,241.49849660881227,704.84999999999945));
#2856=IFCCARTESIANPOINT((-225.19407313881965,281.39317321264849,704.84999999999945));
#2857=IFCCARTESIANPOINT((-215.70150339118607,260.39622203661929,704.84999999999945));
#2858=IFCCARTESIANPOINT((-237.91816998286649,298.44999999999845,704.84999999999945));
#2859=IFCCARTESIANPOINT((-231.8918518735446,268.15365297689226,704.84999999999945));
#2860=IFCCARTESIANPOINT((-214.73034984901386,242.46965015098436,704.84999999999945));
#2861=IFCCARTESIANPOINT((-189.04634702310585,225.3081481264538,704.84999999999945));
#2862=IFCCARTESIANPOINT((-250.56984264863175,298.4499999999984,693.25687793289489));
#2863=IFCCARTESIANPOINT((-246.07585967617669,270.07610820073762,693.25687793289489));
#2864=IFCCARTESIANPOINT((-233.03381312357638,244.47965062331724,693.25687793289489));
#2865=IFCCARTESIANPOINT((-212.72034937668084,224.16618687642185,693.25687793289489));
#2866=IFCCARTESIANPOINT((-187.12389179926041,211.12414032382171,693.25687793289489));
#2867=IFCCARTESIANPOINT((-243.94559467866137,298.44999999999857,703.32855766798696));
#2868=IFCCARTESIANPOINT((-248.52886518781071,298.44999999999851,699.12876402149891));
#2869=IFCCARTESIANPOINT((-220.85735848238429,236.34264150653985,701.43490873824294));
#2870=IFCCARTESIANPOINT((-199.23169083131515,217.77856381945557,698.33775427628973));
#2871=IFCCARTESIANPOINT((-239.42143617671269,257.96830916095587,698.33775427621356));
#2872=IFCCARTESIANPOINT((-206.11617701141512,229.29024546930535,703.96542087675937));
#2873=IFCCARTESIANPOINT((-223.02185369818636,234.1781462973388,697.02769697338158));
#2874=IFCCARTESIANPOINT((-227.37145370392813,251.61660597519392,704.23256284655884));
#2875=IFCCARTESIANPOINT((-241.42420831914256,298.44999999999857,703.96500592513519));
#2876=IFCCARTESIANPOINT((-239.27835140548407,273.22277259605079,703.72799381796654));
#2877=IFCCARTESIANPOINT((-246.23722993323605,298.44999999999857,701.22866084474288));
#2878=IFCCARTESIANPOINT((-245.00483076861312,276.54835709471934,700.19873735091926));
#2879=IFCCARTESIANPOINT((-235.82301511445655,255.69708832278101,701.14206182746761));
#2880=IFCCARTESIANPOINT((-249.37610041293698,298.44999999999845,696.69127079695681));
#2881=IFCCARTESIANPOINT((-158.74999999999966,215.77579168077696,703.96500592511529));
#2882=IFCCARTESIANPOINT((-183.24899509641051,217.70885126259239,703.73304775472889));
#2883=IFCCARTESIANPOINT((-180.65164289733764,212.19516922885157,700.19873735030717));
#2884=IFCCARTESIANPOINT((-200.30350139843191,222.11750440825412,702.21749671287671));
#2885=IFCCARTESIANPOINT((-158.7499999999996,207.82389958709405,696.69127079705049));
#2886=IFCCARTESIANPOINT((-246.94374150783617,277.40425418950184,697.53484604686207));
#2887=IFCCARTESIANPOINT((-242.67242187358718,262.41527298513165,695.80228707158699));
#2888=IFCCARTESIANPOINT((-179.79574580785129,210.25625849126908,697.53484604631751));
#2889=IFCCARTESIANPOINT((-194.78472701707915,214.52757812726196,695.8022870712831));
#2890=IFCCARTESIANPOINT((-234.29643498078829,247.55108940490271,696.51860684507596));
#2891=IFCCARTESIANPOINT((-209.6489105917363,222.90356501722786,696.51860684571216));
#2892=IFCCARTESIANPOINT((-228.80131742744982,248.66098046381549,702.8922929547391));
#2893=IFCCARTESIANPOINT((-243.50552275490418,279.75726752628958,702.30684259962459));
#2894=IFCCARTESIANPOINT((-177.39139192790756,213.67093864178852,702.29786408225425));
#2895=IFCCARTESIANPOINT((-248.5912849130207,285.95787809991253,693.25687793289489));
#2896=IFCCARTESIANPOINT((-247.95334073806097,278.21093273116372,695.30312687915921));
#2897=IFCCARTESIANPOINT((-171.24212189959258,208.60871508689976,693.25687793289489));
#2898=IFCCARTESIANPOINT((-178.98906726559198,209.2466592611203,695.30312687884896));
#2899=IFCCARTESIANPOINT((-216.37419294384762,234.96422799639009,703.01868850486755));
#2900=IFCCARTESIANPOINT((-218.2483264472956,239.50179212163036,703.99266389706668));
#2901=IFCCARTESIANPOINT((-210.39847049923532,235.38467773139013,704.63116140027353));
#2902=IFCCARTESIANPOINT((-195.11699772201828,225.22534483648334,704.58308385232692));
#2903=IFCCARTESIANPOINT((-173.89817351155276,222.29498907179294,704.84999999999945));
#2904=IFCCARTESIANPOINT((-201.88834843605986,233.88889913871907,704.84999999999945));
#2905=IFCCARTESIANPOINT((-235.45641240393792,286.07390890341139,704.84999999999945));
#2906=IFCCARTESIANPOINT((-236.93175124030486,274.81332493716513,704.59979602765839));
#2907=IFCCARTESIANPOINT((-237.75407308164708,263.62667809475005,702.63230882414734));
#2908=IFCCARTESIANPOINT((-214.90609211234809,228.63254024506742,699.39481676089633));
#2909=IFCCARTESIANPOINT((-228.9527951926737,242.97175160273963,699.56636522203257));
#2910=IFCCARTESIANPOINT((-201.3868573070346,220.55650042978075,700.42847553344427));
#2911=IFCCARTESIANPOINT((-223.31110086127924,255.31165156393828,704.84999999999945));
#2912=IFCCARTESIANPOINT((-177.65376827576796,218.80665404678624,704.5623016579882));
#2913=IFCCARTESIANPOINT((-253.39602735109781,298.44999999999834,660.95343896644704));
#2914=IFCCARTESIANPOINT((-248.76372105371075,269.20276909843307,660.95343896644704));
#2915=IFCCARTESIANPOINT((-235.32024457711393,242.81846093495309,660.95343896644704));
#2916=IFCCARTESIANPOINT((-214.38153906504499,221.87975542288427,660.95343896644704));
#2917=IFCCARTESIANPOINT((-187.9972309015649,208.43627894628764,660.95343896644704));
#2918=IFCCARTESIANPOINT((-247.07019101821527,298.4499999999984,654.04999999999927));
#2919=IFCCARTESIANPOINT((-242.74749318830621,271.15756002892829,654.04999999999927));
#2920=IFCCARTESIANPOINT((-230.20253548017752,246.53669423983735,654.04999999999927));
#2921=IFCCARTESIANPOINT((-210.66330576016074,226.99746451982074,654.04999999999927));
#2922=IFCCARTESIANPOINT((-186.04243997106971,214.45250681169225,654.04999999999927));
#2923=IFCCARTESIANPOINT((-253.08319734050934,298.44999999999845,658.35885939532432));
#2924=IFCCARTESIANPOINT((-251.75190210695968,298.44999999999845,656.11000218163997));
#2925=IFCCARTESIANPOINT((-249.62763249881849,298.44999999999845,654.58777210759081));
#2926=IFCCARTESIANPOINT((-181.1689441182026,207.27653869169515,657.34925844118311));
#2927=IFCCARTESIANPOINT((-249.92346130886654,276.03105588301781,657.34925844164866));
#2928=IFCCARTESIANPOINT((-224.52925995640859,232.67074003899563,656.13636304296813));
#2929=IFCCARTESIANPOINT((-201.65603029591185,216.93097325395476,655.31312180420116));
#2930=IFCCARTESIANPOINT((-240.26902674445282,255.54396969940279,655.31312180477926));
#2931=IFCCARTESIANPOINT((-201.43882751321556,214.34943475742779,658.30483106744339));
#2932=IFCCARTESIANPOINT((-242.85056524481848,255.76117249049713,658.30483106836823));
#2933=IFCCARTESIANPOINT((-180.3865650524663,209.60735735391651,654.86887891357537));
#2934=IFCCARTESIANPOINT((-247.59264264541272,276.81343494339689,654.86887891376034));
#2935=IFCCARTESIANPOINT((-220.43292062016911,236.76707937982903,654.04999999999927));
#2936=IFCCARTESIANPOINT((-217.94386117005769,229.47322279306516,654.59497654279539));
#2937=IFCCARTESIANPOINT((-230.51381585257218,242.18503161911133,654.73597652369915));
#2938=IFCCARTESIANPOINT((-241.30000000000481,298.4499999999984,654.04999999999939));
#2939=IFCCARTESIANPOINT((-237.25971542016936,272.94064711434504,654.04999999999939));
#2940=IFCCARTESIANPOINT((-225.53435288565552,249.928327423252,654.04999999999939));
#2941=IFCCARTESIANPOINT((-207.27167257674617,231.66564711434273,654.04999999999939));
#2942=IFCCARTESIANPOINT((-184.25935288565304,219.94028457982907,654.04999999999939));
#2943=IFCCARTESIANPOINT((-231.48636363636749,298.44999999999845,438.14999999999918));
#2944=IFCCARTESIANPOINT((-225.94963763293799,270.61499870587807,438.14999999999918));
#2945=IFCCARTESIANPOINT((-210.18237596612579,247.01762403387247,438.14999999999918));
#2946=IFCCARTESIANPOINT((-186.58500129412008,231.2503623670604,438.14999999999918));
#2947=IFCCARTESIANPOINT((-172.66750064705985,228.48199936534573,438.14999999999918));
#2948=IFCCARTESIANPOINT((-198.38368863012292,239.13399320046645,438.14999999999918));
#2949=IFCCARTESIANPOINT((-218.06600679953189,258.81631136987528,438.14999999999918));
#2950=IFCCARTESIANPOINT((-228.71800063465273,284.53249935293826,438.14999999999918));
#2951=IFCCARTESIANPOINT((-222.34168242667087,298.44999999999857,393.47599625439705));
#2952=IFCCARTESIANPOINT((-217.50105383195879,274.11451669908934,393.47599625439705));
#2953=IFCCARTESIANPOINT((-203.71610987096017,253.48389012903814,393.47599625439705));
#2954=IFCCARTESIANPOINT((-183.08548330090883,239.69894616803961,393.47599625439705));
#2955=IFCCARTESIANPOINT((-175.84402744034492,238.25853103953955,393.47599625439705));
#2956=IFCCARTESIANPOINT((-193.4007965859345,246.59141814853885,393.47599625439705));
#2957=IFCCARTESIANPOINT((-218.94146887340096,281.3559721219836,393.47599625439705));
#2958=IFCCARTESIANPOINT((-210.60858185145946,263.79920341406375,393.47599625439705));
#2959=IFCCARTESIANPOINT((-197.80716643892802,298.44999999999874,374.64999999999918));
#2960=IFCCARTESIANPOINT((-192.57449833594853,278.92141678053463,374.64999999999918));
#2961=IFCCARTESIANPOINT((-178.27858321946374,264.62550166404992,374.64999999999918));
#2962=IFCCARTESIANPOINT((-217.26469529415101,298.44999999999874,383.72319471396213));
#2963=IFCCARTESIANPOINT((-208.54167028714247,298.44999999999874,377.02978220926855));
#2964=IFCCARTESIANPOINT((-197.10882513921905,260.09117326736094,379.69289847058991));
#2965=IFCCARTESIANPOINT((-174.97859255346194,254.41219797545187,375.90185025338263));
#2966=IFCCARTESIANPOINT((-179.53931498780005,246.15561904121233,381.37650560392251));
#2967=IFCCARTESIANPOINT((-202.7878017777148,282.22140693914355,375.90185023506712));
#2968=IFCCARTESIANPOINT((-211.04438028032894,277.66068399642626,381.37650536859934));
#2969=IFCCARTESIANPOINT((-191.55670427355108,265.64329512447603,375.73321315146666));
#2970=IFCCARTESIANPOINT((-195.487137190749,250.90911604872736,385.79695796853377));
#2971=IFCCARTESIANPOINT((-208.98606153644812,264.24278217553393,386.88086870404737));
#2972=IFCCARTESIANPOINT((-216.06874642307625,278.35345895389628,386.8201748027974));
#2973=IFCCARTESIANPOINT((-219.92136812931491,286.28225834954401,393.47599625439716));
#2974=IFCCARTESIANPOINT((-219.6723832550316,298.44999999999868,388.34832025413817));
#2975=IFCCARTESIANPOINT((-218.50154220727157,288.96173942905125,386.43543341029118));
#2976=IFCCARTESIANPOINT((-212.90318279064672,298.44999999999874,380.37648846161539));
#2977=IFCCARTESIANPOINT((-215.34441734973424,288.80574891738098,382.49085955945492));
#2978=IFCCARTESIANPOINT((-211.36056560887761,287.84833848738742,379.27308714316803));
#2979=IFCCARTESIANPOINT((-206.76832457377307,278.63737141230291,378.16256987659369));
#2980=IFCCARTESIANPOINT((-199.96413728300507,270.97320356643706,376.91120286960057));
#2981=IFCCARTESIANPOINT((-204.91307895767136,268.67007508978941,380.22454294267885));
#2982=IFCCARTESIANPOINT((-202.69537410507849,260.42972179336778,383.2523546058618));
#2983=IFCCARTESIANPOINT((-196.71480682817636,275.07776709327732,375.25822492208488));
#2984=IFCCARTESIANPOINT((-208.86004765982094,268.91834280975183,383.31497480313823));
#2985=IFCCARTESIANPOINT((-171.12609106595278,237.32007514616259,393.47599625439716));
#2986=IFCCARTESIANPOINT((-158.7499999999996,237.52761662048763,388.3483204932607));
#2987=IFCCARTESIANPOINT((-174.60668323875223,239.78355144222544,386.87260827410722));
#2988=IFCCARTESIANPOINT((-168.51429160973166,262.00916761256025,374.64999999999918));
#2989=IFCCARTESIANPOINT((-158.7499999999996,254.02558163696335,375.83989110463386));
#2990=IFCCARTESIANPOINT((-185.12588556443555,253.36051987123409,378.33731275144538));
#2991=IFCCARTESIANPOINT((-173.40102395988231,248.84323292449116,378.03446048185293));
#2992=IFCCARTESIANPOINT((-169.44326812460378,241.95633628549407,382.58172729111163));
#2993=IFCCARTESIANPOINT((-190.40243422007455,251.5436563955202,381.66883913121785));
#2994=IFCCARTESIANPOINT((-203.17441836303524,298.44999999999874,375.83989110463386));
#2995=IFCCARTESIANPOINT((-195.19083238743826,288.68570839026665,374.64999999999918));
#2996=IFCCARTESIANPOINT((-185.42654077770615,271.77345922229227,374.64999999999918));
#2997=IFCCARTESIANPOINT((-181.93216014190503,260.63550034923395,375.2086030775078));
#2998=IFCCARTESIANPOINT((-184.95613930260413,244.59759792321009,385.51926306968704));
#2999=IFCCARTESIANPOINT((-177.80000000000214,419.10000000000031,374.64999999999918));
#3000=IFCCARTESIANPOINT((-177.80000000000214,419.10000000000031,387.21814527230214));
#3001=IFCCARTESIANPOINT((-192.80208291121608,434.10208291121438,387.21814527230214));
#3002=IFCCARTESIANPOINT((-201.19600722956719,442.49600722956552,389.16713552030819));
#3003=IFCCARTESIANPOINT((-207.87238019474574,449.17238019474439,394.61530700061792));
#3004=IFCCARTESIANPOINT((-211.46509306122081,452.76509306121937,402.44786358886495));
#3005=IFCCARTESIANPOINT((-195.97290932888549,298.44999999999879,387.9543813320729));
#3006=IFCCARTESIANPOINT((-196.99904507039165,438.29904507038992,388.19264039630519));
#3007=IFCCARTESIANPOINT((-204.53419371215648,445.83419371215496,391.89122126046311));
#3008=IFCCARTESIANPOINT((-210.10815177298329,451.4081517729818,399.48956443664883));
#3009=IFCCARTESIANPOINT((-218.77325057143861,460.07325057143686,438.15000000000043));
#3010=IFCCARTESIANPOINT((-228.58688693507634,469.88688693507453,654.05000000000234));
#3011=IFCCARTESIANPOINT((-228.58688693507636,469.88688693507453,704.84999999999945));
#3012=IFCCARTESIANPOINT((-237.9181699828664,479.21816998286465,704.84999999999945));
#3013=IFCCARTESIANPOINT((-243.94559467866128,485.2455946786597,703.32855766798673));
#3014=IFCCARTESIANPOINT((-248.52886518781034,489.82886518780919,699.12876402149857));
#3015=IFCCARTESIANPOINT((-250.56984264863115,491.86984264862997,693.25687793289478));
#3016=IFCCARTESIANPOINT((-237.91816998286643,422.88407952964337,704.84999999999945));
#3017=IFCCARTESIANPOINT((-240.11079117927207,481.4107911792704,704.29653863388614));
#3018=IFCCARTESIANPOINT((-240.11215402559731,298.44999999999857,704.29619462426433));
#3019=IFCCARTESIANPOINT((-241.17523234442592,389.93619377581769,704.42524112891056));
#3020=IFCCARTESIANPOINT((-246.49816561953838,391.84779730575951,701.51342217753097));
#3021=IFCCARTESIANPOINT((-250.56984264863152,367.43576328745871,693.25687793289501));
#3022=IFCCARTESIANPOINT((-249.82692636072915,298.44999999999857,695.39424588510053));
#3023=IFCCARTESIANPOINT((-249.64868798868889,400.2764245556595,697.01671833118235));
#3024=IFCCARTESIANPOINT((-237.91816998286643,360.66703976482097,704.84999999999945));
#3025=IFCCARTESIANPOINT((-244.01633514287207,382.24503513521302,703.29012485034536));
#3026=IFCCARTESIANPOINT((-246.2372299332358,487.53722993323441,701.22866084474265));
#3027=IFCCARTESIANPOINT((-248.34296782262771,375.98812172357441,699.40352259251313));
#3028=IFCCARTESIANPOINT((-249.54935391822073,490.84935391821955,696.19282097719667));
#3029=IFCCARTESIANPOINT((-250.56984264863135,429.65280296804434,693.25687793289478));
#3030=IFCCARTESIANPOINT((-253.39602735109787,494.69602735109612,660.95343896644704));
#3031=IFCCARTESIANPOINT((-253.08319734050878,494.38319734050776,658.35885939532466));
#3032=IFCCARTESIANPOINT((-251.75190210695931,493.05190210695804,656.1100021816402));
#3033=IFCCARTESIANPOINT((-249.62763249881831,490.92763249881671,654.58777210759115));
#3034=IFCCARTESIANPOINT((-247.07019101821538,488.37019101821346,654.04999999999927));
#3035=IFCCARTESIANPOINT((-247.07019101821535,386.43818235619938,654.04999999999927));
#3036=IFCCARTESIANPOINT((-253.39602735109764,396.57301485118285,660.95343896644704));
#3037=IFCCARTESIANPOINT((-253.39602735109744,450.70193528065442,660.95343896644715));
#3038=IFCCARTESIANPOINT((-247.07019101821538,444.37609504212344,654.04999999999927));
#3039=IFCCARTESIANPOINT((-253.39602735109781,342.44409207044055,660.95343896644704));
#3040=IFCCARTESIANPOINT((-247.07019101821535,342.44409117809892,654.04999999999927));
#3041=IFCCARTESIANPOINT((-251.75190203548544,364.44114202157346,656.11000210363966));
#3042=IFCCARTESIANPOINT((-251.58324259866754,404.36896050494181,655.93291309328083));
#3043=IFCCARTESIANPOINT((-251.69349163607788,454.77139330709684,656.0471168868354));
#3044=IFCCARTESIANPOINT((-241.30000000000487,482.60000000000304,654.04999999999939));
#3045=IFCCARTESIANPOINT((-231.48636363636754,472.78636363636554,438.14999999999952));
#3046=IFCCARTESIANPOINT((-222.34168242667099,463.64168242666915,393.47599625439722));
#3047=IFCCARTESIANPOINT((-217.2646952941507,458.56469529414932,383.72319471396236));
#3048=IFCCARTESIANPOINT((-208.54167028714235,449.84167028714074,377.02978220926866));
#3049=IFCCARTESIANPOINT((-197.80716643892808,439.10716643892624,374.64999999999918));
#3050=IFCCARTESIANPOINT((-202.38129246735161,298.44999999999879,375.66405932675684));
#3051=IFCCARTESIANPOINT((-203.17441836303522,444.47441836303352,375.83989110463392));
#3052=IFCCARTESIANPOINT((-212.90318279064655,454.20318279064503,380.37648846161551));
#3053=IFCCARTESIANPOINT((-220.17895896145578,461.47895896145451,389.32144313213792));
#3054=IFCCARTESIANPOINT((-219.80318886041101,298.44999999999868,388.59959548417959));
#3055=IFCCARTESIANPOINT((59.065092599951861,452.76509306121881,402.447863588865));
#3056=IFCCARTESIANPOINT((-4.6134809572606632E-008,446.33825199709372,391.66750603623581));
#3057=IFCCARTESIANPOINT((0.,434.10208291121427,387.21814527230214));
#3058=IFCCARTESIANPOINT((208.95721283306068,450.25721283305722,396.98037577849328));
#3059=IFCCARTESIANPOINT((60.957598823182614,449.99227030314819,395.76079333905057));
#3060=IFCCARTESIANPOINT((-72.671208638377664,449.45328114421051,394.98793194048744));
#3061=IFCCARTESIANPOINT((-100.59800362772729,444.49261473840164,390.30132503945032));
#3062=IFCCARTESIANPOINT((28.854073115088983,440.61208761792273,388.36500759426843));
#3063=IFCCARTESIANPOINT((-95.546739947365126,440.00211941643897,388.15483333778786));
#3064=IFCCARTESIANPOINT((-209.66873662798378,450.96873662798197,398.53158529474126));
#3065=IFCCARTESIANPOINT((-59.065092599951264,452.76509306121915,402.44786358886495));
#3066=IFCCARTESIANPOINT((3.4575575202921981E-008,451.68975920152633,398.94857269549283));
#3067=IFCCARTESIANPOINT((-105.31942713053567,451.65005935372216,398.85390068683125));
#3068=IFCCARTESIANPOINT((99.692508362927512,451.70549998522711,398.98651033787121));
#3069=IFCCARTESIANPOINT((-119.97840775303129,447.34010627722967,392.56934104124491));
#3070=IFCCARTESIANPOINT((100.59800363413291,444.49261474135284,390.30132504137123));
#3071=IFCCARTESIANPOINT((113.51851719205926,447.70884009994296,392.93552891965174));
#3072=IFCCARTESIANPOINT((116.60224988130476,434.10208291121427,387.21814527230219));
#3073=IFCCARTESIANPOINT((122.76101454876722,440.60488517041,388.36239025393473));
#3074=IFCCARTESIANPOINT((-96.401041455607981,434.10208291121427,387.21814527230214));
#3075=IFCCARTESIANPOINT((1.7017231391997802,491.86984264862934,693.25687793289489));
#3076=IFCCARTESIANPOINT((10.949805422581575,479.21816998286465,704.84999999999945));
#3077=IFCCARTESIANPOINT((11.116429321121638,487.96751829005893,701.35537365886785));
#3078=IFCCARTESIANPOINT((-113.48440536767632,479.21816998286459,704.84999999999945));
#3079=IFCCARTESIANPOINT((-51.267050789642596,483.93023623499846,703.94349107073424));
#3080=IFCCARTESIANPOINT((100.15501224064833,483.63126238791506,704.05859418338139));
#3081=IFCCARTESIANPOINT((-127.69786674257348,487.57314036416085,701.71475143052089));
#3082=IFCCARTESIANPOINT((-71.824022058807728,490.61181768246871,697.76023993223964));
#3083=IFCCARTESIANPOINT((67.221574276364422,490.69547064776208,697.58705521836259));
#3084=IFCCARTESIANPOINT((136.02040452515601,488.51007829940306,700.80739220764644));
#3085=IFCCARTESIANPOINT((126.13578289391613,491.869842648629,693.25687793289478));
#3086=IFCCARTESIANPOINT((-175.70128767527143,479.21816998286465,704.84999999999945));
#3087=IFCCARTESIANPOINT((-144.59261037994619,482.67044586750012,704.37177528906307));
#3088=IFCCARTESIANPOINT((-124.43405975471605,491.8698426486298,693.25687793289501));
#3089=IFCCARTESIANPOINT((249.82697931775346,491.12697931774971,695.39409352790085));
#3090=IFCCARTESIANPOINT((188.35281277127433,491.86984264862883,693.25687793289478));
#3091=IFCCARTESIANPOINT((157.24428321928775,491.15284177886622,696.49207428790646));
#3092=IFCCARTESIANPOINT((-249.82697931786257,491.12697931786096,695.39409352758537));
#3093=IFCCARTESIANPOINT((-188.35281277127365,491.86984264863003,693.25687793289501));
#3094=IFCCARTESIANPOINT((-156.3934411375113,491.18394369488493,696.4056150522249));
#3095=IFCCARTESIANPOINT((-146.82065001395486,489.70354044917389,699.31568253443061));
#3096=IFCCARTESIANPOINT((-73.713146624854417,489.04526420522706,700.19476346108445));
#3097=IFCCARTESIANPOINT((-1.1278809846338718,489.86392848054999,699.07515891578976));
#3098=IFCCARTESIANPOINT((-3.5542015201508903,491.13207050668757,696.54874690206623));
#3099=IFCCARTESIANPOINT((-61.36532167933062,491.86984264862963,693.25687793289489));
#3100=IFCCARTESIANPOINT((63.918753016557957,491.86984264862923,693.25687793289478));
#3101=IFCCARTESIANPOINT((95.027243512409854,491.48298063481207,695.44612191398562));
#3102=IFCCARTESIANPOINT((-56.186117236894987,487.21170514131171,702.01880923266106));
#3103=IFCCARTESIANPOINT((3.0787970645404585,485.72846371552572,703.05440624309529));
#3104=IFCCARTESIANPOINT((83.112781454562651,486.65981878056283,702.44134894810657));
#3105=IFCCARTESIANPOINT((23.541016894105685,483.23891209686889,704.19672705977257));
#3106=IFCCARTESIANPOINT((124.43398770272435,479.21816998286459,704.84999999999945));
#3107=IFCCARTESIANPOINT((240.93188233076467,482.23188233076189,704.08927883399292));
#3108=IFCCARTESIANPOINT((166.7556610061612,486.31876914190514,702.67955324705702));
#3109=IFCCARTESIANPOINT((67.692119650186783,479.21816998286459,704.84999999999945));
#3110=IFCCARTESIANPOINT((96.063056853725271,481.34363327273684,704.67087879517203));
#3111=IFCCARTESIANPOINT((170.96836875999088,481.36461763780153,704.66729852901972));
#3112=IFCCARTESIANPOINT((-30.029696565015083,481.44853305564197,704.65261894818752));
#3113=IFCCARTESIANPOINT((66.958209160515381,489.19922655591017,700.00293000641432));
#3114=IFCCARTESIANPOINT((180.67778154632285,483.95890256360923,703.93199705473751));
#3115=IFCCARTESIANPOINT((-51.267076885013545,479.21816998286465,704.84999999999945));
#3116=IFCCARTESIANPOINT((-61.69069355561961,491.44589774233634,695.58113302572747));
#3117=IFCCARTESIANPOINT((-119.90251274131992,485.2114123930333,703.34692124706351));
#3118=IFCCARTESIANPOINT((-181.64426166463258,486.26348168980093,702.71662590196593));
#3119=IFCCARTESIANPOINT((130.42488844339596,490.09589183038162,698.7047820259736));
#3120=IFCCARTESIANPOINT((-71.09384446234408,488.37019101821363,654.04999999999927));
#3121=IFCCARTESIANPOINT((1.0997397456424807E-005,494.69602735109555,660.95343896644704));
#3122=IFCCARTESIANPOINT((77.419662129789074,494.69602735109532,660.95343896644704));
#3123=IFCCARTESIANPOINT((-126.69800817685024,494.69602735109589,660.95343896644704));
#3124=IFCCARTESIANPOINT((87.988173277935985,488.37019101821357,654.04999999999927));
#3125=IFCCARTESIANPOINT((8.4471507170253251,488.37019101821363,654.04999999999927));
#3126=IFCCARTESIANPOINT((-159.08201774027978,488.37019101821363,654.04999999999927));
#3127=IFCCARTESIANPOINT((-31.32333318188876,488.37019101821363,654.04999999999927));
#3128=IFCCARTESIANPOINT((165.40785573784095,494.69602735109504,660.95343896644681));
#3129=IFCCARTESIANPOINT((167.52919583884668,488.37019101821357,654.04999999999927));
#3130=IFCCARTESIANPOINT((127.75868455839137,488.37019101821357,654.04999999999927));
#3131=IFCCARTESIANPOINT((-165.40783374304607,494.69602735109612,660.95343896644715));
#3132=IFCCARTESIANPOINT((203.07610437924831,488.37019101821357,654.04999999999927));
#3133=IFCCARTESIANPOINT((209.40193054707296,494.69602735109487,660.95343896644681));
#3134=IFCCARTESIANPOINT((-209.40193054707206,494.69602735109623,660.95343896644715));
#3135=IFCCARTESIANPOINT((-203.0761043792476,488.37019101821363,654.04999999999927));
#3136=IFCCARTESIANPOINT((-63.348998589726413,494.69602735109578,660.95343896644704));
#3137=IFCCARTESIANPOINT((185.30264444121804,493.10221202094959,656.16556057669254));
#3138=IFCCARTESIANPOINT((121.41375893381502,494.69602735109515,660.95343896644704));
#3139=IFCCARTESIANPOINT((-146.05292389765717,493.17955582844144,656.25361481261734));
#3140=IFCCARTESIANPOINT((-115.08793110131195,488.37019101821363,654.04999999999927));
#3141=IFCCARTESIANPOINT((-93.090865769338563,493.29748387728819,656.39446819000091));
#3142=IFCCARTESIANPOINT((-11.438068331806353,492.88069630123533,655.93034206098105));
#3143=IFCCARTESIANPOINT((38.709836563593271,494.69602735109549,660.95343896644704));
#3144=IFCCARTESIANPOINT((48.217661997480668,488.37019101821357,654.04999999999927));
#3145=IFCCARTESIANPOINT((58.064750126057646,493.22386143578677,656.30556676967706));
#3146=IFCCARTESIANPOINT((107.87343604784459,492.91522990356026,655.96546264750373));
#3147=IFCCARTESIANPOINT((146.66552812119673,492.70384141003302,655.75866675604084));
#3148=IFCCARTESIANPOINT((-53.037551794726667,492.91023557652329,655.96034962991848));
#3149=IFCCARTESIANPOINT((23.010455213929017,493.5674545930342,656.75158235205447));
#3150=IFCCARTESIANPOINT((-213.47139318287191,492.99349161773671,656.04711686735595));
#3151=IFCCARTESIANPOINT((-46.365315284616443,463.64168242666875,393.47599625439722));
#3152=IFCCARTESIANPOINT((-3.6473276159298963E-007,454.79921717501315,380.07702967267784));
#3153=IFCCARTESIANPOINT((21.830824696679077,439.10716643892624,374.64999999999918));
#3154=IFCCARTESIANPOINT((204.89904050151532,446.19904050151251,376.2222306278108));
#3155=IFCCARTESIANPOINT((31.658568425562578,448.38391279602558,376.40466267895351));
#3156=IFCCARTESIANPOINT((-218.98539567547436,460.28539567547267,387.02862939235717));
#3157=IFCCARTESIANPOINT((-43.936223484611673,459.79821450845515,385.31770453104963));
#3158=IFCCARTESIANPOINT((-108.63234746654543,456.7762599622373,381.80272255747423));
#3159=IFCCARTESIANPOINT((108.63234828503927,456.77625992835385,381.80272252466494));
#3160=IFCCARTESIANPOINT((46.365312906314216,463.64168242666847,393.47599625439739));
#3161=IFCCARTESIANPOINT((3.1347803102654838E-006,462.09385599096436,389.24388583078002));
#3162=IFCCARTESIANPOINT((82.391866266024707,460.1017887299048,385.75364260172762));
#3163=IFCCARTESIANPOINT((-123.40801590617258,462.28997816803667,389.67130835159696));
#3164=IFCCARTESIANPOINT((113.05902608167548,462.36471408792488,389.83988357781686));
#3165=IFCCARTESIANPOINT((90.945202437465952,443.71453165411481,375.07136541414036));
#3166=IFCCARTESIANPOINT((-42.414647811225358,443.94967205516463,375.11588402696543));
#3167=IFCCARTESIANPOINT((-91.190039973547613,448.45050096430532,376.4308954457012));
#3168=IFCCARTESIANPOINT((-87.988230726371569,439.10716643892624,374.64999999999918));
#3169=IFCPOLYLOOP((#2352,#2353,#2354,#2355));
#3170=IFCFACEOUTERBOUND(#3169,.T.);
#3171=IFCFACE((#3170));
#3172=IFCPOLYLOOP((#2356,#2352,#2357));
#3173=IFCFACEOUTERBOUND(#3172,.T.);
#3174=IFCFACE((#3173));
#3175=IFCPOLYLOOP((#2352,#2356,#3072));
#3176=IFCFACEOUTERBOUND(#3175,.T.);
#3177=IFCFACE((#3176));
#3178=IFCPOLYLOOP((#2352,#3072,#3057));
#3179=IFCFACEOUTERBOUND(#3178,.T.);
#3180=IFCFACE((#3179));
#3181=IFCPOLYLOOP((#2352,#3057,#3074));
#3182=IFCFACEOUTERBOUND(#3181,.T.);
#3183=IFCFACE((#3182));
#3184=IFCPOLYLOOP((#2352,#3074,#3001));
#3185=IFCFACEOUTERBOUND(#3184,.T.);
#3186=IFCFACE((#3185));
#3187=IFCPOLYLOOP((#3001,#3000,#2352));
#3188=IFCFACEOUTERBOUND(#3187,.T.);
#3189=IFCFACE((#3188));
#3190=IFCPOLYLOOP((#3000,#3001,#2782));
#3191=IFCFACEOUTERBOUND(#3190,.T.);
#3192=IFCFACE((#3191));
#3193=IFCPOLYLOOP((#2782,#2767,#3000));
#3194=IFCFACEOUTERBOUND(#3193,.T.);
#3195=IFCFACE((#3194));
#3196=IFCPOLYLOOP((#2767,#2782,#2821));
#3197=IFCFACEOUTERBOUND(#3196,.T.);
#3198=IFCFACE((#3197));
#3199=IFCPOLYLOOP((#2767,#2821,#2783));
#3200=IFCFACEOUTERBOUND(#3199,.T.);
#3201=IFCFACE((#3200));
#3202=IFCPOLYLOOP((#2783,#2779,#2767));
#3203=IFCFACEOUTERBOUND(#3202,.T.);
#3204=IFCFACE((#3203));
#3205=IFCPOLYLOOP((#2783,#2774,#2779));
#3206=IFCFACEOUTERBOUND(#3205,.T.);
#3207=IFCFACE((#3206));
#3208=IFCPOLYLOOP((#2783,#2781,#2774));
#3209=IFCFACEOUTERBOUND(#3208,.T.);
#3210=IFCFACE((#3209));
#3211=IFCPOLYLOOP((#2783,#2768,#2781));
#3212=IFCFACEOUTERBOUND(#3211,.T.);
#3213=IFCFACE((#3212));
#3214=IFCPOLYLOOP((#2768,#2783,#2827));
#3215=IFCFACEOUTERBOUND(#3214,.T.);
#3216=IFCFACE((#3215));
#3217=IFCPOLYLOOP((#2768,#2827,#2784));
#3218=IFCFACEOUTERBOUND(#3217,.T.);
#3219=IFCFACE((#3218));
#3220=IFCPOLYLOOP((#2784,#2771,#2768));
#3221=IFCFACEOUTERBOUND(#3220,.T.);
#3222=IFCFACE((#3221));
#3223=IFCPOLYLOOP((#2784,#2778,#2771));
#3224=IFCFACEOUTERBOUND(#3223,.T.);
#3225=IFCFACE((#3224));
#3226=IFCPOLYLOOP((#2784,#2669,#2778));
#3227=IFCFACEOUTERBOUND(#3226,.T.);
#3228=IFCFACE((#3227));
#3229=IFCPOLYLOOP((#2669,#2784,#2820));
#3230=IFCFACEOUTERBOUND(#3229,.T.);
#3231=IFCFACE((#3230));
#3232=IFCPOLYLOOP((#2669,#2820,#2670));
#3233=IFCFACEOUTERBOUND(#3232,.T.);
#3234=IFCFACE((#3233));
#3235=IFCPOLYLOOP((#2669,#2670,#2674));
#3236=IFCFACEOUTERBOUND(#3235,.T.);
#3237=IFCFACE((#3236));
#3238=IFCPOLYLOOP((#2669,#2674,#2685));
#3239=IFCFACEOUTERBOUND(#3238,.T.);
#3240=IFCFACE((#3239));
#3241=IFCPOLYLOOP((#2669,#2685,#2451));
#3242=IFCFACEOUTERBOUND(#3241,.T.);
#3243=IFCFACE((#3242));
#3244=IFCPOLYLOOP((#2451,#2436,#2669));
#3245=IFCFACEOUTERBOUND(#3244,.T.);
#3246=IFCFACE((#3245));
#3247=IFCPOLYLOOP((#2436,#2451,#2491));
#3248=IFCFACEOUTERBOUND(#3247,.T.);
#3249=IFCFACE((#3248));
#3250=IFCPOLYLOOP((#2436,#2491,#2452));
#3251=IFCFACEOUTERBOUND(#3250,.T.);
#3252=IFCFACE((#3251));
#3253=IFCPOLYLOOP((#2452,#2448,#2436));
#3254=IFCFACEOUTERBOUND(#3253,.T.);
#3255=IFCFACE((#3254));
#3256=IFCPOLYLOOP((#2452,#2443,#2448));
#3257=IFCFACEOUTERBOUND(#3256,.T.);
#3258=IFCFACE((#3257));
#3259=IFCPOLYLOOP((#2452,#2450,#2443));
#3260=IFCFACEOUTERBOUND(#3259,.T.);
#3261=IFCFACE((#3260));
#3262=IFCPOLYLOOP((#2452,#2437,#2450));
#3263=IFCFACEOUTERBOUND(#3262,.T.);
#3264=IFCFACE((#3263));
#3265=IFCPOLYLOOP((#2437,#2452,#2497));
#3266=IFCFACEOUTERBOUND(#3265,.T.);
#3267=IFCFACE((#3266));
#3268=IFCPOLYLOOP((#2437,#2497,#2453));
#3269=IFCFACEOUTERBOUND(#3268,.T.);
#3270=IFCFACE((#3269));
#3271=IFCPOLYLOOP((#2453,#2440,#2437));
#3272=IFCFACEOUTERBOUND(#3271,.T.);
#3273=IFCFACE((#3272));
#3274=IFCPOLYLOOP((#2453,#2447,#2440));
#3275=IFCFACEOUTERBOUND(#3274,.T.);
#3276=IFCFACE((#3275));
#3277=IFCPOLYLOOP((#2453,#2355,#2447));
#3278=IFCFACEOUTERBOUND(#3277,.T.);
#3279=IFCFACE((#3278));
#3280=IFCPOLYLOOP((#2355,#2453,#2490));
#3281=IFCFACEOUTERBOUND(#3280,.T.);
#3282=IFCFACE((#3281));
#3283=IFCPOLYLOOP((#2355,#2490,#2357));
#3284=IFCFACEOUTERBOUND(#3283,.T.);
#3285=IFCFACE((#3284));
#3286=IFCPOLYLOOP((#2355,#2357,#2352));
#3287=IFCFACEOUTERBOUND(#3286,.T.);
#3288=IFCFACE((#3287));
#3289=IFCPOLYLOOP((#2356,#2357,#2364,#2489,#2361,#2360,#2365));
#3290=IFCFACEOUTERBOUND(#3289,.T.);
#3291=IFCFACE((#3290));
#3292=IFCPOLYLOOP((#2361,#2367,#2362,#2359,#2366,#2360));
#3293=IFCFACEOUTERBOUND(#3292,.T.);
#3294=IFCFACE((#3293));
#3295=IFCPOLYLOOP((#2369,#2471,#2363,#2358,#2368,#3058,#2359,#2362));
#3296=IFCFACEOUTERBOUND(#3295,.T.);
#3297=IFCFACE((#3296));
#3298=IFCPOLYLOOP((#2370,#2358,#2363,#2371));
#3299=IFCFACEOUTERBOUND(#3298,.T.);
#3300=IFCFACE((#3299));
#3301=IFCPOLYLOOP((#2372,#2370,#2371,#2373));
#3302=IFCFACEOUTERBOUND(#3301,.T.);
#3303=IFCFACE((#3302));
#3304=IFCPOLYLOOP((#2374,#2372,#2373,#2375));
#3305=IFCFACEOUTERBOUND(#3304,.T.);
#3306=IFCFACE((#3305));
#3307=IFCPOLYLOOP((#2374,#2377,#2392));
#3308=IFCFACEOUTERBOUND(#3307,.T.);
#3309=IFCFACE((#3308));
#3310=IFCPOLYLOOP((#2375,#2377,#2374));
#3311=IFCFACEOUTERBOUND(#3310,.T.);
#3312=IFCFACE((#3311));
#3313=IFCPOLYLOOP((#2374,#2392,#2384));
#3314=IFCFACEOUTERBOUND(#3313,.T.);
#3315=IFCFACE((#3314));
#3316=IFCPOLYLOOP((#2374,#2384,#2376));
#3317=IFCFACEOUTERBOUND(#3316,.T.);
#3318=IFCFACE((#3317));
#3319=IFCPOLYLOOP((#2374,#2376,#3011));
#3320=IFCFACEOUTERBOUND(#3319,.T.);
#3321=IFCFACE((#3320));
#3322=IFCPOLYLOOP((#2375,#2573,#2377));
#3323=IFCFACEOUTERBOUND(#3322,.T.);
#3324=IFCFACE((#3323));
#3325=IFCPOLYLOOP((#2375,#2531,#2573));
#3326=IFCFACEOUTERBOUND(#3325,.T.);
#3327=IFCFACE((#3326));
#3328=IFCPOLYLOOP((#2531,#2375,#2524));
#3329=IFCFACEOUTERBOUND(#3328,.T.);
#3330=IFCFACE((#3329));
#3331=IFCPOLYLOOP((#2531,#2524,#2523));
#3332=IFCFACEOUTERBOUND(#3331,.T.);
#3333=IFCFACE((#3332));
#3334=IFCPOLYLOOP((#2523,#2574,#2531));
#3335=IFCFACEOUTERBOUND(#3334,.T.);
#3336=IFCFACE((#3335));
#3337=IFCPOLYLOOP((#2523,#2530,#2574));
#3338=IFCFACEOUTERBOUND(#3337,.T.);
#3339=IFCFACE((#3338));
#3340=IFCPOLYLOOP((#2530,#2523,#2525));
#3341=IFCFACEOUTERBOUND(#3340,.T.);
#3342=IFCFACE((#3341));
#3343=IFCPOLYLOOP((#2530,#2525,#2522));
#3344=IFCFACEOUTERBOUND(#3343,.T.);
#3345=IFCFACE((#3344));
#3346=IFCPOLYLOOP((#2530,#2522,#2527));
#3347=IFCFACEOUTERBOUND(#3346,.T.);
#3348=IFCFACE((#3347));
#3349=IFCPOLYLOOP((#2530,#2527,#2521));
#3350=IFCFACEOUTERBOUND(#3349,.T.);
#3351=IFCFACE((#3350));
#3352=IFCPOLYLOOP((#2521,#2581,#2530));
#3353=IFCFACEOUTERBOUND(#3352,.T.);
#3354=IFCFACE((#3353));
#3355=IFCPOLYLOOP((#2521,#2529,#2581));
#3356=IFCFACEOUTERBOUND(#3355,.T.);
#3357=IFCFACE((#3356));
#3358=IFCPOLYLOOP((#2529,#2521,#2526));
#3359=IFCFACEOUTERBOUND(#3358,.T.);
#3360=IFCFACE((#3359));
#3361=IFCPOLYLOOP((#2529,#2526,#2520));
#3362=IFCFACEOUTERBOUND(#3361,.T.);
#3363=IFCFACE((#3362));
#3364=IFCPOLYLOOP((#2520,#2575,#2529));
#3365=IFCFACEOUTERBOUND(#3364,.T.);
#3366=IFCFACE((#3365));
#3367=IFCPOLYLOOP((#2520,#2528,#2575));
#3368=IFCFACEOUTERBOUND(#3367,.T.);
#3369=IFCFACE((#3368));
#3370=IFCPOLYLOOP((#2528,#2520,#2693));
#3371=IFCFACEOUTERBOUND(#3370,.T.);
#3372=IFCFACE((#3371));
#3373=IFCPOLYLOOP((#2693,#2702,#2528));
#3374=IFCFACEOUTERBOUND(#3373,.T.);
#3375=IFCFACE((#3374));
#3376=IFCPOLYLOOP((#2693,#2698,#2702));
#3377=IFCFACEOUTERBOUND(#3376,.T.);
#3378=IFCFACE((#3377));
#3379=IFCPOLYLOOP((#2693,#2704,#2698));
#3380=IFCFACEOUTERBOUND(#3379,.T.);
#3381=IFCFACE((#3380));
#3382=IFCPOLYLOOP((#2693,#2694,#2704));
#3383=IFCFACEOUTERBOUND(#3382,.T.);
#3384=IFCFACE((#3383));
#3385=IFCPOLYLOOP((#2693,#2903,#2694));
#3386=IFCFACEOUTERBOUND(#3385,.T.);
#3387=IFCFACE((#3386));
#3388=IFCPOLYLOOP((#2693,#2861,#2903));
#3389=IFCFACEOUTERBOUND(#3388,.T.);
#3390=IFCFACE((#3389));
#3391=IFCPOLYLOOP((#2861,#2693,#2854));
#3392=IFCFACEOUTERBOUND(#3391,.T.);
#3393=IFCFACE((#3392));
#3394=IFCPOLYLOOP((#2861,#2854,#2853));
#3395=IFCFACEOUTERBOUND(#3394,.T.);
#3396=IFCFACE((#3395));
#3397=IFCPOLYLOOP((#2853,#2904,#2861));
#3398=IFCFACEOUTERBOUND(#3397,.T.);
#3399=IFCFACE((#3398));
#3400=IFCPOLYLOOP((#2853,#2860,#2904));
#3401=IFCFACEOUTERBOUND(#3400,.T.);
#3402=IFCFACE((#3401));
#3403=IFCPOLYLOOP((#2860,#2853,#2855));
#3404=IFCFACEOUTERBOUND(#3403,.T.);
#3405=IFCFACE((#3404));
#3406=IFCPOLYLOOP((#2860,#2855,#2852));
#3407=IFCFACEOUTERBOUND(#3406,.T.);
#3408=IFCFACE((#3407));
#3409=IFCPOLYLOOP((#2860,#2852,#2857));
#3410=IFCFACEOUTERBOUND(#3409,.T.);
#3411=IFCFACE((#3410));
#3412=IFCPOLYLOOP((#2860,#2857,#2851));
#3413=IFCFACEOUTERBOUND(#3412,.T.);
#3414=IFCFACE((#3413));
#3415=IFCPOLYLOOP((#2851,#2911,#2860));
#3416=IFCFACEOUTERBOUND(#3415,.T.);
#3417=IFCFACE((#3416));
#3418=IFCPOLYLOOP((#2851,#2859,#2911));
#3419=IFCFACEOUTERBOUND(#3418,.T.);
#3420=IFCFACE((#3419));
#3421=IFCPOLYLOOP((#2859,#2851,#2856));
#3422=IFCFACEOUTERBOUND(#3421,.T.);
#3423=IFCFACE((#3422));
#3424=IFCPOLYLOOP((#2859,#2856,#2850));
#3425=IFCFACEOUTERBOUND(#3424,.T.);
#3426=IFCFACE((#3425));
#3427=IFCPOLYLOOP((#2858,#2850,#3011));
#3428=IFCFACEOUTERBOUND(#3427,.T.);
#3429=IFCFACE((#3428));
#3430=IFCPOLYLOOP((#2850,#2858,#2905));
#3431=IFCFACEOUTERBOUND(#3430,.T.);
#3432=IFCFACE((#3431));
#3433=IFCPOLYLOOP((#2850,#2905,#2859));
#3434=IFCFACEOUTERBOUND(#3433,.T.);
#3435=IFCFACE((#3434));
#3436=IFCPOLYLOOP((#3011,#2376,#3106));
#3437=IFCFACEOUTERBOUND(#3436,.T.);
#3438=IFCFACE((#3437));
#3439=IFCPOLYLOOP((#3011,#3106,#3109));
#3440=IFCFACEOUTERBOUND(#3439,.T.);
#3441=IFCFACE((#3440));
#3442=IFCPOLYLOOP((#3011,#3109,#3076));
#3443=IFCFACEOUTERBOUND(#3442,.T.);
#3444=IFCFACE((#3443));
#3445=IFCPOLYLOOP((#3011,#3076,#3115));
#3446=IFCFACEOUTERBOUND(#3445,.T.);
#3447=IFCFACE((#3446));
#3448=IFCPOLYLOOP((#3011,#3115,#3078));
#3449=IFCFACEOUTERBOUND(#3448,.T.);
#3450=IFCFACE((#3449));
#3451=IFCPOLYLOOP((#3011,#3078,#3086));
#3452=IFCFACEOUTERBOUND(#3451,.T.);
#3453=IFCFACE((#3452));
#3454=IFCPOLYLOOP((#3011,#3086,#3012));
#3455=IFCFACEOUTERBOUND(#3454,.T.);
#3456=IFCFACE((#3455));
#3457=IFCPOLYLOOP((#3011,#3012,#3016));
#3458=IFCFACEOUTERBOUND(#3457,.T.);
#3459=IFCFACE((#3458));
#3460=IFCPOLYLOOP((#3011,#3016,#3024));
#3461=IFCFACEOUTERBOUND(#3460,.T.);
#3462=IFCFACE((#3461));
#3463=IFCPOLYLOOP((#3011,#3024,#2858));
#3464=IFCFACEOUTERBOUND(#3463,.T.);
#3465=IFCFACE((#3464));
#3466=IFCPOLYLOOP((#2384,#2385,#2376));
#3467=IFCFACEOUTERBOUND(#3466,.T.);
#3468=IFCFACE((#3467));
#3469=IFCPOLYLOOP((#2377,#2386,#2392));
#3470=IFCFACEOUTERBOUND(#3469,.T.);
#3471=IFCFACE((#3470));
#3472=IFCPOLYLOOP((#2388,#2395,#2393));
#3473=IFCFACEOUTERBOUND(#3472,.T.);
#3474=IFCFACE((#3473));
#3475=IFCPOLYLOOP((#2387,#2392,#2386));
#3476=IFCFACEOUTERBOUND(#3475,.T.);
#3477=IFCFACE((#3476));
#3478=IFCPOLYLOOP((#2384,#2387,#2385));
#3479=IFCFACEOUTERBOUND(#3478,.T.);
#3480=IFCFACE((#3479));
#3481=IFCPOLYLOOP((#2388,#2381,#2394,#2382));
#3482=IFCFACEOUTERBOUND(#3481,.T.);
#3483=IFCFACE((#3482));
#3484=IFCPOLYLOOP((#2379,#2391,#2397));
#3485=IFCFACEOUTERBOUND(#3484,.T.);
#3486=IFCFACE((#3485));
#3487=IFCPOLYLOOP((#2396,#2378,#3089,#2397));
#3488=IFCFACEOUTERBOUND(#3487,.T.);
#3489=IFCFACE((#3488));
#3490=IFCPOLYLOOP((#2390,#2383,#2389));
#3491=IFCFACEOUTERBOUND(#3490,.T.);
#3492=IFCFACE((#3491));
#3493=IFCPOLYLOOP((#2381,#2388,#2393));
#3494=IFCFACEOUTERBOUND(#3493,.T.);
#3495=IFCFACE((#3494));
#3496=IFCPOLYLOOP((#2387,#2380,#3107,#2385));
#3497=IFCFACEOUTERBOUND(#3496,.T.);
#3498=IFCFACE((#3497));
#3499=IFCPOLYLOOP((#2398,#2382,#2391));
#3500=IFCFACEOUTERBOUND(#3499,.T.);
#3501=IFCFACE((#3500));
#3502=IFCPOLYLOOP((#2387,#2386,#2551,#2381));
#3503=IFCFACEOUTERBOUND(#3502,.T.);
#3504=IFCFACE((#3503));
#3505=IFCPOLYLOOP((#2380,#2387,#2393));
#3506=IFCFACEOUTERBOUND(#3505,.T.);
#3507=IFCFACE((#3506));
#3508=IFCPOLYLOOP((#2391,#2390,#2389));
#3509=IFCFACEOUTERBOUND(#3508,.T.);
#3510=IFCFACE((#3509));
#3511=IFCPOLYLOOP((#2391,#2382,#2555,#2390));
#3512=IFCFACEOUTERBOUND(#3511,.T.);
#3513=IFCFACE((#3512));
#3514=IFCPOLYLOOP((#2391,#2379,#2398));
#3515=IFCFACEOUTERBOUND(#3514,.T.);
#3516=IFCFACE((#3515));
#3517=IFCPOLYLOOP((#2387,#2384,#2392));
#3518=IFCFACEOUTERBOUND(#3517,.T.);
#3519=IFCFACE((#3518));
#3520=IFCPOLYLOOP((#2381,#2393,#2387));
#3521=IFCFACEOUTERBOUND(#3520,.T.);
#3522=IFCFACE((#3521));
#3523=IFCPOLYLOOP((#2398,#2395,#2388));
#3524=IFCFACEOUTERBOUND(#3523,.T.);
#3525=IFCFACE((#3524));
#3526=IFCPOLYLOOP((#2391,#2389,#2396));
#3527=IFCFACEOUTERBOUND(#3526,.T.);
#3528=IFCFACE((#3527));
#3529=IFCPOLYLOOP((#2380,#2393,#2395));
#3530=IFCFACEOUTERBOUND(#3529,.T.);
#3531=IFCFACE((#3530));
#3532=IFCPOLYLOOP((#2396,#2397,#2391));
#3533=IFCFACEOUTERBOUND(#3532,.T.);
#3534=IFCFACE((#3533));
#3535=IFCPOLYLOOP((#2395,#2398,#2379));
#3536=IFCFACEOUTERBOUND(#3535,.T.);
#3537=IFCFACE((#3536));
#3538=IFCPOLYLOOP((#2382,#2398,#2388));
#3539=IFCFACEOUTERBOUND(#3538,.T.);
#3540=IFCFACE((#3539));
#3541=IFCPOLYLOOP((#2378,#2396,#2389,#2383,#2400,#2411,#2410,#2413,#2399));
#3542=IFCFACEOUTERBOUND(#3541,.T.);
#3543=IFCFACE((#3542));
#3544=IFCPOLYLOOP((#2407,#2408,#2414));
#3545=IFCFACEOUTERBOUND(#3544,.T.);
#3546=IFCFACE((#3545));
#3547=IFCPOLYLOOP((#2402,#2412,#2401));
#3548=IFCFACEOUTERBOUND(#3547,.T.);
#3549=IFCFACE((#3548));
#3550=IFCPOLYLOOP((#2405,#2411,#2400));
#3551=IFCFACEOUTERBOUND(#3550,.T.);
#3552=IFCFACE((#3551));
#3553=IFCPOLYLOOP((#2404,#2399,#2413));
#3554=IFCFACEOUTERBOUND(#3553,.T.);
#3555=IFCFACE((#3554));
#3556=IFCPOLYLOOP((#2414,#2406,#2407));
#3557=IFCFACEOUTERBOUND(#3556,.T.);
#3558=IFCFACE((#3557));
#3559=IFCPOLYLOOP((#2409,#2415,#2414));
#3560=IFCFACEOUTERBOUND(#3559,.T.);
#3561=IFCFACE((#3560));
#3562=IFCPOLYLOOP((#2415,#2416,#2410));
#3563=IFCFACEOUTERBOUND(#3562,.T.);
#3564=IFCFACE((#3563));
#3565=IFCPOLYLOOP((#2415,#2409,#2416));
#3566=IFCFACEOUTERBOUND(#3565,.T.);
#3567=IFCFACE((#3566));
#3568=IFCPOLYLOOP((#2417,#2404,#2413));
#3569=IFCFACEOUTERBOUND(#3568,.T.);
#3570=IFCFACE((#3569));
#3571=IFCPOLYLOOP((#2415,#2406,#2414));
#3572=IFCFACEOUTERBOUND(#3571,.T.);
#3573=IFCFACE((#3572));
#3574=IFCPOLYLOOP((#2402,#2403,#2417));
#3575=IFCFACEOUTERBOUND(#3574,.T.);
#3576=IFCFACE((#3575));
#3577=IFCPOLYLOOP((#2417,#2403,#2404));
#3578=IFCFACEOUTERBOUND(#3577,.T.);
#3579=IFCFACE((#3578));
#3580=IFCPOLYLOOP((#2406,#2415,#2411));
#3581=IFCFACEOUTERBOUND(#3580,.T.);
#3582=IFCFACE((#3581));
#3583=IFCPOLYLOOP((#2410,#2416,#2413));
#3584=IFCFACEOUTERBOUND(#3583,.T.);
#3585=IFCFACE((#3584));
#3586=IFCPOLYLOOP((#2409,#2412,#2416));
#3587=IFCFACEOUTERBOUND(#3586,.T.);
#3588=IFCFACE((#3587));
#3589=IFCPOLYLOOP((#2406,#2411,#2405));
#3590=IFCFACEOUTERBOUND(#3589,.T.);
#3591=IFCFACE((#3590));
#3592=IFCPOLYLOOP((#2416,#2412,#2417));
#3593=IFCFACEOUTERBOUND(#3592,.T.);
#3594=IFCFACE((#3593));
#3595=IFCPOLYLOOP((#2410,#2411,#2415));
#3596=IFCFACEOUTERBOUND(#3595,.T.);
#3597=IFCFACE((#3596));
#3598=IFCPOLYLOOP((#2416,#2417,#2413));
#3599=IFCFACEOUTERBOUND(#3598,.T.);
#3600=IFCFACE((#3599));
#3601=IFCPOLYLOOP((#2402,#2417,#2412));
#3602=IFCFACEOUTERBOUND(#3601,.T.);
#3603=IFCFACE((#3602));
#3604=IFCPOLYLOOP((#2418,#2401,#2412));
#3605=IFCFACEOUTERBOUND(#3604,.T.);
#3606=IFCFACE((#3605));
#3607=IFCPOLYLOOP((#2418,#2412,#2409));
#3608=IFCFACEOUTERBOUND(#3607,.T.);
#3609=IFCFACE((#3608));
#3610=IFCPOLYLOOP((#2418,#2409,#2414));
#3611=IFCFACEOUTERBOUND(#3610,.T.);
#3612=IFCFACE((#3611));
#3613=IFCPOLYLOOP((#2418,#2414,#2408));
#3614=IFCFACEOUTERBOUND(#3613,.T.);
#3615=IFCFACE((#3614));
#3616=IFCPOLYLOOP((#2408,#2419,#2418));
#3617=IFCFACEOUTERBOUND(#3616,.T.);
#3618=IFCFACE((#3617));
#3619=IFCPOLYLOOP((#2418,#3132,#2401));
#3620=IFCFACEOUTERBOUND(#3619,.T.);
#3621=IFCFACE((#3620));
#3622=IFCPOLYLOOP((#2418,#3129,#3132));
#3623=IFCFACEOUTERBOUND(#3622,.T.);
#3624=IFCFACE((#3623));
#3625=IFCPOLYLOOP((#2418,#3130,#3129));
#3626=IFCFACEOUTERBOUND(#3625,.T.);
#3627=IFCFACE((#3626));
#3628=IFCPOLYLOOP((#2418,#3124,#3130));
#3629=IFCFACEOUTERBOUND(#3628,.T.);
#3630=IFCFACE((#3629));
#3631=IFCPOLYLOOP((#2418,#3144,#3124));
#3632=IFCFACEOUTERBOUND(#3631,.T.);
#3633=IFCFACE((#3632));
#3634=IFCPOLYLOOP((#2418,#3125,#3144));
#3635=IFCFACEOUTERBOUND(#3634,.T.);
#3636=IFCFACE((#3635));
#3637=IFCPOLYLOOP((#2418,#3127,#3125));
#3638=IFCFACEOUTERBOUND(#3637,.T.);
#3639=IFCFACE((#3638));
#3640=IFCPOLYLOOP((#2418,#3120,#3127));
#3641=IFCFACEOUTERBOUND(#3640,.T.);
#3642=IFCFACE((#3641));
#3643=IFCPOLYLOOP((#2418,#3140,#3120));
#3644=IFCFACEOUTERBOUND(#3643,.T.);
#3645=IFCFACE((#3644));
#3646=IFCPOLYLOOP((#2418,#3126,#3140));
#3647=IFCFACEOUTERBOUND(#3646,.T.);
#3648=IFCFACE((#3647));
#3649=IFCPOLYLOOP((#2418,#3135,#3126));
#3650=IFCFACEOUTERBOUND(#3649,.T.);
#3651=IFCFACE((#3650));
#3652=IFCPOLYLOOP((#2418,#3034,#3135));
#3653=IFCFACEOUTERBOUND(#3652,.T.);
#3654=IFCFACE((#3653));
#3655=IFCPOLYLOOP((#3044,#3034,#2418));
#3656=IFCFACEOUTERBOUND(#3655,.T.);
#3657=IFCFACE((#3656));
#3658=IFCPOLYLOOP((#3044,#3038,#3034));
#3659=IFCFACEOUTERBOUND(#3658,.T.);
#3660=IFCFACE((#3659));
#3661=IFCPOLYLOOP((#3044,#3035,#3038));
#3662=IFCFACEOUTERBOUND(#3661,.T.);
#3663=IFCFACE((#3662));
#3664=IFCPOLYLOOP((#3044,#3040,#3035));
#3665=IFCFACEOUTERBOUND(#3664,.T.);
#3666=IFCFACE((#3665));
#3667=IFCPOLYLOOP((#3044,#2918,#3040));
#3668=IFCFACEOUTERBOUND(#3667,.T.);
#3669=IFCFACE((#3668));
#3670=IFCPOLYLOOP((#2938,#2918,#3044));
#3671=IFCFACEOUTERBOUND(#3670,.T.);
#3672=IFCFACE((#3671));
#3673=IFCPOLYLOOP((#2918,#2938,#2919));
#3674=IFCFACEOUTERBOUND(#3673,.T.);
#3675=IFCFACE((#3674));
#3676=IFCPOLYLOOP((#2919,#2938,#2939));
#3677=IFCFACEOUTERBOUND(#3676,.T.);
#3678=IFCFACE((#3677));
#3679=IFCPOLYLOOP((#2939,#2920,#2919));
#3680=IFCFACEOUTERBOUND(#3679,.T.);
#3681=IFCFACE((#3680));
#3682=IFCPOLYLOOP((#2939,#2940,#2920));
#3683=IFCFACEOUTERBOUND(#3682,.T.);
#3684=IFCFACE((#3683));
#3685=IFCPOLYLOOP((#2940,#2935,#2920));
#3686=IFCFACEOUTERBOUND(#3685,.T.);
#3687=IFCFACE((#3686));
#3688=IFCPOLYLOOP((#2940,#2921,#2935));
#3689=IFCFACEOUTERBOUND(#3688,.T.);
#3690=IFCFACE((#3689));
#3691=IFCPOLYLOOP((#2941,#2921,#2940));
#3692=IFCFACEOUTERBOUND(#3691,.T.);
#3693=IFCFACE((#3692));
#3694=IFCPOLYLOOP((#2942,#2921,#2941));
#3695=IFCFACEOUTERBOUND(#3694,.T.);
#3696=IFCFACE((#3695));
#3697=IFCPOLYLOOP((#2921,#2942,#2922));
#3698=IFCFACEOUTERBOUND(#3697,.T.);
#3699=IFCFACE((#3698));
#3700=IFCPOLYLOOP((#2922,#2942,#2748));
#3701=IFCFACEOUTERBOUND(#3700,.T.);
#3702=IFCFACE((#3701));
#3703=IFCPOLYLOOP((#2922,#2748,#2727));
#3704=IFCFACEOUTERBOUND(#3703,.T.);
#3705=IFCFACE((#3704));
#3706=IFCPOLYLOOP((#2727,#2748,#2608));
#3707=IFCFACEOUTERBOUND(#3706,.T.);
#3708=IFCFACE((#3707));
#3709=IFCPOLYLOOP((#2608,#2738,#2727));
#3710=IFCFACEOUTERBOUND(#3709,.T.);
#3711=IFCFACE((#3710));
#3712=IFCPOLYLOOP((#2608,#2734,#2738));
#3713=IFCFACEOUTERBOUND(#3712,.T.);
#3714=IFCFACE((#3713));
#3715=IFCPOLYLOOP((#2608,#2742,#2734));
#3716=IFCFACEOUTERBOUND(#3715,.T.);
#3717=IFCFACE((#3716));
#3718=IFCPOLYLOOP((#2608,#2728,#2742));
#3719=IFCFACEOUTERBOUND(#3718,.T.);
#3720=IFCFACE((#3719));
#3721=IFCPOLYLOOP((#2608,#2740,#2728));
#3722=IFCFACEOUTERBOUND(#3721,.T.);
#3723=IFCFACE((#3722));
#3724=IFCPOLYLOOP((#2608,#2731,#2740));
#3725=IFCFACEOUTERBOUND(#3724,.T.);
#3726=IFCFACE((#3725));
#3727=IFCPOLYLOOP((#2608,#2735,#2731));
#3728=IFCFACEOUTERBOUND(#3727,.T.);
#3729=IFCFACE((#3728));
#3730=IFCPOLYLOOP((#2608,#2588,#2735));
#3731=IFCFACEOUTERBOUND(#3730,.T.);
#3732=IFCFACE((#3731));
#3733=IFCPOLYLOOP((#2588,#2608,#2589));
#3734=IFCFACEOUTERBOUND(#3733,.T.);
#3735=IFCFACE((#3734));
#3736=IFCPOLYLOOP((#2589,#2608,#2609));
#3737=IFCFACEOUTERBOUND(#3736,.T.);
#3738=IFCFACE((#3737));
#3739=IFCPOLYLOOP((#2609,#2590,#2589));
#3740=IFCFACEOUTERBOUND(#3739,.T.);
#3741=IFCFACE((#3740));
#3742=IFCPOLYLOOP((#2609,#2610,#2590));
#3743=IFCFACEOUTERBOUND(#3742,.T.);
#3744=IFCFACE((#3743));
#3745=IFCPOLYLOOP((#2610,#2605,#2590));
#3746=IFCFACEOUTERBOUND(#3745,.T.);
#3747=IFCFACE((#3746));
#3748=IFCPOLYLOOP((#2610,#2591,#2605));
#3749=IFCFACEOUTERBOUND(#3748,.T.);
#3750=IFCFACE((#3749));
#3751=IFCPOLYLOOP((#2611,#2591,#2610));
#3752=IFCFACEOUTERBOUND(#3751,.T.);
#3753=IFCFACE((#3752));
#3754=IFCPOLYLOOP((#2612,#2591,#2611));
#3755=IFCFACEOUTERBOUND(#3754,.T.);
#3756=IFCFACE((#3755));
#3757=IFCPOLYLOOP((#2592,#2612,#2419));
#3758=IFCFACEOUTERBOUND(#3757,.T.);
#3759=IFCFACE((#3758));
#3760=IFCPOLYLOOP((#2591,#2612,#2592));
#3761=IFCFACEOUTERBOUND(#3760,.T.);
#3762=IFCFACE((#3761));
#3763=IFCPOLYLOOP((#2592,#2419,#2408));
#3764=IFCFACEOUTERBOUND(#3763,.T.);
#3765=IFCFACE((#3764));
#3766=IFCPOLYLOOP((#2420,#2418,#2419,#2421));
#3767=IFCFACEOUTERBOUND(#3766,.T.);
#3768=IFCFACE((#3767));
#3769=IFCPOLYLOOP((#2422,#2420,#2421,#2423));
#3770=IFCFACEOUTERBOUND(#3769,.T.);
#3771=IFCFACE((#3770));
#3772=IFCPOLYLOOP((#2423,#2434,#2656,#2427,#2426,#2435,#2422));
#3773=IFCFACEOUTERBOUND(#3772,.T.);
#3774=IFCFACE((#3773));
#3775=IFCPOLYLOOP((#2428,#2431,#2429,#2424,#2430,#3154,#2425));
#3776=IFCFACEOUTERBOUND(#3775,.T.);
#3777=IFCFACE((#3776));
#3778=IFCPOLYLOOP((#2432,#2428,#2425,#2433,#2426,#2427));
#3779=IFCFACEOUTERBOUND(#3778,.T.);
#3780=IFCFACE((#3779));
#3781=IFCPOLYLOOP((#2353,#2424,#2429));
#3782=IFCFACEOUTERBOUND(#3781,.T.);
#3783=IFCFACE((#3782));
#3784=IFCPOLYLOOP((#2429,#2354,#2353));
#3785=IFCFACEOUTERBOUND(#3784,.T.);
#3786=IFCFACE((#3785));
#3787=IFCPOLYLOOP((#2424,#2353,#2999));
#3788=IFCFACEOUTERBOUND(#3787,.T.);
#3789=IFCFACE((#3788));
#3790=IFCPOLYLOOP((#2999,#3153,#2424));
#3791=IFCFACEOUTERBOUND(#3790,.T.);
#3792=IFCFACE((#3791));
#3793=IFCPOLYLOOP((#2999,#3168,#3153));
#3794=IFCFACEOUTERBOUND(#3793,.T.);
#3795=IFCFACE((#3794));
#3796=IFCPOLYLOOP((#2999,#3049,#3168));
#3797=IFCFACEOUTERBOUND(#3796,.T.);
#3798=IFCFACE((#3797));
#3799=IFCPOLYLOOP((#3049,#2999,#2959));
#3800=IFCFACEOUTERBOUND(#3799,.T.);
#3801=IFCFACE((#3800));
#3802=IFCPOLYLOOP((#2770,#2959,#2999));
#3803=IFCFACEOUTERBOUND(#3802,.T.);
#3804=IFCFACE((#3803));
#3805=IFCPOLYLOOP((#2770,#2995,#2959));
#3806=IFCFACEOUTERBOUND(#3805,.T.);
#3807=IFCFACE((#3806));
#3808=IFCPOLYLOOP((#2770,#2960,#2995));
#3809=IFCFACEOUTERBOUND(#3808,.T.);
#3810=IFCFACE((#3809));
#3811=IFCPOLYLOOP((#2960,#2770,#2780));
#3812=IFCFACEOUTERBOUND(#3811,.T.);
#3813=IFCFACE((#3812));
#3814=IFCPOLYLOOP((#2960,#2780,#2775));
#3815=IFCFACEOUTERBOUND(#3814,.T.);
#3816=IFCFACE((#3815));
#3817=IFCPOLYLOOP((#2960,#2775,#2776));
#3818=IFCFACEOUTERBOUND(#3817,.T.);
#3819=IFCFACE((#3818));
#3820=IFCPOLYLOOP((#2960,#2776,#2769));
#3821=IFCFACEOUTERBOUND(#3820,.T.);
#3822=IFCFACE((#3821));
#3823=IFCPOLYLOOP((#2769,#2996,#2960));
#3824=IFCFACEOUTERBOUND(#3823,.T.);
#3825=IFCFACE((#3824));
#3826=IFCPOLYLOOP((#2769,#2961,#2996));
#3827=IFCFACEOUTERBOUND(#3826,.T.);
#3828=IFCFACE((#3827));
#3829=IFCPOLYLOOP((#2961,#2769,#2777));
#3830=IFCFACEOUTERBOUND(#3829,.T.);
#3831=IFCFACE((#3830));
#3832=IFCPOLYLOOP((#2961,#2777,#2772));
#3833=IFCFACEOUTERBOUND(#3832,.T.);
#3834=IFCFACE((#3833));
#3835=IFCPOLYLOOP((#2961,#2772,#2773));
#3836=IFCFACEOUTERBOUND(#3835,.T.);
#3837=IFCFACE((#3836));
#3838=IFCPOLYLOOP((#2961,#2773,#2668));
#3839=IFCFACEOUTERBOUND(#3838,.T.);
#3840=IFCFACE((#3839));
#3841=IFCPOLYLOOP((#2668,#2988,#2961));
#3842=IFCFACEOUTERBOUND(#3841,.T.);
#3843=IFCFACE((#3842));
#3844=IFCPOLYLOOP((#2668,#2753,#2988));
#3845=IFCFACEOUTERBOUND(#3844,.T.);
#3846=IFCFACE((#3845));
#3847=IFCPOLYLOOP((#2753,#2668,#2439));
#3848=IFCFACEOUTERBOUND(#3847,.T.);
#3849=IFCFACE((#3848));
#3850=IFCPOLYLOOP((#2439,#2759,#2753));
#3851=IFCFACEOUTERBOUND(#3850,.T.);
#3852=IFCFACE((#3851));
#3853=IFCPOLYLOOP((#2439,#2629,#2759));
#3854=IFCFACEOUTERBOUND(#3853,.T.);
#3855=IFCFACE((#3854));
#3856=IFCPOLYLOOP((#2439,#2664,#2629));
#3857=IFCFACEOUTERBOUND(#3856,.T.);
#3858=IFCFACE((#3857));
#3859=IFCPOLYLOOP((#2439,#2630,#2664));
#3860=IFCFACEOUTERBOUND(#3859,.T.);
#3861=IFCFACE((#3860));
#3862=IFCPOLYLOOP((#2630,#2439,#2449));
#3863=IFCFACEOUTERBOUND(#3862,.T.);
#3864=IFCFACE((#3863));
#3865=IFCPOLYLOOP((#2630,#2449,#2444));
#3866=IFCFACEOUTERBOUND(#3865,.T.);
#3867=IFCFACE((#3866));
#3868=IFCPOLYLOOP((#2630,#2444,#2445));
#3869=IFCFACEOUTERBOUND(#3868,.T.);
#3870=IFCFACE((#3869));
#3871=IFCPOLYLOOP((#2630,#2445,#2438));
#3872=IFCFACEOUTERBOUND(#3871,.T.);
#3873=IFCFACE((#3872));
#3874=IFCPOLYLOOP((#2438,#2665,#2630));
#3875=IFCFACEOUTERBOUND(#3874,.T.);
#3876=IFCFACE((#3875));
#3877=IFCPOLYLOOP((#2438,#2631,#2665));
#3878=IFCFACEOUTERBOUND(#3877,.T.);
#3879=IFCFACE((#3878));
#3880=IFCPOLYLOOP((#2631,#2438,#2446));
#3881=IFCFACEOUTERBOUND(#3880,.T.);
#3882=IFCFACE((#3881));
#3883=IFCPOLYLOOP((#2631,#2446,#2441));
#3884=IFCFACEOUTERBOUND(#3883,.T.);
#3885=IFCFACE((#3884));
#3886=IFCPOLYLOOP((#2631,#2441,#2442));
#3887=IFCFACEOUTERBOUND(#3886,.T.);
#3888=IFCFACE((#3887));
#3889=IFCPOLYLOOP((#2631,#2442,#2354));
#3890=IFCFACEOUTERBOUND(#3889,.T.);
#3891=IFCFACE((#3890));
#3892=IFCPOLYLOOP((#2354,#2429,#2658));
#3893=IFCFACEOUTERBOUND(#3892,.T.);
#3894=IFCFACE((#3893));
#3895=IFCPOLYLOOP((#2354,#2658,#2631));
#3896=IFCFACEOUTERBOUND(#3895,.T.);
#3897=IFCFACE((#3896));
#3898=IFCPOLYLOOP((#2355,#2354,#2442,#2441,#2446,#2438,#2437,#2440,#2447));
#3899=IFCFACEOUTERBOUND(#3898,.T.);
#3900=IFCFACE((#3899));
#3901=IFCPOLYLOOP((#2448,#2443,#2450,#2437,#2438,#2445,#2444,#2449,#2439,#2436));
#3902=IFCFACEOUTERBOUND(#3901,.T.);
#3903=IFCFACE((#3902));
#3904=IFCPOLYLOOP((#2461,#2361,#2489,#2364,#2357));
#3905=IFCFACEOUTERBOUND(#3904,.T.);
#3906=IFCFACE((#3905));
#3907=IFCPOLYLOOP((#2478,#2453,#2497));
#3908=IFCFACEOUTERBOUND(#3907,.T.);
#3909=IFCFACE((#3908));
#3910=IFCPOLYLOOP((#2469,#2467,#2483));
#3911=IFCFACEOUTERBOUND(#3910,.T.);
#3912=IFCFACE((#3911));
#3913=IFCPOLYLOOP((#2468,#2462,#2466));
#3914=IFCFACEOUTERBOUND(#3913,.T.);
#3915=IFCFACE((#3914));
#3916=IFCPOLYLOOP((#2472,#2470,#2471));
#3917=IFCFACEOUTERBOUND(#3916,.T.);
#3918=IFCFACE((#3917));
#3919=IFCPOLYLOOP((#2483,#2480,#2481));
#3920=IFCFACEOUTERBOUND(#3919,.T.);
#3921=IFCFACE((#3920));
#3922=IFCPOLYLOOP((#2474,#2361,#2475));
#3923=IFCFACEOUTERBOUND(#3922,.T.);
#3924=IFCFACE((#3923));
#3925=IFCPOLYLOOP((#2477,#2478,#2465));
#3926=IFCFACEOUTERBOUND(#3925,.T.);
#3927=IFCFACE((#3926));
#3928=IFCPOLYLOOP((#2482,#2484,#2463));
#3929=IFCFACEOUTERBOUND(#3928,.T.);
#3930=IFCFACE((#3929));
#3931=IFCPOLYLOOP((#2491,#2492,#2463));
#3932=IFCFACEOUTERBOUND(#3931,.T.);
#3933=IFCFACE((#3932));
#3934=IFCPOLYLOOP((#2481,#2460,#2482));
#3935=IFCFACEOUTERBOUND(#3934,.T.);
#3936=IFCFACE((#3935));
#3937=IFCPOLYLOOP((#2463,#2492,#2493));
#3938=IFCFACEOUTERBOUND(#3937,.T.);
#3939=IFCFACE((#3938));
#3940=IFCPOLYLOOP((#2482,#2495,#2481));
#3941=IFCFACEOUTERBOUND(#3940,.T.);
#3942=IFCFACE((#3941));
#3943=IFCPOLYLOOP((#2491,#2484,#2452));
#3944=IFCFACEOUTERBOUND(#3943,.T.);
#3945=IFCFACE((#3944));
#3946=IFCPOLYLOOP((#2479,#2480,#2486));
#3947=IFCFACEOUTERBOUND(#3946,.T.);
#3948=IFCFACE((#3947));
#3949=IFCPOLYLOOP((#2488,#2469,#2487));
#3950=IFCFACEOUTERBOUND(#3949,.T.);
#3951=IFCFACE((#3950));
#3952=IFCPOLYLOOP((#2479,#2462,#2476));
#3953=IFCFACEOUTERBOUND(#3952,.T.);
#3954=IFCFACE((#3953));
#3955=IFCPOLYLOOP((#2486,#2466,#2479));
#3956=IFCFACEOUTERBOUND(#3955,.T.);
#3957=IFCFACE((#3956));
#3958=IFCPOLYLOOP((#2498,#2468,#2466));
#3959=IFCFACEOUTERBOUND(#3958,.T.);
#3960=IFCFACE((#3959));
#3961=IFCPOLYLOOP((#2367,#2474,#2473));
#3962=IFCFACEOUTERBOUND(#3961,.T.);
#3963=IFCFACE((#3962));
#3964=IFCPOLYLOOP((#2476,#2477,#2485));
#3965=IFCFACEOUTERBOUND(#3964,.T.);
#3966=IFCFACE((#3965));
#3967=IFCPOLYLOOP((#2493,#2496,#2464));
#3968=IFCFACEOUTERBOUND(#3967,.T.);
#3969=IFCFACE((#3968));
#3970=IFCPOLYLOOP((#2474,#2475,#2462));
#3971=IFCFACEOUTERBOUND(#3970,.T.);
#3972=IFCFACE((#3971));
#3973=IFCPOLYLOOP((#2486,#2456,#2466));
#3974=IFCFACEOUTERBOUND(#3973,.T.);
#3975=IFCFACE((#3974));
#3976=IFCPOLYLOOP((#2463,#2495,#2482));
#3977=IFCFACEOUTERBOUND(#3976,.T.);
#3978=IFCFACE((#3977));
#3979=IFCPOLYLOOP((#2467,#2499,#2486));
#3980=IFCFACEOUTERBOUND(#3979,.T.);
#3981=IFCFACE((#3980));
#3982=IFCPOLYLOOP((#2472,#2471,#2369,#2362));
#3983=IFCFACEOUTERBOUND(#3982,.T.);
#3984=IFCFACE((#3983));
#3985=IFCPOLYLOOP((#2472,#2473,#2468));
#3986=IFCFACEOUTERBOUND(#3985,.T.);
#3987=IFCFACE((#3986));
#3988=IFCPOLYLOOP((#2455,#2469,#2488));
#3989=IFCFACEOUTERBOUND(#3988,.T.);
#3990=IFCFACE((#3989));
#3991=IFCPOLYLOOP((#2468,#2457,#2470));
#3992=IFCFACEOUTERBOUND(#3991,.T.);
#3993=IFCFACE((#3992));
#3994=IFCPOLYLOOP((#2471,#2470,#2504,#2363));
#3995=IFCFACEOUTERBOUND(#3994,.T.);
#3996=IFCFACE((#3995));
#3997=IFCPOLYLOOP((#2472,#2362,#2473));
#3998=IFCFACEOUTERBOUND(#3997,.T.);
#3999=IFCFACE((#3998));
#4000=IFCPOLYLOOP((#2470,#2472,#2468));
#4001=IFCFACEOUTERBOUND(#4000,.T.);
#4002=IFCFACE((#4001));
#4003=IFCPOLYLOOP((#2474,#2367,#2361));
#4004=IFCFACEOUTERBOUND(#4003,.T.);
#4005=IFCFACE((#4004));
#4006=IFCPOLYLOOP((#2367,#2473,#2362));
#4007=IFCFACEOUTERBOUND(#4006,.T.);
#4008=IFCFACE((#4007));
#4009=IFCPOLYLOOP((#2468,#2473,#2462));
#4010=IFCFACEOUTERBOUND(#4009,.T.);
#4011=IFCFACE((#4010));
#4012=IFCPOLYLOOP((#2475,#2361,#2461));
#4013=IFCFACEOUTERBOUND(#4012,.T.);
#4014=IFCFACE((#4013));
#4015=IFCPOLYLOOP((#2473,#2474,#2462));
#4016=IFCFACEOUTERBOUND(#4015,.T.);
#4017=IFCFACE((#4016));
#4018=IFCPOLYLOOP((#2461,#2478,#2477));
#4019=IFCFACEOUTERBOUND(#4018,.T.);
#4020=IFCFACE((#4019));
#4021=IFCPOLYLOOP((#2476,#2462,#2475));
#4022=IFCFACEOUTERBOUND(#4021,.T.);
#4023=IFCFACE((#4022));
#4024=IFCPOLYLOOP((#2477,#2475,#2461));
#4025=IFCFACEOUTERBOUND(#4024,.T.);
#4026=IFCFACE((#4025));
#4027=IFCPOLYLOOP((#2479,#2476,#2460));
#4028=IFCFACEOUTERBOUND(#4027,.T.);
#4029=IFCFACE((#4028));
#4030=IFCPOLYLOOP((#2485,#2477,#2465));
#4031=IFCFACEOUTERBOUND(#4030,.T.);
#4032=IFCFACE((#4031));
#4033=IFCPOLYLOOP((#2476,#2475,#2477));
#4034=IFCFACEOUTERBOUND(#4033,.T.);
#4035=IFCFACE((#4034));
#4036=IFCPOLYLOOP((#2478,#2461,#2490));
#4037=IFCFACEOUTERBOUND(#4036,.T.);
#4038=IFCFACE((#4037));
#4039=IFCPOLYLOOP((#2452,#2484,#2497));
#4040=IFCFACEOUTERBOUND(#4039,.T.);
#4041=IFCFACE((#4040));
#4042=IFCPOLYLOOP((#2480,#2479,#2460));
#4043=IFCFACEOUTERBOUND(#4042,.T.);
#4044=IFCFACE((#4043));
#4045=IFCPOLYLOOP((#2462,#2479,#2466));
#4046=IFCFACEOUTERBOUND(#4045,.T.);
#4047=IFCFACE((#4046));
#4048=IFCPOLYLOOP((#2481,#2480,#2460));
#4049=IFCFACEOUTERBOUND(#4048,.T.);
#4050=IFCFACE((#4049));
#4051=IFCPOLYLOOP((#2480,#2467,#2486));
#4052=IFCFACEOUTERBOUND(#4051,.T.);
#4053=IFCFACE((#4052));
#4054=IFCPOLYLOOP((#2485,#2482,#2460));
#4055=IFCFACEOUTERBOUND(#4054,.T.);
#4056=IFCFACE((#4055));
#4057=IFCPOLYLOOP((#2483,#2481,#2464));
#4058=IFCFACEOUTERBOUND(#4057,.T.);
#4059=IFCFACE((#4058));
#4060=IFCPOLYLOOP((#2484,#2482,#2465));
#4061=IFCFACEOUTERBOUND(#4060,.T.);
#4062=IFCFACE((#4061));
#4063=IFCPOLYLOOP((#2463,#2493,#2495));
#4064=IFCFACEOUTERBOUND(#4063,.T.);
#4065=IFCFACE((#4064));
#4066=IFCPOLYLOOP((#2469,#2483,#2464));
#4067=IFCFACEOUTERBOUND(#4066,.T.);
#4068=IFCFACE((#4067));
#4069=IFCPOLYLOOP((#2480,#2483,#2467));
#4070=IFCFACEOUTERBOUND(#4069,.T.);
#4071=IFCFACE((#4070));
#4072=IFCPOLYLOOP((#2484,#2465,#2497));
#4073=IFCFACEOUTERBOUND(#4072,.T.);
#4074=IFCFACE((#4073));
#4075=IFCPOLYLOOP((#2484,#2491,#2463));
#4076=IFCFACEOUTERBOUND(#4075,.T.);
#4077=IFCFACE((#4076));
#4078=IFCPOLYLOOP((#2482,#2485,#2465));
#4079=IFCFACEOUTERBOUND(#4078,.T.);
#4080=IFCFACE((#4079));
#4081=IFCPOLYLOOP((#2476,#2485,#2460));
#4082=IFCFACEOUTERBOUND(#4081,.T.);
#4083=IFCFACE((#4082));
#4084=IFCPOLYLOOP((#2467,#2455,#2499));
#4085=IFCFACEOUTERBOUND(#4084,.T.);
#4086=IFCFACE((#4085));
#4087=IFCPOLYLOOP((#2457,#2468,#2498));
#4088=IFCFACEOUTERBOUND(#4087,.T.);
#4089=IFCFACE((#4088));
#4090=IFCPOLYLOOP((#2469,#2459,#2487));
#4091=IFCFACEOUTERBOUND(#4090,.T.);
#4092=IFCFACE((#4091));
#4093=IFCPOLYLOOP((#2487,#2454,#2507,#2488));
#4094=IFCFACEOUTERBOUND(#4093,.T.);
#4095=IFCFACE((#4094));
#4096=IFCPOLYLOOP((#2461,#2357,#2490));
#4097=IFCFACEOUTERBOUND(#4096,.T.);
#4098=IFCFACE((#4097));
#4099=IFCPOLYLOOP((#2490,#2453,#2478));
#4100=IFCFACEOUTERBOUND(#4099,.T.);
#4101=IFCFACE((#4100));
#4102=IFCPOLYLOOP((#2492,#2491,#2451));
#4103=IFCFACEOUTERBOUND(#4102,.T.);
#4104=IFCFACE((#4103));
#4105=IFCPOLYLOOP((#2469,#2496,#2459));
#4106=IFCFACEOUTERBOUND(#4105,.T.);
#4107=IFCFACE((#4106));
#4108=IFCPOLYLOOP((#2493,#2492,#2677,#2458));
#4109=IFCFACEOUTERBOUND(#4108,.T.);
#4110=IFCFACE((#4109));
#4111=IFCPOLYLOOP((#2464,#2481,#2495));
#4112=IFCFACEOUTERBOUND(#4111,.T.);
#4113=IFCFACE((#4112));
#4114=IFCPOLYLOOP((#2458,#2494,#2459,#2496));
#4115=IFCFACEOUTERBOUND(#4114,.T.);
#4116=IFCFACE((#4115));
#4117=IFCPOLYLOOP((#2464,#2496,#2469));
#4118=IFCFACEOUTERBOUND(#4117,.T.);
#4119=IFCFACE((#4118));
#4120=IFCPOLYLOOP((#2464,#2495,#2493));
#4121=IFCFACEOUTERBOUND(#4120,.T.);
#4122=IFCFACE((#4121));
#4123=IFCPOLYLOOP((#2458,#2496,#2493));
#4124=IFCFACEOUTERBOUND(#4123,.T.);
#4125=IFCFACE((#4124));
#4126=IFCPOLYLOOP((#2478,#2497,#2465));
#4127=IFCFACEOUTERBOUND(#4126,.T.);
#4128=IFCFACE((#4127));
#4129=IFCPOLYLOOP((#2466,#2456,#2498));
#4130=IFCFACEOUTERBOUND(#4129,.T.);
#4131=IFCFACE((#4130));
#4132=IFCPOLYLOOP((#2455,#2467,#2469));
#4133=IFCFACEOUTERBOUND(#4132,.T.);
#4134=IFCFACE((#4133));
#4135=IFCPOLYLOOP((#2456,#2486,#2499));
#4136=IFCFACEOUTERBOUND(#4135,.T.);
#4137=IFCFACE((#4136));
#4138=IFCPOLYLOOP((#2457,#2503,#2514,#2505,#2371,#2363,#2504,#2470));
#4139=IFCFACEOUTERBOUND(#4138,.T.);
#4140=IFCFACE((#4139));
#4141=IFCPOLYLOOP((#2507,#2454,#2500,#2508,#2517,#2501,#2455,#2488));
#4142=IFCFACEOUTERBOUND(#4141,.T.);
#4143=IFCFACE((#4142));
#4144=IFCPOLYLOOP((#2456,#2502,#2506,#2503,#2457,#2498));
#4145=IFCFACEOUTERBOUND(#4144,.T.);
#4146=IFCFACE((#4145));
#4147=IFCPOLYLOOP((#2499,#2455,#2501,#2509,#2502,#2456));
#4148=IFCFACEOUTERBOUND(#4147,.T.);
#4149=IFCFACE((#4148));
#4150=IFCPOLYLOOP((#2513,#2515,#2373,#2371,#2505,#2514,#2503));
#4151=IFCFACEOUTERBOUND(#4150,.T.);
#4152=IFCFACE((#4151));
#4153=IFCPOLYLOOP((#2512,#2516,#2513,#2503,#2506,#2502));
#4154=IFCFACEOUTERBOUND(#4153,.T.);
#4155=IFCFACE((#4154));
#4156=IFCPOLYLOOP((#2511,#2501,#2517,#2508,#2500,#2510,#2518));
#4157=IFCFACEOUTERBOUND(#4156,.T.);
#4158=IFCFACE((#4157));
#4159=IFCPOLYLOOP((#2509,#2501,#2511,#2519,#2512,#2502));
#4160=IFCFACEOUTERBOUND(#4159,.T.);
#4161=IFCFACE((#4160));
#4162=IFCPOLYLOOP((#2523,#2524,#2375,#2373,#2515,#2513));
#4163=IFCFACEOUTERBOUND(#4162,.T.);
#4164=IFCFACE((#4163));
#4165=IFCPOLYLOOP((#2525,#2523,#2513,#2516,#2512,#2522));
#4166=IFCFACEOUTERBOUND(#4165,.T.);
#4167=IFCFACE((#4166));
#4168=IFCPOLYLOOP((#2521,#2511,#2518,#2510,#2520,#2526));
#4169=IFCFACEOUTERBOUND(#4168,.T.);
#4170=IFCFACE((#4169));
#4171=IFCPOLYLOOP((#2521,#2527,#2522,#2512,#2519,#2511));
#4172=IFCFACEOUTERBOUND(#4171,.T.);
#4173=IFCFACE((#4172));
#4174=IFCPOLYLOOP((#2576,#2545,#2546));
#4175=IFCFACEOUTERBOUND(#4174,.T.);
#4176=IFCFACE((#4175));
#4177=IFCPOLYLOOP((#2545,#2537,#2546));
#4178=IFCFACEOUTERBOUND(#4177,.T.);
#4179=IFCFACE((#4178));
#4180=IFCPOLYLOOP((#2562,#2569,#2570));
#4181=IFCFACEOUTERBOUND(#4180,.T.);
#4182=IFCFACE((#4181));
#4183=IFCPOLYLOOP((#2572,#2552,#2582));
#4184=IFCFACEOUTERBOUND(#4183,.T.);
#4185=IFCFACE((#4184));
#4186=IFCPOLYLOOP((#2382,#2553,#2558));
#4187=IFCFACEOUTERBOUND(#4186,.T.);
#4188=IFCFACE((#4187));
#4189=IFCPOLYLOOP((#2563,#2577,#2546));
#4190=IFCFACEOUTERBOUND(#4189,.T.);
#4191=IFCFACE((#4190));
#4192=IFCPOLYLOOP((#2558,#2555,#2382));
#4193=IFCFACEOUTERBOUND(#4192,.T.);
#4194=IFCFACE((#4193));
#4195=IFCPOLYLOOP((#2579,#2543,#2578));
#4196=IFCFACEOUTERBOUND(#4195,.T.);
#4197=IFCFACE((#4196));
#4198=IFCPOLYLOOP((#2381,#2552,#2564));
#4199=IFCFACEOUTERBOUND(#4198,.T.);
#4200=IFCFACE((#4199));
#4201=IFCPOLYLOOP((#2570,#2571,#2544));
#4202=IFCFACEOUTERBOUND(#4201,.T.);
#4203=IFCFACE((#4202));
#4204=IFCPOLYLOOP((#2571,#2530,#2544));
#4205=IFCFACEOUTERBOUND(#4204,.T.);
#4206=IFCFACE((#4205));
#4207=IFCPOLYLOOP((#2548,#2541,#2549));
#4208=IFCFACEOUTERBOUND(#4207,.T.);
#4209=IFCFACE((#4208));
#4210=IFCPOLYLOOP((#2544,#2530,#2581,#2529));
#4211=IFCFACEOUTERBOUND(#4210,.T.);
#4212=IFCFACE((#4211));
#4213=IFCPOLYLOOP((#2543,#2561,#2578));
#4214=IFCFACEOUTERBOUND(#4213,.T.);
#4215=IFCFACE((#4214));
#4216=IFCPOLYLOOP((#2529,#2575,#2576));
#4217=IFCFACEOUTERBOUND(#4216,.T.);
#4218=IFCFACE((#4217));
#4219=IFCPOLYLOOP((#2394,#2564,#2553));
#4220=IFCFACEOUTERBOUND(#4219,.T.);
#4221=IFCFACE((#4220));
#4222=IFCPOLYLOOP((#2561,#2535,#2559));
#4223=IFCFACEOUTERBOUND(#4222,.T.);
#4224=IFCFACE((#4223));
#4225=IFCPOLYLOOP((#2548,#2556,#2541));
#4226=IFCFACEOUTERBOUND(#4225,.T.);
#4227=IFCFACE((#4226));
#4228=IFCPOLYLOOP((#2558,#2553,#2540));
#4229=IFCFACEOUTERBOUND(#4228,.T.);
#4230=IFCFACE((#4229));
#4231=IFCPOLYLOOP((#2535,#2543,#2534));
#4232=IFCFACEOUTERBOUND(#4231,.T.);
#4233=IFCFACE((#4232));
#4234=IFCPOLYLOOP((#2572,#2582,#2531));
#4235=IFCFACEOUTERBOUND(#4234,.T.);
#4236=IFCFACE((#4235));
#4237=IFCPOLYLOOP((#2538,#2550,#2556));
#4238=IFCFACEOUTERBOUND(#4237,.T.);
#4239=IFCFACE((#4238));
#4240=IFCPOLYLOOP((#2557,#2541,#2556));
#4241=IFCFACEOUTERBOUND(#4240,.T.);
#4242=IFCFACE((#4241));
#4243=IFCPOLYLOOP((#2568,#2555,#2558));
#4244=IFCFACEOUTERBOUND(#4243,.T.);
#4245=IFCFACE((#4244));
#4246=IFCPOLYLOOP((#2541,#2557,#2560));
#4247=IFCFACEOUTERBOUND(#4246,.T.);
#4248=IFCFACE((#4247));
#4249=IFCPOLYLOOP((#2575,#2528,#2701,#2545));
#4250=IFCFACEOUTERBOUND(#4249,.T.);
#4251=IFCFACE((#4250));
#4252=IFCPOLYLOOP((#2547,#2538,#2548));
#4253=IFCFACEOUTERBOUND(#4252,.T.);
#4254=IFCFACE((#4253));
#4255=IFCPOLYLOOP((#2537,#2547,#2563));
#4256=IFCFACEOUTERBOUND(#4255,.T.);
#4257=IFCFACE((#4256));
#4258=IFCPOLYLOOP((#2578,#2539,#2579));
#4259=IFCFACEOUTERBOUND(#4258,.T.);
#4260=IFCFACE((#4259));
#4261=IFCPOLYLOOP((#2563,#2547,#2548));
#4262=IFCFACEOUTERBOUND(#4261,.T.);
#4263=IFCFACE((#4262));
#4264=IFCPOLYLOOP((#2562,#2549,#2539));
#4265=IFCFACEOUTERBOUND(#4264,.T.);
#4266=IFCFACE((#4265));
#4267=IFCPOLYLOOP((#2549,#2577,#2563));
#4268=IFCFACEOUTERBOUND(#4267,.T.);
#4269=IFCFACE((#4268));
#4270=IFCPOLYLOOP((#2565,#2550,#2711,#2532));
#4271=IFCFACEOUTERBOUND(#4270,.T.);
#4272=IFCFACE((#4271));
#4273=IFCPOLYLOOP((#2556,#2548,#2538));
#4274=IFCFACEOUTERBOUND(#4273,.T.);
#4275=IFCFACE((#4274));
#4276=IFCPOLYLOOP((#2381,#2551,#2552));
#4277=IFCFACEOUTERBOUND(#4276,.T.);
#4278=IFCFACE((#4277));
#4279=IFCPOLYLOOP((#2580,#2553,#2554));
#4280=IFCFACEOUTERBOUND(#4279,.T.);
#4281=IFCFACE((#4280));
#4282=IFCPOLYLOOP((#2569,#2554,#2542));
#4283=IFCFACEOUTERBOUND(#4282,.T.);
#4284=IFCFACE((#4283));
#4285=IFCPOLYLOOP((#2394,#2553,#2382));
#4286=IFCFACEOUTERBOUND(#4285,.T.);
#4287=IFCFACE((#4286));
#4288=IFCPOLYLOOP((#2554,#2552,#2542));
#4289=IFCFACEOUTERBOUND(#4288,.T.);
#4290=IFCFACE((#4289));
#4291=IFCPOLYLOOP((#2539,#2578,#2580));
#4292=IFCFACEOUTERBOUND(#4291,.T.);
#4293=IFCFACE((#4292));
#4294=IFCPOLYLOOP((#2564,#2554,#2553));
#4295=IFCFACEOUTERBOUND(#4294,.T.);
#4296=IFCFACE((#4295));
#4297=IFCPOLYLOOP((#2567,#2383,#2390,#2555));
#4298=IFCFACEOUTERBOUND(#4297,.T.);
#4299=IFCFACE((#4298));
#4300=IFCPOLYLOOP((#2550,#2565,#2566));
#4301=IFCFACEOUTERBOUND(#4300,.T.);
#4302=IFCFACE((#4301));
#4303=IFCPOLYLOOP((#2566,#2557,#2556));
#4304=IFCFACEOUTERBOUND(#4303,.T.);
#4305=IFCFACE((#4304));
#4306=IFCPOLYLOOP((#2533,#2534,#2557));
#4307=IFCFACEOUTERBOUND(#4306,.T.);
#4308=IFCFACE((#4307));
#4309=IFCPOLYLOOP((#2560,#2534,#2543));
#4310=IFCFACEOUTERBOUND(#4309,.T.);
#4311=IFCFACE((#4310));
#4312=IFCPOLYLOOP((#2559,#2558,#2540));
#4313=IFCFACEOUTERBOUND(#4312,.T.);
#4314=IFCFACE((#4313));
#4315=IFCPOLYLOOP((#2568,#2536,#2567));
#4316=IFCFACEOUTERBOUND(#4315,.T.);
#4317=IFCFACE((#4316));
#4318=IFCPOLYLOOP((#2561,#2559,#2540));
#4319=IFCFACEOUTERBOUND(#4318,.T.);
#4320=IFCFACE((#4319));
#4321=IFCPOLYLOOP((#2535,#2536,#2559));
#4322=IFCFACEOUTERBOUND(#4321,.T.);
#4323=IFCFACE((#4322));
#4324=IFCPOLYLOOP((#2534,#2560,#2557));
#4325=IFCFACEOUTERBOUND(#4324,.T.);
#4326=IFCFACE((#4325));
#4327=IFCPOLYLOOP((#2579,#2560,#2543));
#4328=IFCFACEOUTERBOUND(#4327,.T.);
#4329=IFCFACE((#4328));
#4330=IFCPOLYLOOP((#2578,#2561,#2540));
#4331=IFCFACEOUTERBOUND(#4330,.T.);
#4332=IFCFACE((#4331));
#4333=IFCPOLYLOOP((#2535,#2561,#2543));
#4334=IFCFACEOUTERBOUND(#4333,.T.);
#4335=IFCFACE((#4334));
#4336=IFCPOLYLOOP((#2569,#2562,#2539));
#4337=IFCFACEOUTERBOUND(#4336,.T.);
#4338=IFCFACE((#4337));
#4339=IFCPOLYLOOP((#2577,#2544,#2546));
#4340=IFCFACEOUTERBOUND(#4339,.T.);
#4341=IFCFACE((#4340));
#4342=IFCPOLYLOOP((#2549,#2563,#2548));
#4343=IFCFACEOUTERBOUND(#4342,.T.);
#4344=IFCFACE((#4343));
#4345=IFCPOLYLOOP((#2537,#2563,#2546));
#4346=IFCFACEOUTERBOUND(#4345,.T.);
#4347=IFCFACE((#4346));
#4348=IFCPOLYLOOP((#2381,#2564,#2394));
#4349=IFCFACEOUTERBOUND(#4348,.T.);
#4350=IFCFACE((#4349));
#4351=IFCPOLYLOOP((#2554,#2564,#2552));
#4352=IFCFACEOUTERBOUND(#4351,.T.);
#4353=IFCFACE((#4352));
#4354=IFCPOLYLOOP((#2566,#2565,#2533));
#4355=IFCFACEOUTERBOUND(#4354,.T.);
#4356=IFCFACE((#4355));
#4357=IFCPOLYLOOP((#2557,#2566,#2533));
#4358=IFCFACEOUTERBOUND(#4357,.T.);
#4359=IFCFACE((#4358));
#4360=IFCPOLYLOOP((#2550,#2566,#2556));
#4361=IFCFACEOUTERBOUND(#4360,.T.);
#4362=IFCFACE((#4361));
#4363=IFCPOLYLOOP((#2568,#2559,#2536));
#4364=IFCFACEOUTERBOUND(#4363,.T.);
#4365=IFCFACE((#4364));
#4366=IFCPOLYLOOP((#2555,#2568,#2567));
#4367=IFCFACEOUTERBOUND(#4366,.T.);
#4368=IFCFACE((#4367));
#4369=IFCPOLYLOOP((#2559,#2568,#2558));
#4370=IFCFACEOUTERBOUND(#4369,.T.);
#4371=IFCFACE((#4370));
#4372=IFCPOLYLOOP((#2554,#2569,#2539));
#4373=IFCFACEOUTERBOUND(#4372,.T.);
#4374=IFCFACE((#4373));
#4375=IFCPOLYLOOP((#2570,#2569,#2542));
#4376=IFCFACEOUTERBOUND(#4375,.T.);
#4377=IFCFACE((#4376));
#4378=IFCPOLYLOOP((#2570,#2542,#2571));
#4379=IFCFACEOUTERBOUND(#4378,.T.);
#4380=IFCFACE((#4379));
#4381=IFCPOLYLOOP((#2562,#2570,#2544));
#4382=IFCFACEOUTERBOUND(#4381,.T.);
#4383=IFCFACE((#4382));
#4384=IFCPOLYLOOP((#2572,#2571,#2542));
#4385=IFCFACEOUTERBOUND(#4384,.T.);
#4386=IFCFACE((#4385));
#4387=IFCPOLYLOOP((#2572,#2574,#2571));
#4388=IFCFACEOUTERBOUND(#4387,.T.);
#4389=IFCFACE((#4388));
#4390=IFCPOLYLOOP((#2542,#2552,#2572));
#4391=IFCFACEOUTERBOUND(#4390,.T.);
#4392=IFCFACE((#4391));
#4393=IFCPOLYLOOP((#2574,#2572,#2531));
#4394=IFCFACEOUTERBOUND(#4393,.T.);
#4395=IFCFACE((#4394));
#4396=IFCPOLYLOOP((#2582,#2377,#2573,#2531));
#4397=IFCFACEOUTERBOUND(#4396,.T.);
#4398=IFCFACE((#4397));
#4399=IFCPOLYLOOP((#2574,#2530,#2571));
#4400=IFCFACEOUTERBOUND(#4399,.T.);
#4401=IFCFACE((#4400));
#4402=IFCPOLYLOOP((#2545,#2576,#2575));
#4403=IFCFACEOUTERBOUND(#4402,.T.);
#4404=IFCFACE((#4403));
#4405=IFCPOLYLOOP((#2544,#2576,#2546));
#4406=IFCFACEOUTERBOUND(#4405,.T.);
#4407=IFCFACE((#4406));
#4408=IFCPOLYLOOP((#2549,#2562,#2577));
#4409=IFCFACEOUTERBOUND(#4408,.T.);
#4410=IFCFACE((#4409));
#4411=IFCPOLYLOOP((#2544,#2577,#2562));
#4412=IFCFACEOUTERBOUND(#4411,.T.);
#4413=IFCFACE((#4412));
#4414=IFCPOLYLOOP((#2580,#2578,#2540));
#4415=IFCFACEOUTERBOUND(#4414,.T.);
#4416=IFCFACE((#4415));
#4417=IFCPOLYLOOP((#2539,#2549,#2579));
#4418=IFCFACEOUTERBOUND(#4417,.T.);
#4419=IFCFACE((#4418));
#4420=IFCPOLYLOOP((#2549,#2541,#2579));
#4421=IFCFACEOUTERBOUND(#4420,.T.);
#4422=IFCFACE((#4421));
#4423=IFCPOLYLOOP((#2579,#2541,#2560));
#4424=IFCFACEOUTERBOUND(#4423,.T.);
#4425=IFCFACE((#4424));
#4426=IFCPOLYLOOP((#2553,#2580,#2540));
#4427=IFCFACEOUTERBOUND(#4426,.T.);
#4428=IFCFACE((#4427));
#4429=IFCPOLYLOOP((#2539,#2580,#2554));
#4430=IFCFACEOUTERBOUND(#4429,.T.);
#4431=IFCFACE((#4430));
#4432=IFCPOLYLOOP((#2544,#2529,#2576));
#4433=IFCFACEOUTERBOUND(#4432,.T.);
#4434=IFCFACE((#4433));
#4435=IFCPOLYLOOP((#2552,#2551,#2582));
#4436=IFCFACEOUTERBOUND(#4435,.T.);
#4437=IFCFACE((#4436));
#4438=IFCPOLYLOOP((#2582,#2551,#2386,#2377));
#4439=IFCFACEOUTERBOUND(#4438,.T.);
#4440=IFCFACE((#4439));
#4441=IFCPOLYLOOP((#2400,#2383,#2567,#2536,#2587));
#4442=IFCFACEOUTERBOUND(#4441,.T.);
#4443=IFCFACE((#4442));
#4444=IFCPOLYLOOP((#2587,#2536,#2535,#2586));
#4445=IFCFACEOUTERBOUND(#4444,.T.);
#4446=IFCFACE((#4445));
#4447=IFCPOLYLOOP((#2535,#2534,#2585,#2586));
#4448=IFCFACEOUTERBOUND(#4447,.T.);
#4449=IFCFACE((#4448));
#4450=IFCPOLYLOOP((#2583,#2584,#2533,#2565,#2532));
#4451=IFCFACEOUTERBOUND(#4450,.T.);
#4452=IFCFACE((#4451));
#4453=IFCPOLYLOOP((#2534,#2533,#2584,#2585));
#4454=IFCFACEOUTERBOUND(#4453,.T.);
#4455=IFCFACE((#4454));
#4456=IFCPOLYLOOP((#2586,#2585,#2598));
#4457=IFCFACEOUTERBOUND(#4456,.T.);
#4458=IFCFACE((#4457));
#4459=IFCPOLYLOOP((#2405,#2400,#2587));
#4460=IFCFACEOUTERBOUND(#4459,.T.);
#4461=IFCFACE((#4460));
#4462=IFCPOLYLOOP((#2587,#2596,#2405));
#4463=IFCFACEOUTERBOUND(#4462,.T.);
#4464=IFCFACE((#4463));
#4465=IFCPOLYLOOP((#2588,#2604,#2595));
#4466=IFCFACEOUTERBOUND(#4465,.T.);
#4467=IFCFACE((#4466));
#4468=IFCPOLYLOOP((#2600,#2604,#2589));
#4469=IFCFACEOUTERBOUND(#4468,.T.);
#4470=IFCFACE((#4469));
#4471=IFCPOLYLOOP((#2601,#2598,#2599));
#4472=IFCFACEOUTERBOUND(#4471,.T.);
#4473=IFCFACE((#4472));
#4474=IFCPOLYLOOP((#2601,#2596,#2587));
#4475=IFCFACEOUTERBOUND(#4474,.T.);
#4476=IFCFACE((#4475));
#4477=IFCPOLYLOOP((#2596,#2603,#2406));
#4478=IFCFACEOUTERBOUND(#4477,.T.);
#4479=IFCFACE((#4478));
#4480=IFCPOLYLOOP((#2589,#2590,#2600));
#4481=IFCFACEOUTERBOUND(#4480,.T.);
#4482=IFCFACE((#4481));
#4483=IFCPOLYLOOP((#2408,#2407,#2603));
#4484=IFCFACEOUTERBOUND(#4483,.T.);
#4485=IFCFACE((#4484));
#4486=IFCPOLYLOOP((#2406,#2405,#2596));
#4487=IFCFACEOUTERBOUND(#4486,.T.);
#4488=IFCFACE((#4487));
#4489=IFCPOLYLOOP((#2406,#2603,#2407));
#4490=IFCFACEOUTERBOUND(#4489,.T.);
#4491=IFCFACE((#4490));
#4492=IFCPOLYLOOP((#2603,#2599,#2592));
#4493=IFCFACEOUTERBOUND(#4492,.T.);
#4494=IFCFACE((#4493));
#4495=IFCPOLYLOOP((#2605,#2606,#2607));
#4496=IFCFACEOUTERBOUND(#4495,.T.);
#4497=IFCFACE((#4496));
#4498=IFCPOLYLOOP((#2592,#2599,#2591));
#4499=IFCFACEOUTERBOUND(#4498,.T.);
#4500=IFCFACE((#4499));
#4501=IFCPOLYLOOP((#2585,#2584,#2602));
#4502=IFCFACEOUTERBOUND(#4501,.T.);
#4503=IFCFACE((#4502));
#4504=IFCPOLYLOOP((#2584,#2597,#2602));
#4505=IFCFACEOUTERBOUND(#4504,.T.);
#4506=IFCFACE((#4505));
#4507=IFCPOLYLOOP((#2599,#2603,#2596));
#4508=IFCFACEOUTERBOUND(#4507,.T.);
#4509=IFCFACE((#4508));
#4510=IFCPOLYLOOP((#2597,#2600,#2602));
#4511=IFCFACEOUTERBOUND(#4510,.T.);
#4512=IFCFACE((#4511));
#4513=IFCPOLYLOOP((#2583,#2593,#2584));
#4514=IFCFACEOUTERBOUND(#4513,.T.);
#4515=IFCFACE((#4514));
#4516=IFCPOLYLOOP((#2598,#2602,#2600));
#4517=IFCFACEOUTERBOUND(#4516,.T.);
#4518=IFCFACE((#4517));
#4519=IFCPOLYLOOP((#2597,#2593,#2594));
#4520=IFCFACEOUTERBOUND(#4519,.T.);
#4521=IFCFACE((#4520));
#4522=IFCPOLYLOOP((#2604,#2594,#2595));
#4523=IFCFACEOUTERBOUND(#4522,.T.);
#4524=IFCFACE((#4523));
#4525=IFCPOLYLOOP((#2600,#2597,#2604));
#4526=IFCFACEOUTERBOUND(#4525,.T.);
#4527=IFCFACE((#4526));
#4528=IFCPOLYLOOP((#2604,#2588,#2589));
#4529=IFCFACEOUTERBOUND(#4528,.T.);
#4530=IFCFACE((#4529));
#4531=IFCPOLYLOOP((#2597,#2594,#2604));
#4532=IFCFACEOUTERBOUND(#4531,.T.);
#4533=IFCFACE((#4532));
#4534=IFCPOLYLOOP((#2598,#2601,#2586));
#4535=IFCFACEOUTERBOUND(#4534,.T.);
#4536=IFCFACE((#4535));
#4537=IFCPOLYLOOP((#2602,#2598,#2585));
#4538=IFCFACEOUTERBOUND(#4537,.T.);
#4539=IFCFACE((#4538));
#4540=IFCPOLYLOOP((#2593,#2597,#2584));
#4541=IFCFACEOUTERBOUND(#4540,.T.);
#4542=IFCFACE((#4541));
#4543=IFCPOLYLOOP((#2601,#2587,#2586));
#4544=IFCFACEOUTERBOUND(#4543,.T.);
#4545=IFCFACE((#4544));
#4546=IFCPOLYLOOP((#2599,#2596,#2601));
#4547=IFCFACEOUTERBOUND(#4546,.T.);
#4548=IFCFACE((#4547));
#4549=IFCPOLYLOOP((#2606,#2605,#2591));
#4550=IFCFACEOUTERBOUND(#4549,.T.);
#4551=IFCFACE((#4550));
#4552=IFCPOLYLOOP((#2408,#2603,#2592));
#4553=IFCFACEOUTERBOUND(#4552,.T.);
#4554=IFCFACE((#4553));
#4555=IFCPOLYLOOP((#2607,#2606,#2598));
#4556=IFCFACEOUTERBOUND(#4555,.T.);
#4557=IFCFACE((#4556));
#4558=IFCPOLYLOOP((#2600,#2607,#2598));
#4559=IFCFACEOUTERBOUND(#4558,.T.);
#4560=IFCFACE((#4559));
#4561=IFCPOLYLOOP((#2591,#2599,#2606));
#4562=IFCFACEOUTERBOUND(#4561,.T.);
#4563=IFCFACE((#4562));
#4564=IFCPOLYLOOP((#2599,#2598,#2606));
#4565=IFCFACEOUTERBOUND(#4564,.T.);
#4566=IFCFACE((#4565));
#4567=IFCPOLYLOOP((#2600,#2590,#2607));
#4568=IFCFACEOUTERBOUND(#4567,.T.);
#4569=IFCFACE((#4568));
#4570=IFCPOLYLOOP((#2605,#2607,#2590));
#4571=IFCFACEOUTERBOUND(#4570,.T.);
#4572=IFCFACE((#4571));
#4573=IFCPOLYLOOP((#2611,#2615,#2618,#2616));
#4574=IFCFACEOUTERBOUND(#4573,.T.);
#4575=IFCFACE((#4574));
#4576=IFCPOLYLOOP((#2617,#2421,#2419));
#4577=IFCFACEOUTERBOUND(#4576,.T.);
#4578=IFCFACE((#4577));
#4579=IFCPOLYLOOP((#2419,#2612,#2617));
#4580=IFCFACEOUTERBOUND(#4579,.T.);
#4581=IFCFACE((#4580));
#4582=IFCPOLYLOOP((#2612,#2611,#2616));
#4583=IFCFACEOUTERBOUND(#4582,.T.);
#4584=IFCFACE((#4583));
#4585=IFCPOLYLOOP((#2612,#2616,#2617));
#4586=IFCFACEOUTERBOUND(#4585,.T.);
#4587=IFCFACE((#4586));
#4588=IFCPOLYLOOP((#2620,#2608,#2613));
#4589=IFCFACEOUTERBOUND(#4588,.T.);
#4590=IFCFACE((#4589));
#4591=IFCPOLYLOOP((#2610,#2614,#2619,#2615));
#4592=IFCFACEOUTERBOUND(#4591,.T.);
#4593=IFCFACE((#4592));
#4594=IFCPOLYLOOP((#2608,#2620,#2609));
#4595=IFCFACEOUTERBOUND(#4594,.T.);
#4596=IFCFACE((#4595));
#4597=IFCPOLYLOOP((#2620,#2614,#2609));
#4598=IFCFACEOUTERBOUND(#4597,.T.);
#4599=IFCFACE((#4598));
#4600=IFCPOLYLOOP((#2610,#2615,#2611));
#4601=IFCFACEOUTERBOUND(#4600,.T.);
#4602=IFCFACE((#4601));
#4603=IFCPOLYLOOP((#2614,#2610,#2609));
#4604=IFCFACEOUTERBOUND(#4603,.T.);
#4605=IFCFACE((#4604));
#4606=IFCPOLYLOOP((#2616,#2624,#2625,#2655,#2423,#2421,#2617));
#4607=IFCFACEOUTERBOUND(#4606,.T.);
#4608=IFCFACE((#4607));
#4609=IFCPOLYLOOP((#2627,#2622,#2614,#2620,#2613,#2621,#2643));
#4610=IFCFACEOUTERBOUND(#4609,.T.);
#4611=IFCFACE((#4610));
#4612=IFCPOLYLOOP((#2623,#2626,#2624,#2616,#2618,#2615));
#4613=IFCFACEOUTERBOUND(#4612,.T.);
#4614=IFCFACE((#4613));
#4615=IFCPOLYLOOP((#2615,#2619,#2614,#2622,#2628,#2623));
#4616=IFCFACEOUTERBOUND(#4615,.T.);
#4617=IFCFACE((#4616));
#4618=IFCPOLYLOOP((#2657,#2655,#2625,#2624));
#4619=IFCFACEOUTERBOUND(#4618,.T.);
#4620=IFCFACE((#4619));
#4621=IFCPOLYLOOP((#2660,#2428,#2432));
#4622=IFCFACEOUTERBOUND(#4621,.T.);
#4623=IFCFACE((#4622));
#4624=IFCPOLYLOOP((#2667,#2626,#2640));
#4625=IFCFACEOUTERBOUND(#4624,.T.);
#4626=IFCFACE((#4625));
#4627=IFCPOLYLOOP((#2656,#2657,#2427));
#4628=IFCFACEOUTERBOUND(#4627,.T.);
#4629=IFCFACE((#4628));
#4630=IFCPOLYLOOP((#2658,#2431,#2635));
#4631=IFCFACEOUTERBOUND(#4630,.T.);
#4632=IFCFACE((#4631));
#4633=IFCPOLYLOOP((#2635,#2660,#2659));
#4634=IFCFACEOUTERBOUND(#4633,.T.);
#4635=IFCFACE((#4634));
#4636=IFCPOLYLOOP((#2659,#2639,#2666));
#4637=IFCFACEOUTERBOUND(#4636,.T.);
#4638=IFCFACE((#4637));
#4639=IFCPOLYLOOP((#2648,#2649,#2638));
#4640=IFCFACEOUTERBOUND(#4639,.T.);
#4641=IFCFACE((#4640));
#4642=IFCPOLYLOOP((#2659,#2662,#2634));
#4643=IFCFACEOUTERBOUND(#4642,.T.);
#4644=IFCFACE((#4643));
#4645=IFCPOLYLOOP((#2650,#2653,#2639));
#4646=IFCFACEOUTERBOUND(#4645,.T.);
#4647=IFCFACE((#4646));
#4648=IFCPOLYLOOP((#2666,#2658,#2635));
#4649=IFCFACEOUTERBOUND(#4648,.T.);
#4650=IFCFACE((#4649));
#4651=IFCPOLYLOOP((#2659,#2660,#2636));
#4652=IFCFACEOUTERBOUND(#4651,.T.);
#4653=IFCFACE((#4652));
#4654=IFCPOLYLOOP((#2644,#2645,#2643));
#4655=IFCFACEOUTERBOUND(#4654,.T.);
#4656=IFCFACE((#4655));
#4657=IFCPOLYLOOP((#2642,#2638,#2654));
#4658=IFCFACEOUTERBOUND(#4657,.T.);
#4659=IFCFACE((#4658));
#4660=IFCPOLYLOOP((#2641,#2622,#2642));
#4661=IFCFACEOUTERBOUND(#4660,.T.);
#4662=IFCFACE((#4661));
#4663=IFCPOLYLOOP((#2629,#2664,#2663));
#4664=IFCFACEOUTERBOUND(#4663,.T.);
#4665=IFCFACE((#4664));
#4666=IFCPOLYLOOP((#2639,#2665,#2666));
#4667=IFCFACEOUTERBOUND(#4666,.T.);
#4668=IFCFACE((#4667));
#4669=IFCPOLYLOOP((#2637,#2633,#2760,#2663));
#4670=IFCFACEOUTERBOUND(#4669,.T.);
#4671=IFCFACE((#4670));
#4672=IFCPOLYLOOP((#2648,#2633,#2649));
#4673=IFCFACEOUTERBOUND(#4672,.T.);
#4674=IFCFACE((#4673));
#4675=IFCPOLYLOOP((#2645,#2647,#2642));
#4676=IFCFACEOUTERBOUND(#4675,.T.);
#4677=IFCFACE((#4676));
#4678=IFCPOLYLOOP((#2650,#2649,#2637));
#4679=IFCFACEOUTERBOUND(#4678,.T.);
#4680=IFCFACE((#4679));
#4681=IFCPOLYLOOP((#2653,#2665,#2639));
#4682=IFCFACEOUTERBOUND(#4681,.T.);
#4683=IFCFACE((#4682));
#4684=IFCPOLYLOOP((#2636,#2661,#2667));
#4685=IFCFACEOUTERBOUND(#4684,.T.);
#4686=IFCFACE((#4685));
#4687=IFCPOLYLOOP((#2654,#2652,#2641));
#4688=IFCFACEOUTERBOUND(#4687,.T.);
#4689=IFCFACE((#4688));
#4690=IFCPOLYLOOP((#2641,#2640,#2623));
#4691=IFCFACEOUTERBOUND(#4690,.T.);
#4692=IFCFACE((#4691));
#4693=IFCPOLYLOOP((#2641,#2623,#2628,#2622));
#4694=IFCFACEOUTERBOUND(#4693,.T.);
#4695=IFCFACE((#4694));
#4696=IFCPOLYLOOP((#2654,#2638,#2651));
#4697=IFCFACEOUTERBOUND(#4696,.T.);
#4698=IFCFACE((#4697));
#4699=IFCPOLYLOOP((#2644,#2632,#2645));
#4700=IFCFACEOUTERBOUND(#4699,.T.);
#4701=IFCFACE((#4700));
#4702=IFCPOLYLOOP((#2647,#2632,#2646));
#4703=IFCFACEOUTERBOUND(#4702,.T.);
#4704=IFCFACE((#4703));
#4705=IFCPOLYLOOP((#2642,#2622,#2627,#2643));
#4706=IFCFACEOUTERBOUND(#4705,.T.);
#4707=IFCFACE((#4706));
#4708=IFCPOLYLOOP((#2643,#2621,#2762,#2644));
#4709=IFCFACEOUTERBOUND(#4708,.T.);
#4710=IFCFACE((#4709));
#4711=IFCPOLYLOOP((#2632,#2647,#2645));
#4712=IFCFACEOUTERBOUND(#4711,.T.);
#4713=IFCFACE((#4712));
#4714=IFCPOLYLOOP((#2643,#2645,#2642));
#4715=IFCFACEOUTERBOUND(#4714,.T.);
#4716=IFCFACE((#4715));
#4717=IFCPOLYLOOP((#2648,#2647,#2646));
#4718=IFCFACEOUTERBOUND(#4717,.T.);
#4719=IFCFACE((#4718));
#4720=IFCPOLYLOOP((#2638,#2647,#2648));
#4721=IFCFACEOUTERBOUND(#4720,.T.);
#4722=IFCFACE((#4721));
#4723=IFCPOLYLOOP((#2642,#2647,#2638));
#4724=IFCFACEOUTERBOUND(#4723,.T.);
#4725=IFCFACE((#4724));
#4726=IFCPOLYLOOP((#2646,#2633,#2648));
#4727=IFCFACEOUTERBOUND(#4726,.T.);
#4728=IFCFACE((#4727));
#4729=IFCPOLYLOOP((#2649,#2633,#2637));
#4730=IFCFACEOUTERBOUND(#4729,.T.);
#4731=IFCFACE((#4730));
#4732=IFCPOLYLOOP((#2637,#2653,#2650));
#4733=IFCFACEOUTERBOUND(#4732,.T.);
#4734=IFCFACE((#4733));
#4735=IFCPOLYLOOP((#2651,#2638,#2649));
#4736=IFCFACEOUTERBOUND(#4735,.T.);
#4737=IFCFACE((#4736));
#4738=IFCPOLYLOOP((#2639,#2634,#2650));
#4739=IFCFACEOUTERBOUND(#4738,.T.);
#4740=IFCFACE((#4739));
#4741=IFCPOLYLOOP((#2651,#2650,#2634));
#4742=IFCFACEOUTERBOUND(#4741,.T.);
#4743=IFCFACE((#4742));
#4744=IFCPOLYLOOP((#2650,#2651,#2649));
#4745=IFCFACEOUTERBOUND(#4744,.T.);
#4746=IFCFACE((#4745));
#4747=IFCPOLYLOOP((#2651,#2634,#2652));
#4748=IFCFACEOUTERBOUND(#4747,.T.);
#4749=IFCFACE((#4748));
#4750=IFCPOLYLOOP((#2662,#2652,#2634));
#4751=IFCFACEOUTERBOUND(#4750,.T.);
#4752=IFCFACE((#4751));
#4753=IFCPOLYLOOP((#2640,#2641,#2652));
#4754=IFCFACEOUTERBOUND(#4753,.T.);
#4755=IFCFACE((#4754));
#4756=IFCPOLYLOOP((#2653,#2637,#2664));
#4757=IFCFACEOUTERBOUND(#4756,.T.);
#4758=IFCFACE((#4757));
#4759=IFCPOLYLOOP((#2658,#2666,#2631));
#4760=IFCFACEOUTERBOUND(#4759,.T.);
#4761=IFCFACE((#4760));
#4762=IFCPOLYLOOP((#2652,#2654,#2651));
#4763=IFCFACEOUTERBOUND(#4762,.T.);
#4764=IFCFACE((#4763));
#4765=IFCPOLYLOOP((#2642,#2654,#2641));
#4766=IFCFACEOUTERBOUND(#4765,.T.);
#4767=IFCFACE((#4766));
#4768=IFCPOLYLOOP((#2655,#2656,#2434,#2423));
#4769=IFCFACEOUTERBOUND(#4768,.T.);
#4770=IFCFACE((#4769));
#4771=IFCPOLYLOOP((#2657,#2656,#2655));
#4772=IFCFACEOUTERBOUND(#4771,.T.);
#4773=IFCFACE((#4772));
#4774=IFCPOLYLOOP((#2432,#2661,#2660));
#4775=IFCFACEOUTERBOUND(#4774,.T.);
#4776=IFCFACE((#4775));
#4777=IFCPOLYLOOP((#2431,#2658,#2429));
#4778=IFCFACEOUTERBOUND(#4777,.T.);
#4779=IFCFACE((#4778));
#4780=IFCPOLYLOOP((#2662,#2659,#2636));
#4781=IFCFACEOUTERBOUND(#4780,.T.);
#4782=IFCFACE((#4781));
#4783=IFCPOLYLOOP((#2428,#2660,#2431));
#4784=IFCFACEOUTERBOUND(#4783,.T.);
#4785=IFCFACE((#4784));
#4786=IFCPOLYLOOP((#2639,#2659,#2634));
#4787=IFCFACEOUTERBOUND(#4786,.T.);
#4788=IFCFACE((#4787));
#4789=IFCPOLYLOOP((#2431,#2660,#2635));
#4790=IFCFACEOUTERBOUND(#4789,.T.);
#4791=IFCFACE((#4790));
#4792=IFCPOLYLOOP((#2661,#2432,#2427));
#4793=IFCFACEOUTERBOUND(#4792,.T.);
#4794=IFCFACE((#4793));
#4795=IFCPOLYLOOP((#2667,#2661,#2657));
#4796=IFCFACEOUTERBOUND(#4795,.T.);
#4797=IFCFACE((#4796));
#4798=IFCPOLYLOOP((#2661,#2427,#2657));
#4799=IFCFACEOUTERBOUND(#4798,.T.);
#4800=IFCFACE((#4799));
#4801=IFCPOLYLOOP((#2660,#2661,#2636));
#4802=IFCFACEOUTERBOUND(#4801,.T.);
#4803=IFCFACE((#4802));
#4804=IFCPOLYLOOP((#2667,#2662,#2636));
#4805=IFCFACEOUTERBOUND(#4804,.T.);
#4806=IFCFACE((#4805));
#4807=IFCPOLYLOOP((#2662,#2640,#2652));
#4808=IFCFACEOUTERBOUND(#4807,.T.);
#4809=IFCFACE((#4808));
#4810=IFCPOLYLOOP((#2663,#2664,#2637));
#4811=IFCFACEOUTERBOUND(#4810,.T.);
#4812=IFCFACE((#4811));
#4813=IFCPOLYLOOP((#2630,#2653,#2664));
#4814=IFCFACEOUTERBOUND(#4813,.T.);
#4815=IFCFACE((#4814));
#4816=IFCPOLYLOOP((#2665,#2653,#2630));
#4817=IFCFACEOUTERBOUND(#4816,.T.);
#4818=IFCFACE((#4817));
#4819=IFCPOLYLOOP((#2631,#2666,#2665));
#4820=IFCFACEOUTERBOUND(#4819,.T.);
#4821=IFCFACE((#4820));
#4822=IFCPOLYLOOP((#2659,#2666,#2635));
#4823=IFCFACEOUTERBOUND(#4822,.T.);
#4824=IFCFACE((#4823));
#4825=IFCPOLYLOOP((#2667,#2624,#2626));
#4826=IFCFACEOUTERBOUND(#4825,.T.);
#4827=IFCFACE((#4826));
#4828=IFCPOLYLOOP((#2626,#2623,#2640));
#4829=IFCFACEOUTERBOUND(#4828,.T.);
#4830=IFCFACE((#4829));
#4831=IFCPOLYLOOP((#2624,#2667,#2657));
#4832=IFCFACEOUTERBOUND(#4831,.T.);
#4833=IFCFACE((#4832));
#4834=IFCPOLYLOOP((#2662,#2667,#2640));
#4835=IFCFACEOUTERBOUND(#4834,.T.);
#4836=IFCFACE((#4835));
#4837=IFCPOLYLOOP((#2436,#2439,#2668,#2669));
#4838=IFCFACEOUTERBOUND(#4837,.T.);
#4839=IFCFACE((#4838));
#4840=IFCPOLYLOOP((#2681,#2672,#2675,#2671));
#4841=IFCFACEOUTERBOUND(#4840,.T.);
#4842=IFCFACE((#4841));
#4843=IFCPOLYLOOP((#2672,#2690,#2680));
#4844=IFCFACEOUTERBOUND(#4843,.T.);
#4845=IFCFACE((#4844));
#4846=IFCPOLYLOOP((#2680,#2675,#2672));
#4847=IFCFACEOUTERBOUND(#4846,.T.);
#4848=IFCFACE((#4847));
#4849=IFCPOLYLOOP((#2690,#2688,#2680));
#4850=IFCFACEOUTERBOUND(#4849,.T.);
#4851=IFCFACE((#4850));
#4852=IFCPOLYLOOP((#2687,#2459,#2675));
#4853=IFCFACEOUTERBOUND(#4852,.T.);
#4854=IFCFACE((#4853));
#4855=IFCPOLYLOOP((#2684,#2683,#2678));
#4856=IFCFACEOUTERBOUND(#4855,.T.);
#4857=IFCFACE((#4856));
#4858=IFCPOLYLOOP((#2688,#2687,#2680));
#4859=IFCFACEOUTERBOUND(#4858,.T.);
#4860=IFCFACE((#4859));
#4861=IFCPOLYLOOP((#2686,#2458,#2677,#2492,#2451));
#4862=IFCFACEOUTERBOUND(#4861,.T.);
#4863=IFCFACE((#4862));
#4864=IFCPOLYLOOP((#2682,#2671,#2683));
#4865=IFCFACEOUTERBOUND(#4864,.T.);
#4866=IFCFACE((#4865));
#4867=IFCPOLYLOOP((#2494,#2458,#2675,#2459));
#4868=IFCFACEOUTERBOUND(#4867,.T.);
#4869=IFCFACE((#4868));
#4870=IFCPOLYLOOP((#2458,#2686,#2678));
#4871=IFCFACEOUTERBOUND(#4870,.T.);
#4872=IFCFACE((#4871));
#4873=IFCPOLYLOOP((#2683,#2671,#2675));
#4874=IFCFACEOUTERBOUND(#4873,.T.);
#4875=IFCFACE((#4874));
#4876=IFCPOLYLOOP((#2670,#2684,#2685,#2674));
#4877=IFCFACEOUTERBOUND(#4876,.T.);
#4878=IFCFACE((#4877));
#4879=IFCPOLYLOOP((#2678,#2686,#2684));
#4880=IFCFACEOUTERBOUND(#4879,.T.);
#4881=IFCFACE((#4880));
#4882=IFCPOLYLOOP((#2690,#2672,#2679,#2802,#2673));
#4883=IFCFACEOUTERBOUND(#4882,.T.);
#4884=IFCFACE((#4883));
#4885=IFCPOLYLOOP((#2454,#2688,#2689,#2676));
#4886=IFCFACEOUTERBOUND(#4885,.T.);
#4887=IFCFACE((#4886));
#4888=IFCPOLYLOOP((#2678,#2675,#2458));
#4889=IFCFACEOUTERBOUND(#4888,.T.);
#4890=IFCFACE((#4889));
#4891=IFCPOLYLOOP((#2684,#2670,#2682));
#4892=IFCFACEOUTERBOUND(#4891,.T.);
#4893=IFCFACE((#4892));
#4894=IFCPOLYLOOP((#2678,#2683,#2675));
#4895=IFCFACEOUTERBOUND(#4894,.T.);
#4896=IFCFACE((#4895));
#4897=IFCPOLYLOOP((#2683,#2684,#2682));
#4898=IFCFACEOUTERBOUND(#4897,.T.);
#4899=IFCFACE((#4898));
#4900=IFCPOLYLOOP((#2686,#2685,#2684));
#4901=IFCFACEOUTERBOUND(#4900,.T.);
#4902=IFCFACE((#4901));
#4903=IFCPOLYLOOP((#2685,#2686,#2451));
#4904=IFCFACEOUTERBOUND(#4903,.T.);
#4905=IFCFACE((#4904));
#4906=IFCPOLYLOOP((#2487,#2459,#2687));
#4907=IFCFACEOUTERBOUND(#4906,.T.);
#4908=IFCFACE((#4907));
#4909=IFCPOLYLOOP((#2688,#2454,#2487));
#4910=IFCFACEOUTERBOUND(#4909,.T.);
#4911=IFCFACE((#4910));
#4912=IFCPOLYLOOP((#2680,#2687,#2675));
#4913=IFCFACEOUTERBOUND(#4912,.T.);
#4914=IFCFACE((#4913));
#4915=IFCPOLYLOOP((#2687,#2688,#2487));
#4916=IFCFACEOUTERBOUND(#4915,.T.);
#4917=IFCFACE((#4916));
#4918=IFCPOLYLOOP((#2690,#2689,#2688));
#4919=IFCFACEOUTERBOUND(#4918,.T.);
#4920=IFCFACE((#4919));
#4921=IFCPOLYLOOP((#2689,#2690,#2673));
#4922=IFCFACEOUTERBOUND(#4921,.T.);
#4923=IFCFACE((#4922));
#4924=IFCPOLYLOOP((#2500,#2454,#2676,#2689,#2673,#2691));
#4925=IFCFACEOUTERBOUND(#4924,.T.);
#4926=IFCFACE((#4925));
#4927=IFCPOLYLOOP((#2510,#2500,#2691,#2692));
#4928=IFCFACEOUTERBOUND(#4927,.T.);
#4929=IFCFACE((#4928));
#4930=IFCPOLYLOOP((#2520,#2510,#2692,#2693));
#4931=IFCFACEOUTERBOUND(#4930,.T.);
#4932=IFCFACE((#4931));
#4933=IFCPOLYLOOP((#2706,#2705,#2881,#2695));
#4934=IFCFACEOUTERBOUND(#4933,.T.);
#4935=IFCFACE((#4934));
#4936=IFCPOLYLOOP((#2703,#2537,#2545,#2701));
#4937=IFCFACEOUTERBOUND(#4936,.T.);
#4938=IFCFACE((#4937));
#4939=IFCPOLYLOOP((#2707,#2697,#2708));
#4940=IFCFACEOUTERBOUND(#4939,.T.);
#4941=IFCFACE((#4940));
#4942=IFCPOLYLOOP((#2710,#2532,#2711));
#4943=IFCFACEOUTERBOUND(#4942,.T.);
#4944=IFCFACE((#4943));
#4945=IFCPOLYLOOP((#2704,#2694,#2705));
#4946=IFCFACEOUTERBOUND(#4945,.T.);
#4947=IFCFACE((#4946));
#4948=IFCPOLYLOOP((#2701,#2528,#2702));
#4949=IFCFACEOUTERBOUND(#4948,.T.);
#4950=IFCFACE((#4949));
#4951=IFCPOLYLOOP((#2702,#2703,#2701));
#4952=IFCFACEOUTERBOUND(#4951,.T.);
#4953=IFCFACE((#4952));
#4954=IFCPOLYLOOP((#2547,#2713,#2714));
#4955=IFCFACEOUTERBOUND(#4954,.T.);
#4956=IFCFACE((#4955));
#4957=IFCPOLYLOOP((#2715,#2716,#2700));
#4958=IFCFACEOUTERBOUND(#4957,.T.);
#4959=IFCFACE((#4958));
#4960=IFCPOLYLOOP((#2708,#2709,#2707));
#4961=IFCFACEOUTERBOUND(#4960,.T.);
#4962=IFCFACE((#4961));
#4963=IFCPOLYLOOP((#2537,#2713,#2547));
#4964=IFCFACEOUTERBOUND(#4963,.T.);
#4965=IFCFACE((#4964));
#4966=IFCPOLYLOOP((#2700,#2716,#2717));
#4967=IFCFACEOUTERBOUND(#4966,.T.);
#4968=IFCFACE((#4967));
#4969=IFCPOLYLOOP((#2698,#2703,#2702));
#4970=IFCFACEOUTERBOUND(#4969,.T.);
#4971=IFCFACE((#4970));
#4972=IFCPOLYLOOP((#2712,#2711,#2550,#2538));
#4973=IFCFACEOUTERBOUND(#4972,.T.);
#4974=IFCFACE((#4973));
#4975=IFCPOLYLOOP((#2704,#2706,#2720));
#4976=IFCFACEOUTERBOUND(#4975,.T.);
#4977=IFCFACE((#4976));
#4978=IFCPOLYLOOP((#2700,#2713,#2715));
#4979=IFCFACEOUTERBOUND(#4978,.T.);
#4980=IFCFACE((#4979));
#4981=IFCPOLYLOOP((#2704,#2705,#2706));
#4982=IFCFACEOUTERBOUND(#4981,.T.);
#4983=IFCFACE((#4982));
#4984=IFCPOLYLOOP((#2698,#2720,#2703));
#4985=IFCFACEOUTERBOUND(#4984,.T.);
#4986=IFCFACE((#4985));
#4987=IFCPOLYLOOP((#2547,#2714,#2538));
#4988=IFCFACEOUTERBOUND(#4987,.T.);
#4989=IFCFACE((#4988));
#4990=IFCPOLYLOOP((#2699,#2709,#2708));
#4991=IFCFACEOUTERBOUND(#4990,.T.);
#4992=IFCFACE((#4991));
#4993=IFCPOLYLOOP((#2722,#2707,#2709));
#4994=IFCFACEOUTERBOUND(#4993,.T.);
#4995=IFCFACE((#4994));
#4996=IFCPOLYLOOP((#2719,#2709,#2721));
#4997=IFCFACEOUTERBOUND(#4996,.T.);
#4998=IFCFACE((#4997));
#4999=IFCPOLYLOOP((#2710,#2712,#2721));
#5000=IFCFACEOUTERBOUND(#4999,.T.);
#5001=IFCFACE((#5000));
#5002=IFCPOLYLOOP((#2700,#2717,#2719));
#5003=IFCFACEOUTERBOUND(#5002,.T.);
#5004=IFCFACE((#5003));
#5005=IFCPOLYLOOP((#2710,#2711,#2712));
#5006=IFCFACEOUTERBOUND(#5005,.T.);
#5007=IFCFACE((#5006));
#5008=IFCPOLYLOOP((#2699,#2721,#2709));
#5009=IFCFACEOUTERBOUND(#5008,.T.);
#5010=IFCFACE((#5009));
#5011=IFCPOLYLOOP((#2715,#2703,#2720));
#5012=IFCFACEOUTERBOUND(#5011,.T.);
#5013=IFCFACE((#5012));
#5014=IFCPOLYLOOP((#2703,#2713,#2537));
#5015=IFCFACEOUTERBOUND(#5014,.T.);
#5016=IFCFACE((#5015));
#5017=IFCPOLYLOOP((#2713,#2700,#2714));
#5018=IFCFACEOUTERBOUND(#5017,.T.);
#5019=IFCFACE((#5018));
#5020=IFCPOLYLOOP((#2719,#2714,#2700));
#5021=IFCFACEOUTERBOUND(#5020,.T.);
#5022=IFCFACE((#5021));
#5023=IFCPOLYLOOP((#2712,#2538,#2714));
#5024=IFCFACEOUTERBOUND(#5023,.T.);
#5025=IFCFACE((#5024));
#5026=IFCPOLYLOOP((#2703,#2715,#2713));
#5027=IFCFACEOUTERBOUND(#5026,.T.);
#5028=IFCFACE((#5027));
#5029=IFCPOLYLOOP((#2716,#2706,#2695));
#5030=IFCFACEOUTERBOUND(#5029,.T.);
#5031=IFCFACE((#5030));
#5032=IFCPOLYLOOP((#2706,#2716,#2715));
#5033=IFCFACEOUTERBOUND(#5032,.T.);
#5034=IFCFACE((#5033));
#5035=IFCPOLYLOOP((#2716,#2718,#2717));
#5036=IFCFACEOUTERBOUND(#5035,.T.);
#5037=IFCFACE((#5036));
#5038=IFCPOLYLOOP((#2719,#2717,#2722));
#5039=IFCFACEOUTERBOUND(#5038,.T.);
#5040=IFCFACE((#5039));
#5041=IFCPOLYLOOP((#2722,#2717,#2696));
#5042=IFCFACEOUTERBOUND(#5041,.T.);
#5043=IFCFACE((#5042));
#5044=IFCPOLYLOOP((#2718,#2716,#2695));
#5045=IFCFACEOUTERBOUND(#5044,.T.);
#5046=IFCFACE((#5045));
#5047=IFCPOLYLOOP((#2718,#2696,#2717));
#5048=IFCFACEOUTERBOUND(#5047,.T.);
#5049=IFCFACE((#5048));
#5050=IFCPOLYLOOP((#2714,#2719,#2712));
#5051=IFCFACEOUTERBOUND(#5050,.T.);
#5052=IFCFACE((#5051));
#5053=IFCPOLYLOOP((#2704,#2720,#2698));
#5054=IFCFACEOUTERBOUND(#5053,.T.);
#5055=IFCFACE((#5054));
#5056=IFCPOLYLOOP((#2715,#2720,#2706));
#5057=IFCFACEOUTERBOUND(#5056,.T.);
#5058=IFCFACE((#5057));
#5059=IFCPOLYLOOP((#2710,#2721,#2699));
#5060=IFCFACEOUTERBOUND(#5059,.T.);
#5061=IFCFACE((#5060));
#5062=IFCPOLYLOOP((#2719,#2721,#2712));
#5063=IFCFACEOUTERBOUND(#5062,.T.);
#5064=IFCFACE((#5063));
#5065=IFCPOLYLOOP((#2722,#2696,#2885,#2707));
#5066=IFCFACEOUTERBOUND(#5065,.T.);
#5067=IFCFACE((#5066));
#5068=IFCPOLYLOOP((#2719,#2722,#2709));
#5069=IFCFACEOUTERBOUND(#5068,.T.);
#5070=IFCFACE((#5069));
#5071=IFCPOLYLOOP((#2583,#2532,#2710,#2699,#2708,#2697,#2723,#2736,#2730,#2743,#2729,#2733,#2732,#2737));
#5072=IFCFACEOUTERBOUND(#5071,.T.);
#5073=IFCFACE((#5072));
#5074=IFCPOLYLOOP((#2739,#2725,#2726));
#5075=IFCFACEOUTERBOUND(#5074,.T.);
#5076=IFCFACE((#5075));
#5077=IFCPOLYLOOP((#2594,#2737,#2741));
#5078=IFCFACEOUTERBOUND(#5077,.T.);
#5079=IFCFACE((#5078));
#5080=IFCPOLYLOOP((#2741,#2735,#2594));
#5081=IFCFACEOUTERBOUND(#5080,.T.);
#5082=IFCFACE((#5081));
#5083=IFCPOLYLOOP((#2747,#2743,#2744));
#5084=IFCFACEOUTERBOUND(#5083,.T.);
#5085=IFCFACE((#5084));
#5086=IFCPOLYLOOP((#2739,#2738,#2734));
#5087=IFCFACEOUTERBOUND(#5086,.T.);
#5088=IFCFACE((#5087));
#5089=IFCPOLYLOOP((#2595,#2735,#2588));
#5090=IFCFACEOUTERBOUND(#5089,.T.);
#5091=IFCFACE((#5090));
#5092=IFCPOLYLOOP((#2726,#2727,#2738));
#5093=IFCFACEOUTERBOUND(#5092,.T.);
#5094=IFCFACE((#5093));
#5095=IFCPOLYLOOP((#2724,#2736,#2723));
#5096=IFCFACEOUTERBOUND(#5095,.T.);
#5097=IFCFACE((#5096));
#5098=IFCPOLYLOOP((#2593,#2583,#2737));
#5099=IFCFACEOUTERBOUND(#5098,.T.);
#5100=IFCFACE((#5099));
#5101=IFCPOLYLOOP((#2737,#2732,#2741));
#5102=IFCFACEOUTERBOUND(#5101,.T.);
#5103=IFCFACE((#5102));
#5104=IFCPOLYLOOP((#2735,#2595,#2594));
#5105=IFCFACEOUTERBOUND(#5104,.T.);
#5106=IFCFACE((#5105));
#5107=IFCPOLYLOOP((#2738,#2739,#2726));
#5108=IFCFACEOUTERBOUND(#5107,.T.);
#5109=IFCFACE((#5108));
#5110=IFCPOLYLOOP((#2743,#2730,#2744));
#5111=IFCFACEOUTERBOUND(#5110,.T.);
#5112=IFCFACE((#5111));
#5113=IFCPOLYLOOP((#2746,#2731,#2741));
#5114=IFCFACEOUTERBOUND(#5113,.T.);
#5115=IFCFACE((#5114));
#5116=IFCPOLYLOOP((#2737,#2594,#2593));
#5117=IFCFACEOUTERBOUND(#5116,.T.);
#5118=IFCFACE((#5117));
#5119=IFCPOLYLOOP((#2724,#2725,#2739));
#5120=IFCFACEOUTERBOUND(#5119,.T.);
#5121=IFCFACE((#5120));
#5122=IFCPOLYLOOP((#2745,#2746,#2733));
#5123=IFCFACEOUTERBOUND(#5122,.T.);
#5124=IFCFACE((#5123));
#5125=IFCPOLYLOOP((#2742,#2728,#2744,#2734));
#5126=IFCFACEOUTERBOUND(#5125,.T.);
#5127=IFCFACE((#5126));
#5128=IFCPOLYLOOP((#2739,#2730,#2736));
#5129=IFCFACEOUTERBOUND(#5128,.T.);
#5130=IFCFACE((#5129));
#5131=IFCPOLYLOOP((#2745,#2728,#2740));
#5132=IFCFACEOUTERBOUND(#5131,.T.);
#5133=IFCFACE((#5132));
#5134=IFCPOLYLOOP((#2739,#2736,#2724));
#5135=IFCFACEOUTERBOUND(#5134,.T.);
#5136=IFCFACE((#5135));
#5137=IFCPOLYLOOP((#2729,#2745,#2733));
#5138=IFCFACEOUTERBOUND(#5137,.T.);
#5139=IFCFACE((#5138));
#5140=IFCPOLYLOOP((#2746,#2732,#2733));
#5141=IFCFACEOUTERBOUND(#5140,.T.);
#5142=IFCFACE((#5141));
#5143=IFCPOLYLOOP((#2731,#2735,#2741));
#5144=IFCFACEOUTERBOUND(#5143,.T.);
#5145=IFCFACE((#5144));
#5146=IFCPOLYLOOP((#2739,#2734,#2744));
#5147=IFCFACEOUTERBOUND(#5146,.T.);
#5148=IFCFACE((#5147));
#5149=IFCPOLYLOOP((#2745,#2747,#2728));
#5150=IFCFACEOUTERBOUND(#5149,.T.);
#5151=IFCFACE((#5150));
#5152=IFCPOLYLOOP((#2739,#2744,#2730));
#5153=IFCFACEOUTERBOUND(#5152,.T.);
#5154=IFCFACE((#5153));
#5155=IFCPOLYLOOP((#2745,#2729,#2747));
#5156=IFCFACEOUTERBOUND(#5155,.T.);
#5157=IFCFACE((#5156));
#5158=IFCPOLYLOOP((#2746,#2740,#2731));
#5159=IFCFACEOUTERBOUND(#5158,.T.);
#5160=IFCFACE((#5159));
#5161=IFCPOLYLOOP((#2746,#2745,#2740));
#5162=IFCFACEOUTERBOUND(#5161,.T.);
#5163=IFCFACE((#5162));
#5164=IFCPOLYLOOP((#2732,#2746,#2741));
#5165=IFCFACEOUTERBOUND(#5164,.T.);
#5166=IFCFACE((#5165));
#5167=IFCPOLYLOOP((#2743,#2747,#2729));
#5168=IFCFACEOUTERBOUND(#5167,.T.);
#5169=IFCFACE((#5168));
#5170=IFCPOLYLOOP((#2728,#2747,#2744));
#5171=IFCFACEOUTERBOUND(#5170,.T.);
#5172=IFCFACE((#5171));
#5173=IFCPOLYLOOP((#2613,#2608,#2748,#2749));
#5174=IFCFACEOUTERBOUND(#5173,.T.);
#5175=IFCFACE((#5174));
#5176=IFCPOLYLOOP((#2621,#2613,#2749,#2750,#2754));
#5177=IFCFACEOUTERBOUND(#5176,.T.);
#5178=IFCFACE((#5177));
#5179=IFCPOLYLOOP((#2751,#2756,#2755));
#5180=IFCFACEOUTERBOUND(#5179,.T.);
#5181=IFCFACE((#5180));
#5182=IFCPOLYLOOP((#2756,#2765,#2632));
#5183=IFCFACEOUTERBOUND(#5182,.T.);
#5184=IFCFACE((#5183));
#5185=IFCPOLYLOOP((#2754,#2763,#2764));
#5186=IFCFACEOUTERBOUND(#5185,.T.);
#5187=IFCFACE((#5186));
#5188=IFCPOLYLOOP((#2756,#2763,#2755));
#5189=IFCFACEOUTERBOUND(#5188,.T.);
#5190=IFCFACE((#5189));
#5191=IFCPOLYLOOP((#2765,#2646,#2632));
#5192=IFCFACEOUTERBOUND(#5191,.T.);
#5193=IFCFACE((#5192));
#5194=IFCPOLYLOOP((#2756,#2632,#2644,#2762));
#5195=IFCFACEOUTERBOUND(#5194,.T.);
#5196=IFCFACE((#5195));
#5197=IFCPOLYLOOP((#2766,#2752,#2761,#2989,#2753));
#5198=IFCFACEOUTERBOUND(#5197,.T.);
#5199=IFCFACE((#5198));
#5200=IFCPOLYLOOP((#2751,#2757,#2765));
#5201=IFCFACEOUTERBOUND(#5200,.T.);
#5202=IFCFACE((#5201));
#5203=IFCPOLYLOOP((#2757,#2758,#2765));
#5204=IFCFACEOUTERBOUND(#5203,.T.);
#5205=IFCFACE((#5204));
#5206=IFCPOLYLOOP((#2766,#2633,#2758));
#5207=IFCFACEOUTERBOUND(#5206,.T.);
#5208=IFCFACE((#5207));
#5209=IFCPOLYLOOP((#2754,#2764,#2621));
#5210=IFCFACEOUTERBOUND(#5209,.T.);
#5211=IFCFACE((#5210));
#5212=IFCPOLYLOOP((#2752,#2758,#2757));
#5213=IFCFACEOUTERBOUND(#5212,.T.);
#5214=IFCFACE((#5213));
#5215=IFCPOLYLOOP((#2763,#2750,#2986,#2755));
#5216=IFCFACEOUTERBOUND(#5215,.T.);
#5217=IFCFACE((#5216));
#5218=IFCPOLYLOOP((#2766,#2629,#2663,#2760,#2633));
#5219=IFCFACEOUTERBOUND(#5218,.T.);
#5220=IFCFACE((#5219));
#5221=IFCPOLYLOOP((#2752,#2766,#2758));
#5222=IFCFACEOUTERBOUND(#5221,.T.);
#5223=IFCFACE((#5222));
#5224=IFCPOLYLOOP((#2753,#2759,#2629,#2766));
#5225=IFCFACEOUTERBOUND(#5224,.T.);
#5226=IFCFACE((#5225));
#5227=IFCPOLYLOOP((#2758,#2633,#2646));
#5228=IFCFACEOUTERBOUND(#5227,.T.);
#5229=IFCFACE((#5228));
#5230=IFCPOLYLOOP((#2764,#2756,#2762));
#5231=IFCFACEOUTERBOUND(#5230,.T.);
#5232=IFCFACE((#5231));
#5233=IFCPOLYLOOP((#2750,#2763,#2754));
#5234=IFCFACEOUTERBOUND(#5233,.T.);
#5235=IFCFACE((#5234));
#5236=IFCPOLYLOOP((#2756,#2764,#2763));
#5237=IFCFACEOUTERBOUND(#5236,.T.);
#5238=IFCFACE((#5237));
#5239=IFCPOLYLOOP((#2621,#2764,#2762));
#5240=IFCFACEOUTERBOUND(#5239,.T.);
#5241=IFCFACE((#5240));
#5242=IFCPOLYLOOP((#2646,#2765,#2758));
#5243=IFCFACEOUTERBOUND(#5242,.T.);
#5244=IFCFACE((#5243));
#5245=IFCPOLYLOOP((#2751,#2765,#2756));
#5246=IFCFACEOUTERBOUND(#5245,.T.);
#5247=IFCFACE((#5246));
#5248=IFCPOLYLOOP((#2669,#2668,#2773,#2772,#2777,#2769,#2768,#2771,#2778));
#5249=IFCFACEOUTERBOUND(#5248,.T.);
#5250=IFCFACE((#5249));
#5251=IFCPOLYLOOP((#2779,#2774,#2781,#2768,#2769,#2776,#2775,#2780,#2770,#2767));
#5252=IFCFACEOUTERBOUND(#5251,.T.);
#5253=IFCFACE((#5252));
#5254=IFCPOLYLOOP((#2792,#2671,#2682,#2670));
#5255=IFCFACEOUTERBOUND(#5254,.T.);
#5256=IFCFACE((#5255));
#5257=IFCPOLYLOOP((#2809,#2784,#2827));
#5258=IFCFACEOUTERBOUND(#5257,.T.);
#5259=IFCFACE((#5258));
#5260=IFCPOLYLOOP((#2800,#2798,#2814));
#5261=IFCFACEOUTERBOUND(#5260,.T.);
#5262=IFCFACE((#5261));
#5263=IFCPOLYLOOP((#2799,#2793,#2797));
#5264=IFCFACEOUTERBOUND(#5263,.T.);
#5265=IFCFACE((#5264));
#5266=IFCPOLYLOOP((#2803,#2801,#2802));
#5267=IFCFACEOUTERBOUND(#5266,.T.);
#5268=IFCFACE((#5267));
#5269=IFCPOLYLOOP((#2814,#2811,#2812));
#5270=IFCFACEOUTERBOUND(#5269,.T.);
#5271=IFCFACE((#5270));
#5272=IFCPOLYLOOP((#2805,#2671,#2806));
#5273=IFCFACEOUTERBOUND(#5272,.T.);
#5274=IFCFACE((#5273));
#5275=IFCPOLYLOOP((#2808,#2809,#2796));
#5276=IFCFACEOUTERBOUND(#5275,.T.);
#5277=IFCFACE((#5276));
#5278=IFCPOLYLOOP((#2813,#2815,#2794));
#5279=IFCFACEOUTERBOUND(#5278,.T.);
#5280=IFCFACE((#5279));
#5281=IFCPOLYLOOP((#2821,#2822,#2794));
#5282=IFCFACEOUTERBOUND(#5281,.T.);
#5283=IFCFACE((#5282));
#5284=IFCPOLYLOOP((#2812,#2791,#2813));
#5285=IFCFACEOUTERBOUND(#5284,.T.);
#5286=IFCFACE((#5285));
#5287=IFCPOLYLOOP((#2794,#2822,#2823));
#5288=IFCFACEOUTERBOUND(#5287,.T.);
#5289=IFCFACE((#5288));
#5290=IFCPOLYLOOP((#2813,#2825,#2812));
#5291=IFCFACEOUTERBOUND(#5290,.T.);
#5292=IFCFACE((#5291));
#5293=IFCPOLYLOOP((#2821,#2815,#2783));
#5294=IFCFACEOUTERBOUND(#5293,.T.);
#5295=IFCFACE((#5294));
#5296=IFCPOLYLOOP((#2810,#2811,#2817));
#5297=IFCFACEOUTERBOUND(#5296,.T.);
#5298=IFCFACE((#5297));
#5299=IFCPOLYLOOP((#2819,#2800,#2818));
#5300=IFCFACEOUTERBOUND(#5299,.T.);
#5301=IFCFACE((#5300));
#5302=IFCPOLYLOOP((#2810,#2793,#2807));
#5303=IFCFACEOUTERBOUND(#5302,.T.);
#5304=IFCFACE((#5303));
#5305=IFCPOLYLOOP((#2817,#2797,#2810));
#5306=IFCFACEOUTERBOUND(#5305,.T.);
#5307=IFCFACE((#5306));
#5308=IFCPOLYLOOP((#2828,#2799,#2797));
#5309=IFCFACEOUTERBOUND(#5308,.T.);
#5310=IFCFACE((#5309));
#5311=IFCPOLYLOOP((#2681,#2805,#2804));
#5312=IFCFACEOUTERBOUND(#5311,.T.);
#5313=IFCFACE((#5312));
#5314=IFCPOLYLOOP((#2807,#2808,#2816));
#5315=IFCFACEOUTERBOUND(#5314,.T.);
#5316=IFCFACE((#5315));
#5317=IFCPOLYLOOP((#2823,#2826,#2795));
#5318=IFCFACEOUTERBOUND(#5317,.T.);
#5319=IFCFACE((#5318));
#5320=IFCPOLYLOOP((#2805,#2806,#2793));
#5321=IFCFACEOUTERBOUND(#5320,.T.);
#5322=IFCFACE((#5321));
#5323=IFCPOLYLOOP((#2817,#2787,#2797));
#5324=IFCFACEOUTERBOUND(#5323,.T.);
#5325=IFCFACE((#5324));
#5326=IFCPOLYLOOP((#2794,#2825,#2813));
#5327=IFCFACEOUTERBOUND(#5326,.T.);
#5328=IFCFACE((#5327));
#5329=IFCPOLYLOOP((#2798,#2829,#2817));
#5330=IFCFACEOUTERBOUND(#5329,.T.);
#5331=IFCFACE((#5330));
#5332=IFCPOLYLOOP((#2803,#2802,#2679,#2672));
#5333=IFCFACEOUTERBOUND(#5332,.T.);
#5334=IFCFACE((#5333));
#5335=IFCPOLYLOOP((#2803,#2804,#2799));
#5336=IFCFACEOUTERBOUND(#5335,.T.);
#5337=IFCFACE((#5336));
#5338=IFCPOLYLOOP((#2786,#2800,#2819));
#5339=IFCFACEOUTERBOUND(#5338,.T.);
#5340=IFCFACE((#5339));
#5341=IFCPOLYLOOP((#2799,#2788,#2801));
#5342=IFCFACEOUTERBOUND(#5341,.T.);
#5343=IFCFACE((#5342));
#5344=IFCPOLYLOOP((#2802,#2801,#2834,#2673));
#5345=IFCFACEOUTERBOUND(#5344,.T.);
#5346=IFCFACE((#5345));
#5347=IFCPOLYLOOP((#2803,#2672,#2804));
#5348=IFCFACEOUTERBOUND(#5347,.T.);
#5349=IFCFACE((#5348));
#5350=IFCPOLYLOOP((#2801,#2803,#2799));
#5351=IFCFACEOUTERBOUND(#5350,.T.);
#5352=IFCFACE((#5351));
#5353=IFCPOLYLOOP((#2805,#2681,#2671));
#5354=IFCFACEOUTERBOUND(#5353,.T.);
#5355=IFCFACE((#5354));
#5356=IFCPOLYLOOP((#2681,#2804,#2672));
#5357=IFCFACEOUTERBOUND(#5356,.T.);
#5358=IFCFACE((#5357));
#5359=IFCPOLYLOOP((#2799,#2804,#2793));
#5360=IFCFACEOUTERBOUND(#5359,.T.);
#5361=IFCFACE((#5360));
#5362=IFCPOLYLOOP((#2806,#2671,#2792));
#5363=IFCFACEOUTERBOUND(#5362,.T.);
#5364=IFCFACE((#5363));
#5365=IFCPOLYLOOP((#2804,#2805,#2793));
#5366=IFCFACEOUTERBOUND(#5365,.T.);
#5367=IFCFACE((#5366));
#5368=IFCPOLYLOOP((#2792,#2809,#2808));
#5369=IFCFACEOUTERBOUND(#5368,.T.);
#5370=IFCFACE((#5369));
#5371=IFCPOLYLOOP((#2807,#2793,#2806));
#5372=IFCFACEOUTERBOUND(#5371,.T.);
#5373=IFCFACE((#5372));
#5374=IFCPOLYLOOP((#2808,#2806,#2792));
#5375=IFCFACEOUTERBOUND(#5374,.T.);
#5376=IFCFACE((#5375));
#5377=IFCPOLYLOOP((#2810,#2807,#2791));
#5378=IFCFACEOUTERBOUND(#5377,.T.);
#5379=IFCFACE((#5378));
#5380=IFCPOLYLOOP((#2816,#2808,#2796));
#5381=IFCFACEOUTERBOUND(#5380,.T.);
#5382=IFCFACE((#5381));
#5383=IFCPOLYLOOP((#2807,#2806,#2808));
#5384=IFCFACEOUTERBOUND(#5383,.T.);
#5385=IFCFACE((#5384));
#5386=IFCPOLYLOOP((#2809,#2792,#2820));
#5387=IFCFACEOUTERBOUND(#5386,.T.);
#5388=IFCFACE((#5387));
#5389=IFCPOLYLOOP((#2783,#2815,#2827));
#5390=IFCFACEOUTERBOUND(#5389,.T.);
#5391=IFCFACE((#5390));
#5392=IFCPOLYLOOP((#2811,#2810,#2791));
#5393=IFCFACEOUTERBOUND(#5392,.T.);
#5394=IFCFACE((#5393));
#5395=IFCPOLYLOOP((#2793,#2810,#2797));
#5396=IFCFACEOUTERBOUND(#5395,.T.);
#5397=IFCFACE((#5396));
#5398=IFCPOLYLOOP((#2812,#2811,#2791));
#5399=IFCFACEOUTERBOUND(#5398,.T.);
#5400=IFCFACE((#5399));
#5401=IFCPOLYLOOP((#2811,#2798,#2817));
#5402=IFCFACEOUTERBOUND(#5401,.T.);
#5403=IFCFACE((#5402));
#5404=IFCPOLYLOOP((#2816,#2813,#2791));
#5405=IFCFACEOUTERBOUND(#5404,.T.);
#5406=IFCFACE((#5405));
#5407=IFCPOLYLOOP((#2814,#2812,#2795));
#5408=IFCFACEOUTERBOUND(#5407,.T.);
#5409=IFCFACE((#5408));
#5410=IFCPOLYLOOP((#2815,#2813,#2796));
#5411=IFCFACEOUTERBOUND(#5410,.T.);
#5412=IFCFACE((#5411));
#5413=IFCPOLYLOOP((#2794,#2823,#2825));
#5414=IFCFACEOUTERBOUND(#5413,.T.);
#5415=IFCFACE((#5414));
#5416=IFCPOLYLOOP((#2800,#2814,#2795));
#5417=IFCFACEOUTERBOUND(#5416,.T.);
#5418=IFCFACE((#5417));
#5419=IFCPOLYLOOP((#2811,#2814,#2798));
#5420=IFCFACEOUTERBOUND(#5419,.T.);
#5421=IFCFACE((#5420));
#5422=IFCPOLYLOOP((#2815,#2796,#2827));
#5423=IFCFACEOUTERBOUND(#5422,.T.);
#5424=IFCFACE((#5423));
#5425=IFCPOLYLOOP((#2815,#2821,#2794));
#5426=IFCFACEOUTERBOUND(#5425,.T.);
#5427=IFCFACE((#5426));
#5428=IFCPOLYLOOP((#2813,#2816,#2796));
#5429=IFCFACEOUTERBOUND(#5428,.T.);
#5430=IFCFACE((#5429));
#5431=IFCPOLYLOOP((#2807,#2816,#2791));
#5432=IFCFACEOUTERBOUND(#5431,.T.);
#5433=IFCFACE((#5432));
#5434=IFCPOLYLOOP((#2798,#2786,#2829));
#5435=IFCFACEOUTERBOUND(#5434,.T.);
#5436=IFCFACE((#5435));
#5437=IFCPOLYLOOP((#2788,#2799,#2828));
#5438=IFCFACEOUTERBOUND(#5437,.T.);
#5439=IFCFACE((#5438));
#5440=IFCPOLYLOOP((#2800,#2790,#2818));
#5441=IFCFACEOUTERBOUND(#5440,.T.);
#5442=IFCFACE((#5441));
#5443=IFCPOLYLOOP((#2818,#2785,#2837,#2819));
#5444=IFCFACEOUTERBOUND(#5443,.T.);
#5445=IFCFACE((#5444));
#5446=IFCPOLYLOOP((#2792,#2670,#2820));
#5447=IFCFACEOUTERBOUND(#5446,.T.);
#5448=IFCFACE((#5447));
#5449=IFCPOLYLOOP((#2820,#2784,#2809));
#5450=IFCFACEOUTERBOUND(#5449,.T.);
#5451=IFCFACE((#5450));
#5452=IFCPOLYLOOP((#2821,#2782,#3005,#2822));
#5453=IFCFACEOUTERBOUND(#5452,.T.);
#5454=IFCFACE((#5453));
#5455=IFCPOLYLOOP((#2800,#2826,#2790));
#5456=IFCFACEOUTERBOUND(#5455,.T.);
#5457=IFCFACE((#5456));
#5458=IFCPOLYLOOP((#2789,#2823,#2822));
#5459=IFCFACEOUTERBOUND(#5458,.T.);
#5460=IFCFACE((#5459));
#5461=IFCPOLYLOOP((#2795,#2812,#2825));
#5462=IFCFACEOUTERBOUND(#5461,.T.);
#5463=IFCFACE((#5462));
#5464=IFCPOLYLOOP((#2789,#2824,#2790,#2826));
#5465=IFCFACEOUTERBOUND(#5464,.T.);
#5466=IFCFACE((#5465));
#5467=IFCPOLYLOOP((#2795,#2826,#2800));
#5468=IFCFACEOUTERBOUND(#5467,.T.);
#5469=IFCFACE((#5468));
#5470=IFCPOLYLOOP((#2795,#2825,#2823));
#5471=IFCFACEOUTERBOUND(#5470,.T.);
#5472=IFCFACE((#5471));
#5473=IFCPOLYLOOP((#2789,#2826,#2823));
#5474=IFCFACEOUTERBOUND(#5473,.T.);
#5475=IFCFACE((#5474));
#5476=IFCPOLYLOOP((#2809,#2827,#2796));
#5477=IFCFACEOUTERBOUND(#5476,.T.);
#5478=IFCFACE((#5477));
#5479=IFCPOLYLOOP((#2797,#2787,#2828));
#5480=IFCFACEOUTERBOUND(#5479,.T.);
#5481=IFCFACE((#5480));
#5482=IFCPOLYLOOP((#2786,#2798,#2800));
#5483=IFCFACEOUTERBOUND(#5482,.T.);
#5484=IFCFACE((#5483));
#5485=IFCPOLYLOOP((#2787,#2817,#2829));
#5486=IFCFACEOUTERBOUND(#5485,.T.);
#5487=IFCFACE((#5486));
#5488=IFCPOLYLOOP((#2788,#2833,#2844,#2835,#2691,#2673,#2834,#2801));
#5489=IFCFACEOUTERBOUND(#5488,.T.);
#5490=IFCFACE((#5489));
#5491=IFCPOLYLOOP((#2837,#2785,#2830,#2838,#2847,#2831,#2786,#2819));
#5492=IFCFACEOUTERBOUND(#5491,.T.);
#5493=IFCFACE((#5492));
#5494=IFCPOLYLOOP((#2787,#2832,#2836,#2833,#2788,#2828));
#5495=IFCFACEOUTERBOUND(#5494,.T.);
#5496=IFCFACE((#5495));
#5497=IFCPOLYLOOP((#2829,#2786,#2831,#2839,#2832,#2787));
#5498=IFCFACEOUTERBOUND(#5497,.T.);
#5499=IFCFACE((#5498));
#5500=IFCPOLYLOOP((#2843,#2845,#2692,#2691,#2835,#2844,#2833));
#5501=IFCFACEOUTERBOUND(#5500,.T.);
#5502=IFCFACE((#5501));
#5503=IFCPOLYLOOP((#2842,#2846,#2843,#2833,#2836,#2832));
#5504=IFCFACEOUTERBOUND(#5503,.T.);
#5505=IFCFACE((#5504));
#5506=IFCPOLYLOOP((#2841,#2831,#2847,#2838,#2830,#2840,#2848));
#5507=IFCFACEOUTERBOUND(#5506,.T.);
#5508=IFCFACE((#5507));
#5509=IFCPOLYLOOP((#2839,#2831,#2841,#2849,#2842,#2832));
#5510=IFCFACEOUTERBOUND(#5509,.T.);
#5511=IFCFACE((#5510));
#5512=IFCPOLYLOOP((#2853,#2854,#2693,#2692,#2845,#2843));
#5513=IFCFACEOUTERBOUND(#5512,.T.);
#5514=IFCFACE((#5513));
#5515=IFCPOLYLOOP((#2855,#2853,#2843,#2846,#2842,#2852));
#5516=IFCFACEOUTERBOUND(#5515,.T.);
#5517=IFCFACE((#5516));
#5518=IFCPOLYLOOP((#2851,#2841,#2848,#2840,#2850,#2856));
#5519=IFCFACEOUTERBOUND(#5518,.T.);
#5520=IFCFACE((#5519));
#5521=IFCPOLYLOOP((#2851,#2857,#2852,#2842,#2849,#2841));
#5522=IFCFACEOUTERBOUND(#5521,.T.);
#5523=IFCFACE((#5522));
#5524=IFCPOLYLOOP((#2906,#2875,#2876));
#5525=IFCFACEOUTERBOUND(#5524,.T.);
#5526=IFCFACE((#5525));
#5527=IFCPOLYLOOP((#2875,#2867,#2876));
#5528=IFCFACEOUTERBOUND(#5527,.T.);
#5529=IFCFACE((#5528));
#5530=IFCPOLYLOOP((#2892,#2899,#2900));
#5531=IFCFACEOUTERBOUND(#5530,.T.);
#5532=IFCFACE((#5531));
#5533=IFCPOLYLOOP((#2902,#2882,#2912));
#5534=IFCFACEOUTERBOUND(#5533,.T.);
#5535=IFCFACE((#5534));
#5536=IFCPOLYLOOP((#2696,#2883,#2888));
#5537=IFCFACEOUTERBOUND(#5536,.T.);
#5538=IFCFACE((#5537));
#5539=IFCPOLYLOOP((#2893,#2907,#2876));
#5540=IFCFACEOUTERBOUND(#5539,.T.);
#5541=IFCFACE((#5540));
#5542=IFCPOLYLOOP((#2888,#2885,#2696));
#5543=IFCFACEOUTERBOUND(#5542,.T.);
#5544=IFCFACE((#5543));
#5545=IFCPOLYLOOP((#2909,#2873,#2908));
#5546=IFCFACEOUTERBOUND(#5545,.T.);
#5547=IFCFACE((#5546));
#5548=IFCPOLYLOOP((#2695,#2882,#2894));
#5549=IFCFACEOUTERBOUND(#5548,.T.);
#5550=IFCFACE((#5549));
#5551=IFCPOLYLOOP((#2900,#2901,#2874));
#5552=IFCFACEOUTERBOUND(#5551,.T.);
#5553=IFCFACE((#5552));
#5554=IFCPOLYLOOP((#2901,#2860,#2874));
#5555=IFCFACEOUTERBOUND(#5554,.T.);
#5556=IFCFACE((#5555));
#5557=IFCPOLYLOOP((#2878,#2871,#2879));
#5558=IFCFACEOUTERBOUND(#5557,.T.);
#5559=IFCFACE((#5558));
#5560=IFCPOLYLOOP((#2874,#2860,#2911,#2859));
#5561=IFCFACEOUTERBOUND(#5560,.T.);
#5562=IFCFACE((#5561));
#5563=IFCPOLYLOOP((#2873,#2891,#2908));
#5564=IFCFACEOUTERBOUND(#5563,.T.);
#5565=IFCFACE((#5564));
#5566=IFCPOLYLOOP((#2859,#2905,#2906));
#5567=IFCFACEOUTERBOUND(#5566,.T.);
#5568=IFCFACE((#5567));
#5569=IFCPOLYLOOP((#2718,#2894,#2883));
#5570=IFCFACEOUTERBOUND(#5569,.T.);
#5571=IFCFACE((#5570));
#5572=IFCPOLYLOOP((#2891,#2865,#2889));
#5573=IFCFACEOUTERBOUND(#5572,.T.);
#5574=IFCFACE((#5573));
#5575=IFCPOLYLOOP((#2878,#2886,#2871));
#5576=IFCFACEOUTERBOUND(#5575,.T.);
#5577=IFCFACE((#5576));
#5578=IFCPOLYLOOP((#2888,#2883,#2870));
#5579=IFCFACEOUTERBOUND(#5578,.T.);
#5580=IFCFACE((#5579));
#5581=IFCPOLYLOOP((#2865,#2873,#2864));
#5582=IFCFACEOUTERBOUND(#5581,.T.);
#5583=IFCFACE((#5582));
#5584=IFCPOLYLOOP((#2902,#2912,#2861));
#5585=IFCFACEOUTERBOUND(#5584,.T.);
#5586=IFCFACE((#5585));
#5587=IFCPOLYLOOP((#2868,#2880,#2886));
#5588=IFCFACEOUTERBOUND(#5587,.T.);
#5589=IFCFACE((#5588));
#5590=IFCPOLYLOOP((#2887,#2871,#2886));
#5591=IFCFACEOUTERBOUND(#5590,.T.);
#5592=IFCFACE((#5591));
#5593=IFCPOLYLOOP((#2898,#2885,#2888));
#5594=IFCFACEOUTERBOUND(#5593,.T.);
#5595=IFCFACE((#5594));
#5596=IFCPOLYLOOP((#2871,#2887,#2890));
#5597=IFCFACEOUTERBOUND(#5596,.T.);
#5598=IFCFACE((#5597));
#5599=IFCPOLYLOOP((#2905,#2858,#3018,#2875));
#5600=IFCFACEOUTERBOUND(#5599,.T.);
#5601=IFCFACE((#5600));
#5602=IFCPOLYLOOP((#2877,#2868,#2878));
#5603=IFCFACEOUTERBOUND(#5602,.T.);
#5604=IFCFACE((#5603));
#5605=IFCPOLYLOOP((#2867,#2877,#2893));
#5606=IFCFACEOUTERBOUND(#5605,.T.);
#5607=IFCFACE((#5606));
#5608=IFCPOLYLOOP((#2908,#2869,#2909));
#5609=IFCFACEOUTERBOUND(#5608,.T.);
#5610=IFCFACE((#5609));
#5611=IFCPOLYLOOP((#2893,#2877,#2878));
#5612=IFCFACEOUTERBOUND(#5611,.T.);
#5613=IFCFACE((#5612));
#5614=IFCPOLYLOOP((#2892,#2879,#2869));
#5615=IFCFACEOUTERBOUND(#5614,.T.);
#5616=IFCFACE((#5615));
#5617=IFCPOLYLOOP((#2879,#2907,#2893));
#5618=IFCFACEOUTERBOUND(#5617,.T.);
#5619=IFCFACE((#5618));
#5620=IFCPOLYLOOP((#2895,#2880,#3022,#2862));
#5621=IFCFACEOUTERBOUND(#5620,.T.);
#5622=IFCFACE((#5621));
#5623=IFCPOLYLOOP((#2886,#2878,#2868));
#5624=IFCFACEOUTERBOUND(#5623,.T.);
#5625=IFCFACE((#5624));
#5626=IFCPOLYLOOP((#2695,#2881,#2882));
#5627=IFCFACEOUTERBOUND(#5626,.T.);
#5628=IFCFACE((#5627));
#5629=IFCPOLYLOOP((#2910,#2883,#2884));
#5630=IFCFACEOUTERBOUND(#5629,.T.);
#5631=IFCFACE((#5630));
#5632=IFCPOLYLOOP((#2899,#2884,#2872));
#5633=IFCFACEOUTERBOUND(#5632,.T.);
#5634=IFCFACE((#5633));
#5635=IFCPOLYLOOP((#2718,#2883,#2696));
#5636=IFCFACEOUTERBOUND(#5635,.T.);
#5637=IFCFACE((#5636));
#5638=IFCPOLYLOOP((#2884,#2882,#2872));
#5639=IFCFACEOUTERBOUND(#5638,.T.);
#5640=IFCFACE((#5639));
#5641=IFCPOLYLOOP((#2869,#2908,#2910));
#5642=IFCFACEOUTERBOUND(#5641,.T.);
#5643=IFCFACE((#5642));
#5644=IFCPOLYLOOP((#2894,#2884,#2883));
#5645=IFCFACEOUTERBOUND(#5644,.T.);
#5646=IFCFACE((#5645));
#5647=IFCPOLYLOOP((#2897,#2697,#2707,#2885));
#5648=IFCFACEOUTERBOUND(#5647,.T.);
#5649=IFCFACE((#5648));
#5650=IFCPOLYLOOP((#2880,#2895,#2896));
#5651=IFCFACEOUTERBOUND(#5650,.T.);
#5652=IFCFACE((#5651));
#5653=IFCPOLYLOOP((#2896,#2887,#2886));
#5654=IFCFACEOUTERBOUND(#5653,.T.);
#5655=IFCFACE((#5654));
#5656=IFCPOLYLOOP((#2863,#2864,#2887));
#5657=IFCFACEOUTERBOUND(#5656,.T.);
#5658=IFCFACE((#5657));
#5659=IFCPOLYLOOP((#2890,#2864,#2873));
#5660=IFCFACEOUTERBOUND(#5659,.T.);
#5661=IFCFACE((#5660));
#5662=IFCPOLYLOOP((#2889,#2888,#2870));
#5663=IFCFACEOUTERBOUND(#5662,.T.);
#5664=IFCFACE((#5663));
#5665=IFCPOLYLOOP((#2898,#2866,#2897));
#5666=IFCFACEOUTERBOUND(#5665,.T.);
#5667=IFCFACE((#5666));
#5668=IFCPOLYLOOP((#2891,#2889,#2870));
#5669=IFCFACEOUTERBOUND(#5668,.T.);
#5670=IFCFACE((#5669));
#5671=IFCPOLYLOOP((#2865,#2866,#2889));
#5672=IFCFACEOUTERBOUND(#5671,.T.);
#5673=IFCFACE((#5672));
#5674=IFCPOLYLOOP((#2864,#2890,#2887));
#5675=IFCFACEOUTERBOUND(#5674,.T.);
#5676=IFCFACE((#5675));
#5677=IFCPOLYLOOP((#2909,#2890,#2873));
#5678=IFCFACEOUTERBOUND(#5677,.T.);
#5679=IFCFACE((#5678));
#5680=IFCPOLYLOOP((#2908,#2891,#2870));
#5681=IFCFACEOUTERBOUND(#5680,.T.);
#5682=IFCFACE((#5681));
#5683=IFCPOLYLOOP((#2865,#2891,#2873));
#5684=IFCFACEOUTERBOUND(#5683,.T.);
#5685=IFCFACE((#5684));
#5686=IFCPOLYLOOP((#2899,#2892,#2869));
#5687=IFCFACEOUTERBOUND(#5686,.T.);
#5688=IFCFACE((#5687));
#5689=IFCPOLYLOOP((#2907,#2874,#2876));
#5690=IFCFACEOUTERBOUND(#5689,.T.);
#5691=IFCFACE((#5690));
#5692=IFCPOLYLOOP((#2879,#2893,#2878));
#5693=IFCFACEOUTERBOUND(#5692,.T.);
#5694=IFCFACE((#5693));
#5695=IFCPOLYLOOP((#2867,#2893,#2876));
#5696=IFCFACEOUTERBOUND(#5695,.T.);
#5697=IFCFACE((#5696));
#5698=IFCPOLYLOOP((#2695,#2894,#2718));
#5699=IFCFACEOUTERBOUND(#5698,.T.);
#5700=IFCFACE((#5699));
#5701=IFCPOLYLOOP((#2884,#2894,#2882));
#5702=IFCFACEOUTERBOUND(#5701,.T.);
#5703=IFCFACE((#5702));
#5704=IFCPOLYLOOP((#2896,#2895,#2863));
#5705=IFCFACEOUTERBOUND(#5704,.T.);
#5706=IFCFACE((#5705));
#5707=IFCPOLYLOOP((#2887,#2896,#2863));
#5708=IFCFACEOUTERBOUND(#5707,.T.);
#5709=IFCFACE((#5708));
#5710=IFCPOLYLOOP((#2880,#2896,#2886));
#5711=IFCFACEOUTERBOUND(#5710,.T.);
#5712=IFCFACE((#5711));
#5713=IFCPOLYLOOP((#2898,#2889,#2866));
#5714=IFCFACEOUTERBOUND(#5713,.T.);
#5715=IFCFACE((#5714));
#5716=IFCPOLYLOOP((#2885,#2898,#2897));
#5717=IFCFACEOUTERBOUND(#5716,.T.);
#5718=IFCFACE((#5717));
#5719=IFCPOLYLOOP((#2889,#2898,#2888));
#5720=IFCFACEOUTERBOUND(#5719,.T.);
#5721=IFCFACE((#5720));
#5722=IFCPOLYLOOP((#2884,#2899,#2869));
#5723=IFCFACEOUTERBOUND(#5722,.T.);
#5724=IFCFACE((#5723));
#5725=IFCPOLYLOOP((#2900,#2899,#2872));
#5726=IFCFACEOUTERBOUND(#5725,.T.);
#5727=IFCFACE((#5726));
#5728=IFCPOLYLOOP((#2900,#2872,#2901));
#5729=IFCFACEOUTERBOUND(#5728,.T.);
#5730=IFCFACE((#5729));
#5731=IFCPOLYLOOP((#2892,#2900,#2874));
#5732=IFCFACEOUTERBOUND(#5731,.T.);
#5733=IFCFACE((#5732));
#5734=IFCPOLYLOOP((#2902,#2901,#2872));
#5735=IFCFACEOUTERBOUND(#5734,.T.);
#5736=IFCFACE((#5735));
#5737=IFCPOLYLOOP((#2902,#2904,#2901));
#5738=IFCFACEOUTERBOUND(#5737,.T.);
#5739=IFCFACE((#5738));
#5740=IFCPOLYLOOP((#2872,#2882,#2902));
#5741=IFCFACEOUTERBOUND(#5740,.T.);
#5742=IFCFACE((#5741));
#5743=IFCPOLYLOOP((#2904,#2902,#2861));
#5744=IFCFACEOUTERBOUND(#5743,.T.);
#5745=IFCFACE((#5744));
#5746=IFCPOLYLOOP((#2912,#2694,#2903,#2861));
#5747=IFCFACEOUTERBOUND(#5746,.T.);
#5748=IFCFACE((#5747));
#5749=IFCPOLYLOOP((#2904,#2860,#2901));
#5750=IFCFACEOUTERBOUND(#5749,.T.);
#5751=IFCFACE((#5750));
#5752=IFCPOLYLOOP((#2875,#2906,#2905));
#5753=IFCFACEOUTERBOUND(#5752,.T.);
#5754=IFCFACE((#5753));
#5755=IFCPOLYLOOP((#2874,#2906,#2876));
#5756=IFCFACEOUTERBOUND(#5755,.T.);
#5757=IFCFACE((#5756));
#5758=IFCPOLYLOOP((#2879,#2892,#2907));
#5759=IFCFACEOUTERBOUND(#5758,.T.);
#5760=IFCFACE((#5759));
#5761=IFCPOLYLOOP((#2874,#2907,#2892));
#5762=IFCFACEOUTERBOUND(#5761,.T.);
#5763=IFCFACE((#5762));
#5764=IFCPOLYLOOP((#2910,#2908,#2870));
#5765=IFCFACEOUTERBOUND(#5764,.T.);
#5766=IFCFACE((#5765));
#5767=IFCPOLYLOOP((#2869,#2879,#2909));
#5768=IFCFACEOUTERBOUND(#5767,.T.);
#5769=IFCFACE((#5768));
#5770=IFCPOLYLOOP((#2879,#2871,#2909));
#5771=IFCFACEOUTERBOUND(#5770,.T.);
#5772=IFCFACE((#5771));
#5773=IFCPOLYLOOP((#2909,#2871,#2890));
#5774=IFCFACEOUTERBOUND(#5773,.T.);
#5775=IFCFACE((#5774));
#5776=IFCPOLYLOOP((#2883,#2910,#2870));
#5777=IFCFACEOUTERBOUND(#5776,.T.);
#5778=IFCFACE((#5777));
#5779=IFCPOLYLOOP((#2869,#2910,#2884));
#5780=IFCFACEOUTERBOUND(#5779,.T.);
#5781=IFCFACE((#5780));
#5782=IFCPOLYLOOP((#2874,#2859,#2906));
#5783=IFCFACEOUTERBOUND(#5782,.T.);
#5784=IFCFACE((#5783));
#5785=IFCPOLYLOOP((#2882,#2881,#2912));
#5786=IFCFACEOUTERBOUND(#5785,.T.);
#5787=IFCFACE((#5786));
#5788=IFCPOLYLOOP((#2912,#2881,#2705,#2694));
#5789=IFCFACEOUTERBOUND(#5788,.T.);
#5790=IFCFACE((#5789));
#5791=IFCPOLYLOOP((#2723,#2697,#2897,#2866,#2917));
#5792=IFCFACEOUTERBOUND(#5791,.T.);
#5793=IFCFACE((#5792));
#5794=IFCPOLYLOOP((#2917,#2866,#2865,#2916));
#5795=IFCFACEOUTERBOUND(#5794,.T.);
#5796=IFCFACE((#5795));
#5797=IFCPOLYLOOP((#2865,#2864,#2915,#2916));
#5798=IFCFACEOUTERBOUND(#5797,.T.);
#5799=IFCFACE((#5798));
#5800=IFCPOLYLOOP((#2913,#2914,#2863,#2895,#2862));
#5801=IFCFACEOUTERBOUND(#5800,.T.);
#5802=IFCFACE((#5801));
#5803=IFCPOLYLOOP((#2864,#2863,#2914,#2915));
#5804=IFCFACEOUTERBOUND(#5803,.T.);
#5805=IFCFACE((#5804));
#5806=IFCPOLYLOOP((#2916,#2915,#2928));
#5807=IFCFACEOUTERBOUND(#5806,.T.);
#5808=IFCFACE((#5807));
#5809=IFCPOLYLOOP((#2724,#2723,#2917));
#5810=IFCFACEOUTERBOUND(#5809,.T.);
#5811=IFCFACE((#5810));
#5812=IFCPOLYLOOP((#2917,#2926,#2724));
#5813=IFCFACEOUTERBOUND(#5812,.T.);
#5814=IFCFACE((#5813));
#5815=IFCPOLYLOOP((#2918,#2934,#2925));
#5816=IFCFACEOUTERBOUND(#5815,.T.);
#5817=IFCFACE((#5816));
#5818=IFCPOLYLOOP((#2930,#2934,#2919));
#5819=IFCFACEOUTERBOUND(#5818,.T.);
#5820=IFCFACE((#5819));
#5821=IFCPOLYLOOP((#2931,#2928,#2929));
#5822=IFCFACEOUTERBOUND(#5821,.T.);
#5823=IFCFACE((#5822));
#5824=IFCPOLYLOOP((#2931,#2926,#2917));
#5825=IFCFACEOUTERBOUND(#5824,.T.);
#5826=IFCFACE((#5825));
#5827=IFCPOLYLOOP((#2926,#2933,#2725));
#5828=IFCFACEOUTERBOUND(#5827,.T.);
#5829=IFCFACE((#5828));
#5830=IFCPOLYLOOP((#2919,#2920,#2930));
#5831=IFCFACEOUTERBOUND(#5830,.T.);
#5832=IFCFACE((#5831));
#5833=IFCPOLYLOOP((#2727,#2726,#2933));
#5834=IFCFACEOUTERBOUND(#5833,.T.);
#5835=IFCFACE((#5834));
#5836=IFCPOLYLOOP((#2725,#2724,#2926));
#5837=IFCFACEOUTERBOUND(#5836,.T.);
#5838=IFCFACE((#5837));
#5839=IFCPOLYLOOP((#2725,#2933,#2726));
#5840=IFCFACEOUTERBOUND(#5839,.T.);
#5841=IFCFACE((#5840));
#5842=IFCPOLYLOOP((#2933,#2929,#2922));
#5843=IFCFACEOUTERBOUND(#5842,.T.);
#5844=IFCFACE((#5843));
#5845=IFCPOLYLOOP((#2935,#2936,#2937));
#5846=IFCFACEOUTERBOUND(#5845,.T.);
#5847=IFCFACE((#5846));
#5848=IFCPOLYLOOP((#2922,#2929,#2921));
#5849=IFCFACEOUTERBOUND(#5848,.T.);
#5850=IFCFACE((#5849));
#5851=IFCPOLYLOOP((#2915,#2914,#2932));
#5852=IFCFACEOUTERBOUND(#5851,.T.);
#5853=IFCFACE((#5852));
#5854=IFCPOLYLOOP((#2914,#2927,#2932));
#5855=IFCFACEOUTERBOUND(#5854,.T.);
#5856=IFCFACE((#5855));
#5857=IFCPOLYLOOP((#2929,#2933,#2926));
#5858=IFCFACEOUTERBOUND(#5857,.T.);
#5859=IFCFACE((#5858));
#5860=IFCPOLYLOOP((#2927,#2930,#2932));
#5861=IFCFACEOUTERBOUND(#5860,.T.);
#5862=IFCFACE((#5861));
#5863=IFCPOLYLOOP((#2913,#2923,#2914));
#5864=IFCFACEOUTERBOUND(#5863,.T.);
#5865=IFCFACE((#5864));
#5866=IFCPOLYLOOP((#2928,#2932,#2930));
#5867=IFCFACEOUTERBOUND(#5866,.T.);
#5868=IFCFACE((#5867));
#5869=IFCPOLYLOOP((#2927,#2923,#2924));
#5870=IFCFACEOUTERBOUND(#5869,.T.);
#5871=IFCFACE((#5870));
#5872=IFCPOLYLOOP((#2934,#2924,#2925));
#5873=IFCFACEOUTERBOUND(#5872,.T.);
#5874=IFCFACE((#5873));
#5875=IFCPOLYLOOP((#2930,#2927,#2934));
#5876=IFCFACEOUTERBOUND(#5875,.T.);
#5877=IFCFACE((#5876));
#5878=IFCPOLYLOOP((#2934,#2918,#2919));
#5879=IFCFACEOUTERBOUND(#5878,.T.);
#5880=IFCFACE((#5879));
#5881=IFCPOLYLOOP((#2927,#2924,#2934));
#5882=IFCFACEOUTERBOUND(#5881,.T.);
#5883=IFCFACE((#5882));
#5884=IFCPOLYLOOP((#2928,#2931,#2916));
#5885=IFCFACEOUTERBOUND(#5884,.T.);
#5886=IFCFACE((#5885));
#5887=IFCPOLYLOOP((#2932,#2928,#2915));
#5888=IFCFACEOUTERBOUND(#5887,.T.);
#5889=IFCFACE((#5888));
#5890=IFCPOLYLOOP((#2923,#2927,#2914));
#5891=IFCFACEOUTERBOUND(#5890,.T.);
#5892=IFCFACE((#5891));
#5893=IFCPOLYLOOP((#2931,#2917,#2916));
#5894=IFCFACEOUTERBOUND(#5893,.T.);
#5895=IFCFACE((#5894));
#5896=IFCPOLYLOOP((#2929,#2926,#2931));
#5897=IFCFACEOUTERBOUND(#5896,.T.);
#5898=IFCFACE((#5897));
#5899=IFCPOLYLOOP((#2936,#2935,#2921));
#5900=IFCFACEOUTERBOUND(#5899,.T.);
#5901=IFCFACE((#5900));
#5902=IFCPOLYLOOP((#2727,#2933,#2922));
#5903=IFCFACEOUTERBOUND(#5902,.T.);
#5904=IFCFACE((#5903));
#5905=IFCPOLYLOOP((#2937,#2936,#2928));
#5906=IFCFACEOUTERBOUND(#5905,.T.);
#5907=IFCFACE((#5906));
#5908=IFCPOLYLOOP((#2930,#2937,#2928));
#5909=IFCFACEOUTERBOUND(#5908,.T.);
#5910=IFCFACE((#5909));
#5911=IFCPOLYLOOP((#2921,#2929,#2936));
#5912=IFCFACEOUTERBOUND(#5911,.T.);
#5913=IFCFACE((#5912));
#5914=IFCPOLYLOOP((#2929,#2928,#2936));
#5915=IFCFACEOUTERBOUND(#5914,.T.);
#5916=IFCFACE((#5915));
#5917=IFCPOLYLOOP((#2930,#2920,#2937));
#5918=IFCFACEOUTERBOUND(#5917,.T.);
#5919=IFCFACE((#5918));
#5920=IFCPOLYLOOP((#2935,#2937,#2920));
#5921=IFCFACEOUTERBOUND(#5920,.T.);
#5922=IFCFACE((#5921));
#5923=IFCPOLYLOOP((#2941,#2945,#2948,#2946));
#5924=IFCFACEOUTERBOUND(#5923,.T.);
#5925=IFCFACE((#5924));
#5926=IFCPOLYLOOP((#2947,#2749,#2748));
#5927=IFCFACEOUTERBOUND(#5926,.T.);
#5928=IFCFACE((#5927));
#5929=IFCPOLYLOOP((#2748,#2942,#2947));
#5930=IFCFACEOUTERBOUND(#5929,.T.);
#5931=IFCFACE((#5930));
#5932=IFCPOLYLOOP((#2942,#2941,#2946));
#5933=IFCFACEOUTERBOUND(#5932,.T.);
#5934=IFCFACE((#5933));
#5935=IFCPOLYLOOP((#2942,#2946,#2947));
#5936=IFCFACEOUTERBOUND(#5935,.T.);
#5937=IFCFACE((#5936));
#5938=IFCPOLYLOOP((#2950,#2938,#2943));
#5939=IFCFACEOUTERBOUND(#5938,.T.);
#5940=IFCFACE((#5939));
#5941=IFCPOLYLOOP((#2940,#2944,#2949,#2945));
#5942=IFCFACEOUTERBOUND(#5941,.T.);
#5943=IFCFACE((#5942));
#5944=IFCPOLYLOOP((#2938,#2950,#2939));
#5945=IFCFACEOUTERBOUND(#5944,.T.);
#5946=IFCFACE((#5945));
#5947=IFCPOLYLOOP((#2950,#2944,#2939));
#5948=IFCFACEOUTERBOUND(#5947,.T.);
#5949=IFCFACE((#5948));
#5950=IFCPOLYLOOP((#2940,#2945,#2941));
#5951=IFCFACEOUTERBOUND(#5950,.T.);
#5952=IFCFACE((#5951));
#5953=IFCPOLYLOOP((#2944,#2940,#2939));
#5954=IFCFACEOUTERBOUND(#5953,.T.);
#5955=IFCFACE((#5954));
#5956=IFCPOLYLOOP((#2946,#2954,#2955,#2985,#2750,#2749,#2947));
#5957=IFCFACEOUTERBOUND(#5956,.T.);
#5958=IFCFACE((#5957));
#5959=IFCPOLYLOOP((#2957,#2952,#2944,#2950,#2943,#2951,#2973));
#5960=IFCFACEOUTERBOUND(#5959,.T.);
#5961=IFCFACE((#5960));
#5962=IFCPOLYLOOP((#2953,#2956,#2954,#2946,#2948,#2945));
#5963=IFCFACEOUTERBOUND(#5962,.T.);
#5964=IFCFACE((#5963));
#5965=IFCPOLYLOOP((#2945,#2949,#2944,#2952,#2958,#2953));
#5966=IFCFACEOUTERBOUND(#5965,.T.);
#5967=IFCFACE((#5966));
#5968=IFCPOLYLOOP((#2987,#2985,#2955,#2954));
#5969=IFCFACEOUTERBOUND(#5968,.T.);
#5970=IFCFACE((#5969));
#5971=IFCPOLYLOOP((#2991,#2752,#2757));
#5972=IFCFACEOUTERBOUND(#5971,.T.);
#5973=IFCFACE((#5972));
#5974=IFCPOLYLOOP((#2998,#2956,#2970));
#5975=IFCFACEOUTERBOUND(#5974,.T.);
#5976=IFCFACE((#5975));
#5977=IFCPOLYLOOP((#2987,#2751,#2755,#2986));
#5978=IFCFACEOUTERBOUND(#5977,.T.);
#5979=IFCFACE((#5978));
#5980=IFCPOLYLOOP((#2989,#2988,#2753));
#5981=IFCFACEOUTERBOUND(#5980,.T.);
#5982=IFCFACE((#5981));
#5983=IFCPOLYLOOP((#2990,#2966,#2993));
#5984=IFCFACEOUTERBOUND(#5983,.T.);
#5985=IFCFACE((#5984));
#5986=IFCPOLYLOOP((#2990,#2969,#2997));
#5987=IFCFACEOUTERBOUND(#5986,.T.);
#5988=IFCFACE((#5987));
#5989=IFCPOLYLOOP((#2978,#2979,#2968));
#5990=IFCFACEOUTERBOUND(#5989,.T.);
#5991=IFCFACE((#5990));
#5992=IFCPOLYLOOP((#2990,#2993,#2964));
#5993=IFCFACEOUTERBOUND(#5992,.T.);
#5994=IFCFACE((#5993));
#5995=IFCPOLYLOOP((#2980,#2983,#2969));
#5996=IFCFACEOUTERBOUND(#5995,.T.);
#5997=IFCFACE((#5996));
#5998=IFCPOLYLOOP((#2997,#2988,#2965));
#5999=IFCFACEOUTERBOUND(#5998,.T.);
#6000=IFCFACE((#5999));
#6001=IFCPOLYLOOP((#2990,#2991,#2966));
#6002=IFCFACEOUTERBOUND(#6001,.T.);
#6003=IFCFACE((#6002));
#6004=IFCPOLYLOOP((#2974,#2975,#2973));
#6005=IFCFACEOUTERBOUND(#6004,.T.);
#6006=IFCFACE((#6005));
#6007=IFCPOLYLOOP((#2972,#2968,#2984));
#6008=IFCFACEOUTERBOUND(#6007,.T.);
#6009=IFCFACE((#6008));
#6010=IFCPOLYLOOP((#2971,#2952,#2972));
#6011=IFCFACEOUTERBOUND(#6010,.T.);
#6012=IFCFACE((#6011));
#6013=IFCPOLYLOOP((#2995,#2983,#2967));
#6014=IFCFACEOUTERBOUND(#6013,.T.);
#6015=IFCFACE((#6014));
#6016=IFCPOLYLOOP((#2969,#2996,#2997));
#6017=IFCFACEOUTERBOUND(#6016,.T.);
#6018=IFCFACE((#6017));
#6019=IFCPOLYLOOP((#2967,#2963,#2994));
#6020=IFCFACEOUTERBOUND(#6019,.T.);
#6021=IFCFACE((#6020));
#6022=IFCPOLYLOOP((#2978,#2963,#2979));
#6023=IFCFACEOUTERBOUND(#6022,.T.);
#6024=IFCFACE((#6023));
#6025=IFCPOLYLOOP((#2975,#2977,#2972));
#6026=IFCFACEOUTERBOUND(#6025,.T.);
#6027=IFCFACE((#6026));
#6028=IFCPOLYLOOP((#2980,#2979,#2967));
#6029=IFCFACEOUTERBOUND(#6028,.T.);
#6030=IFCFACE((#6029));
#6031=IFCPOLYLOOP((#2996,#2983,#2960));
#6032=IFCFACEOUTERBOUND(#6031,.T.);
#6033=IFCFACE((#6032));
#6034=IFCPOLYLOOP((#2966,#2992,#2998));
#6035=IFCFACEOUTERBOUND(#6034,.T.);
#6036=IFCFACE((#6035));
#6037=IFCPOLYLOOP((#2984,#2982,#2971));
#6038=IFCFACEOUTERBOUND(#6037,.T.);
#6039=IFCFACE((#6038));
#6040=IFCPOLYLOOP((#2971,#2970,#2953));
#6041=IFCFACEOUTERBOUND(#6040,.T.);
#6042=IFCFACE((#6041));
#6043=IFCPOLYLOOP((#2971,#2953,#2958,#2952));
#6044=IFCFACEOUTERBOUND(#6043,.T.);
#6045=IFCFACE((#6044));
#6046=IFCPOLYLOOP((#2984,#2968,#2981));
#6047=IFCFACEOUTERBOUND(#6046,.T.);
#6048=IFCFACE((#6047));
#6049=IFCPOLYLOOP((#2974,#2962,#2975));
#6050=IFCFACEOUTERBOUND(#6049,.T.);
#6051=IFCFACE((#6050));
#6052=IFCPOLYLOOP((#2977,#2962,#2976));
#6053=IFCFACEOUTERBOUND(#6052,.T.);
#6054=IFCFACE((#6053));
#6055=IFCPOLYLOOP((#2972,#2952,#2957,#2973));
#6056=IFCFACEOUTERBOUND(#6055,.T.);
#6057=IFCFACE((#6056));
#6058=IFCPOLYLOOP((#2973,#2951,#3054,#2974));
#6059=IFCFACEOUTERBOUND(#6058,.T.);
#6060=IFCFACE((#6059));
#6061=IFCPOLYLOOP((#2962,#2977,#2975));
#6062=IFCFACEOUTERBOUND(#6061,.T.);
#6063=IFCFACE((#6062));
#6064=IFCPOLYLOOP((#2973,#2975,#2972));
#6065=IFCFACEOUTERBOUND(#6064,.T.);
#6066=IFCFACE((#6065));
#6067=IFCPOLYLOOP((#2978,#2977,#2976));
#6068=IFCFACEOUTERBOUND(#6067,.T.);
#6069=IFCFACE((#6068));
#6070=IFCPOLYLOOP((#2968,#2977,#2978));
#6071=IFCFACEOUTERBOUND(#6070,.T.);
#6072=IFCFACE((#6071));
#6073=IFCPOLYLOOP((#2972,#2977,#2968));
#6074=IFCFACEOUTERBOUND(#6073,.T.);
#6075=IFCFACE((#6074));
#6076=IFCPOLYLOOP((#2976,#2963,#2978));
#6077=IFCFACEOUTERBOUND(#6076,.T.);
#6078=IFCFACE((#6077));
#6079=IFCPOLYLOOP((#2979,#2963,#2967));
#6080=IFCFACEOUTERBOUND(#6079,.T.);
#6081=IFCFACE((#6080));
#6082=IFCPOLYLOOP((#2967,#2983,#2980));
#6083=IFCFACEOUTERBOUND(#6082,.T.);
#6084=IFCFACE((#6083));
#6085=IFCPOLYLOOP((#2981,#2968,#2979));
#6086=IFCFACEOUTERBOUND(#6085,.T.);
#6087=IFCFACE((#6086));
#6088=IFCPOLYLOOP((#2969,#2964,#2980));
#6089=IFCFACEOUTERBOUND(#6088,.T.);
#6090=IFCFACE((#6089));
#6091=IFCPOLYLOOP((#2981,#2980,#2964));
#6092=IFCFACEOUTERBOUND(#6091,.T.);
#6093=IFCFACE((#6092));
#6094=IFCPOLYLOOP((#2980,#2981,#2979));
#6095=IFCFACEOUTERBOUND(#6094,.T.);
#6096=IFCFACE((#6095));
#6097=IFCPOLYLOOP((#2981,#2964,#2982));
#6098=IFCFACEOUTERBOUND(#6097,.T.);
#6099=IFCFACE((#6098));
#6100=IFCPOLYLOOP((#2993,#2982,#2964));
#6101=IFCFACEOUTERBOUND(#6100,.T.);
#6102=IFCFACE((#6101));
#6103=IFCPOLYLOOP((#2970,#2971,#2982));
#6104=IFCFACEOUTERBOUND(#6103,.T.);
#6105=IFCFACE((#6104));
#6106=IFCPOLYLOOP((#2994,#2995,#2967));
#6107=IFCFACEOUTERBOUND(#6106,.T.);
#6108=IFCFACE((#6107));
#6109=IFCPOLYLOOP((#2983,#2996,#2969));
#6110=IFCFACEOUTERBOUND(#6109,.T.);
#6111=IFCFACE((#6110));
#6112=IFCPOLYLOOP((#2982,#2984,#2981));
#6113=IFCFACEOUTERBOUND(#6112,.T.);
#6114=IFCFACE((#6113));
#6115=IFCPOLYLOOP((#2972,#2984,#2971));
#6116=IFCFACEOUTERBOUND(#6115,.T.);
#6117=IFCFACE((#6116));
#6118=IFCPOLYLOOP((#2986,#2750,#2985));
#6119=IFCFACEOUTERBOUND(#6118,.T.);
#6120=IFCFACE((#6119));
#6121=IFCPOLYLOOP((#2987,#2986,#2985));
#6122=IFCFACEOUTERBOUND(#6121,.T.);
#6123=IFCFACE((#6122));
#6124=IFCPOLYLOOP((#2757,#2992,#2991));
#6125=IFCFACEOUTERBOUND(#6124,.T.);
#6126=IFCFACE((#6125));
#6127=IFCPOLYLOOP((#2969,#2990,#2964));
#6128=IFCFACEOUTERBOUND(#6127,.T.);
#6129=IFCFACE((#6128));
#6130=IFCPOLYLOOP((#2988,#2989,#2965));
#6131=IFCFACEOUTERBOUND(#6130,.T.);
#6132=IFCFACE((#6131));
#6133=IFCPOLYLOOP((#2991,#2989,#2761,#2752));
#6134=IFCFACEOUTERBOUND(#6133,.T.);
#6135=IFCFACE((#6134));
#6136=IFCPOLYLOOP((#2991,#2990,#2965));
#6137=IFCFACEOUTERBOUND(#6136,.T.);
#6138=IFCFACE((#6137));
#6139=IFCPOLYLOOP((#2989,#2991,#2965));
#6140=IFCFACEOUTERBOUND(#6139,.T.);
#6141=IFCFACE((#6140));
#6142=IFCPOLYLOOP((#2992,#2757,#2751));
#6143=IFCFACEOUTERBOUND(#6142,.T.);
#6144=IFCFACE((#6143));
#6145=IFCPOLYLOOP((#2998,#2992,#2987));
#6146=IFCFACEOUTERBOUND(#6145,.T.);
#6147=IFCFACE((#6146));
#6148=IFCPOLYLOOP((#2992,#2751,#2987));
#6149=IFCFACEOUTERBOUND(#6148,.T.);
#6150=IFCFACE((#6149));
#6151=IFCPOLYLOOP((#2991,#2992,#2966));
#6152=IFCFACEOUTERBOUND(#6151,.T.);
#6153=IFCFACE((#6152));
#6154=IFCPOLYLOOP((#2998,#2993,#2966));
#6155=IFCFACEOUTERBOUND(#6154,.T.);
#6156=IFCFACE((#6155));
#6157=IFCPOLYLOOP((#2993,#2970,#2982));
#6158=IFCFACEOUTERBOUND(#6157,.T.);
#6159=IFCFACE((#6158));
#6160=IFCPOLYLOOP((#2995,#2994,#3050,#2959));
#6161=IFCFACEOUTERBOUND(#6160,.T.);
#6162=IFCFACE((#6161));
#6163=IFCPOLYLOOP((#2988,#2997,#2961));
#6164=IFCFACEOUTERBOUND(#6163,.T.);
#6165=IFCFACE((#6164));
#6166=IFCPOLYLOOP((#2960,#2983,#2995));
#6167=IFCFACEOUTERBOUND(#6166,.T.);
#6168=IFCFACE((#6167));
#6169=IFCPOLYLOOP((#2997,#2996,#2961));
#6170=IFCFACEOUTERBOUND(#6169,.T.);
#6171=IFCFACE((#6170));
#6172=IFCPOLYLOOP((#2990,#2997,#2965));
#6173=IFCFACEOUTERBOUND(#6172,.T.);
#6174=IFCFACE((#6173));
#6175=IFCPOLYLOOP((#2998,#2954,#2956));
#6176=IFCFACEOUTERBOUND(#6175,.T.);
#6177=IFCFACE((#6176));
#6178=IFCPOLYLOOP((#2956,#2953,#2970));
#6179=IFCFACEOUTERBOUND(#6178,.T.);
#6180=IFCFACE((#6179));
#6181=IFCPOLYLOOP((#2954,#2998,#2987));
#6182=IFCFACEOUTERBOUND(#6181,.T.);
#6183=IFCFACE((#6182));
#6184=IFCPOLYLOOP((#2993,#2998,#2970));
#6185=IFCFACEOUTERBOUND(#6184,.T.);
#6186=IFCFACE((#6185));
#6187=IFCPOLYLOOP((#2767,#2770,#2999,#3000));
#6188=IFCFACEOUTERBOUND(#6187,.T.);
#6189=IFCFACE((#6188));
#6190=IFCPOLYLOOP((#3002,#2789,#2822,#3005,#2782,#3001,#3006));
#6191=IFCFACEOUTERBOUND(#6190,.T.);
#6192=IFCFACE((#6191));
#6193=IFCPOLYLOOP((#2790,#2824,#2789,#3002,#3007,#3003));
#6194=IFCFACEOUTERBOUND(#6193,.T.);
#6195=IFCFACE((#6194));
#6196=IFCPOLYLOOP((#2785,#2818,#2790,#3003,#3064,#3008,#3004));
#6197=IFCFACEOUTERBOUND(#6196,.T.);
#6198=IFCFACE((#6197));
#6199=IFCPOLYLOOP((#2830,#2785,#3004,#3009));
#6200=IFCFACEOUTERBOUND(#6199,.T.);
#6201=IFCFACE((#6200));
#6202=IFCPOLYLOOP((#2840,#2830,#3009,#3010));
#6203=IFCFACEOUTERBOUND(#6202,.T.);
#6204=IFCFACE((#6203));
#6205=IFCPOLYLOOP((#2850,#2840,#3010,#3011));
#6206=IFCFACEOUTERBOUND(#6205,.T.);
#6207=IFCFACE((#6206));
#6208=IFCPOLYLOOP((#3019,#3016,#3017));
#6209=IFCFACEOUTERBOUND(#6208,.T.);
#6210=IFCFACE((#6209));
#6211=IFCPOLYLOOP((#3020,#3013,#3026,#3014));
#6212=IFCFACEOUTERBOUND(#6211,.T.);
#6213=IFCFACE((#6212));
#6214=IFCPOLYLOOP((#3018,#3024,#3019));
#6215=IFCFACEOUTERBOUND(#6214,.T.);
#6216=IFCFACE((#6215));
#6217=IFCPOLYLOOP((#3013,#3025,#3019));
#6218=IFCFACEOUTERBOUND(#6217,.T.);
#6219=IFCFACE((#6218));
#6220=IFCPOLYLOOP((#3027,#2877,#3020));
#6221=IFCFACEOUTERBOUND(#6220,.T.);
#6222=IFCFACE((#6221));
#6223=IFCPOLYLOOP((#3023,#2868,#3027));
#6224=IFCFACEOUTERBOUND(#6223,.T.);
#6225=IFCFACE((#6224));
#6226=IFCPOLYLOOP((#3022,#3023,#3021));
#6227=IFCFACEOUTERBOUND(#6226,.T.);
#6228=IFCFACE((#6227));
#6229=IFCPOLYLOOP((#3019,#2867,#2875,#3018));
#6230=IFCFACEOUTERBOUND(#6229,.T.);
#6231=IFCFACE((#6230));
#6232=IFCPOLYLOOP((#3020,#3025,#3013));
#6233=IFCFACEOUTERBOUND(#6232,.T.);
#6234=IFCFACE((#6233));
#6235=IFCPOLYLOOP((#3021,#2862,#3022));
#6236=IFCFACEOUTERBOUND(#6235,.T.);
#6237=IFCFACE((#6236));
#6238=IFCPOLYLOOP((#3029,#3028,#3092,#3015));
#6239=IFCFACEOUTERBOUND(#6238,.T.);
#6240=IFCFACE((#6239));
#6241=IFCPOLYLOOP((#3013,#3019,#3017));
#6242=IFCFACEOUTERBOUND(#6241,.T.);
#6243=IFCFACE((#6242));
#6244=IFCPOLYLOOP((#3023,#3027,#3014));
#6245=IFCFACEOUTERBOUND(#6244,.T.);
#6246=IFCFACE((#6245));
#6247=IFCPOLYLOOP((#3019,#3025,#2867));
#6248=IFCFACEOUTERBOUND(#6247,.T.);
#6249=IFCFACE((#6248));
#6250=IFCPOLYLOOP((#3016,#3012,#3017));
#6251=IFCFACEOUTERBOUND(#6250,.T.);
#6252=IFCFACE((#6251));
#6253=IFCPOLYLOOP((#3024,#3018,#2858));
#6254=IFCFACEOUTERBOUND(#6253,.T.);
#6255=IFCFACE((#6254));
#6256=IFCPOLYLOOP((#3028,#3029,#3023));
#6257=IFCFACEOUTERBOUND(#6256,.T.);
#6258=IFCFACE((#6257));
#6259=IFCPOLYLOOP((#3023,#3022,#2880,#2868));
#6260=IFCFACEOUTERBOUND(#6259,.T.);
#6261=IFCFACE((#6260));
#6262=IFCPOLYLOOP((#3024,#3016,#3019));
#6263=IFCFACEOUTERBOUND(#6262,.T.);
#6264=IFCFACE((#6263));
#6265=IFCPOLYLOOP((#3025,#2877,#2867));
#6266=IFCFACEOUTERBOUND(#6265,.T.);
#6267=IFCFACE((#6266));
#6268=IFCPOLYLOOP((#2877,#3025,#3020));
#6269=IFCFACEOUTERBOUND(#6268,.T.);
#6270=IFCFACE((#6269));
#6271=IFCPOLYLOOP((#2877,#3027,#2868));
#6272=IFCFACEOUTERBOUND(#6271,.T.);
#6273=IFCFACE((#6272));
#6274=IFCPOLYLOOP((#3014,#3027,#3020));
#6275=IFCFACEOUTERBOUND(#6274,.T.);
#6276=IFCFACE((#6275));
#6277=IFCPOLYLOOP((#3023,#3014,#3028));
#6278=IFCFACEOUTERBOUND(#6277,.T.);
#6279=IFCFACE((#6278));
#6280=IFCPOLYLOOP((#3029,#3021,#3023));
#6281=IFCFACEOUTERBOUND(#6280,.T.);
#6282=IFCFACE((#6281));
#6283=IFCPOLYLOOP((#2913,#2862,#3021,#3029,#3015,#3030,#3037,#3036,#3039));
#6284=IFCFACEOUTERBOUND(#6283,.T.);
#6285=IFCFACE((#6284));
#6286=IFCPOLYLOOP((#3040,#2924,#3041));
#6287=IFCFACEOUTERBOUND(#6286,.T.);
#6288=IFCFACE((#6287));
#6289=IFCPOLYLOOP((#3038,#3035,#3042));
#6290=IFCFACEOUTERBOUND(#6289,.T.);
#6291=IFCFACE((#6290));
#6292=IFCPOLYLOOP((#3038,#3043,#3033));
#6293=IFCFACEOUTERBOUND(#6292,.T.);
#6294=IFCFACE((#6293));
#6295=IFCPOLYLOOP((#2923,#3039,#2924));
#6296=IFCFACEOUTERBOUND(#6295,.T.);
#6297=IFCFACE((#6296));
#6298=IFCPOLYLOOP((#3030,#3031,#3037));
#6299=IFCFACEOUTERBOUND(#6298,.T.);
#6300=IFCFACE((#6299));
#6301=IFCPOLYLOOP((#2923,#2913,#3039));
#6302=IFCFACEOUTERBOUND(#6301,.T.);
#6303=IFCFACE((#6302));
#6304=IFCPOLYLOOP((#3035,#3041,#3042));
#6305=IFCFACEOUTERBOUND(#6304,.T.);
#6306=IFCFACE((#6305));
#6307=IFCPOLYLOOP((#3033,#3034,#3038));
#6308=IFCFACEOUTERBOUND(#6307,.T.);
#6309=IFCFACE((#6308));
#6310=IFCPOLYLOOP((#3040,#2918,#2925));
#6311=IFCFACEOUTERBOUND(#6310,.T.);
#6312=IFCFACE((#6311));
#6313=IFCPOLYLOOP((#3037,#3043,#3042));
#6314=IFCFACEOUTERBOUND(#6313,.T.);
#6315=IFCFACE((#6314));
#6316=IFCPOLYLOOP((#3041,#3035,#3040));
#6317=IFCFACEOUTERBOUND(#6316,.T.);
#6318=IFCFACE((#6317));
#6319=IFCPOLYLOOP((#3042,#3041,#3036));
#6320=IFCFACEOUTERBOUND(#6319,.T.);
#6321=IFCFACE((#6320));
#6322=IFCPOLYLOOP((#3039,#3036,#3041));
#6323=IFCFACEOUTERBOUND(#6322,.T.);
#6324=IFCFACE((#6323));
#6325=IFCPOLYLOOP((#3039,#3041,#2924));
#6326=IFCFACEOUTERBOUND(#6325,.T.);
#6327=IFCFACE((#6326));
#6328=IFCPOLYLOOP((#3040,#2925,#2924));
#6329=IFCFACEOUTERBOUND(#6328,.T.);
#6330=IFCFACE((#6329));
#6331=IFCPOLYLOOP((#3043,#3031,#3032));
#6332=IFCFACEOUTERBOUND(#6331,.T.);
#6333=IFCFACE((#6332));
#6334=IFCPOLYLOOP((#3043,#3037,#3031));
#6335=IFCFACEOUTERBOUND(#6334,.T.);
#6336=IFCFACE((#6335));
#6337=IFCPOLYLOOP((#3037,#3042,#3036));
#6338=IFCFACEOUTERBOUND(#6337,.T.);
#6339=IFCFACE((#6338));
#6340=IFCPOLYLOOP((#3033,#3043,#3032));
#6341=IFCFACEOUTERBOUND(#6340,.T.);
#6342=IFCFACE((#6341));
#6343=IFCPOLYLOOP((#3042,#3043,#3038));
#6344=IFCFACEOUTERBOUND(#6343,.T.);
#6345=IFCFACE((#6344));
#6346=IFCPOLYLOOP((#2943,#2938,#3044,#3045));
#6347=IFCFACEOUTERBOUND(#6346,.T.);
#6348=IFCFACE((#6347));
#6349=IFCPOLYLOOP((#2951,#2943,#3045,#3046));
#6350=IFCFACEOUTERBOUND(#6349,.T.);
#6351=IFCFACE((#6350));
#6352=IFCPOLYLOOP((#3047,#2962,#2974,#3054,#2951,#3046,#3053,#3156));
#6353=IFCFACEOUTERBOUND(#6352,.T.);
#6354=IFCFACE((#6353));
#6355=IFCPOLYLOOP((#3051,#3049,#2959,#3050,#2994,#2963,#3048));
#6356=IFCFACEOUTERBOUND(#6355,.T.);
#6357=IFCFACE((#6356));
#6358=IFCPOLYLOOP((#2962,#3047,#3052,#3048,#2963,#2976));
#6359=IFCFACEOUTERBOUND(#6358,.T.);
#6360=IFCFACE((#6359));
#6361=IFCPOLYLOOP((#3000,#2999,#2353,#2352));
#6362=IFCFACEOUTERBOUND(#6361,.T.);
#6363=IFCFACE((#6362));
#6364=IFCPOLYLOOP((#3061,#3007,#3002));
#6365=IFCFACEOUTERBOUND(#6364,.T.);
#6366=IFCFACE((#6365));
#6367=IFCPOLYLOOP((#3061,#3069,#3007));
#6368=IFCFACEOUTERBOUND(#6367,.T.);
#6369=IFCFACE((#6368));
#6370=IFCPOLYLOOP((#2366,#2359,#3071));
#6371=IFCFACEOUTERBOUND(#6370,.T.);
#6372=IFCFACE((#6371));
#6373=IFCPOLYLOOP((#3057,#3072,#3062));
#6374=IFCFACEOUTERBOUND(#6373,.T.);
#6375=IFCFACE((#6374));
#6376=IFCPOLYLOOP((#3066,#3055,#3065));
#6377=IFCFACEOUTERBOUND(#6376,.T.);
#6378=IFCFACE((#6377));
#6379=IFCPOLYLOOP((#3065,#3067,#3066));
#6380=IFCFACEOUTERBOUND(#6379,.T.);
#6381=IFCFACE((#6380));
#6382=IFCPOLYLOOP((#2359,#3058,#3059));
#6383=IFCFACEOUTERBOUND(#6382,.T.);
#6384=IFCFACE((#6383));
#6385=IFCPOLYLOOP((#3056,#3059,#3060));
#6386=IFCFACEOUTERBOUND(#6385,.T.);
#6387=IFCFACE((#6386));
#6388=IFCPOLYLOOP((#3057,#3062,#3063));
#6389=IFCFACEOUTERBOUND(#6388,.T.);
#6390=IFCFACE((#6389));
#6391=IFCPOLYLOOP((#3063,#3061,#3002));
#6392=IFCFACEOUTERBOUND(#6391,.T.);
#6393=IFCFACE((#6392));
#6394=IFCPOLYLOOP((#3068,#3058,#2368,#2358));
#6395=IFCFACEOUTERBOUND(#6394,.T.);
#6396=IFCFACE((#6395));
#6397=IFCPOLYLOOP((#3069,#3061,#3056));
#6398=IFCFACEOUTERBOUND(#6397,.T.);
#6399=IFCFACE((#6398));
#6400=IFCPOLYLOOP((#3066,#3059,#3068));
#6401=IFCFACEOUTERBOUND(#6400,.T.);
#6402=IFCFACE((#6401));
#6403=IFCPOLYLOOP((#2366,#3070,#2360));
#6404=IFCFACEOUTERBOUND(#6403,.T.);
#6405=IFCFACE((#6404));
#6406=IFCPOLYLOOP((#3068,#3055,#3066));
#6407=IFCFACEOUTERBOUND(#6406,.T.);
#6408=IFCFACE((#6407));
#6409=IFCPOLYLOOP((#3056,#3061,#3062));
#6410=IFCFACEOUTERBOUND(#6409,.T.);
#6411=IFCFACE((#6410));
#6412=IFCPOLYLOOP((#3003,#3069,#3060));
#6413=IFCFACEOUTERBOUND(#6412,.T.);
#6414=IFCFACE((#6413));
#6415=IFCPOLYLOOP((#3063,#3062,#3061));
#6416=IFCFACEOUTERBOUND(#6415,.T.);
#6417=IFCFACE((#6416));
#6418=IFCPOLYLOOP((#3071,#3070,#2366));
#6419=IFCFACEOUTERBOUND(#6418,.T.);
#6420=IFCFACE((#6419));
#6421=IFCPOLYLOOP((#3070,#3073,#2360));
#6422=IFCFACEOUTERBOUND(#6421,.T.);
#6423=IFCFACE((#6422));
#6424=IFCPOLYLOOP((#3074,#3006,#3001));
#6425=IFCFACEOUTERBOUND(#6424,.T.);
#6426=IFCFACE((#6425));
#6427=IFCPOLYLOOP((#3072,#2356,#2365));
#6428=IFCFACEOUTERBOUND(#6427,.T.);
#6429=IFCFACE((#6428));
#6430=IFCPOLYLOOP((#3074,#3063,#3006));
#6431=IFCFACEOUTERBOUND(#6430,.T.);
#6432=IFCFACE((#6431));
#6433=IFCPOLYLOOP((#3067,#3004,#3008,#3064,#3003));
#6434=IFCFACEOUTERBOUND(#6433,.T.);
#6435=IFCFACE((#6434));
#6436=IFCPOLYLOOP((#3067,#3065,#3004));
#6437=IFCFACEOUTERBOUND(#6436,.T.);
#6438=IFCFACE((#6437));
#6439=IFCPOLYLOOP((#3066,#3060,#3059));
#6440=IFCFACEOUTERBOUND(#6439,.T.);
#6441=IFCFACE((#6440));
#6442=IFCPOLYLOOP((#3067,#3003,#3060));
#6443=IFCFACEOUTERBOUND(#6442,.T.);
#6444=IFCFACE((#6443));
#6445=IFCPOLYLOOP((#3066,#3067,#3060));
#6446=IFCFACEOUTERBOUND(#6445,.T.);
#6447=IFCFACE((#6446));
#6448=IFCPOLYLOOP((#3055,#3068,#2358));
#6449=IFCFACEOUTERBOUND(#6448,.T.);
#6450=IFCFACE((#6449));
#6451=IFCPOLYLOOP((#3068,#3059,#3058));
#6452=IFCFACEOUTERBOUND(#6451,.T.);
#6453=IFCFACE((#6452));
#6454=IFCPOLYLOOP((#3007,#3069,#3003));
#6455=IFCFACEOUTERBOUND(#6454,.T.);
#6456=IFCFACE((#6455));
#6457=IFCPOLYLOOP((#3063,#3002,#3006));
#6458=IFCFACEOUTERBOUND(#6457,.T.);
#6459=IFCFACE((#6458));
#6460=IFCPOLYLOOP((#3060,#3069,#3056));
#6461=IFCFACEOUTERBOUND(#6460,.T.);
#6462=IFCFACE((#6461));
#6463=IFCPOLYLOOP((#3056,#3062,#3070));
#6464=IFCFACEOUTERBOUND(#6463,.T.);
#6465=IFCFACE((#6464));
#6466=IFCPOLYLOOP((#3059,#3056,#3071));
#6467=IFCFACEOUTERBOUND(#6466,.T.);
#6468=IFCFACE((#6467));
#6469=IFCPOLYLOOP((#3070,#3071,#3056));
#6470=IFCFACEOUTERBOUND(#6469,.T.);
#6471=IFCFACE((#6470));
#6472=IFCPOLYLOOP((#3059,#3071,#2359));
#6473=IFCFACEOUTERBOUND(#6472,.T.);
#6474=IFCFACE((#6473));
#6475=IFCPOLYLOOP((#2365,#2360,#3073));
#6476=IFCFACEOUTERBOUND(#6475,.T.);
#6477=IFCFACE((#6476));
#6478=IFCPOLYLOOP((#2365,#3073,#3072));
#6479=IFCFACEOUTERBOUND(#6478,.T.);
#6480=IFCFACE((#6479));
#6481=IFCPOLYLOOP((#3073,#3062,#3072));
#6482=IFCFACEOUTERBOUND(#6481,.T.);
#6483=IFCFACE((#6482));
#6484=IFCPOLYLOOP((#3062,#3073,#3070));
#6485=IFCFACEOUTERBOUND(#6484,.T.);
#6486=IFCFACE((#6485));
#6487=IFCPOLYLOOP((#3074,#3057,#3063));
#6488=IFCFACEOUTERBOUND(#6487,.T.);
#6489=IFCFACE((#6488));
#6490=IFCPOLYLOOP((#3009,#3004,#3065,#3055,#2358,#2370));
#6491=IFCFACEOUTERBOUND(#6490,.T.);
#6492=IFCFACE((#6491));
#6493=IFCPOLYLOOP((#3010,#3009,#2370,#2372));
#6494=IFCFACEOUTERBOUND(#6493,.T.);
#6495=IFCFACE((#6494));
#6496=IFCPOLYLOOP((#3011,#3010,#2372,#2374));
#6497=IFCFACEOUTERBOUND(#6496,.T.);
#6498=IFCFACE((#6497));
#6499=IFCPOLYLOOP((#3090,#3085,#3091));
#6500=IFCFACEOUTERBOUND(#6499,.T.);
#6501=IFCFACE((#6500));
#6502=IFCPOLYLOOP((#3087,#3086,#3078));
#6503=IFCFACEOUTERBOUND(#6502,.T.);
#6504=IFCFACE((#6503));
#6505=IFCPOLYLOOP((#3087,#3013,#3017));
#6506=IFCFACEOUTERBOUND(#6505,.T.);
#6507=IFCFACE((#6506));
#6508=IFCPOLYLOOP((#3111,#2376,#2385,#3107));
#6509=IFCFACEOUTERBOUND(#6508,.T.);
#6510=IFCFACE((#6509));
#6511=IFCPOLYLOOP((#3082,#3097,#3098));
#6512=IFCFACEOUTERBOUND(#6511,.T.);
#6513=IFCFACE((#6512));
#6514=IFCPOLYLOOP((#3110,#3105,#3076));
#6515=IFCFACEOUTERBOUND(#6514,.T.);
#6516=IFCFACE((#6515));
#6517=IFCPOLYLOOP((#3093,#3092,#3094));
#6518=IFCFACEOUTERBOUND(#6517,.T.);
#6519=IFCFACE((#6518));
#6520=IFCPOLYLOOP((#3102,#3077,#3096));
#6521=IFCFACEOUTERBOUND(#6520,.T.);
#6522=IFCFACE((#6521));
#6523=IFCPOLYLOOP((#3095,#3096,#3082));
#6524=IFCFACEOUTERBOUND(#6523,.T.);
#6525=IFCFACE((#6524));
#6526=IFCPOLYLOOP((#3117,#3118,#3087));
#6527=IFCFACEOUTERBOUND(#6526,.T.);
#6528=IFCFACE((#6527));
#6529=IFCPOLYLOOP((#3102,#3103,#3077));
#6530=IFCFACEOUTERBOUND(#6529,.T.);
#6531=IFCFACE((#6530));
#6532=IFCPOLYLOOP((#3105,#3080,#3103));
#6533=IFCFACEOUTERBOUND(#6532,.T.);
#6534=IFCFACE((#6533));
#6535=IFCPOLYLOOP((#3076,#3105,#3112));
#6536=IFCFACEOUTERBOUND(#6535,.T.);
#6537=IFCFACE((#6536));
#6538=IFCPOLYLOOP((#3091,#3119,#2379));
#6539=IFCFACEOUTERBOUND(#6538,.T.);
#6540=IFCFACE((#6539));
#6541=IFCPOLYLOOP((#3108,#3084,#3104));
#6542=IFCFACEOUTERBOUND(#6541,.T.);
#6543=IFCFACE((#6542));
#6544=IFCPOLYLOOP((#3097,#3082,#3096));
#6545=IFCFACEOUTERBOUND(#6544,.T.);
#6546=IFCFACE((#6545));
#6547=IFCPOLYLOOP((#3095,#3014,#3026));
#6548=IFCFACEOUTERBOUND(#6547,.T.);
#6549=IFCFACE((#6548));
#6550=IFCPOLYLOOP((#3088,#3093,#3094));
#6551=IFCFACEOUTERBOUND(#6550,.T.);
#6552=IFCFACE((#6551));
#6553=IFCPOLYLOOP((#3082,#3094,#3095));
#6554=IFCFACEOUTERBOUND(#6553,.T.);
#6555=IFCFACE((#6554));
#6556=IFCPOLYLOOP((#3097,#3113,#3083));
#6557=IFCFACEOUTERBOUND(#6556,.T.);
#6558=IFCFACE((#6557));
#6559=IFCPOLYLOOP((#3087,#3078,#3112));
#6560=IFCFACEOUTERBOUND(#6559,.T.);
#6561=IFCFACE((#6560));
#6562=IFCPOLYLOOP((#3077,#3103,#3104));
#6563=IFCFACEOUTERBOUND(#6562,.T.);
#6564=IFCFACE((#6563));
#6565=IFCPOLYLOOP((#3108,#2395,#3084));
#6566=IFCFACEOUTERBOUND(#6565,.T.);
#6567=IFCFACE((#6566));
#6568=IFCPOLYLOOP((#3091,#3083,#3119));
#6569=IFCFACEOUTERBOUND(#6568,.T.);
#6570=IFCFACE((#6569));
#6571=IFCPOLYLOOP((#3101,#3098,#3083));
#6572=IFCFACEOUTERBOUND(#6571,.T.);
#6573=IFCFACE((#6572));
#6574=IFCPOLYLOOP((#3017,#3012,#3086));
#6575=IFCFACEOUTERBOUND(#6574,.T.);
#6576=IFCFACE((#6575));
#6577=IFCPOLYLOOP((#3087,#3079,#3117));
#6578=IFCFACEOUTERBOUND(#6577,.T.);
#6579=IFCFACE((#6578));
#6580=IFCPOLYLOOP((#3017,#3086,#3087));
#6581=IFCFACEOUTERBOUND(#6580,.T.);
#6582=IFCFACE((#6581));
#6583=IFCPOLYLOOP((#3082,#3098,#3116));
#6584=IFCFACEOUTERBOUND(#6583,.T.);
#6585=IFCFACE((#6584));
#6586=IFCPOLYLOOP((#3091,#2379,#2397,#3089));
#6587=IFCFACEOUTERBOUND(#6586,.T.);
#6588=IFCFACE((#6587));
#6589=IFCPOLYLOOP((#3098,#3101,#3100));
#6590=IFCFACEOUTERBOUND(#6589,.T.);
#6591=IFCFACE((#6590));
#6592=IFCPOLYLOOP((#3089,#2378,#3090));
#6593=IFCFACEOUTERBOUND(#6592,.T.);
#6594=IFCFACE((#6593));
#6595=IFCPOLYLOOP((#3093,#3015,#3092));
#6596=IFCFACEOUTERBOUND(#6595,.T.);
#6597=IFCFACE((#6596));
#6598=IFCPOLYLOOP((#3089,#3090,#3091));
#6599=IFCFACEOUTERBOUND(#6598,.T.);
#6600=IFCFACE((#6599));
#6601=IFCPOLYLOOP((#3116,#3094,#3082));
#6602=IFCFACEOUTERBOUND(#6601,.T.);
#6603=IFCFACE((#6602));
#6604=IFCPOLYLOOP((#3095,#3081,#3096));
#6605=IFCFACEOUTERBOUND(#6604,.T.);
#6606=IFCFACE((#6605));
#6607=IFCPOLYLOOP((#3094,#3092,#3028,#3014));
#6608=IFCFACEOUTERBOUND(#6607,.T.);
#6609=IFCFACE((#6608));
#6610=IFCPOLYLOOP((#3094,#3014,#3095));
#6611=IFCFACEOUTERBOUND(#6610,.T.);
#6612=IFCFACE((#6611));
#6613=IFCPOLYLOOP((#3095,#3026,#3081));
#6614=IFCFACEOUTERBOUND(#6613,.T.);
#6615=IFCFACE((#6614));
#6616=IFCPOLYLOOP((#3102,#3096,#3081));
#6617=IFCFACEOUTERBOUND(#6616,.T.);
#6618=IFCFACE((#6617));
#6619=IFCPOLYLOOP((#3118,#3026,#3013));
#6620=IFCFACEOUTERBOUND(#6619,.T.);
#6621=IFCFACE((#6620));
#6622=IFCPOLYLOOP((#3097,#3096,#3077));
#6623=IFCFACEOUTERBOUND(#6622,.T.);
#6624=IFCFACE((#6623));
#6625=IFCPOLYLOOP((#3113,#3097,#3077));
#6626=IFCFACEOUTERBOUND(#6625,.T.);
#6627=IFCFACE((#6626));
#6628=IFCPOLYLOOP((#3098,#3097,#3083));
#6629=IFCFACEOUTERBOUND(#6628,.T.);
#6630=IFCFACE((#6629));
#6631=IFCPOLYLOOP((#3101,#3085,#3100));
#6632=IFCFACEOUTERBOUND(#6631,.T.);
#6633=IFCFACE((#6632));
#6634=IFCPOLYLOOP((#3075,#3099,#3088,#3116));
#6635=IFCFACEOUTERBOUND(#6634,.T.);
#6636=IFCFACE((#6635));
#6637=IFCPOLYLOOP((#3088,#3094,#3116));
#6638=IFCFACEOUTERBOUND(#6637,.T.);
#6639=IFCFACE((#6638));
#6640=IFCPOLYLOOP((#3101,#3091,#3085));
#6641=IFCFACEOUTERBOUND(#6640,.T.);
#6642=IFCFACE((#6641));
#6643=IFCPOLYLOOP((#3075,#3098,#3100));
#6644=IFCFACEOUTERBOUND(#6643,.T.);
#6645=IFCFACE((#6644));
#6646=IFCPOLYLOOP((#3091,#3101,#3083));
#6647=IFCFACEOUTERBOUND(#6646,.T.);
#6648=IFCFACE((#6647));
#6649=IFCPOLYLOOP((#3117,#3102,#3081));
#6650=IFCFACEOUTERBOUND(#6649,.T.);
#6651=IFCFACE((#6650));
#6652=IFCPOLYLOOP((#3103,#3102,#3079));
#6653=IFCFACEOUTERBOUND(#6652,.T.);
#6654=IFCFACE((#6653));
#6655=IFCPOLYLOOP((#3105,#3103,#3079));
#6656=IFCFACEOUTERBOUND(#6655,.T.);
#6657=IFCFACE((#6656));
#6658=IFCPOLYLOOP((#3104,#3084,#3113));
#6659=IFCFACEOUTERBOUND(#6658,.T.);
#6660=IFCFACE((#6659));
#6661=IFCPOLYLOOP((#3103,#3080,#3104));
#6662=IFCFACEOUTERBOUND(#6661,.T.);
#6663=IFCFACE((#6662));
#6664=IFCPOLYLOOP((#3114,#3080,#3111));
#6665=IFCFACEOUTERBOUND(#6664,.T.);
#6666=IFCFACE((#6665));
#6667=IFCPOLYLOOP((#3112,#3105,#3079));
#6668=IFCFACEOUTERBOUND(#6667,.T.);
#6669=IFCFACE((#6668));
#6670=IFCPOLYLOOP((#3076,#3109,#3106,#3110));
#6671=IFCFACEOUTERBOUND(#6670,.T.);
#6672=IFCFACE((#6671));
#6673=IFCPOLYLOOP((#3080,#3108,#3104));
#6674=IFCFACEOUTERBOUND(#6673,.T.);
#6675=IFCFACE((#6674));
#6676=IFCPOLYLOOP((#3080,#3110,#3111));
#6677=IFCFACEOUTERBOUND(#6676,.T.);
#6678=IFCFACE((#6677));
#6679=IFCPOLYLOOP((#3114,#2380,#3108));
#6680=IFCFACEOUTERBOUND(#6679,.T.);
#6681=IFCFACE((#6680));
#6682=IFCPOLYLOOP((#2395,#2379,#3084));
#6683=IFCFACEOUTERBOUND(#6682,.T.);
#6684=IFCFACE((#6683));
#6685=IFCPOLYLOOP((#3108,#2380,#2395));
#6686=IFCFACEOUTERBOUND(#6685,.T.);
#6687=IFCFACE((#6686));
#6688=IFCPOLYLOOP((#3111,#3110,#3106));
#6689=IFCFACEOUTERBOUND(#6688,.T.);
#6690=IFCFACE((#6689));
#6691=IFCPOLYLOOP((#3105,#3110,#3080));
#6692=IFCFACEOUTERBOUND(#6691,.T.);
#6693=IFCFACE((#6692));
#6694=IFCPOLYLOOP((#2376,#3111,#3106));
#6695=IFCFACEOUTERBOUND(#6694,.T.);
#6696=IFCFACE((#6695));
#6697=IFCPOLYLOOP((#2380,#3114,#3107));
#6698=IFCFACEOUTERBOUND(#6697,.T.);
#6699=IFCFACE((#6698));
#6700=IFCPOLYLOOP((#3087,#3112,#3079));
#6701=IFCFACEOUTERBOUND(#6700,.T.);
#6702=IFCFACE((#6701));
#6703=IFCPOLYLOOP((#3112,#3078,#3115,#3076));
#6704=IFCFACEOUTERBOUND(#6703,.T.);
#6705=IFCFACE((#6704));
#6706=IFCPOLYLOOP((#3104,#3113,#3077));
#6707=IFCFACEOUTERBOUND(#6706,.T.);
#6708=IFCFACE((#6707));
#6709=IFCPOLYLOOP((#3113,#3084,#3119));
#6710=IFCFACEOUTERBOUND(#6709,.T.);
#6711=IFCFACE((#6710));
#6712=IFCPOLYLOOP((#3080,#3114,#3108));
#6713=IFCFACEOUTERBOUND(#6712,.T.);
#6714=IFCFACE((#6713));
#6715=IFCPOLYLOOP((#3107,#3114,#3111));
#6716=IFCFACEOUTERBOUND(#6715,.T.);
#6717=IFCFACE((#6716));
#6718=IFCPOLYLOOP((#3075,#3116,#3098));
#6719=IFCFACEOUTERBOUND(#6718,.T.);
#6720=IFCFACE((#6719));
#6721=IFCPOLYLOOP((#3102,#3117,#3079));
#6722=IFCFACEOUTERBOUND(#6721,.T.);
#6723=IFCFACE((#6722));
#6724=IFCPOLYLOOP((#3118,#3117,#3081));
#6725=IFCFACEOUTERBOUND(#6724,.T.);
#6726=IFCFACE((#6725));
#6727=IFCPOLYLOOP((#3026,#3118,#3081));
#6728=IFCFACEOUTERBOUND(#6727,.T.);
#6729=IFCFACE((#6728));
#6730=IFCPOLYLOOP((#3087,#3118,#3013));
#6731=IFCFACEOUTERBOUND(#6730,.T.);
#6732=IFCFACE((#6731));
#6733=IFCPOLYLOOP((#3113,#3119,#3083));
#6734=IFCFACEOUTERBOUND(#6733,.T.);
#6735=IFCFACE((#6734));
#6736=IFCPOLYLOOP((#2379,#3119,#3084));
#6737=IFCFACEOUTERBOUND(#6736,.T.);
#6738=IFCFACE((#6737));
#6739=IFCPOLYLOOP((#3030,#3015,#3093,#3088,#3099,#3075,#3100,#3085,#3090,#2378,#2399,#3133,#3128,#3138,#3122,#3143,#3121,#3136,#3123,#3131,#3134));
#6740=IFCFACEOUTERBOUND(#6739,.T.);
#6741=IFCFACE((#6740));
#6742=IFCPOLYLOOP((#3145,#3122,#3146));
#6743=IFCFACEOUTERBOUND(#6742,.T.);
#6744=IFCFACE((#6743));
#6745=IFCPOLYLOOP((#2403,#3133,#2404));
#6746=IFCFACEOUTERBOUND(#6745,.T.);
#6747=IFCFACE((#6746));
#6748=IFCPOLYLOOP((#3128,#3137,#3147));
#6749=IFCFACEOUTERBOUND(#6748,.T.);
#6750=IFCFACE((#6749));
#6751=IFCPOLYLOOP((#3139,#3126,#3150));
#6752=IFCFACEOUTERBOUND(#6751,.T.);
#6753=IFCFACE((#6752));
#6754=IFCPOLYLOOP((#3137,#3132,#3129));
#6755=IFCFACEOUTERBOUND(#6754,.T.);
#6756=IFCFACE((#6755));
#6757=IFCPOLYLOOP((#3137,#2403,#2402));
#6758=IFCFACEOUTERBOUND(#6757,.T.);
#6759=IFCFACE((#6758));
#6760=IFCPOLYLOOP((#3141,#3139,#3123));
#6761=IFCFACEOUTERBOUND(#6760,.T.);
#6762=IFCFACE((#6761));
#6763=IFCPOLYLOOP((#3141,#3148,#3120));
#6764=IFCFACEOUTERBOUND(#6763,.T.);
#6765=IFCFACE((#6764));
#6766=IFCPOLYLOOP((#3123,#3139,#3131));
#6767=IFCFACEOUTERBOUND(#6766,.T.);
#6768=IFCFACE((#6767));
#6769=IFCPOLYLOOP((#3142,#3125,#3127));
#6770=IFCFACEOUTERBOUND(#6769,.T.);
#6771=IFCFACE((#6770));
#6772=IFCPOLYLOOP((#3031,#3030,#3134));
#6773=IFCFACEOUTERBOUND(#6772,.T.);
#6774=IFCFACE((#6773));
#6775=IFCPOLYLOOP((#3133,#2399,#2404));
#6776=IFCFACEOUTERBOUND(#6775,.T.);
#6777=IFCFACE((#6776));
#6778=IFCPOLYLOOP((#2402,#2401,#3132));
#6779=IFCFACEOUTERBOUND(#6778,.T.);
#6780=IFCFACE((#6779));
#6781=IFCPOLYLOOP((#3033,#3135,#3034));
#6782=IFCFACEOUTERBOUND(#6781,.T.);
#6783=IFCFACE((#6782));
#6784=IFCPOLYLOOP((#3143,#3145,#3149));
#6785=IFCFACEOUTERBOUND(#6784,.T.);
#6786=IFCFACE((#6785));
#6787=IFCPOLYLOOP((#3132,#3137,#2402));
#6788=IFCFACEOUTERBOUND(#6787,.T.);
#6789=IFCFACE((#6788));
#6790=IFCPOLYLOOP((#3126,#3139,#3140));
#6791=IFCFACEOUTERBOUND(#6790,.T.);
#6792=IFCFACE((#6791));
#6793=IFCPOLYLOOP((#3124,#3144,#3145));
#6794=IFCFACEOUTERBOUND(#6793,.T.);
#6795=IFCFACE((#6794));
#6796=IFCPOLYLOOP((#3130,#3147,#3129));
#6797=IFCFACEOUTERBOUND(#6796,.T.);
#6798=IFCFACE((#6797));
#6799=IFCPOLYLOOP((#3150,#3032,#3031));
#6800=IFCFACEOUTERBOUND(#6799,.T.);
#6801=IFCFACE((#6800));
#6802=IFCPOLYLOOP((#3147,#3130,#3146));
#6803=IFCFACEOUTERBOUND(#6802,.T.);
#6804=IFCFACE((#6803));
#6805=IFCPOLYLOOP((#3033,#3032,#3150));
#6806=IFCFACEOUTERBOUND(#6805,.T.);
#6807=IFCFACE((#6806));
#6808=IFCPOLYLOOP((#3031,#3134,#3150));
#6809=IFCFACEOUTERBOUND(#6808,.T.);
#6810=IFCFACE((#6809));
#6811=IFCPOLYLOOP((#3150,#3131,#3139));
#6812=IFCFACEOUTERBOUND(#6811,.T.);
#6813=IFCFACE((#6812));
#6814=IFCPOLYLOOP((#3128,#3133,#3137));
#6815=IFCFACEOUTERBOUND(#6814,.T.);
#6816=IFCFACE((#6815));
#6817=IFCPOLYLOOP((#3142,#3136,#3121));
#6818=IFCFACEOUTERBOUND(#6817,.T.);
#6819=IFCFACE((#6818));
#6820=IFCPOLYLOOP((#2403,#3137,#3133));
#6821=IFCFACEOUTERBOUND(#6820,.T.);
#6822=IFCFACE((#6821));
#6823=IFCPOLYLOOP((#3124,#3146,#3130));
#6824=IFCFACEOUTERBOUND(#6823,.T.);
#6825=IFCFACE((#6824));
#6826=IFCPOLYLOOP((#3141,#3136,#3148));
#6827=IFCFACEOUTERBOUND(#6826,.T.);
#6828=IFCFACE((#6827));
#6829=IFCPOLYLOOP((#3150,#3126,#3135));
#6830=IFCFACEOUTERBOUND(#6829,.T.);
#6831=IFCFACE((#6830));
#6832=IFCPOLYLOOP((#3141,#3120,#3140));
#6833=IFCFACEOUTERBOUND(#6832,.T.);
#6834=IFCFACE((#6833));
#6835=IFCPOLYLOOP((#3139,#3141,#3140));
#6836=IFCFACEOUTERBOUND(#6835,.T.);
#6837=IFCFACE((#6836));
#6838=IFCPOLYLOOP((#3123,#3136,#3141));
#6839=IFCFACEOUTERBOUND(#6838,.T.);
#6840=IFCFACE((#6839));
#6841=IFCPOLYLOOP((#3127,#3120,#3148));
#6842=IFCFACEOUTERBOUND(#6841,.T.);
#6843=IFCFACE((#6842));
#6844=IFCPOLYLOOP((#3121,#3143,#3149));
#6845=IFCFACEOUTERBOUND(#6844,.T.);
#6846=IFCFACE((#6845));
#6847=IFCPOLYLOOP((#3125,#3142,#3149));
#6848=IFCFACEOUTERBOUND(#6847,.T.);
#6849=IFCFACE((#6848));
#6850=IFCPOLYLOOP((#3122,#3145,#3143));
#6851=IFCFACEOUTERBOUND(#6850,.T.);
#6852=IFCFACE((#6851));
#6853=IFCPOLYLOOP((#3122,#3138,#3146));
#6854=IFCFACEOUTERBOUND(#6853,.T.);
#6855=IFCFACE((#6854));
#6856=IFCPOLYLOOP((#3144,#3125,#3149));
#6857=IFCFACEOUTERBOUND(#6856,.T.);
#6858=IFCFACE((#6857));
#6859=IFCPOLYLOOP((#3145,#3146,#3124));
#6860=IFCFACEOUTERBOUND(#6859,.T.);
#6861=IFCFACE((#6860));
#6862=IFCPOLYLOOP((#3138,#3128,#3147));
#6863=IFCFACEOUTERBOUND(#6862,.T.);
#6864=IFCFACE((#6863));
#6865=IFCPOLYLOOP((#3147,#3146,#3138));
#6866=IFCFACEOUTERBOUND(#6865,.T.);
#6867=IFCFACE((#6866));
#6868=IFCPOLYLOOP((#3129,#3147,#3137));
#6869=IFCFACEOUTERBOUND(#6868,.T.);
#6870=IFCFACE((#6869));
#6871=IFCPOLYLOOP((#3136,#3142,#3148));
#6872=IFCFACEOUTERBOUND(#6871,.T.);
#6873=IFCFACE((#6872));
#6874=IFCPOLYLOOP((#3127,#3148,#3142));
#6875=IFCFACEOUTERBOUND(#6874,.T.);
#6876=IFCFACE((#6875));
#6877=IFCPOLYLOOP((#3149,#3145,#3144));
#6878=IFCFACEOUTERBOUND(#6877,.T.);
#6879=IFCFACE((#6878));
#6880=IFCPOLYLOOP((#3121,#3149,#3142));
#6881=IFCFACEOUTERBOUND(#6880,.T.);
#6882=IFCFACE((#6881));
#6883=IFCPOLYLOOP((#3150,#3134,#3131));
#6884=IFCFACEOUTERBOUND(#6883,.T.);
#6885=IFCFACE((#6884));
#6886=IFCPOLYLOOP((#3033,#3150,#3135));
#6887=IFCFACEOUTERBOUND(#6886,.T.);
#6888=IFCFACE((#6887));
#6889=IFCPOLYLOOP((#3045,#3044,#2418,#2420));
#6890=IFCFACEOUTERBOUND(#6889,.T.);
#6891=IFCFACE((#6890));
#6892=IFCPOLYLOOP((#3046,#3045,#2420,#2422,#3160,#3151));
#6893=IFCFACEOUTERBOUND(#6892,.T.);
#6894=IFCFACE((#6893));
#6895=IFCPOLYLOOP((#3152,#3158,#3157));
#6896=IFCFACEOUTERBOUND(#6895,.T.);
#6897=IFCFACE((#6896));
#6898=IFCPOLYLOOP((#3165,#3166,#3155));
#6899=IFCFACEOUTERBOUND(#6898,.T.);
#6900=IFCFACE((#6899));
#6901=IFCPOLYLOOP((#3151,#3161,#3163));
#6902=IFCFACEOUTERBOUND(#6901,.T.);
#6903=IFCFACE((#6902));
#6904=IFCPOLYLOOP((#3156,#3157,#3047));
#6905=IFCFACEOUTERBOUND(#6904,.T.);
#6906=IFCFACE((#6905));
#6907=IFCPOLYLOOP((#3152,#3155,#3167));
#6908=IFCFACEOUTERBOUND(#6907,.T.);
#6909=IFCFACE((#6908));
#6910=IFCPOLYLOOP((#2433,#2425,#3152));
#6911=IFCFACEOUTERBOUND(#6910,.T.);
#6912=IFCFACE((#6911));
#6913=IFCPOLYLOOP((#3154,#3165,#3155));
#6914=IFCFACEOUTERBOUND(#6913,.T.);
#6915=IFCFACE((#6914));
#6916=IFCPOLYLOOP((#3158,#3052,#3047));
#6917=IFCFACEOUTERBOUND(#6916,.T.);
#6918=IFCFACE((#6917));
#6919=IFCPOLYLOOP((#3164,#3161,#3160));
#6920=IFCFACEOUTERBOUND(#6919,.T.);
#6921=IFCFACE((#6920));
#6922=IFCPOLYLOOP((#3167,#3155,#3166));
#6923=IFCFACEOUTERBOUND(#6922,.T.);
#6924=IFCFACE((#6923));
#6925=IFCPOLYLOOP((#3155,#3152,#2425));
#6926=IFCFACEOUTERBOUND(#6925,.T.);
#6927=IFCFACE((#6926));
#6928=IFCPOLYLOOP((#3165,#2424,#3153));
#6929=IFCFACEOUTERBOUND(#6928,.T.);
#6930=IFCFACE((#6929));
#6931=IFCPOLYLOOP((#3154,#3155,#2425));
#6932=IFCFACEOUTERBOUND(#6931,.T.);
#6933=IFCFACE((#6932));
#6934=IFCPOLYLOOP((#3160,#3161,#3151));
#6935=IFCFACEOUTERBOUND(#6934,.T.);
#6936=IFCFACE((#6935));
#6937=IFCPOLYLOOP((#3046,#3151,#3163));
#6938=IFCFACEOUTERBOUND(#6937,.T.);
#6939=IFCFACE((#6938));
#6940=IFCPOLYLOOP((#3157,#3161,#3162));
#6941=IFCFACEOUTERBOUND(#6940,.T.);
#6942=IFCFACE((#6941));
#6943=IFCPOLYLOOP((#3167,#3052,#3152));
#6944=IFCFACEOUTERBOUND(#6943,.T.);
#6945=IFCFACE((#6944));
#6946=IFCPOLYLOOP((#3157,#3158,#3047));
#6947=IFCFACEOUTERBOUND(#6946,.T.);
#6948=IFCFACE((#6947));
#6949=IFCPOLYLOOP((#3152,#3052,#3158));
#6950=IFCFACEOUTERBOUND(#6949,.T.);
#6951=IFCFACE((#6950));
#6952=IFCPOLYLOOP((#3159,#2426,#2433));
#6953=IFCFACEOUTERBOUND(#6952,.T.);
#6954=IFCFACE((#6953));
#6955=IFCPOLYLOOP((#2433,#3152,#3159));
#6956=IFCFACEOUTERBOUND(#6955,.T.);
#6957=IFCFACE((#6956));
#6958=IFCPOLYLOOP((#3157,#3159,#3152));
#6959=IFCFACEOUTERBOUND(#6958,.T.);
#6960=IFCFACE((#6959));
#6961=IFCPOLYLOOP((#3159,#3157,#3162));
#6962=IFCFACEOUTERBOUND(#6961,.T.);
#6963=IFCFACE((#6962));
#6964=IFCPOLYLOOP((#3159,#3162,#2426));
#6965=IFCFACEOUTERBOUND(#6964,.T.);
#6966=IFCFACE((#6965));
#6967=IFCPOLYLOOP((#2422,#2435,#3164));
#6968=IFCFACEOUTERBOUND(#6967,.T.);
#6969=IFCFACE((#6968));
#6970=IFCPOLYLOOP((#3163,#3157,#3156));
#6971=IFCFACEOUTERBOUND(#6970,.T.);
#6972=IFCFACE((#6971));
#6973=IFCPOLYLOOP((#3164,#3162,#3161));
#6974=IFCFACEOUTERBOUND(#6973,.T.);
#6975=IFCFACE((#6974));
#6976=IFCPOLYLOOP((#2426,#3162,#2435));
#6977=IFCFACEOUTERBOUND(#6976,.T.);
#6978=IFCFACE((#6977));
#6979=IFCPOLYLOOP((#3157,#3163,#3161));
#6980=IFCFACEOUTERBOUND(#6979,.T.);
#6981=IFCFACE((#6980));
#6982=IFCPOLYLOOP((#3163,#3156,#3053,#3046));
#6983=IFCFACEOUTERBOUND(#6982,.T.);
#6984=IFCFACE((#6983));
#6985=IFCPOLYLOOP((#2422,#3164,#3160));
#6986=IFCFACEOUTERBOUND(#6985,.T.);
#6987=IFCFACE((#6986));
#6988=IFCPOLYLOOP((#3162,#3164,#2435));
#6989=IFCFACEOUTERBOUND(#6988,.T.);
#6990=IFCFACE((#6989));
#6991=IFCPOLYLOOP((#3165,#3154,#2430,#2424));
#6992=IFCFACEOUTERBOUND(#6991,.T.);
#6993=IFCFACE((#6992));
#6994=IFCPOLYLOOP((#3166,#3165,#3153));
#6995=IFCFACEOUTERBOUND(#6994,.T.);
#6996=IFCFACE((#6995));
#6997=IFCPOLYLOOP((#3051,#3168,#3049));
#6998=IFCFACEOUTERBOUND(#6997,.T.);
#6999=IFCFACE((#6998));
#7000=IFCPOLYLOOP((#3166,#3051,#3167));
#7001=IFCFACEOUTERBOUND(#7000,.T.);
#7002=IFCFACE((#7001));
#7003=IFCPOLYLOOP((#3166,#3153,#3168));
#7004=IFCFACEOUTERBOUND(#7003,.T.);
#7005=IFCFACE((#7004));
#7006=IFCPOLYLOOP((#3167,#3048,#3052));
#7007=IFCFACEOUTERBOUND(#7006,.T.);
#7008=IFCFACE((#7007));
#7009=IFCPOLYLOOP((#3168,#3051,#3166));
#7010=IFCFACEOUTERBOUND(#7009,.T.);
#7011=IFCFACE((#7010));
#7012=IFCPOLYLOOP((#3051,#3048,#3167));
#7013=IFCFACEOUTERBOUND(#7012,.T.);
#7014=IFCFACE((#7013));
#7015=IFCCARTESIANPOINT((-25.399999999999928,152.39999999999827,361.94999999999999));
#7016=IFCCARTESIANPOINT((-0.,152.39999999999827,361.94999999999999));
#7017=IFCCARTESIANPOINT((25.400000000000098,152.39999999999819,361.94999999999999));
#7018=IFCCARTESIANPOINT((97.425279109144697,139.69999999999828,361.94999999999999));
#7019=IFCCARTESIANPOINT((132.3182423362183,127.,361.94999999999999));
#7020=IFCCARTESIANPOINT((101.48247325783787,395.15086380816751,361.94999999999999));
#7021=IFCCARTESIANPOINT((99.347910824106307,400.87018635500874,361.94999999999999));
#7022=IFCCARTESIANPOINT((94.791353106595992,404.93279499297796,361.94999999999999));
#7023=IFCCARTESIANPOINT((88.865619679780238,406.39999999999782,361.94999999999999));
#7024=IFCCARTESIANPOINT((-88.865619679781176,406.39999999999787,361.94999999999999));
#7025=IFCCARTESIANPOINT((-94.791353106596816,404.93279499297802,361.94999999999999));
#7026=IFCCARTESIANPOINT((-99.347910824107146,400.8701863550088,361.94999999999999));
#7027=IFCCARTESIANPOINT((-101.48247325783876,395.15086380816763,361.94999999999999));
#7028=IFCCARTESIANPOINT((-132.31824233621828,127.,361.94999999999999));
#7029=IFCCARTESIANPOINT((-97.425279109145464,139.69999999999808,361.94999999999999));
#7030=IFCCARTESIANPOINT((-25.399999999999928,152.39999999999827,336.54999999999984));
#7031=IFCCARTESIANPOINT((-97.425279109145464,139.69999999999808,336.54999999999984));
#7032=IFCCARTESIANPOINT((-132.31824233621828,127.,336.54999999999984));
#7033=IFCCARTESIANPOINT((-101.48247325783869,395.15086380816763,336.54999999999984));
#7034=IFCCARTESIANPOINT((-99.347910824107146,400.8701863550088,336.54999999999984));
#7035=IFCCARTESIANPOINT((-94.791353106596816,404.93279499297802,336.54999999999984));
#7036=IFCCARTESIANPOINT((-88.865619679781261,406.39999999999787,336.54999999999984));
#7037=IFCCARTESIANPOINT((88.865619679780323,406.39999999999782,336.54999999999984));
#7038=IFCCARTESIANPOINT((94.791353106595992,404.93279499297796,336.54999999999984));
#7039=IFCCARTESIANPOINT((99.347910824106307,400.87018635500874,336.54999999999984));
#7040=IFCCARTESIANPOINT((101.48247325783785,395.15086380816757,336.54999999999984));
#7041=IFCCARTESIANPOINT((132.3182423362183,127.,336.54999999999984));
#7042=IFCCARTESIANPOINT((97.425279109144697,139.69999999999828,336.54999999999984));
#7043=IFCCARTESIANPOINT((25.400000000000098,152.39999999999819,336.54999999999984));
#7044=IFCCARTESIANPOINT((0.,152.39999999999827,336.54999999999984));
#7045=IFCCARTESIANPOINT((100.54253185699619,397.66933221255402,361.94999999999999));
#7046=IFCCARTESIANPOINT((100.41519204097209,398.01052508158818,336.54999999999984));
#7047=IFCCARTESIANPOINT((97.069631965351149,402.90149067399335,361.94999999999999));
#7048=IFCCARTESIANPOINT((97.069631965351149,402.90149067399335,336.54999999999984));
#7049=IFCCARTESIANPOINT((91.474979681237571,405.75392536526476,361.94999999999999));
#7050=IFCCARTESIANPOINT((91.828486393188115,405.66639749648795,336.54999999999984));
#7051=IFCPOLYLOOP((#7029,#7015,#7016,#7017,#7018,#7019,#7020,#7045,#7021,#7047,#7022,#7049,#7023,#7024,#7025,#7026,#7027,#7028));
#7052=IFCFACEOUTERBOUND(#7051,.T.);
#7053=IFCFACE((#7052));
#7054=IFCPOLYLOOP((#7042,#7043,#7044,#7030,#7031,#7032,#7033,#7034,#7035,#7036,#7037,#7050,#7038,#7048,#7039,#7046,#7040,#7041));
#7055=IFCFACEOUTERBOUND(#7054,.T.);
#7056=IFCFACE((#7055));
#7057=IFCPOLYLOOP((#7016,#7015,#7030,#7044,#7043,#7017));
#7058=IFCFACEOUTERBOUND(#7057,.T.);
#7059=IFCFACE((#7058));
#7060=IFCPOLYLOOP((#7018,#7017,#7043,#7042));
#7061=IFCFACEOUTERBOUND(#7060,.T.);
#7062=IFCFACE((#7061));
#7063=IFCPOLYLOOP((#7019,#7018,#7042,#7041));
#7064=IFCFACEOUTERBOUND(#7063,.T.);
#7065=IFCFACE((#7064));
#7066=IFCPOLYLOOP((#7020,#7019,#7041,#7040));
#7067=IFCFACEOUTERBOUND(#7066,.T.);
#7068=IFCFACE((#7067));
#7069=IFCPOLYLOOP((#7021,#7045,#7020,#7040,#7046,#7039));
#7070=IFCFACEOUTERBOUND(#7069,.T.);
#7071=IFCFACE((#7070));
#7072=IFCPOLYLOOP((#7038,#7022,#7047,#7021,#7039,#7048));
#7073=IFCFACEOUTERBOUND(#7072,.T.);
#7074=IFCFACE((#7073));
#7075=IFCPOLYLOOP((#7049,#7022,#7038,#7050,#7037,#7023));
#7076=IFCFACEOUTERBOUND(#7075,.T.);
#7077=IFCFACE((#7076));
#7078=IFCPOLYLOOP((#7024,#7023,#7037,#7036));
#7079=IFCFACEOUTERBOUND(#7078,.T.);
#7080=IFCFACE((#7079));
#7081=IFCPOLYLOOP((#7036,#7035,#7025,#7024));
#7082=IFCFACEOUTERBOUND(#7081,.T.);
#7083=IFCFACE((#7082));
#7084=IFCPOLYLOOP((#7035,#7034,#7026,#7025));
#7085=IFCFACEOUTERBOUND(#7084,.T.);
#7086=IFCFACE((#7085));
#7087=IFCPOLYLOOP((#7034,#7033,#7027,#7026));
#7088=IFCFACEOUTERBOUND(#7087,.T.);
#7089=IFCFACE((#7088));
#7090=IFCPOLYLOOP((#7028,#7027,#7033,#7032));
#7091=IFCFACEOUTERBOUND(#7090,.T.);
#7092=IFCFACE((#7091));
#7093=IFCPOLYLOOP((#7029,#7028,#7032,#7031));
#7094=IFCFACEOUTERBOUND(#7093,.T.);
#7095=IFCFACE((#7094));
#7096=IFCPOLYLOOP((#7015,#7029,#7031,#7030));
#7097=IFCFACEOUTERBOUND(#7096,.T.);
#7098=IFCFACE((#7097));
#7099=IFCCARTESIANPOINT((-38.099999999998374,139.6999999999984,264.52472089085654));
#7100=IFCCARTESIANPOINT((-38.099999999998374,152.39999999999804,336.5499999999999));
#7101=IFCCARTESIANPOINT((-38.099999999998374,342.89999999999759,336.5499999999999));
#7102=IFCCARTESIANPOINT((-38.099999999998374,342.89999999999759,206.37499999999966));
#7103=IFCCARTESIANPOINT((-38.099999999998374,107.48526322193831,206.3749999999996));
#7104=IFCCARTESIANPOINT((-38.099999999998374,127.,229.63175766378353));
#7105=IFCPOLYLOOP((#7099,#7100,#7101,#7102,#7103,#7104));
#7106=IFCFACEOUTERBOUND(#7105,.T.);
#7107=IFCFACE((#7106));
#7108=IFCCARTESIANPOINT((38.099999999999888,139.69999999999843,264.52472089085654));
#7109=IFCCARTESIANPOINT((38.099999999999888,127.,229.63175766378353));
#7110=IFCCARTESIANPOINT((38.099999999999888,107.4852632219383,206.3749999999996));
#7111=IFCCARTESIANPOINT((38.099999999999888,342.89999999999759,206.37499999999966));
#7112=IFCCARTESIANPOINT((38.099999999999888,342.89999999999759,336.5499999999999));
#7113=IFCCARTESIANPOINT((38.099999999999888,152.39999999999804,336.5499999999999));
#7114=IFCPOLYLOOP((#7108,#7109,#7110,#7111,#7112,#7113));
#7115=IFCFACEOUTERBOUND(#7114,.T.);
#7116=IFCFACE((#7115));
#7117=IFCPOLYLOOP((#7100,#7099,#7108,#7113));
#7118=IFCFACEOUTERBOUND(#7117,.T.);
#7119=IFCFACE((#7118));
#7120=IFCPOLYLOOP((#7101,#7100,#7113,#7112));
#7121=IFCFACEOUTERBOUND(#7120,.T.);
#7122=IFCFACE((#7121));
#7123=IFCPOLYLOOP((#7102,#7101,#7112,#7111));
#7124=IFCFACEOUTERBOUND(#7123,.T.);
#7125=IFCFACE((#7124));
#7126=IFCPOLYLOOP((#7103,#7102,#7111,#7110));
#7127=IFCFACEOUTERBOUND(#7126,.T.);
#7128=IFCFACE((#7127));
#7129=IFCPOLYLOOP((#7104,#7103,#7110,#7109));
#7130=IFCFACEOUTERBOUND(#7129,.T.);
#7131=IFCFACE((#7130));
#7132=IFCPOLYLOOP((#7099,#7104,#7109,#7108));
#7133=IFCFACEOUTERBOUND(#7132,.T.);
#7134=IFCFACE((#7133));
#7135=IFCCARTESIANPOINT((-117.76363636363679,285.74999999999875,-0.));
#7136=IFCCARTESIANPOINT((-114.30000000000001,285.74999999999875,31.749999999998849));
#7137=IFCCARTESIANPOINT((-38.099999999998076,285.74999999999875,31.749999999998849));
#7138=IFCCARTESIANPOINT((-38.099999999998076,285.74999999999875,-0.));
#7139=IFCCARTESIANPOINT((-117.76363636363679,-38.099995117218484,-0.));
#7140=IFCCARTESIANPOINT((-114.30000000000001,-38.099995117218484,31.749999999998842));
#7141=IFCCARTESIANPOINT((-38.099999999998076,-38.099995117218484,31.749999999998838));
#7142=IFCCARTESIANPOINT((-38.099999999998076,-38.099995117218484,0.));
#7143=IFCCARTESIANPOINT((114.29997070330283,-38.099995117219947,31.749999999998849));
#7144=IFCCARTESIANPOINT((108.70573123277988,-73.420633047687758,31.749999999998849));
#7145=IFCCARTESIANPOINT((92.470615957944531,-105.28384084416624,31.749999999998849));
#7146=IFCCARTESIANPOINT((67.183831078597223,-130.57062572351325,31.749999999998849));
#7147=IFCCARTESIANPOINT((35.320623282118525,-146.80574099834817,31.749999999998849));
#7148=IFCCARTESIANPOINT((-1.4648349360579202E-005,-152.39998046887069,31.749999999998849));
#7149=IFCCARTESIANPOINT((-35.320652578817175,-146.80574099834772,31.749999999998849));
#7150=IFCCARTESIANPOINT((-67.183860375295652,-130.57062572351239,31.749999999998849));
#7151=IFCCARTESIANPOINT((-92.470645254642662,-105.28384084416507,31.749999999998849));
#7152=IFCCARTESIANPOINT((-108.70576052947759,-73.42063304768638,31.749999999998849));
#7153=IFCCARTESIANPOINT((-111.99987446319122,-74.490955546385152,-0.));
#7154=IFCCARTESIANPOINT((-95.272785935159874,-107.31971521801468,-0.));
#7155=IFCCARTESIANPOINT((-69.219734749145303,-133.37276640402956,-0.));
#7156=IFCCARTESIANPOINT((-36.390975077516011,-150.09985493206133,-0.));
#7157=IFCCARTESIANPOINT((-1.4648349382749751E-005,-155.86361683250746,-0.));
#7158=IFCCARTESIANPOINT((36.390945780817319,-150.09985493206179,-0.));
#7159=IFCCARTESIANPOINT((69.219705452446831,-133.37276640403044,-0.));
#7160=IFCCARTESIANPOINT((95.272756638461701,-107.3197152180159,-0.));
#7161=IFCCARTESIANPOINT((111.99984516649347,-74.490955546386601,-0.));
#7162=IFCCARTESIANPOINT((117.76360706693963,-38.099995117219969,-0.));
#7163=IFCCARTESIANPOINT((38.099970703300819,-38.099995117219464,31.749999999998849));
#7164=IFCCARTESIANPOINT((32.995540549994658,-57.149987793044147,31.749999999998849));
#7165=IFCCARTESIANPOINT((19.049978027475877,-71.095550315562747,31.749999999998849));
#7166=IFCCARTESIANPOINT((-1.4648348878954068E-005,-76.199980468868645,31.749999999998849));
#7167=IFCCARTESIANPOINT((-19.050007324173563,-71.095550315562491,31.749999999998849));
#7168=IFCCARTESIANPOINT((-32.995569846692163,-57.149987793043721,31.749999999998849));
#7169=IFCCARTESIANPOINT((38.099970703300819,-38.099995117219471,-0.));
#7170=IFCCARTESIANPOINT((32.995540549994651,-57.149987793044147,-0.));
#7171=IFCCARTESIANPOINT((19.049978027475877,-71.095550315562733,-0.));
#7172=IFCCARTESIANPOINT((-1.4648348872827119E-005,-76.199980468868645,-0.));
#7173=IFCCARTESIANPOINT((-19.050007324173563,-71.095550315562491,-0.));
#7174=IFCCARTESIANPOINT((-32.995569846692163,-57.149987793043721,-0.));
#7175=IFCCARTESIANPOINT((-35.212498807753484,-48.87629627359177,31.749999999998849));
#7176=IFCCARTESIANPOINT((-35.54778492334512,-47.624991455131337,-0.));
#7177=IFCCARTESIANPOINT((-26.022788585432867,-64.122769054303106,-0.));
#7178=IFCCARTESIANPOINT((-26.02278858543286,-64.122769054303106,31.749999999998849));
#7179=IFCCARTESIANPOINT((-9.5250109862612167,-73.647765392215561,31.749999999998849));
#7180=IFCCARTESIANPOINT((-9.5250109862612131,-73.647765392215561,-0.));
#7181=IFCCARTESIANPOINT((35.212469491316483,-48.876296347261444,31.749999999998849));
#7182=IFCCARTESIANPOINT((35.547755626647735,-47.624991455131791,-0.));
#7183=IFCCARTESIANPOINT((9.5249816895635018,-73.647765392215689,-0.));
#7184=IFCCARTESIANPOINT((9.5249816895634964,-73.647765392215689,31.749999999998849));
#7185=IFCCARTESIANPOINT((26.022759288735266,-64.122769054303433,31.749999999998849));
#7186=IFCCARTESIANPOINT((26.022759288735262,-64.122769054303447,-0.));
#7187=IFCCARTESIANPOINT((117.7636070669395,285.66816342923397,-0.));
#7188=IFCCARTESIANPOINT((38.099970703300791,285.66816342923397,-0.));
#7189=IFCCARTESIANPOINT((38.099970703300791,285.66816342923397,31.749999999998849));
#7190=IFCCARTESIANPOINT((114.29997070330272,285.66816342923397,31.749999999998849));
#7191=IFCPOLYLOOP((#7138,#7135,#7136,#7137));
#7192=IFCFACEOUTERBOUND(#7191,.T.);
#7193=IFCFACE((#7192));
#7194=IFCPOLYLOOP((#7136,#7135,#7139,#7140));
#7195=IFCFACEOUTERBOUND(#7194,.T.);
#7196=IFCFACE((#7195));
#7197=IFCPOLYLOOP((#7137,#7136,#7140,#7152,#7151,#7150,#7149,#7148,#7147,#7146,#7145,#7144,#7143,#7190,#7189,#7163,#7181,#7164,#7185,#7165,#7184,#7166,#7179,#7167,#7178,#7168,#7175,#7141));
#7198=IFCFACEOUTERBOUND(#7197,.T.);
#7199=IFCFACE((#7198));
#7200=IFCPOLYLOOP((#7138,#7137,#7141,#7142));
#7201=IFCFACEOUTERBOUND(#7200,.T.);
#7202=IFCFACE((#7201));
#7203=IFCPOLYLOOP((#7135,#7138,#7142,#7176,#7174,#7177,#7173,#7180,#7172,#7183,#7171,#7186,#7170,#7182,#7169,#7188,#7187,#7162,#7161,#7160,#7159,#7158,#7157,#7156,#7155,#7154,#7153,#7139));
#7204=IFCFACEOUTERBOUND(#7203,.T.);
#7205=IFCFACE((#7204));
#7206=IFCPOLYLOOP((#7140,#7139,#7153,#7152));
#7207=IFCFACEOUTERBOUND(#7206,.T.);
#7208=IFCFACE((#7207));
#7209=IFCPOLYLOOP((#7151,#7154,#7155,#7150));
#7210=IFCFACEOUTERBOUND(#7209,.T.);
#7211=IFCFACE((#7210));
#7212=IFCPOLYLOOP((#7153,#7154,#7151,#7152));
#7213=IFCFACEOUTERBOUND(#7212,.T.);
#7214=IFCFACE((#7213));
#7215=IFCPOLYLOOP((#7155,#7156,#7149,#7150));
#7216=IFCFACEOUTERBOUND(#7215,.T.);
#7217=IFCFACE((#7216));
#7218=IFCPOLYLOOP((#7149,#7156,#7157,#7148));
#7219=IFCFACEOUTERBOUND(#7218,.T.);
#7220=IFCFACE((#7219));
#7221=IFCPOLYLOOP((#7147,#7158,#7159,#7146));
#7222=IFCFACEOUTERBOUND(#7221,.T.);
#7223=IFCFACE((#7222));
#7224=IFCPOLYLOOP((#7145,#7160,#7161,#7144));
#7225=IFCFACEOUTERBOUND(#7224,.T.);
#7226=IFCFACE((#7225));
#7227=IFCPOLYLOOP((#7143,#7144,#7161,#7162));
#7228=IFCFACEOUTERBOUND(#7227,.T.);
#7229=IFCFACE((#7228));
#7230=IFCPOLYLOOP((#7146,#7159,#7160,#7145));
#7231=IFCFACEOUTERBOUND(#7230,.T.);
#7232=IFCFACE((#7231));
#7233=IFCPOLYLOOP((#7147,#7148,#7157,#7158));
#7234=IFCFACEOUTERBOUND(#7233,.T.);
#7235=IFCFACE((#7234));
#7236=IFCPOLYLOOP((#7176,#7142,#7141,#7175,#7168,#7174));
#7237=IFCFACEOUTERBOUND(#7236,.T.);
#7238=IFCFACE((#7237));
#7239=IFCPOLYLOOP((#7183,#7172,#7166,#7184,#7165,#7171));
#7240=IFCFACEOUTERBOUND(#7239,.T.);
#7241=IFCFACE((#7240));
#7242=IFCPOLYLOOP((#7182,#7170,#7164,#7181,#7163,#7169));
#7243=IFCFACEOUTERBOUND(#7242,.T.);
#7244=IFCFACE((#7243));
#7245=IFCPOLYLOOP((#7168,#7178,#7167,#7173,#7177,#7174));
#7246=IFCFACEOUTERBOUND(#7245,.T.);
#7247=IFCFACE((#7246));
#7248=IFCPOLYLOOP((#7172,#7180,#7173,#7167,#7179,#7166));
#7249=IFCFACEOUTERBOUND(#7248,.T.);
#7250=IFCFACE((#7249));
#7251=IFCPOLYLOOP((#7170,#7186,#7171,#7165,#7185,#7164));
#7252=IFCFACEOUTERBOUND(#7251,.T.);
#7253=IFCFACE((#7252));
#7254=IFCPOLYLOOP((#7187,#7188,#7189,#7190));
#7255=IFCFACEOUTERBOUND(#7254,.T.);
#7256=IFCFACE((#7255));
#7257=IFCPOLYLOOP((#7143,#7162,#7187,#7190));
#7258=IFCFACEOUTERBOUND(#7257,.T.);
#7259=IFCFACE((#7258));
#7260=IFCPOLYLOOP((#7169,#7163,#7189,#7188));
#7261=IFCFACEOUTERBOUND(#7260,.T.);
#7262=IFCFACE((#7261));
#7263=IFCCARTESIANPOINT((-57.150000000000034,342.89999999999719,31.749999999998838));
#7264=IFCCARTESIANPOINT((-38.09999999999939,342.89999999999719,206.3749999999996));
#7265=IFCCARTESIANPOINT((-38.09999999999939,342.89999999999719,31.749999999998838));
#7266=IFCCARTESIANPOINT((-57.150000000000055,19.050000000000203,31.749999999998842));
#7267=IFCCARTESIANPOINT((-38.099999999999433,-0.,206.3749999999996));
#7268=IFCCARTESIANPOINT((-38.09999999999939,-0.,31.749999999998838));
#7269=IFCCARTESIANPOINT((-114.29999999999902,19.050000000000217,31.749999999998838));
#7270=IFCCARTESIANPOINT((-95.24999999999838,-0.,206.3749999999996));
#7271=IFCCARTESIANPOINT((-95.24999999999838,-0.,31.749999999998838));
#7272=IFCCARTESIANPOINT((-114.29999999999902,-38.100000000001913,31.749999999998838));
#7273=IFCCARTESIANPOINT((-95.249999999998394,-38.10000000000192,206.3749999999996));
#7274=IFCCARTESIANPOINT((-95.249999999998394,-38.10000000000192,31.749999999998838));
#7275=IFCCARTESIANPOINT((95.249999999998394,-38.10000000000263,206.3749999999996));
#7276=IFCCARTESIANPOINT((89.505722129856068,-70.677418651771873,206.3749999999996));
#7277=IFCCARTESIANPOINT((72.965733207081115,-99.325519822644168,206.3749999999996));
#7278=IFCCARTESIANPOINT((47.624999999998842,-120.58891971046852,206.3749999999996));
#7279=IFCCARTESIANPOINT((16.539988922774512,-131.90293847441325,206.3749999999996));
#7280=IFCCARTESIANPOINT((-16.539988922775105,-131.90293847441311,206.3749999999996));
#7281=IFCCARTESIANPOINT((-47.624999999999375,-120.58891971046822,206.3749999999996));
#7282=IFCCARTESIANPOINT((-72.965733207081527,-99.325519822643656,206.3749999999996));
#7283=IFCCARTESIANPOINT((-89.505722129856281,-70.677418651771262,206.3749999999996));
#7284=IFCCARTESIANPOINT((-108.70575981253515,-73.420642457058037,31.749999999998838));
#7285=IFCCARTESIANPOINT((-92.470642457055789,-105.28385433703092,31.749999999998838));
#7286=IFCCARTESIANPOINT((-67.183854337029288,-130.57064245705749,31.749999999998838));
#7287=IFCCARTESIANPOINT((-35.320642457056472,-146.80575981253696,31.749999999998838));
#7288=IFCCARTESIANPOINT((-0.,-152.40000000000094,31.749999999998838));
#7289=IFCCARTESIANPOINT((35.320642457055762,-146.80575981253719,31.749999999998838));
#7290=IFCCARTESIANPOINT((67.183854337028677,-130.57064245705794,31.749999999998838));
#7291=IFCCARTESIANPOINT((92.470642457055362,-105.2838543370315,31.749999999998838));
#7292=IFCCARTESIANPOINT((108.70575981253494,-73.420642457058733,31.749999999998838));
#7293=IFCCARTESIANPOINT((114.29999999999902,-38.100000000002666,31.749999999998838));
#7294=IFCCARTESIANPOINT((95.249999999998394,-38.100000000002588,31.749999999998838));
#7295=IFCCARTESIANPOINT((89.505722129856096,-70.677418651771831,31.749999999998838));
#7296=IFCCARTESIANPOINT((72.965733207081115,-99.325519822644168,31.749999999998838));
#7297=IFCCARTESIANPOINT((47.624999999998842,-120.58891971046855,31.749999999998838));
#7298=IFCCARTESIANPOINT((16.539988922774491,-131.90293847441325,31.749999999998838));
#7299=IFCCARTESIANPOINT((-16.539988922775105,-131.90293847441311,31.749999999998838));
#7300=IFCCARTESIANPOINT((-47.624999999999375,-120.58891971046822,31.749999999998838));
#7301=IFCCARTESIANPOINT((-72.965733207081527,-99.325519822643656,31.749999999998838));
#7302=IFCCARTESIANPOINT((-89.505722129856281,-70.677418651771262,31.749999999998838));
#7303=IFCCARTESIANPOINT((114.29999999999902,19.050000000000253,31.749999999998838));
#7304=IFCCARTESIANPOINT((95.249999999998394,-0.,206.3749999999996));
#7305=IFCCARTESIANPOINT((95.24999999999838,-0.,31.749999999998838));
#7306=IFCCARTESIANPOINT((57.150000000000155,19.050000000000249,31.749999999998842));
#7307=IFCCARTESIANPOINT((38.099999999999554,-0.,206.3749999999996));
#7308=IFCCARTESIANPOINT((38.099999999999554,-0.,31.749999999998838));
#7309=IFCCARTESIANPOINT((57.150000000000169,342.89999999999742,31.749999999998838));
#7310=IFCCARTESIANPOINT((38.099999999999525,342.89999999999742,31.749999999998838));
#7311=IFCCARTESIANPOINT((38.099999999999525,342.89999999999742,206.3749999999996));
#7312=IFCPOLYLOOP((#7265,#7263,#7264));
#7313=IFCFACEOUTERBOUND(#7312,.T.);
#7314=IFCFACE((#7313));
#7315=IFCPOLYLOOP((#7310,#7311,#7309));
#7316=IFCFACEOUTERBOUND(#7315,.T.);
#7317=IFCFACE((#7316));
#7318=IFCPOLYLOOP((#7264,#7263,#7266,#7267));
#7319=IFCFACEOUTERBOUND(#7318,.T.);
#7320=IFCFACE((#7319));
#7321=IFCPOLYLOOP((#7265,#7264,#7267,#7268));
#7322=IFCFACEOUTERBOUND(#7321,.T.);
#7323=IFCFACE((#7322));
#7324=IFCPOLYLOOP((#7263,#7265,#7268,#7271,#7274,#7302,#7301,#7300,#7299,#7298,#7297,#7296,#7295,#7294,#7305,#7308,#7310,#7309,#7306,#7303,#7293,#7292,#7291,#7290,#7289,#7288,#7287,#7286,#7285,#7284,#7272,#7269,#7266));
#7325=IFCFACEOUTERBOUND(#7324,.T.);
#7326=IFCFACE((#7325));
#7327=IFCPOLYLOOP((#7267,#7266,#7269,#7270));
#7328=IFCFACEOUTERBOUND(#7327,.T.);
#7329=IFCFACE((#7328));
#7330=IFCPOLYLOOP((#7304,#7303,#7306,#7307));
#7331=IFCFACEOUTERBOUND(#7330,.T.);
#7332=IFCFACE((#7331));
#7333=IFCPOLYLOOP((#7268,#7267,#7270,#7271));
#7334=IFCFACEOUTERBOUND(#7333,.T.);
#7335=IFCFACE((#7334));
#7336=IFCPOLYLOOP((#7305,#7304,#7307,#7308));
#7337=IFCFACEOUTERBOUND(#7336,.T.);
#7338=IFCFACE((#7337));
#7339=IFCPOLYLOOP((#7270,#7269,#7272,#7273));
#7340=IFCFACEOUTERBOUND(#7339,.T.);
#7341=IFCFACE((#7340));
#7342=IFCPOLYLOOP((#7271,#7270,#7273,#7274));
#7343=IFCFACEOUTERBOUND(#7342,.T.);
#7344=IFCFACE((#7343));
#7345=IFCPOLYLOOP((#7272,#7284,#7273));
#7346=IFCFACEOUTERBOUND(#7345,.T.);
#7347=IFCFACE((#7346));
#7348=IFCPOLYLOOP((#7282,#7285,#7286));
#7349=IFCFACEOUTERBOUND(#7348,.T.);
#7350=IFCFACE((#7349));
#7351=IFCPOLYLOOP((#7281,#7286,#7287));
#7352=IFCFACEOUTERBOUND(#7351,.T.);
#7353=IFCFACE((#7352));
#7354=IFCPOLYLOOP((#7284,#7285,#7283));
#7355=IFCFACEOUTERBOUND(#7354,.T.);
#7356=IFCFACE((#7355));
#7357=IFCPOLYLOOP((#7283,#7273,#7284));
#7358=IFCFACEOUTERBOUND(#7357,.T.);
#7359=IFCFACE((#7358));
#7360=IFCPOLYLOOP((#7286,#7281,#7282));
#7361=IFCFACEOUTERBOUND(#7360,.T.);
#7362=IFCFACE((#7361));
#7363=IFCPOLYLOOP((#7281,#7287,#7280));
#7364=IFCFACEOUTERBOUND(#7363,.T.);
#7365=IFCFACE((#7364));
#7366=IFCPOLYLOOP((#7283,#7285,#7282));
#7367=IFCFACEOUTERBOUND(#7366,.T.);
#7368=IFCFACE((#7367));
#7369=IFCPOLYLOOP((#7287,#7288,#7280));
#7370=IFCFACEOUTERBOUND(#7369,.T.);
#7371=IFCFACE((#7370));
#7372=IFCPOLYLOOP((#7278,#7289,#7290));
#7373=IFCFACEOUTERBOUND(#7372,.T.);
#7374=IFCFACE((#7373));
#7375=IFCPOLYLOOP((#7276,#7291,#7292));
#7376=IFCFACEOUTERBOUND(#7375,.T.);
#7377=IFCFACE((#7376));
#7378=IFCPOLYLOOP((#7290,#7291,#7277));
#7379=IFCFACEOUTERBOUND(#7378,.T.);
#7380=IFCFACE((#7379));
#7381=IFCPOLYLOOP((#7275,#7292,#7293));
#7382=IFCFACEOUTERBOUND(#7381,.T.);
#7383=IFCFACE((#7382));
#7384=IFCPOLYLOOP((#7289,#7279,#7288));
#7385=IFCFACEOUTERBOUND(#7384,.T.);
#7386=IFCFACE((#7385));
#7387=IFCPOLYLOOP((#7289,#7278,#7279));
#7388=IFCFACEOUTERBOUND(#7387,.T.);
#7389=IFCFACE((#7388));
#7390=IFCPOLYLOOP((#7288,#7279,#7280));
#7391=IFCFACEOUTERBOUND(#7390,.T.);
#7392=IFCFACE((#7391));
#7393=IFCPOLYLOOP((#7277,#7278,#7290));
#7394=IFCFACEOUTERBOUND(#7393,.T.);
#7395=IFCFACE((#7394));
#7396=IFCPOLYLOOP((#7291,#7276,#7277));
#7397=IFCFACEOUTERBOUND(#7396,.T.);
#7398=IFCFACE((#7397));
#7399=IFCPOLYLOOP((#7292,#7275,#7276));
#7400=IFCFACEOUTERBOUND(#7399,.T.);
#7401=IFCFACE((#7400));
#7402=IFCPOLYLOOP((#7283,#7302,#7274,#7273));
#7403=IFCFACEOUTERBOUND(#7402,.T.);
#7404=IFCFACE((#7403));
#7405=IFCPOLYLOOP((#7300,#7301,#7282,#7281));
#7406=IFCFACEOUTERBOUND(#7405,.T.);
#7407=IFCFACE((#7406));
#7408=IFCPOLYLOOP((#7299,#7300,#7281,#7280));
#7409=IFCFACEOUTERBOUND(#7408,.T.);
#7410=IFCFACE((#7409));
#7411=IFCPOLYLOOP((#7283,#7282,#7301,#7302));
#7412=IFCFACEOUTERBOUND(#7411,.T.);
#7413=IFCFACE((#7412));
#7414=IFCPOLYLOOP((#7280,#7279,#7298,#7299));
#7415=IFCFACEOUTERBOUND(#7414,.T.);
#7416=IFCFACE((#7415));
#7417=IFCPOLYLOOP((#7297,#7298,#7279,#7278));
#7418=IFCFACEOUTERBOUND(#7417,.T.);
#7419=IFCFACE((#7418));
#7420=IFCPOLYLOOP((#7295,#7296,#7277,#7276));
#7421=IFCFACEOUTERBOUND(#7420,.T.);
#7422=IFCFACE((#7421));
#7423=IFCPOLYLOOP((#7278,#7277,#7296,#7297));
#7424=IFCFACEOUTERBOUND(#7423,.T.);
#7425=IFCFACE((#7424));
#7426=IFCPOLYLOOP((#7294,#7295,#7276,#7275));
#7427=IFCFACEOUTERBOUND(#7426,.T.);
#7428=IFCFACE((#7427));
#7429=IFCPOLYLOOP((#7275,#7293,#7303,#7304));
#7430=IFCFACEOUTERBOUND(#7429,.T.);
#7431=IFCFACE((#7430));
#7432=IFCPOLYLOOP((#7294,#7275,#7304,#7305));
#7433=IFCFACEOUTERBOUND(#7432,.T.);
#7434=IFCFACE((#7433));
#7435=IFCPOLYLOOP((#7307,#7306,#7309,#7311));
#7436=IFCFACEOUTERBOUND(#7435,.T.);
#7437=IFCFACE((#7436));
#7438=IFCPOLYLOOP((#7308,#7307,#7311,#7310));
#7439=IFCFACEOUTERBOUND(#7438,.T.);
#7440=IFCFACE((#7439));
#7441=IFCCARTESIANPOINT((-25.399999999999881,152.39999999999816,361.94999999999681));
#7442=IFCCARTESIANPOINT((-97.425279109145166,139.69999999999831,361.94999999999675));
#7443=IFCCARTESIANPOINT((-132.3182423362183,127.,361.94999999999675));
#7444=IFCCARTESIANPOINT((-162.58878358811108,101.59999999999857,361.94999999999663));
#7445=IFCCARTESIANPOINT((-176.98458651060196,76.199999999998511,361.94999999999658));
#7446=IFCCARTESIANPOINT((-183.79049599835312,50.799999999996253,361.94999999999652));
#7447=IFCCARTESIANPOINT((-188.28624413421011,25.303345331530107,361.94999999999635));
#7448=IFCCARTESIANPOINT((-190.50000000000054,0.,361.94999999999629));
#7449=IFCCARTESIANPOINT((-186.07248826841922,-50.606690663062381,361.94999999999618));
#7450=IFCCARTESIANPOINT((-172.40887221219577,-101.60000000000022,361.94999999999595));
#7451=IFCCARTESIANPOINT((-153.91918431147283,-152.40000000000165,361.94999999999573));
#7452=IFCCARTESIANPOINT((-130.23075527719919,-203.20000000000007,361.94999999999561));
#7453=IFCCARTESIANPOINT((-94.990008483197542,-254.,361.94999999999538));
#7454=IFCCARTESIANPOINT((-69.590008483198247,-279.40000000000128,361.94999999999533));
#7455=IFCCARTESIANPOINT((-47.592963227073568,-292.10000000000133,361.94999999999527));
#7456=IFCCARTESIANPOINT((-12.699999999999985,-304.80000000000149,361.94999999999527));
#7457=IFCCARTESIANPOINT((0.,-304.80000000000149,361.94999999999527));
#7458=IFCCARTESIANPOINT((-0.,-284.59203397055586,361.94999999999533));
#7459=IFCCARTESIANPOINT((-12.522456535901501,-284.59203397055586,361.94999999999533));
#7460=IFCCARTESIANPOINT((-39.511332295306971,-274.76888653782339,361.94999999999533));
#7461=IFCCARTESIANPOINT((-58.417898508726132,-263.85317544505403,361.94999999999538));
#7462=IFCCARTESIANPOINT((-79.214670347835266,-243.05640360594435,361.9499999999955));
#7463=IFCCARTESIANPOINT((-114.02551011563574,-192.87612023847203,361.94999999999561));
#7464=IFCCARTESIANPOINT((-136.65402096842652,-144.34912211383642,361.94999999999584));
#7465=IFCCARTESIANPOINT((-154.5758470452688,-95.10930965231708,361.94999999999595));
#7466=IFCCARTESIANPOINT((-167.72385453647658,-46.040277676834577,361.94999999999618));
#7467=IFCCARTESIANPOINT((-171.56454449679242,-2.1409905517330086,361.94999999999629));
#7468=IFCCARTESIANPOINT((-169.30873513556205,23.643028432190029,361.94999999999635));
#7469=IFCCARTESIANPOINT((-165.1012980036254,47.504590145726084,361.94999999999652));
#7470=IFCCARTESIANPOINT((-159.54843551970893,68.228155063144683,361.94999999999658));
#7471=IFCCARTESIANPOINT((-146.10859229502171,90.560513573980984,361.94999999999663));
#7472=IFCCARTESIANPOINT((-121.99808856299559,110.79162836302245,361.94999999999669));
#7473=IFCCARTESIANPOINT((-94.11728132458974,120.93941230511588,361.94999999999669));
#7474=IFCCARTESIANPOINT((-22.092002215444705,133.6394123051156,361.94999999999675));
#7475=IFCCARTESIANPOINT((-0.,133.6394123051156,361.94999999999675));
#7476=IFCCARTESIANPOINT((0.,152.39999999999816,361.94999999999681));
#7477=IFCCARTESIANPOINT((25.399999999999881,152.39999999999816,361.94999999999675));
#7478=IFCCARTESIANPOINT((22.092002215444783,133.63941230511563,361.94999999999669));
#7479=IFCCARTESIANPOINT((94.117281324589683,120.93941230511591,361.94999999999641));
#7480=IFCCARTESIANPOINT((121.99808856299552,110.79162836302248,361.94999999999629));
#7481=IFCCARTESIANPOINT((146.10859229502168,90.560513573980998,361.94999999999618));
#7482=IFCCARTESIANPOINT((159.54843551970893,68.228155063144698,361.94999999999601));
#7483=IFCCARTESIANPOINT((165.10129800362537,47.504590145726354,361.94999999999595));
#7484=IFCCARTESIANPOINT((169.3087351355621,23.64302843218962,361.94999999999584));
#7485=IFCCARTESIANPOINT((171.56454449679248,-2.1409905517328056,361.94999999999573));
#7486=IFCCARTESIANPOINT((167.72385453647661,-46.040277676834407,361.94999999999561));
#7487=IFCCARTESIANPOINT((154.57584704526892,-95.109309652316739,361.9499999999955));
#7488=IFCCARTESIANPOINT((136.65402096842669,-144.34912211383616,361.94999999999533));
#7489=IFCCARTESIANPOINT((114.0255101156356,-192.87612023847242,361.94999999999527));
#7490=IFCCARTESIANPOINT((79.214670347835352,-243.05640360594421,361.94999999999521));
#7491=IFCCARTESIANPOINT((58.417898508726125,-263.85317544505403,361.94999999999521));
#7492=IFCCARTESIANPOINT((39.511332295307213,-274.76888653782328,361.94999999999521));
#7493=IFCCARTESIANPOINT((12.522456535901501,-284.59203397055586,361.94999999999527));
#7494=IFCCARTESIANPOINT((12.699999999999951,-304.80000000000149,361.94999999999521));
#7495=IFCCARTESIANPOINT((47.592963227073518,-292.10000000000139,361.94999999999516));
#7496=IFCCARTESIANPOINT((69.59000848319819,-279.40000000000128,361.94999999999516));
#7497=IFCCARTESIANPOINT((94.990008483197713,-254.,361.94999999999516));
#7498=IFCCARTESIANPOINT((130.23075527719899,-203.20000000000053,361.94999999999521));
#7499=IFCCARTESIANPOINT((153.91918431147235,-152.40000000000273,361.94999999999527));
#7500=IFCCARTESIANPOINT((172.40887221219626,-101.59999999999907,361.94999999999538));
#7501=IFCCARTESIANPOINT((186.07248826841925,-50.606690663062551,361.94999999999555));
#7502=IFCCARTESIANPOINT((190.50000000000054,0.,361.94999999999567));
#7503=IFCCARTESIANPOINT((188.28624413421011,25.303345331530107,361.94999999999573));
#7504=IFCCARTESIANPOINT((183.79049599835307,50.799999999996388,361.9499999999959));
#7505=IFCCARTESIANPOINT((176.98458651060199,76.19999999999844,361.94999999999601));
#7506=IFCCARTESIANPOINT((162.58878358811108,101.59999999999857,361.94999999999618));
#7507=IFCCARTESIANPOINT((132.31824233621833,127.,361.94999999999629));
#7508=IFCCARTESIANPOINT((97.42527910914535,139.69999999999828,361.94999999999652));
#7509=IFCCARTESIANPOINT((91.549815856871305,139.69999999999862,328.62859207554334));
#7510=IFCCARTESIANPOINT((74.632093680876096,139.69999999999874,299.32623771838513));
#7511=IFCCARTESIANPOINT((48.712639554572505,139.69999999999879,277.57723332068741));
#7512=IFCCARTESIANPOINT((16.917722175994953,139.69999999999882,266.00482979393206));
#7513=IFCCARTESIANPOINT((-16.917722175995284,139.69999999999882,266.00482979393217));
#7514=IFCCARTESIANPOINT((-48.71263955457276,139.69999999999879,277.57723332068758));
#7515=IFCCARTESIANPOINT((-74.632093680876295,139.69999999999874,299.32623771838536));
#7516=IFCCARTESIANPOINT((-91.549815856871405,139.69999999999862,328.62859207554362));
#7517=IFCCARTESIANPOINT((-20.549031657123578,152.39999999999844,347.02025459176809));
#7518=IFCCARTESIANPOINT((-7.8490316571236614,152.39999999999847,337.79316448610007));
#7519=IFCCARTESIANPOINT((7.8490316571235779,152.39999999999847,337.79316448610001));
#7520=IFCCARTESIANPOINT((20.549031657123525,152.39999999999844,347.02025459176804));
#7521=IFCCARTESIANPOINT((-0.,152.39999999999847,337.79316448610001));
#7522=IFCCARTESIANPOINT((-22.974515828561728,152.39999999999841,354.48512729588248));
#7523=IFCCARTESIANPOINT((-14.199031657123619,152.39999999999847,342.40670953893402));
#7524=IFCCARTESIANPOINT((14.199031657123554,152.39999999999847,342.40670953893402));
#7525=IFCCARTESIANPOINT((22.974515828561703,152.39999999999841,354.48512729588236));
#7526=IFCCARTESIANPOINT((126.95842380262174,127.,324.67164326984977));
#7527=IFCCARTESIANPOINT((111.31318882335589,127.,290.41335729905558));
#7528=IFCCARTESIANPOINT((86.650021290645839,127.,261.95054467509595));
#7529=IFCCARTESIANPOINT((54.966984360486705,127.,241.58909320189963));
#7530=IFCCARTESIANPOINT((18.830849258684069,127.,230.97856658361042));
#7531=IFCCARTESIANPOINT((-18.830849258684438,127.,230.97856658361044));
#7532=IFCCARTESIANPOINT((-54.966984360487032,127.,241.58909320189983));
#7533=IFCCARTESIANPOINT((-86.650021290646109,127.,261.95054467509618));
#7534=IFCCARTESIANPOINT((-111.31318882335607,127.,290.41335729905586));
#7535=IFCCARTESIANPOINT((-126.95842380262182,127.,324.67164326985005));
#7536=IFCCARTESIANPOINT((157.04870513268057,101.59999999999901,319.86892628734086));
#7537=IFCCARTESIANPOINT((140.80601695771441,101.59999999999914,280.65560820594078));
#7538=IFCCARTESIANPOINT((114.96763142002513,101.59999999999926,246.98236857997097));
#7539=IFCCARTESIANPOINT((81.294391794055244,101.59999999999934,221.14398304228186));
#7540=IFCCARTESIANPOINT((42.081073712655005,101.59999999999938,204.9012948673159));
#7541=IFCCARTESIANPOINT((-0.,101.59999999999941,199.36121641188558));
#7542=IFCCARTESIANPOINT((-42.08107371265551,101.59999999999938,204.90129486731604));
#7543=IFCCARTESIANPOINT((-81.294391794055684,101.59999999999934,221.14398304228214));
#7544=IFCCARTESIANPOINT((-114.96763142002546,101.59999999999926,246.98236857997131));
#7545=IFCCARTESIANPOINT((-140.80601695771466,101.59999999999914,280.65560820594118));
#7546=IFCCARTESIANPOINT((-157.04870513268071,101.59999999999901,319.86892628734137));
#7547=IFCCARTESIANPOINT((170.95398296568217,76.199999999998909,316.14301832145759));
#7548=IFCCARTESIANPOINT((153.27314799646578,76.199999999999037,273.45770674469514));
#7549=IFCCARTESIANPOINT((125.14700128714354,76.19999999999915,236.80299871285246));
#7550=IFCCARTESIANPOINT((88.49229325530068,76.199999999999235,208.67685200353037));
#7551=IFCCARTESIANPOINT((45.806981678538158,76.199999999999307,190.99601703431415));
#7552=IFCCARTESIANPOINT((-0.,76.199999999999321,184.96541348939459));
#7553=IFCCARTESIANPOINT((-45.806981678538705,76.199999999999307,190.99601703431429));
#7554=IFCCARTESIANPOINT((-88.492293255301135,76.199999999999235,208.67685200353066));
#7555=IFCCARTESIANPOINT((-125.14700128714391,76.19999999999915,236.8029987128528));
#7556=IFCCARTESIANPOINT((-153.27314799646604,76.199999999999037,273.45770674469566));
#7557=IFCCARTESIANPOINT((-170.95398296568231,76.199999999998909,316.14301832145816));
#7558=IFCCARTESIANPOINT((177.52798671128676,50.799999999996778,314.38151932678358));
#7559=IFCCARTESIANPOINT((159.16723850871574,50.799999999996928,270.05475200081952));
#7560=IFCCARTESIANPOINT((129.95950603807418,50.799999999997048,231.99049396192171));
#7561=IFCCARTESIANPOINT((91.895247999176206,50.799999999997134,202.7827614912803));
#7562=IFCCARTESIANPOINT((47.5684806732121,50.799999999997198,184.42201328870948));
#7563=IFCCARTESIANPOINT((-0.,50.799999999997219,178.1595040016434));
#7564=IFCCARTESIANPOINT((-47.568480673212633,50.799999999997198,184.42201328870965));
#7565=IFCCARTESIANPOINT((-91.895247999176704,50.799999999997134,202.78276149128058));
#7566=IFCCARTESIANPOINT((-129.95950603807458,50.799999999997048,231.99049396192211));
#7567=IFCCARTESIANPOINT((-159.167238508716,50.799999999996928,270.05475200082003));
#7568=IFCCARTESIANPOINT((-177.52798671128687,50.799999999996778,314.38151932678409));
#7569=IFCCARTESIANPOINT((182.81498807599516,25.303345331530497,316.89015240880804));
#7570=IFCCARTESIANPOINT((166.71918941624745,25.303345331530632,274.44901937373845));
#7571=IFCCARTESIANPOINT((140.93427746722389,25.30334533153075,237.0931252795433));
#7572=IFCCARTESIANPOINT((106.95877758706025,25.303345331530853,206.99345890782715));
#7573=IFCCARTESIANPOINT((66.767222332874482,25.30334533153092,185.89930346027839));
#7574=IFCCARTESIANPOINT((22.695398805680654,25.303345331530952,175.03657457737333));
#7575=IFCCARTESIANPOINT((-22.695398805681258,25.303345331530952,175.03657457737339));
#7576=IFCCARTESIANPOINT((-66.767222332875093,25.30334533153092,185.89930346027865));
#7577=IFCCARTESIANPOINT((-106.95877758706079,25.303345331530853,206.99345890782749));
#7578=IFCCARTESIANPOINT((-140.93427746722429,25.30334533153075,237.09312527954378));
#7579=IFCCARTESIANPOINT((-166.7191894162477,25.303345331530632,274.44901937373896));
#7580=IFCCARTESIANPOINT((-182.8149880759953,25.303345331530497,316.89015240880866));
#7581=IFCCARTESIANPOINT((184.96441621966332,0.,316.36036595321588));
#7582=IFCCARTESIANPOINT((168.6793728869367,0.,273.42023572565768));
#7583=IFCCARTESIANPOINT((142.59129752659484,0.,235.62513360512406));
#7584=IFCCARTESIANPOINT((108.21633425228511,0.,205.17157354725404));
#7585=IFCCARTESIANPOINT((67.552230981602889,0.,183.82940576842412));
#7586=IFCCARTESIANPOINT((22.962237588638782,0.,172.8389594843164));
#7587=IFCCARTESIANPOINT((-22.962237588639393,0.,172.83895948431649));
#7588=IFCCARTESIANPOINT((-67.552230981603458,0.,183.82940576842432));
#7589=IFCCARTESIANPOINT((-108.21633425228563,0.,205.17157354725441));
#7590=IFCCARTESIANPOINT((-142.59129752659527,0.,235.62513360512455));
#7591=IFCCARTESIANPOINT((-168.67937288693702,0.,273.42023572565824));
#7592=IFCCARTESIANPOINT((-184.96441621966346,0.,316.36036595321644));
#7593=IFCCARTESIANPOINT((180.6655599323266,-50.606690663062039,317.41993886439991));
#7594=IFCCARTESIANPOINT((164.75900594555779,-50.606690663061904,275.47780302181894));
#7595=IFCCARTESIANPOINT((139.2772574078526,-50.606690663061769,238.5611169539624));
#7596=IFCCARTESIANPOINT((105.70122092183516,-50.60669066306167,208.8153442684002));
#7597=IFCCARTESIANPOINT((65.982213684146032,-50.606690663061599,187.96920115213274));
#7598=IFCCARTESIANPOINT((22.428560022722483,-50.606690663061563,177.23418967043025));
#7599=IFCCARTESIANPOINT((-22.428560022723119,-50.606690663061563,177.23418967043034));
#7600=IFCCARTESIANPOINT((-65.982213684146572,-50.606690663061599,187.96920115213291));
#7601=IFCCARTESIANPOINT((-105.70122092183567,-50.60669066306167,208.81534426840054));
#7602=IFCCARTESIANPOINT((-139.27725740785303,-50.606690663061769,238.56111695396291));
#7603=IFCCARTESIANPOINT((-164.75900594555807,-50.606690663061904,275.47780302181945));
#7604=IFCCARTESIANPOINT((-180.66555993232677,-50.606690663062039,317.41993886440059));
#7605=IFCCARTESIANPOINT((166.53418235113196,-101.59999999999859,317.32730032683241));
#7606=IFCCARTESIANPOINT((149.31046317358673,-101.59999999999846,275.74556389389744));
#7607=IFCCARTESIANPOINT((121.91148267796861,-101.59999999999832,240.03851732202679));
#7608=IFCCARTESIANPOINT((86.204436106097816,-101.59999999999826,212.63953682640883));
#7609=IFCCARTESIANPOINT((44.622699673162842,-101.59999999999819,195.41581764886382));
#7610=IFCCARTESIANPOINT((-0.,-101.59999999999819,189.5411277877997));
#7611=IFCCARTESIANPOINT((-44.622699673163375,-101.59999999999819,195.41581764886396));
#7612=IFCCARTESIANPOINT((-86.204436106098285,-101.59999999999826,212.63953682640911));
#7613=IFCCARTESIANPOINT((-121.91148267796896,-101.59999999999832,240.03851732202716));
#7614=IFCCARTESIANPOINT((-149.31046317358698,-101.59999999999846,275.7455638938979));
#7615=IFCCARTESIANPOINT((-166.53418235113205,-101.59999999999859,317.32730032683287));
#7616=IFCCARTESIANPOINT((147.68437585133239,-152.40000000000228,318.58595465697709));
#7617=IFCCARTESIANPOINT((129.48505757251965,-152.40000000000214,278.73500637174237));
#7618=IFCCARTESIANPOINT((100.79563000647018,-152.400000000002,245.62564197164573));
#7619=IFCCARTESIANPOINT((63.940339951989806,-152.40000000000194,221.94018525141124));
#7620=IFCCARTESIANPOINT((21.904983822442926,-152.40000000000194,209.59749105167717));
#7621=IFCCARTESIANPOINT((-21.904983822443384,-152.40000000000194,209.59749105167722));
#7622=IFCCARTESIANPOINT((-63.94033995199019,-152.40000000000194,221.94018525141141));
#7623=IFCCARTESIANPOINT((-100.79563000647047,-152.400000000002,245.62564197164599));
#7624=IFCCARTESIANPOINT((-129.48505757251988,-152.40000000000214,278.73500637174266));
#7625=IFCCARTESIANPOINT((-147.6843758513325,-152.40000000000228,318.58595465697744));
#7626=IFCCARTESIANPOINT((124.95549463698148,-203.20000000000041,325.25975633635954));
#7627=IFCCARTESIANPOINT((109.5570829602165,-203.20000000000033,291.54193800907063));
#7628=IFCCARTESIANPOINT((85.283007983075166,-203.20000000000019,263.52816213141875));
#7629=IFCCARTESIANPOINT((54.099810896722907,-203.20000000000013,243.487938220671));
#7630=IFCCARTESIANPOINT((18.53376887548216,-203.20000000000013,233.04480603427561));
#7631=IFCCARTESIANPOINT((-18.533768875482522,-203.20000000000013,233.04480603427561));
#7632=IFCCARTESIANPOINT((-54.099810896723241,-203.20000000000013,243.48793822067117));
#7633=IFCCARTESIANPOINT((-85.283007983075422,-203.20000000000019,263.52816213141898));
#7634=IFCCARTESIANPOINT((-109.55708296021668,-203.20000000000033,291.54193800907092));
#7635=IFCCARTESIANPOINT((-124.95549463698158,-203.20000000000041,325.25975633635989));
#7636=IFCCARTESIANPOINT((89.261410020051628,-254.,329.46150368406546));
#7637=IFCCARTESIANPOINT((72.766568150378035,-254.,300.89159950297648));
#7638=IFCCARTESIANPOINT((47.495004241598693,-254.,279.68623954784675));
#7639=IFCCARTESIANPOINT((16.494841869673365,-254.,268.40310318704684));
#7640=IFCCARTESIANPOINT((-16.494841869673667,-254.,268.40310318704695));
#7641=IFCCARTESIANPOINT((-47.495004241598942,-254.,279.68623954784692));
#7642=IFCCARTESIANPOINT((-72.76656815037822,-254.,300.89159950297676));
#7643=IFCCARTESIANPOINT((-89.261410020051741,-254.,329.46150368406569));
#7644=IFCCARTESIANPOINT((64.292784504913556,-279.40000000000123,335.31905669532915));
#7645=IFCCARTESIANPOINT((49.207566901298691,-279.40000000000117,312.74243309869638));
#7646=IFCCARTESIANPOINT((26.630943304665863,-279.40000000000106,297.65721549508169));
#7647=IFCCARTESIANPOINT((-0.,-279.40000000000106,292.35999151679715));
#7648=IFCCARTESIANPOINT((-26.630943304666072,-279.40000000000106,297.65721549508174));
#7649=IFCCARTESIANPOINT((-49.207566901298847,-279.40000000000117,312.74243309869661));
#7650=IFCCARTESIANPOINT((-64.292784504913627,-279.40000000000123,335.31905669532938));
#7651=IFCCARTESIANPOINT((-91.832891200643644,-254.,344.04509815304658));
#7652=IFCCARTESIANPOINT((-66.941396494055908,-279.40000000000123,348.6345283476623));
#7653=IFCCARTESIANPOINT((-37.919255102982454,-279.40000000000111,305.19982429688918));
#7654=IFCCARTESIANPOINT((-56.750175703106244,-279.40000000000117,324.03074489701299));
#7655=IFCCARTESIANPOINT((-13.315471652333091,-279.40000000000106,295.00860350593945));
#7656=IFCCARTESIANPOINT((91.832891172846004,-254.,344.04509799539846));
#7657=IFCCARTESIANPOINT((66.941396494055866,-279.40000000000123,348.63452834766218));
#7658=IFCCARTESIANPOINT((13.315471652332871,-279.40000000000106,295.00860350593939));
#7659=IFCCARTESIANPOINT((56.750175703106123,-279.40000000000117,324.03074489701277));
#7660=IFCCARTESIANPOINT((37.919255102982277,-279.40000000000111,305.19982429688906));
#7661=IFCCARTESIANPOINT((42.879778198817831,-292.10000000000139,341.30018715934813));
#7662=IFCCARTESIANPOINT((29.673727212317971,-292.10000000000133,324.7403230051259));
#7663=IFCCARTESIANPOINT((10.590430627036842,-292.10000000000133,315.55029172647818));
#7664=IFCCARTESIANPOINT((-10.590430627036991,-292.10000000000133,315.55029172647818));
#7665=IFCCARTESIANPOINT((-29.673727212318092,-292.10000000000133,324.74032300512596));
#7666=IFCCARTESIANPOINT((-42.879778198817903,-292.10000000000139,341.30018715934824));
#7667=IFCCARTESIANPOINT((-66.493324788452057,-279.40000000000134,346.3819197667757));
#7668=IFCCARTESIANPOINT((-45.236370712945714,-292.10000000000139,351.62509357967173));
#7669=IFCCARTESIANPOINT((-36.276752705567993,-292.10000000000133,333.0202550822371));
#7670=IFCCARTESIANPOINT((45.236370712945671,-292.10000000000139,351.62509357967161));
#7671=IFCCARTESIANPOINT((36.276752705567894,-292.10000000000133,333.02025508223699));
#7672=IFCCARTESIANPOINT((-20.132078919677543,-292.10000000000133,320.14530736580213));
#7673=IFCCARTESIANPOINT((-0.,-292.10000000000133,315.55029172647818));
#7674=IFCCARTESIANPOINT((20.132078919677408,-292.10000000000133,320.14530736580207));
#7675=IFCCARTESIANPOINT((8.9802561210690985,-304.80000000000166,352.96974387892607));
#7676=IFCCARTESIANPOINT((-0.,-304.80000000000149,349.24999999999534));
#7677=IFCCARTESIANPOINT((-8.980256121069127,-304.80000000000166,352.96974387892618));
#7678=IFCCARTESIANPOINT((10.840128060534527,-304.80000000000166,357.45987193946064));
#7679=IFCCARTESIANPOINT((4.4901280605345386,-304.80000000000155,351.10987193946073));
#7680=IFCCARTESIANPOINT((-4.4901280605345724,-304.80000000000149,351.10987193946073));
#7681=IFCCARTESIANPOINT((-10.840128060534539,-304.80000000000166,357.45987193946075));
#7682=IFCCARTESIANPOINT((-2.2450640302672968,-304.80000000000149,350.17993596972804));
#7683=IFCCARTESIANPOINT((2.2450640302672604,-304.80000000000149,350.17993596972804));
#7684=IFCCARTESIANPOINT((6.7351920908018164,-304.80000000000166,352.03980790919343));
#7685=IFCCARTESIANPOINT((-11.770064030267244,-304.80000000000166,359.70493596972801));
#7686=IFCCARTESIANPOINT((-9.9101920908018322,-304.80000000000166,355.2148079091935));
#7687=IFCCARTESIANPOINT((-6.7351920908018492,-304.80000000000166,352.03980790919343));
#7688=IFCCARTESIANPOINT((11.770064030267239,-304.80000000000166,359.70493596972796));
#7689=IFCCARTESIANPOINT((9.9101920908018108,-304.80000000000166,355.21480790919338));
#7690=IFCCARTESIANPOINT((8.854713933649732,-284.5920339705558,353.09528606634558));
#7691=IFCCARTESIANPOINT((-0.,-284.5920339705558,349.42754346409379));
#7692=IFCCARTESIANPOINT((-8.8547139336497622,-284.5920339705558,353.09528606634558));
#7693=IFCCARTESIANPOINT((34.217817505104513,-274.76888653782328,342.19433385234163));
#7694=IFCCARTESIANPOINT((19.755666147653539,-274.76888653782322,327.73218249489076));
#7695=IFCCARTESIANPOINT((-0.,-274.76888653782322,322.4386677046881));
#7696=IFCCARTESIANPOINT((-19.755666147653642,-274.76888653782322,327.73218249489082));
#7697=IFCCARTESIANPOINT((-34.21781750510457,-274.76888653782328,342.19433385234174));
#7698=IFCCARTESIANPOINT((-10.68858523477563,-284.59203397055592,357.52264303317043));
#7699=IFCCARTESIANPOINT((-4.4273569668248909,-284.59203397055592,351.26141476521963));
#7700=IFCCARTESIANPOINT((4.4273569668248571,-284.59203397055592,351.26141476521963));
#7701=IFCCARTESIANPOINT((10.688585234775617,-284.59203397055592,357.52264303317043));
#7702=IFCCARTESIANPOINT((-9.771649584212696,-284.59203397055592,355.308964549758));
#7703=IFCCARTESIANPOINT((-2.2136784834124557,-284.59203397055586,350.34447911465674));
#7704=IFCCARTESIANPOINT((-9.8778330738268529,-274.76888653782322,325.08542509978952));
#7705=IFCCARTESIANPOINT((-36.864574900205895,-274.76888653782333,352.07216692616856));
#7706=IFCCARTESIANPOINT((-11.605520885338565,-284.59203397055592,359.73632151658285));
#7707=IFCCARTESIANPOINT((9.8778330738267375,-274.76888653782322,325.08542509978946));
#7708=IFCCARTESIANPOINT((6.641035450237295,-284.59203397055592,352.17835041578263));
#7709=IFCCARTESIANPOINT((9.7716495842126747,-284.59203397055597,355.30896454975795));
#7710=IFCCARTESIANPOINT((36.864574900205859,-274.76888653782333,352.07216692616845));
#7711=IFCCARTESIANPOINT((11.60552088533856,-284.59203397055597,359.73632151658285));
#7712=IFCCARTESIANPOINT((-6.6410354502373279,-284.59203397055592,352.17835041578269));
#7713=IFCCARTESIANPOINT((2.2136784834124184,-284.59203397055586,350.34447911465674));
#7714=IFCCARTESIANPOINT((26.986741826379028,-274.76888653782322,334.96325817361623));
#7715=IFCCARTESIANPOINT((-26.986741826379109,-274.76888653782322,334.96325817361634));
#7716=IFCCARTESIANPOINT((52.63270788464532,-263.85317544505403,336.60342376363917));
#7717=IFCCARTESIANPOINT((36.422963966209146,-263.85317544505398,316.27704780625106));
#7718=IFCCARTESIANPOINT((12.999205335926819,-263.85317544505392,304.99676017283332));
#7719=IFCCARTESIANPOINT((-12.999205335927002,-263.85317544505392,304.99676017283338));
#7720=IFCCARTESIANPOINT((-36.422963966209295,-263.85317544505398,316.27704780625118));
#7721=IFCCARTESIANPOINT((-52.632707884645406,-263.85317544505403,336.60342376363928));
#7722=IFCCARTESIANPOINT((-24.711084651068152,-263.85317544505392,310.63690398954225));
#7723=IFCCARTESIANPOINT((-0.,-263.85317544505392,304.99676017283332));
#7724=IFCCARTESIANPOINT((-55.525303196685769,-263.85317544505409,349.27671188181739));
#7725=IFCCARTESIANPOINT((55.525303196685719,-263.85317544505409,349.27671188181711));
#7726=IFCCARTESIANPOINT((-44.527835925427354,-263.85317544505403,326.44023578494517));
#7727=IFCCARTESIANPOINT((24.711084651067988,-263.85317544505392,310.63690398954225));
#7728=IFCCARTESIANPOINT((44.527835925427233,-263.85317544505403,326.44023578494512));
#7729=IFCCARTESIANPOINT((73.184812608993738,-243.05640360594421,331.63585805761659));
#7730=IFCCARTESIANPOINT((56.013230572411175,-243.05640360594407,305.93676942758407));
#7731=IFCCARTESIANPOINT((30.314141942378598,-243.05640360594407,288.76518739100158));
#7732=IFCCARTESIANPOINT((-0.,-243.05640360594401,282.73532965216009));
#7733=IFCCARTESIANPOINT((-30.314141942378814,-243.05640360594407,288.76518739100169));
#7734=IFCCARTESIANPOINT((-56.013230572411352,-243.05640360594407,305.93676942758418));
#7735=IFCCARTESIANPOINT((-73.184812608993823,-243.05640360594421,331.63585805761676));
#7736=IFCCARTESIANPOINT((-15.157070971189471,-243.05640360594404,285.75025852158092));
#7737=IFCCARTESIANPOINT((15.15707097118924,-243.05640360594404,285.75025852158086));
#7738=IFCCARTESIANPOINT((-76.19974147841458,-243.05640360594424,346.79292902880616));
#7739=IFCCARTESIANPOINT((-64.599021590702591,-243.05640360594415,318.7863137426005));
#7740=IFCCARTESIANPOINT((-43.163686257395078,-243.05640360594407,297.35097840929296));
#7741=IFCCARTESIANPOINT((43.163686257394886,-243.05640360594407,297.35097840929285));
#7742=IFCCARTESIANPOINT((76.199741478414538,-243.05640360594424,346.79292902880587));
#7743=IFCCARTESIANPOINT((64.599021590702463,-243.0564036059441,318.78631374260027));
#7744=IFCCARTESIANPOINT((108.44470441935405,-192.87612023847234,326.7141795819914));
#7745=IFCCARTESIANPOINT((92.248575475821454,-192.87612023847228,294.92748676889852));
#7746=IFCCARTESIANPOINT((67.022513231096568,-192.87612023847223,269.70142452417377));
#7747=IFCCARTESIANPOINT((35.235820418003627,-192.87612023847214,253.50529558064136));
#7748=IFCCARTESIANPOINT((-0.,-192.87612023847214,247.92448988436004));
#7749=IFCCARTESIANPOINT((-35.235820418004025,-192.87612023847214,253.5052955806415));
#7750=IFCCARTESIANPOINT((-67.022513231096923,-192.87612023847223,269.701424524174));
#7751=IFCCARTESIANPOINT((-92.24857547582171,-192.87612023847228,294.92748676889892));
#7752=IFCCARTESIANPOINT((-108.4447044193542,-192.87612023847234,326.7141795819918));
#7753=IFCCARTESIANPOINT((131.11857293537352,-144.34912211383593,323.45011326989828));
#7754=IFCCARTESIANPOINT((114.96067791527511,-144.34912211383582,288.069258395031));
#7755=IFCCARTESIANPOINT((89.489352467958085,-144.34912211383573,258.67378181930928));
#7756=IFCCARTESIANPOINT((56.768131897358835,-144.34912211383568,237.64513023326754));
#7757=IFCCARTESIANPOINT((19.44789489351556,-144.34912211383568,226.68691992620046));
#7758=IFCCARTESIANPOINT((-19.44789489351594,-144.34912211383568,226.68691992620052));
#7759=IFCCARTESIANPOINT((-56.768131897359176,-144.34912211383568,237.64513023326771));
#7760=IFCCARTESIANPOINT((-89.489352467958369,-144.34912211383573,258.67378181930951));
#7761=IFCCARTESIANPOINT((-114.9606779152753,-144.34912211383582,288.06925839503128));
#7762=IFCCARTESIANPOINT((-131.11857293537361,-144.34912211383593,323.45011326989862));
#7763=IFCCARTESIANPOINT((148.3144391304447,-95.109309652316639,318.40095138600225));
#7764=IFCCARTESIANPOINT((130.0374774172046,-95.109309652316497,278.3799876945501));
#7765=IFCCARTESIANPOINT((101.2256526462787,-95.109309652316398,245.12936939008486));
#7766=IFCCARTESIANPOINT((64.213127510087773,-95.109309652316327,221.34286381859306));
#7767=IFCCARTESIANPOINT((21.998436673203283,-95.10930965231627,208.94751219768136));
#7768=IFCCARTESIANPOINT((-21.99843667320371,-95.10930965231627,208.94751219768142));
#7769=IFCCARTESIANPOINT((-64.213127510088142,-95.109309652316327,221.34286381859326));
#7770=IFCCARTESIANPOINT((-101.22565264627903,-95.109309652316398,245.12936939008515));
#7771=IFCCARTESIANPOINT((-130.03747741720483,-95.109309652316497,278.37998769455044));
#7772=IFCCARTESIANPOINT((-148.31443913044481,-95.109309652316639,318.40095138600265));
#7773=IFCCARTESIANPOINT((162.00880278153355,-46.040277676833966,318.53987212795067));
#7774=IFCCARTESIANPOINT((145.2531188492344,-46.040277676833831,278.08807273175745));
#7775=IFCCARTESIANPOINT((118.59867490948844,-46.040277676833732,243.3513250905072));
#7776=IFCCARTESIANPOINT((83.86192726823802,-46.040277676833625,216.69688115076133));
#7777=IFCCARTESIANPOINT((43.410127872044662,-46.04027767683359,199.94119721846241));
#7778=IFCCARTESIANPOINT((-0.,-46.040277676833561,194.22614546351954));
#7779=IFCCARTESIANPOINT((-43.410127872045187,-46.04027767683359,199.94119721846255));
#7780=IFCCARTESIANPOINT((-83.86192726823846,-46.040277676833625,216.69688115076161));
#7781=IFCCARTESIANPOINT((-118.59867490948881,-46.040277676833732,243.35132509050754));
#7782=IFCCARTESIANPOINT((-145.25311884923465,-46.040277676833831,278.0880727317579));
#7783=IFCCARTESIANPOINT((-162.00880278153366,-46.040277676833966,318.53987212795118));
#7784=IFCCARTESIANPOINT((165.71862440497179,-2.1409905517323318,317.54582841988713));
#7785=IFCCARTESIANPOINT((148.57925392292776,-2.1409905517321963,276.16772775159967));
#7786=IFCCARTESIANPOINT((121.31445282486285,-2.1409905517320613,240.63554717513287));
#7787=IFCCARTESIANPOINT((85.782272248395941,-2.1409905517319934,213.37074607706811));
#7788=IFCCARTESIANPOINT((44.404171580108439,-2.1409905517319259,196.23137559502433));
#7789=IFCCARTESIANPOINT((-0.,-2.1409905517319259,190.38545550320381));
#7790=IFCCARTESIANPOINT((-44.404171580108972,-2.1409905517319259,196.23137559502445));
#7791=IFCCARTESIANPOINT((-85.782272248396382,-2.1409905517319934,213.37074607706839));
#7792=IFCCARTESIANPOINT((-121.31445282486321,-2.1409905517320613,240.63554717513324));
#7793=IFCCARTESIANPOINT((-148.57925392292805,-2.1409905517321963,276.16772775160013));
#7794=IFCCARTESIANPOINT((-165.71862440497188,-2.1409905517323318,317.54582841988758));
#7795=IFCCARTESIANPOINT((163.53967988377471,23.643028432190111,318.12967484469414));
#7796=IFCCARTESIANPOINT((146.62566571000755,23.643028432190249,277.29563243221497));
#7797=IFCCARTESIANPOINT((119.71935472847278,23.643028432190366,242.23064527152306));
#7798=IFCCARTESIANPOINT((84.654367567780767,23.643028432190452,215.32433428998843));
#7799=IFCCARTESIANPOINT((43.820325155301475,23.643028432190501,198.4103201162215));
#7800=IFCCARTESIANPOINT((-0.,23.643028432190519,192.64126486443428));
#7801=IFCCARTESIANPOINT((-43.820325155302008,23.643028432190501,198.41032011622158));
#7802=IFCCARTESIANPOINT((-84.654367567781208,23.643028432190452,215.32433428998871));
#7803=IFCCARTESIANPOINT((-119.71935472847314,23.643028432190366,242.2306452715234));
#7804=IFCCARTESIANPOINT((-146.62566571000781,23.643028432190249,277.29563243221537));
#7805=IFCCARTESIANPOINT((-163.53967988377482,23.643028432190111,318.12967484469465));
#7806=IFCCARTESIANPOINT((159.4756076955494,47.504590145726738,319.21863970551095));
#7807=IFCCARTESIANPOINT((142.98191826892437,47.504590145726873,279.39935099818342));
#7808=IFCCARTESIANPOINT((116.74424740106423,47.504590145726979,245.20575259893172));
#7809=IFCCARTESIANPOINT((82.550649001812388,47.504590145727065,218.96808173107172));
#7810=IFCCARTESIANPOINT((42.731360294484766,47.504590145727114,202.47439230444687));
#7811=IFCCARTESIANPOINT((-0.,47.504590145727128,196.84870199637109));
#7812=IFCCARTESIANPOINT((-42.731360294485235,47.504590145727114,202.47439230444698));
#7813=IFCCARTESIANPOINT((-82.550649001812829,47.504590145727065,218.96808173107198));
#7814=IFCCARTESIANPOINT((-116.74424740106458,47.504590145726979,245.20575259893204));
#7815=IFCCARTESIANPOINT((-142.98191826892463,47.504590145726873,279.39935099818382));
#7816=IFCCARTESIANPOINT((-159.47560769554954,47.504590145726738,319.21863970551141));
#7817=IFCCARTESIANPOINT((154.11195441250288,68.228155063145081,320.65582627118391));
#7818=IFCCARTESIANPOINT((138.17299829413119,68.228155063145195,282.1757822401417));
#7819=IFCCARTESIANPOINT((112.81778068369056,68.228155063145309,249.13221931630548));
#7820=IFCCARTESIANPOINT((79.774217759854196,68.22815506314538,223.77700170586496));
#7821=IFCCARTESIANPOINT((41.294173728811877,68.228155063145437,207.83804558749347));
#7822=IFCCARTESIANPOINT((-0.,68.228155063145451,202.40156448028759));
#7823=IFCCARTESIANPOINT((-41.294173728812382,68.228155063145437,207.83804558749358));
#7824=IFCCARTESIANPOINT((-79.774217759854608,68.22815506314538,223.77700170586519));
#7825=IFCCARTESIANPOINT((-112.81778068369088,68.228155063145309,249.13221931630579));
#7826=IFCCARTESIANPOINT((-138.17299829413145,68.228155063145195,282.1757822401421));
#7827=IFCCARTESIANPOINT((-154.111954412503,68.228155063145081,320.65582627118437));
#7828=IFCCARTESIANPOINT((140.1901676917785,90.560513573981368,320.78645271621781));
#7829=IFCCARTESIANPOINT((122.91436944517753,90.560513573981495,282.95773122432922));
#7830=IFCCARTESIANPOINT((95.680779986030117,90.560513573981595,251.52849356353394));
#7831=IFCCARTESIANPOINT((60.695702767923542,90.560513573981666,229.04494965223611));
#7832=IFCCARTESIANPOINT((20.793420682803152,90.560513573981709,217.32858250334488));
#7833=IFCCARTESIANPOINT((-20.793420682803561,90.560513573981709,217.3285825033449));
#7834=IFCCARTESIANPOINT((-60.695702767923905,90.560513573981666,229.04494965223628));
#7835=IFCCARTESIANPOINT((-95.680779986030416,90.560513573981595,251.52849356353423));
#7836=IFCCARTESIANPOINT((-122.91436944517774,90.560513573981495,282.95773122432951));
#7837=IFCCARTESIANPOINT((-140.19016769177861,90.560513573981368,320.78645271621821));
#7838=IFCCARTESIANPOINT((116.02707710339,110.79162836302282,324.25051735277077));
#7839=IFCCARTESIANPOINT((98.698526928723055,110.79162836302295,290.24132273479654));
#7840=IFCCARTESIANPOINT((71.70867726519954,110.79162836302304,263.25147307127321));
#7841=IFCCARTESIANPOINT((37.69948264722526,110.79162836302309,245.92292289660645));
#7842=IFCCARTESIANPOINT((-0.,110.79162836302312,239.95191143700117));
#7843=IFCCARTESIANPOINT((-37.699482647225686,110.79162836302309,245.92292289660659));
#7844=IFCCARTESIANPOINT((-71.70867726519991,110.79162836302304,263.25147307127349));
#7845=IFCCARTESIANPOINT((-98.698526928723325,110.79162836302295,290.24132273479694));
#7846=IFCCARTESIANPOINT((-116.02707710339016,110.79162836302282,324.25051735277117));
#7847=IFCCARTESIANPOINT((88.441314749148219,120.93941230511633,329.75999395193804));
#7848=IFCCARTESIANPOINT((72.09802036016734,120.93941230511642,301.45257770716796));
#7849=IFCCARTESIANPOINT((47.058640662294678,120.93941230511649,280.44204343777523));
#7850=IFCCARTESIANPOINT((16.343294388980645,120.93941230511652,269.26257165910965));
#7851=IFCCARTESIANPOINT((-16.343294388980947,120.93941230511652,269.26257165910971));
#7852=IFCCARTESIANPOINT((-47.058640662294927,120.93941230511649,280.44204343777534));
#7853=IFCCARTESIANPOINT((-72.098020360167538,120.93941230511642,301.45257770716819));
#7854=IFCCARTESIANPOINT((-88.441314749148319,120.93941230511633,329.75999395193827));
#7855=IFCCARTESIANPOINT((17.872805232063783,133.639412305116,348.96464690414564));
#7856=IFCCARTESIANPOINT((6.8268041243413826,133.63941230511602,340.939257334991));
#7857=IFCCARTESIANPOINT((-6.8268041243414554,133.63941230511602,340.93925733499105));
#7858=IFCCARTESIANPOINT((-17.872805232063826,133.639412305116,348.9646469041457));
#7859=IFCCARTESIANPOINT((-0.,133.63941230511602,340.93925733499105));
#7860=IFCCARTESIANPOINT((-91.535263460382652,120.93941230511625,347.3066490287909));
#7861=IFCCARTESIANPOINT((-19.982403723754306,133.639412305116,355.45732345207119));
#7862=IFCCARTESIANPOINT((-12.34980467820264,133.639412305116,344.95195211956838));
#7863=IFCCARTESIANPOINT((12.349804678202583,133.63941230511602,344.95195211956826));
#7864=IFCCARTESIANPOINT((19.982403723754285,133.639412305116,355.45732345207119));
#7865=IFCCARTESIANPOINT((91.279298036868994,120.93941230511626,345.8549969759672));
#7866=IFCCARTESIANPOINT((49.204614936034105,127.79741235700529,336.87899655450474));
#7867=IFCCARTESIANPOINT((9.5883044012719854,133.63941230511602,342.94560472727966));
#7868=IFCPOLYLOOP((#7476,#7441,#7474));
#7869=IFCFACEOUTERBOUND(#7868,.T.);
#7870=IFCFACE((#7869));
#7871=IFCPOLYLOOP((#7474,#7475,#7476));
#7872=IFCFACEOUTERBOUND(#7871,.T.);
#7873=IFCFACE((#7872));
#7874=IFCPOLYLOOP((#7476,#7475,#7478));
#7875=IFCFACEOUTERBOUND(#7874,.T.);
#7876=IFCFACE((#7875));
#7877=IFCPOLYLOOP((#7478,#7477,#7476));
#7878=IFCFACEOUTERBOUND(#7877,.T.);
#7879=IFCFACE((#7878));
#7880=IFCPOLYLOOP((#7441,#7442,#7474));
#7881=IFCFACEOUTERBOUND(#7880,.T.);
#7882=IFCFACE((#7881));
#7883=IFCPOLYLOOP((#7442,#7473,#7474));
#7884=IFCFACEOUTERBOUND(#7883,.T.);
#7885=IFCFACE((#7884));
#7886=IFCPOLYLOOP((#7473,#7442,#7472));
#7887=IFCFACEOUTERBOUND(#7886,.T.);
#7888=IFCFACE((#7887));
#7889=IFCPOLYLOOP((#7442,#7443,#7472));
#7890=IFCFACEOUTERBOUND(#7889,.T.);
#7891=IFCFACE((#7890));
#7892=IFCPOLYLOOP((#7472,#7443,#7471));
#7893=IFCFACEOUTERBOUND(#7892,.T.);
#7894=IFCFACE((#7893));
#7895=IFCPOLYLOOP((#7443,#7444,#7471));
#7896=IFCFACEOUTERBOUND(#7895,.T.);
#7897=IFCFACE((#7896));
#7898=IFCPOLYLOOP((#7470,#7471,#7444));
#7899=IFCFACEOUTERBOUND(#7898,.T.);
#7900=IFCFACE((#7899));
#7901=IFCPOLYLOOP((#7444,#7445,#7470));
#7902=IFCFACEOUTERBOUND(#7901,.T.);
#7903=IFCFACE((#7902));
#7904=IFCPOLYLOOP((#7446,#7470,#7445));
#7905=IFCFACEOUTERBOUND(#7904,.T.);
#7906=IFCFACE((#7905));
#7907=IFCPOLYLOOP((#7446,#7469,#7470));
#7908=IFCFACEOUTERBOUND(#7907,.T.);
#7909=IFCFACE((#7908));
#7910=IFCPOLYLOOP((#7446,#7468,#7469));
#7911=IFCFACEOUTERBOUND(#7910,.T.);
#7912=IFCFACE((#7911));
#7913=IFCPOLYLOOP((#7468,#7446,#7447));
#7914=IFCFACEOUTERBOUND(#7913,.T.);
#7915=IFCFACE((#7914));
#7916=IFCPOLYLOOP((#7468,#7447,#7448));
#7917=IFCFACEOUTERBOUND(#7916,.T.);
#7918=IFCFACE((#7917));
#7919=IFCPOLYLOOP((#7448,#7467,#7468));
#7920=IFCFACEOUTERBOUND(#7919,.T.);
#7921=IFCFACE((#7920));
#7922=IFCPOLYLOOP((#7467,#7448,#7449));
#7923=IFCFACEOUTERBOUND(#7922,.T.);
#7924=IFCFACE((#7923));
#7925=IFCPOLYLOOP((#7449,#7466,#7467));
#7926=IFCFACEOUTERBOUND(#7925,.T.);
#7927=IFCFACE((#7926));
#7928=IFCPOLYLOOP((#7449,#7465,#7466));
#7929=IFCFACEOUTERBOUND(#7928,.T.);
#7930=IFCFACE((#7929));
#7931=IFCPOLYLOOP((#7449,#7450,#7465));
#7932=IFCFACEOUTERBOUND(#7931,.T.);
#7933=IFCFACE((#7932));
#7934=IFCPOLYLOOP((#7464,#7465,#7450));
#7935=IFCFACEOUTERBOUND(#7934,.T.);
#7936=IFCFACE((#7935));
#7937=IFCPOLYLOOP((#7451,#7464,#7450));
#7938=IFCFACEOUTERBOUND(#7937,.T.);
#7939=IFCFACE((#7938));
#7940=IFCPOLYLOOP((#7463,#7464,#7451));
#7941=IFCFACEOUTERBOUND(#7940,.T.);
#7942=IFCFACE((#7941));
#7943=IFCPOLYLOOP((#7452,#7463,#7451));
#7944=IFCFACEOUTERBOUND(#7943,.T.);
#7945=IFCFACE((#7944));
#7946=IFCPOLYLOOP((#7463,#7452,#7453));
#7947=IFCFACEOUTERBOUND(#7946,.T.);
#7948=IFCFACE((#7947));
#7949=IFCPOLYLOOP((#7462,#7463,#7453));
#7950=IFCFACEOUTERBOUND(#7949,.T.);
#7951=IFCFACE((#7950));
#7952=IFCPOLYLOOP((#7454,#7462,#7453));
#7953=IFCFACEOUTERBOUND(#7952,.T.);
#7954=IFCFACE((#7953));
#7955=IFCPOLYLOOP((#7462,#7454,#7461));
#7956=IFCFACEOUTERBOUND(#7955,.T.);
#7957=IFCFACE((#7956));
#7958=IFCPOLYLOOP((#7455,#7461,#7454));
#7959=IFCFACEOUTERBOUND(#7958,.T.);
#7960=IFCFACE((#7959));
#7961=IFCPOLYLOOP((#7461,#7455,#7460));
#7962=IFCFACEOUTERBOUND(#7961,.T.);
#7963=IFCFACE((#7962));
#7964=IFCPOLYLOOP((#7460,#7455,#7459));
#7965=IFCFACEOUTERBOUND(#7964,.T.);
#7966=IFCFACE((#7965));
#7967=IFCPOLYLOOP((#7459,#7455,#7456));
#7968=IFCFACEOUTERBOUND(#7967,.T.);
#7969=IFCFACE((#7968));
#7970=IFCPOLYLOOP((#7456,#7457,#7459));
#7971=IFCFACEOUTERBOUND(#7970,.T.);
#7972=IFCFACE((#7971));
#7973=IFCPOLYLOOP((#7458,#7459,#7457));
#7974=IFCFACEOUTERBOUND(#7973,.T.);
#7975=IFCFACE((#7974));
#7976=IFCPOLYLOOP((#7457,#7493,#7458));
#7977=IFCFACEOUTERBOUND(#7976,.T.);
#7978=IFCFACE((#7977));
#7979=IFCPOLYLOOP((#7493,#7457,#7494));
#7980=IFCFACEOUTERBOUND(#7979,.T.);
#7981=IFCFACE((#7980));
#7982=IFCPOLYLOOP((#7494,#7495,#7493));
#7983=IFCFACEOUTERBOUND(#7982,.T.);
#7984=IFCFACE((#7983));
#7985=IFCPOLYLOOP((#7493,#7495,#7492));
#7986=IFCFACEOUTERBOUND(#7985,.T.);
#7987=IFCFACE((#7986));
#7988=IFCPOLYLOOP((#7492,#7495,#7491));
#7989=IFCFACEOUTERBOUND(#7988,.T.);
#7990=IFCFACE((#7989));
#7991=IFCPOLYLOOP((#7496,#7491,#7495));
#7992=IFCFACEOUTERBOUND(#7991,.T.);
#7993=IFCFACE((#7992));
#7994=IFCPOLYLOOP((#7491,#7496,#7490));
#7995=IFCFACEOUTERBOUND(#7994,.T.);
#7996=IFCFACE((#7995));
#7997=IFCPOLYLOOP((#7497,#7490,#7496));
#7998=IFCFACEOUTERBOUND(#7997,.T.);
#7999=IFCFACE((#7998));
#8000=IFCPOLYLOOP((#7497,#7489,#7490));
#8001=IFCFACEOUTERBOUND(#8000,.T.);
#8002=IFCFACE((#8001));
#8003=IFCPOLYLOOP((#7497,#7498,#7489));
#8004=IFCFACEOUTERBOUND(#8003,.T.);
#8005=IFCFACE((#8004));
#8006=IFCPOLYLOOP((#7499,#7489,#7498));
#8007=IFCFACEOUTERBOUND(#8006,.T.);
#8008=IFCFACE((#8007));
#8009=IFCPOLYLOOP((#7499,#7488,#7489));
#8010=IFCFACEOUTERBOUND(#8009,.T.);
#8011=IFCFACE((#8010));
#8012=IFCPOLYLOOP((#7500,#7488,#7499));
#8013=IFCFACEOUTERBOUND(#8012,.T.);
#8014=IFCFACE((#8013));
#8015=IFCPOLYLOOP((#7500,#7487,#7488));
#8016=IFCFACEOUTERBOUND(#8015,.T.);
#8017=IFCFACE((#8016));
#8018=IFCPOLYLOOP((#7487,#7500,#7501));
#8019=IFCFACEOUTERBOUND(#8018,.T.);
#8020=IFCFACE((#8019));
#8021=IFCPOLYLOOP((#7486,#7487,#7501));
#8022=IFCFACEOUTERBOUND(#8021,.T.);
#8023=IFCFACE((#8022));
#8024=IFCPOLYLOOP((#7485,#7486,#7501));
#8025=IFCFACEOUTERBOUND(#8024,.T.);
#8026=IFCFACE((#8025));
#8027=IFCPOLYLOOP((#7501,#7502,#7485));
#8028=IFCFACEOUTERBOUND(#8027,.T.);
#8029=IFCFACE((#8028));
#8030=IFCPOLYLOOP((#7484,#7485,#7502));
#8031=IFCFACEOUTERBOUND(#8030,.T.);
#8032=IFCFACE((#8031));
#8033=IFCPOLYLOOP((#7502,#7503,#7484));
#8034=IFCFACEOUTERBOUND(#8033,.T.);
#8035=IFCFACE((#8034));
#8036=IFCPOLYLOOP((#7503,#7504,#7484));
#8037=IFCFACEOUTERBOUND(#8036,.T.);
#8038=IFCFACE((#8037));
#8039=IFCPOLYLOOP((#7483,#7484,#7504));
#8040=IFCFACEOUTERBOUND(#8039,.T.);
#8041=IFCFACE((#8040));
#8042=IFCPOLYLOOP((#7482,#7483,#7504));
#8043=IFCFACEOUTERBOUND(#8042,.T.);
#8044=IFCFACE((#8043));
#8045=IFCPOLYLOOP((#7505,#7482,#7504));
#8046=IFCFACEOUTERBOUND(#8045,.T.);
#8047=IFCFACE((#8046));
#8048=IFCPOLYLOOP((#7482,#7505,#7506));
#8049=IFCFACEOUTERBOUND(#8048,.T.);
#8050=IFCFACE((#8049));
#8051=IFCPOLYLOOP((#7506,#7481,#7482));
#8052=IFCFACEOUTERBOUND(#8051,.T.);
#8053=IFCFACE((#8052));
#8054=IFCPOLYLOOP((#7481,#7506,#7507));
#8055=IFCFACEOUTERBOUND(#8054,.T.);
#8056=IFCFACE((#8055));
#8057=IFCPOLYLOOP((#7481,#7507,#7480));
#8058=IFCFACEOUTERBOUND(#8057,.T.);
#8059=IFCFACE((#8058));
#8060=IFCPOLYLOOP((#7480,#7507,#7508));
#8061=IFCFACEOUTERBOUND(#8060,.T.);
#8062=IFCFACE((#8061));
#8063=IFCPOLYLOOP((#7478,#7508,#7477));
#8064=IFCFACEOUTERBOUND(#8063,.T.);
#8065=IFCFACE((#8064));
#8066=IFCPOLYLOOP((#7480,#7508,#7479));
#8067=IFCFACEOUTERBOUND(#8066,.T.);
#8068=IFCFACE((#8067));
#8069=IFCPOLYLOOP((#7478,#7479,#7508));
#8070=IFCFACEOUTERBOUND(#8069,.T.);
#8071=IFCFACE((#8070));
#8072=IFCPOLYLOOP((#7442,#7522,#7516));
#8073=IFCFACEOUTERBOUND(#8072,.T.);
#8074=IFCFACE((#8073));
#8075=IFCPOLYLOOP((#7514,#7518,#7513));
#8076=IFCFACEOUTERBOUND(#8075,.T.);
#8077=IFCFACE((#8076));
#8078=IFCPOLYLOOP((#7515,#7523,#7514));
#8079=IFCFACEOUTERBOUND(#8078,.T.);
#8080=IFCFACE((#8079));
#8081=IFCPOLYLOOP((#7511,#7519,#7524));
#8082=IFCFACEOUTERBOUND(#8081,.T.);
#8083=IFCFACE((#8082));
#8084=IFCPOLYLOOP((#7523,#7518,#7514));
#8085=IFCFACEOUTERBOUND(#8084,.T.);
#8086=IFCFACE((#8085));
#8087=IFCPOLYLOOP((#7523,#7515,#7517));
#8088=IFCFACEOUTERBOUND(#8087,.T.);
#8089=IFCFACE((#8088));
#8090=IFCPOLYLOOP((#7519,#7512,#7513,#7518,#7521));
#8091=IFCFACEOUTERBOUND(#8090,.T.);
#8092=IFCFACE((#8091));
#8093=IFCPOLYLOOP((#7522,#7442,#7441));
#8094=IFCFACEOUTERBOUND(#8093,.T.);
#8095=IFCFACE((#8094));
#8096=IFCPOLYLOOP((#7517,#7515,#7516));
#8097=IFCFACEOUTERBOUND(#8096,.T.);
#8098=IFCFACE((#8097));
#8099=IFCPOLYLOOP((#7522,#7517,#7516));
#8100=IFCFACEOUTERBOUND(#8099,.T.);
#8101=IFCFACE((#8100));
#8102=IFCPOLYLOOP((#7511,#7512,#7519));
#8103=IFCFACEOUTERBOUND(#8102,.T.);
#8104=IFCFACE((#8103));
#8105=IFCPOLYLOOP((#7520,#7510,#7524));
#8106=IFCFACEOUTERBOUND(#8105,.T.);
#8107=IFCFACE((#8106));
#8108=IFCPOLYLOOP((#7477,#7508,#7525));
#8109=IFCFACEOUTERBOUND(#8108,.T.);
#8110=IFCFACE((#8109));
#8111=IFCPOLYLOOP((#7510,#7511,#7524));
#8112=IFCFACEOUTERBOUND(#8111,.T.);
#8113=IFCFACE((#8112));
#8114=IFCPOLYLOOP((#7510,#7520,#7509));
#8115=IFCFACEOUTERBOUND(#8114,.T.);
#8116=IFCFACE((#8115));
#8117=IFCPOLYLOOP((#7509,#7525,#7508));
#8118=IFCFACEOUTERBOUND(#8117,.T.);
#8119=IFCFACE((#8118));
#8120=IFCPOLYLOOP((#7509,#7520,#7525));
#8121=IFCFACEOUTERBOUND(#8120,.T.);
#8122=IFCFACE((#8121));
#8123=IFCPOLYLOOP((#7535,#7442,#7516));
#8124=IFCFACEOUTERBOUND(#8123,.T.);
#8125=IFCFACE((#8124));
#8126=IFCPOLYLOOP((#7533,#7515,#7514));
#8127=IFCFACEOUTERBOUND(#8126,.T.);
#8128=IFCFACE((#8127));
#8129=IFCPOLYLOOP((#7516,#7515,#7534));
#8130=IFCFACEOUTERBOUND(#8129,.T.);
#8131=IFCFACE((#8130));
#8132=IFCPOLYLOOP((#7514,#7513,#7532));
#8133=IFCFACEOUTERBOUND(#8132,.T.);
#8134=IFCFACE((#8133));
#8135=IFCPOLYLOOP((#7516,#7534,#7535));
#8136=IFCFACEOUTERBOUND(#8135,.T.);
#8137=IFCFACE((#8136));
#8138=IFCPOLYLOOP((#7535,#7443,#7442));
#8139=IFCFACEOUTERBOUND(#8138,.T.);
#8140=IFCFACE((#8139));
#8141=IFCPOLYLOOP((#7514,#7532,#7533));
#8142=IFCFACEOUTERBOUND(#8141,.T.);
#8143=IFCFACE((#8142));
#8144=IFCPOLYLOOP((#7533,#7534,#7515));
#8145=IFCFACEOUTERBOUND(#8144,.T.);
#8146=IFCFACE((#8145));
#8147=IFCPOLYLOOP((#7513,#7531,#7532));
#8148=IFCFACEOUTERBOUND(#8147,.T.);
#8149=IFCFACE((#8148));
#8150=IFCPOLYLOOP((#7513,#7512,#7530,#7531));
#8151=IFCFACEOUTERBOUND(#8150,.T.);
#8152=IFCFACE((#8151));
#8153=IFCPOLYLOOP((#7529,#7512,#7511));
#8154=IFCFACEOUTERBOUND(#8153,.T.);
#8155=IFCFACE((#8154));
#8156=IFCPOLYLOOP((#7527,#7510,#7509));
#8157=IFCFACEOUTERBOUND(#8156,.T.);
#8158=IFCFACE((#8157));
#8159=IFCPOLYLOOP((#7526,#7509,#7508));
#8160=IFCFACEOUTERBOUND(#8159,.T.);
#8161=IFCFACE((#8160));
#8162=IFCPOLYLOOP((#7528,#7511,#7510));
#8163=IFCFACEOUTERBOUND(#8162,.T.);
#8164=IFCFACE((#8163));
#8165=IFCPOLYLOOP((#7512,#7529,#7530));
#8166=IFCFACEOUTERBOUND(#8165,.T.);
#8167=IFCFACE((#8166));
#8168=IFCPOLYLOOP((#7511,#7528,#7529));
#8169=IFCFACEOUTERBOUND(#8168,.T.);
#8170=IFCFACE((#8169));
#8171=IFCPOLYLOOP((#7509,#7526,#7527));
#8172=IFCFACEOUTERBOUND(#8171,.T.);
#8173=IFCFACE((#8172));
#8174=IFCPOLYLOOP((#7526,#7508,#7507));
#8175=IFCFACEOUTERBOUND(#8174,.T.);
#8176=IFCFACE((#8175));
#8177=IFCPOLYLOOP((#7510,#7527,#7528));
#8178=IFCFACEOUTERBOUND(#8177,.T.);
#8179=IFCFACE((#8178));
#8180=IFCPOLYLOOP((#7535,#7546,#7443));
#8181=IFCFACEOUTERBOUND(#8180,.T.);
#8182=IFCFACE((#8181));
#8183=IFCPOLYLOOP((#7534,#7545,#7535));
#8184=IFCFACEOUTERBOUND(#8183,.T.);
#8185=IFCFACE((#8184));
#8186=IFCPOLYLOOP((#7543,#7533,#7532));
#8187=IFCFACEOUTERBOUND(#8186,.T.);
#8188=IFCFACE((#8187));
#8189=IFCPOLYLOOP((#7534,#7533,#7544));
#8190=IFCFACEOUTERBOUND(#8189,.T.);
#8191=IFCFACE((#8190));
#8192=IFCPOLYLOOP((#7542,#7532,#7531));
#8193=IFCFACEOUTERBOUND(#8192,.T.);
#8194=IFCFACE((#8193));
#8195=IFCPOLYLOOP((#7535,#7545,#7546));
#8196=IFCFACEOUTERBOUND(#8195,.T.);
#8197=IFCFACE((#8196));
#8198=IFCPOLYLOOP((#7546,#7444,#7443));
#8199=IFCFACEOUTERBOUND(#8198,.T.);
#8200=IFCFACE((#8199));
#8201=IFCPOLYLOOP((#7533,#7543,#7544));
#8202=IFCFACEOUTERBOUND(#8201,.T.);
#8203=IFCFACE((#8202));
#8204=IFCPOLYLOOP((#7544,#7545,#7534));
#8205=IFCFACEOUTERBOUND(#8204,.T.);
#8206=IFCFACE((#8205));
#8207=IFCPOLYLOOP((#7532,#7542,#7543));
#8208=IFCFACEOUTERBOUND(#8207,.T.);
#8209=IFCFACE((#8208));
#8210=IFCPOLYLOOP((#7531,#7541,#7542));
#8211=IFCFACEOUTERBOUND(#8210,.T.);
#8212=IFCFACE((#8211));
#8213=IFCPOLYLOOP((#7540,#7530,#7529));
#8214=IFCFACEOUTERBOUND(#8213,.T.);
#8215=IFCFACE((#8214));
#8216=IFCPOLYLOOP((#7539,#7529,#7528));
#8217=IFCFACEOUTERBOUND(#8216,.T.);
#8218=IFCFACE((#8217));
#8219=IFCPOLYLOOP((#7537,#7527,#7526));
#8220=IFCFACEOUTERBOUND(#8219,.T.);
#8221=IFCFACE((#8220));
#8222=IFCPOLYLOOP((#7527,#7538,#7528));
#8223=IFCFACEOUTERBOUND(#8222,.T.);
#8224=IFCFACE((#8223));
#8225=IFCPOLYLOOP((#7536,#7526,#7507));
#8226=IFCFACEOUTERBOUND(#8225,.T.);
#8227=IFCFACE((#8226));
#8228=IFCPOLYLOOP((#7530,#7540,#7541));
#8229=IFCFACEOUTERBOUND(#8228,.T.);
#8230=IFCFACE((#8229));
#8231=IFCPOLYLOOP((#7540,#7529,#7539));
#8232=IFCFACEOUTERBOUND(#8231,.T.);
#8233=IFCFACE((#8232));
#8234=IFCPOLYLOOP((#7538,#7527,#7537));
#8235=IFCFACEOUTERBOUND(#8234,.T.);
#8236=IFCFACE((#8235));
#8237=IFCPOLYLOOP((#7537,#7526,#7536));
#8238=IFCFACEOUTERBOUND(#8237,.T.);
#8239=IFCFACE((#8238));
#8240=IFCPOLYLOOP((#7507,#7506,#7536));
#8241=IFCFACEOUTERBOUND(#8240,.T.);
#8242=IFCFACE((#8241));
#8243=IFCPOLYLOOP((#7539,#7528,#7538));
#8244=IFCFACEOUTERBOUND(#8243,.T.);
#8245=IFCFACE((#8244));
#8246=IFCPOLYLOOP((#7530,#7541,#7531));
#8247=IFCFACEOUTERBOUND(#8246,.T.);
#8248=IFCFACE((#8247));
#8249=IFCPOLYLOOP((#7546,#7557,#7445,#7444));
#8250=IFCFACEOUTERBOUND(#8249,.T.);
#8251=IFCFACE((#8250));
#8252=IFCPOLYLOOP((#7545,#7556,#7557,#7546));
#8253=IFCFACEOUTERBOUND(#8252,.T.);
#8254=IFCFACE((#8253));
#8255=IFCPOLYLOOP((#7554,#7555,#7544,#7543));
#8256=IFCFACEOUTERBOUND(#8255,.T.);
#8257=IFCFACE((#8256));
#8258=IFCPOLYLOOP((#7545,#7544,#7555,#7556));
#8259=IFCFACEOUTERBOUND(#8258,.T.);
#8260=IFCFACE((#8259));
#8261=IFCPOLYLOOP((#7553,#7554,#7543,#7542));
#8262=IFCFACEOUTERBOUND(#8261,.T.);
#8263=IFCFACE((#8262));
#8264=IFCPOLYLOOP((#7552,#7553,#7542,#7541));
#8265=IFCFACEOUTERBOUND(#8264,.T.);
#8266=IFCFACE((#8265));
#8267=IFCPOLYLOOP((#7541,#7540,#7551,#7552));
#8268=IFCFACEOUTERBOUND(#8267,.T.);
#8269=IFCFACE((#8268));
#8270=IFCPOLYLOOP((#7548,#7537,#7536,#7547));
#8271=IFCFACEOUTERBOUND(#8270,.T.);
#8272=IFCFACE((#8271));
#8273=IFCPOLYLOOP((#7537,#7548,#7549,#7538));
#8274=IFCFACEOUTERBOUND(#8273,.T.);
#8275=IFCFACE((#8274));
#8276=IFCPOLYLOOP((#7547,#7536,#7506,#7505));
#8277=IFCFACEOUTERBOUND(#8276,.T.);
#8278=IFCFACE((#8277));
#8279=IFCPOLYLOOP((#7551,#7540,#7539,#7550));
#8280=IFCFACEOUTERBOUND(#8279,.T.);
#8281=IFCFACE((#8280));
#8282=IFCPOLYLOOP((#7550,#7539,#7538,#7549));
#8283=IFCFACEOUTERBOUND(#8282,.T.);
#8284=IFCFACE((#8283));
#8285=IFCPOLYLOOP((#7557,#7568,#7446,#7445));
#8286=IFCFACEOUTERBOUND(#8285,.T.);
#8287=IFCFACE((#8286));
#8288=IFCPOLYLOOP((#7556,#7567,#7568,#7557));
#8289=IFCFACEOUTERBOUND(#8288,.T.);
#8290=IFCFACE((#8289));
#8291=IFCPOLYLOOP((#7565,#7566,#7555,#7554));
#8292=IFCFACEOUTERBOUND(#8291,.T.);
#8293=IFCFACE((#8292));
#8294=IFCPOLYLOOP((#7556,#7555,#7566,#7567));
#8295=IFCFACEOUTERBOUND(#8294,.T.);
#8296=IFCFACE((#8295));
#8297=IFCPOLYLOOP((#7564,#7565,#7554,#7553));
#8298=IFCFACEOUTERBOUND(#8297,.T.);
#8299=IFCFACE((#8298));
#8300=IFCPOLYLOOP((#7563,#7564,#7553,#7552));
#8301=IFCFACEOUTERBOUND(#8300,.T.);
#8302=IFCFACE((#8301));
#8303=IFCPOLYLOOP((#7552,#7551,#7562,#7563));
#8304=IFCFACEOUTERBOUND(#8303,.T.);
#8305=IFCFACE((#8304));
#8306=IFCPOLYLOOP((#7559,#7548,#7547,#7558));
#8307=IFCFACEOUTERBOUND(#8306,.T.);
#8308=IFCFACE((#8307));
#8309=IFCPOLYLOOP((#7548,#7559,#7560,#7549));
#8310=IFCFACEOUTERBOUND(#8309,.T.);
#8311=IFCFACE((#8310));
#8312=IFCPOLYLOOP((#7505,#7504,#7558,#7547));
#8313=IFCFACEOUTERBOUND(#8312,.T.);
#8314=IFCFACE((#8313));
#8315=IFCPOLYLOOP((#7562,#7551,#7550,#7561));
#8316=IFCFACEOUTERBOUND(#8315,.T.);
#8317=IFCFACE((#8316));
#8318=IFCPOLYLOOP((#7550,#7549,#7560,#7561));
#8319=IFCFACEOUTERBOUND(#8318,.T.);
#8320=IFCFACE((#8319));
#8321=IFCPOLYLOOP((#7568,#7580,#7446));
#8322=IFCFACEOUTERBOUND(#8321,.T.);
#8323=IFCFACE((#8322));
#8324=IFCPOLYLOOP((#7567,#7579,#7568));
#8325=IFCFACEOUTERBOUND(#8324,.T.);
#8326=IFCFACE((#8325));
#8327=IFCPOLYLOOP((#7577,#7566,#7565));
#8328=IFCFACEOUTERBOUND(#8327,.T.);
#8329=IFCFACE((#8328));
#8330=IFCPOLYLOOP((#7567,#7566,#7578));
#8331=IFCFACEOUTERBOUND(#8330,.T.);
#8332=IFCFACE((#8331));
#8333=IFCPOLYLOOP((#7576,#7565,#7564));
#8334=IFCFACEOUTERBOUND(#8333,.T.);
#8335=IFCFACE((#8334));
#8336=IFCPOLYLOOP((#7568,#7579,#7580));
#8337=IFCFACEOUTERBOUND(#8336,.T.);
#8338=IFCFACE((#8337));
#8339=IFCPOLYLOOP((#7580,#7447,#7446));
#8340=IFCFACEOUTERBOUND(#8339,.T.);
#8341=IFCFACE((#8340));
#8342=IFCPOLYLOOP((#7576,#7577,#7565));
#8343=IFCFACEOUTERBOUND(#8342,.T.);
#8344=IFCFACE((#8343));
#8345=IFCPOLYLOOP((#7578,#7566,#7577));
#8346=IFCFACEOUTERBOUND(#8345,.T.);
#8347=IFCFACE((#8346));
#8348=IFCPOLYLOOP((#7578,#7579,#7567));
#8349=IFCFACEOUTERBOUND(#8348,.T.);
#8350=IFCFACE((#8349));
#8351=IFCPOLYLOOP((#7575,#7576,#7564));
#8352=IFCFACEOUTERBOUND(#8351,.T.);
#8353=IFCFACE((#8352));
#8354=IFCPOLYLOOP((#7564,#7563,#7575));
#8355=IFCFACEOUTERBOUND(#8354,.T.);
#8356=IFCFACE((#8355));
#8357=IFCPOLYLOOP((#7574,#7563,#7562));
#8358=IFCFACEOUTERBOUND(#8357,.T.);
#8359=IFCFACE((#8358));
#8360=IFCPOLYLOOP((#7573,#7562,#7561));
#8361=IFCFACEOUTERBOUND(#8360,.T.);
#8362=IFCFACE((#8361));
#8363=IFCPOLYLOOP((#7559,#7558,#7570));
#8364=IFCFACEOUTERBOUND(#8363,.T.);
#8365=IFCFACE((#8364));
#8366=IFCPOLYLOOP((#7571,#7560,#7559));
#8367=IFCFACEOUTERBOUND(#8366,.T.);
#8368=IFCFACE((#8367));
#8369=IFCPOLYLOOP((#7561,#7560,#7572));
#8370=IFCFACEOUTERBOUND(#8369,.T.);
#8371=IFCFACE((#8370));
#8372=IFCPOLYLOOP((#7569,#7558,#7504));
#8373=IFCFACEOUTERBOUND(#8372,.T.);
#8374=IFCFACE((#8373));
#8375=IFCPOLYLOOP((#7573,#7574,#7562));
#8376=IFCFACEOUTERBOUND(#8375,.T.);
#8377=IFCFACE((#8376));
#8378=IFCPOLYLOOP((#7572,#7573,#7561));
#8379=IFCFACEOUTERBOUND(#8378,.T.);
#8380=IFCFACE((#8379));
#8381=IFCPOLYLOOP((#7572,#7560,#7571));
#8382=IFCFACEOUTERBOUND(#8381,.T.);
#8383=IFCFACE((#8382));
#8384=IFCPOLYLOOP((#7559,#7570,#7571));
#8385=IFCFACEOUTERBOUND(#8384,.T.);
#8386=IFCFACE((#8385));
#8387=IFCPOLYLOOP((#7569,#7570,#7558));
#8388=IFCFACEOUTERBOUND(#8387,.T.);
#8389=IFCFACE((#8388));
#8390=IFCPOLYLOOP((#7504,#7503,#7569));
#8391=IFCFACEOUTERBOUND(#8390,.T.);
#8392=IFCFACE((#8391));
#8393=IFCPOLYLOOP((#7563,#7574,#7575));
#8394=IFCFACEOUTERBOUND(#8393,.T.);
#8395=IFCFACE((#8394));
#8396=IFCPOLYLOOP((#7580,#7592,#7448,#7447));
#8397=IFCFACEOUTERBOUND(#8396,.T.);
#8398=IFCFACE((#8397));
#8399=IFCPOLYLOOP((#7579,#7591,#7592,#7580));
#8400=IFCFACEOUTERBOUND(#8399,.T.);
#8401=IFCFACE((#8400));
#8402=IFCPOLYLOOP((#7589,#7590,#7578,#7577));
#8403=IFCFACEOUTERBOUND(#8402,.T.);
#8404=IFCFACE((#8403));
#8405=IFCPOLYLOOP((#7577,#7576,#7588,#7589));
#8406=IFCFACEOUTERBOUND(#8405,.T.);
#8407=IFCFACE((#8406));
#8408=IFCPOLYLOOP((#7579,#7578,#7590,#7591));
#8409=IFCFACEOUTERBOUND(#8408,.T.);
#8410=IFCFACE((#8409));
#8411=IFCPOLYLOOP((#7575,#7587,#7588,#7576));
#8412=IFCFACEOUTERBOUND(#8411,.T.);
#8413=IFCFACE((#8412));
#8414=IFCPOLYLOOP((#7575,#7574,#7586,#7587));
#8415=IFCFACEOUTERBOUND(#8414,.T.);
#8416=IFCFACE((#8415));
#8417=IFCPOLYLOOP((#7584,#7585,#7573,#7572));
#8418=IFCFACEOUTERBOUND(#8417,.T.);
#8419=IFCFACE((#8418));
#8420=IFCPOLYLOOP((#7574,#7573,#7585,#7586));
#8421=IFCFACEOUTERBOUND(#8420,.T.);
#8422=IFCFACE((#8421));
#8423=IFCPOLYLOOP((#7570,#7569,#7581,#7582));
#8424=IFCFACEOUTERBOUND(#8423,.T.);
#8425=IFCFACE((#8424));
#8426=IFCPOLYLOOP((#7583,#7571,#7570,#7582));
#8427=IFCFACEOUTERBOUND(#8426,.T.);
#8428=IFCFACE((#8427));
#8429=IFCPOLYLOOP((#7584,#7572,#7571,#7583));
#8430=IFCFACEOUTERBOUND(#8429,.T.);
#8431=IFCFACE((#8430));
#8432=IFCPOLYLOOP((#7581,#7569,#7503,#7502));
#8433=IFCFACEOUTERBOUND(#8432,.T.);
#8434=IFCFACE((#8433));
#8435=IFCPOLYLOOP((#7592,#7604,#7449,#7448));
#8436=IFCFACEOUTERBOUND(#8435,.T.);
#8437=IFCFACE((#8436));
#8438=IFCPOLYLOOP((#7591,#7603,#7604,#7592));
#8439=IFCFACEOUTERBOUND(#8438,.T.);
#8440=IFCFACE((#8439));
#8441=IFCPOLYLOOP((#7601,#7602,#7590,#7589));
#8442=IFCFACEOUTERBOUND(#8441,.T.);
#8443=IFCFACE((#8442));
#8444=IFCPOLYLOOP((#7589,#7588,#7600,#7601));
#8445=IFCFACEOUTERBOUND(#8444,.T.);
#8446=IFCFACE((#8445));
#8447=IFCPOLYLOOP((#7591,#7590,#7602,#7603));
#8448=IFCFACEOUTERBOUND(#8447,.T.);
#8449=IFCFACE((#8448));
#8450=IFCPOLYLOOP((#7587,#7599,#7600,#7588));
#8451=IFCFACEOUTERBOUND(#8450,.T.);
#8452=IFCFACE((#8451));
#8453=IFCPOLYLOOP((#7587,#7586,#7598,#7599));
#8454=IFCFACEOUTERBOUND(#8453,.T.);
#8455=IFCFACE((#8454));
#8456=IFCPOLYLOOP((#7596,#7597,#7585,#7584));
#8457=IFCFACEOUTERBOUND(#8456,.T.);
#8458=IFCFACE((#8457));
#8459=IFCPOLYLOOP((#7586,#7585,#7597,#7598));
#8460=IFCFACEOUTERBOUND(#8459,.T.);
#8461=IFCFACE((#8460));
#8462=IFCPOLYLOOP((#7582,#7581,#7593,#7594));
#8463=IFCFACEOUTERBOUND(#8462,.T.);
#8464=IFCFACE((#8463));
#8465=IFCPOLYLOOP((#7582,#7594,#7595,#7583));
#8466=IFCFACEOUTERBOUND(#8465,.T.);
#8467=IFCFACE((#8466));
#8468=IFCPOLYLOOP((#7584,#7583,#7595,#7596));
#8469=IFCFACEOUTERBOUND(#8468,.T.);
#8470=IFCFACE((#8469));
#8471=IFCPOLYLOOP((#7593,#7581,#7502,#7501));
#8472=IFCFACEOUTERBOUND(#8471,.T.);
#8473=IFCFACE((#8472));
#8474=IFCPOLYLOOP((#7604,#7450,#7449));
#8475=IFCFACEOUTERBOUND(#8474,.T.);
#8476=IFCFACE((#8475));
#8477=IFCPOLYLOOP((#7603,#7615,#7604));
#8478=IFCFACEOUTERBOUND(#8477,.T.);
#8479=IFCFACE((#8478));
#8480=IFCPOLYLOOP((#7613,#7602,#7601));
#8481=IFCFACEOUTERBOUND(#8480,.T.);
#8482=IFCFACE((#8481));
#8483=IFCPOLYLOOP((#7603,#7602,#7614));
#8484=IFCFACEOUTERBOUND(#8483,.T.);
#8485=IFCFACE((#8484));
#8486=IFCPOLYLOOP((#7612,#7601,#7600));
#8487=IFCFACEOUTERBOUND(#8486,.T.);
#8488=IFCFACE((#8487));
#8489=IFCPOLYLOOP((#7603,#7614,#7615));
#8490=IFCFACEOUTERBOUND(#8489,.T.);
#8491=IFCFACE((#8490));
#8492=IFCPOLYLOOP((#7615,#7450,#7604));
#8493=IFCFACEOUTERBOUND(#8492,.T.);
#8494=IFCFACE((#8493));
#8495=IFCPOLYLOOP((#7611,#7599,#7610));
#8496=IFCFACEOUTERBOUND(#8495,.T.);
#8497=IFCFACE((#8496));
#8498=IFCPOLYLOOP((#7611,#7612,#7600));
#8499=IFCFACEOUTERBOUND(#8498,.T.);
#8500=IFCFACE((#8499));
#8501=IFCPOLYLOOP((#7613,#7601,#7612));
#8502=IFCFACEOUTERBOUND(#8501,.T.);
#8503=IFCFACE((#8502));
#8504=IFCPOLYLOOP((#7613,#7614,#7602));
#8505=IFCFACEOUTERBOUND(#8504,.T.);
#8506=IFCFACE((#8505));
#8507=IFCPOLYLOOP((#7599,#7611,#7600));
#8508=IFCFACEOUTERBOUND(#8507,.T.);
#8509=IFCFACE((#8508));
#8510=IFCPOLYLOOP((#7597,#7596,#7608));
#8511=IFCFACEOUTERBOUND(#8510,.T.);
#8512=IFCFACE((#8511));
#8513=IFCPOLYLOOP((#7598,#7597,#7609));
#8514=IFCFACEOUTERBOUND(#8513,.T.);
#8515=IFCFACE((#8514));
#8516=IFCPOLYLOOP((#7594,#7593,#7605));
#8517=IFCFACEOUTERBOUND(#8516,.T.);
#8518=IFCFACE((#8517));
#8519=IFCPOLYLOOP((#7606,#7595,#7594));
#8520=IFCFACEOUTERBOUND(#8519,.T.);
#8521=IFCFACE((#8520));
#8522=IFCPOLYLOOP((#7596,#7595,#7607));
#8523=IFCFACEOUTERBOUND(#8522,.T.);
#8524=IFCFACE((#8523));
#8525=IFCPOLYLOOP((#7500,#7593,#7501));
#8526=IFCFACEOUTERBOUND(#8525,.T.);
#8527=IFCFACE((#8526));
#8528=IFCPOLYLOOP((#7609,#7610,#7598));
#8529=IFCFACEOUTERBOUND(#8528,.T.);
#8530=IFCFACE((#8529));
#8531=IFCPOLYLOOP((#7608,#7609,#7597));
#8532=IFCFACEOUTERBOUND(#8531,.T.);
#8533=IFCFACE((#8532));
#8534=IFCPOLYLOOP((#7608,#7596,#7607));
#8535=IFCFACEOUTERBOUND(#8534,.T.);
#8536=IFCFACE((#8535));
#8537=IFCPOLYLOOP((#7595,#7606,#7607));
#8538=IFCFACEOUTERBOUND(#8537,.T.);
#8539=IFCFACE((#8538));
#8540=IFCPOLYLOOP((#7605,#7606,#7594));
#8541=IFCFACEOUTERBOUND(#8540,.T.);
#8542=IFCFACE((#8541));
#8543=IFCPOLYLOOP((#7593,#7500,#7605));
#8544=IFCFACEOUTERBOUND(#8543,.T.);
#8545=IFCFACE((#8544));
#8546=IFCPOLYLOOP((#7598,#7610,#7599));
#8547=IFCFACEOUTERBOUND(#8546,.T.);
#8548=IFCFACE((#8547));
#8549=IFCPOLYLOOP((#7615,#7451,#7450));
#8550=IFCFACEOUTERBOUND(#8549,.T.);
#8551=IFCFACE((#8550));
#8552=IFCPOLYLOOP((#7614,#7625,#7615));
#8553=IFCFACEOUTERBOUND(#8552,.T.);
#8554=IFCFACE((#8553));
#8555=IFCPOLYLOOP((#7623,#7613,#7612));
#8556=IFCFACEOUTERBOUND(#8555,.T.);
#8557=IFCFACE((#8556));
#8558=IFCPOLYLOOP((#7614,#7613,#7624));
#8559=IFCFACEOUTERBOUND(#8558,.T.);
#8560=IFCFACE((#8559));
#8561=IFCPOLYLOOP((#7622,#7612,#7611));
#8562=IFCFACEOUTERBOUND(#8561,.T.);
#8563=IFCFACE((#8562));
#8564=IFCPOLYLOOP((#7614,#7624,#7625));
#8565=IFCFACEOUTERBOUND(#8564,.T.);
#8566=IFCFACE((#8565));
#8567=IFCPOLYLOOP((#7625,#7451,#7615));
#8568=IFCFACEOUTERBOUND(#8567,.T.);
#8569=IFCFACE((#8568));
#8570=IFCPOLYLOOP((#7612,#7622,#7623));
#8571=IFCFACEOUTERBOUND(#8570,.T.);
#8572=IFCFACE((#8571));
#8573=IFCPOLYLOOP((#7623,#7624,#7613));
#8574=IFCFACEOUTERBOUND(#8573,.T.);
#8575=IFCFACE((#8574));
#8576=IFCPOLYLOOP((#7611,#7621,#7622));
#8577=IFCFACEOUTERBOUND(#8576,.T.);
#8578=IFCFACE((#8577));
#8579=IFCPOLYLOOP((#7611,#7610,#7621));
#8580=IFCFACEOUTERBOUND(#8579,.T.);
#8581=IFCFACE((#8580));
#8582=IFCPOLYLOOP((#7610,#7609,#7620));
#8583=IFCFACEOUTERBOUND(#8582,.T.);
#8584=IFCFACE((#8583));
#8585=IFCPOLYLOOP((#7616,#7606,#7605));
#8586=IFCFACEOUTERBOUND(#8585,.T.);
#8587=IFCFACE((#8586));
#8588=IFCPOLYLOOP((#7606,#7617,#7607));
#8589=IFCFACEOUTERBOUND(#8588,.T.);
#8590=IFCFACE((#8589));
#8591=IFCPOLYLOOP((#7499,#7605,#7500));
#8592=IFCFACEOUTERBOUND(#8591,.T.);
#8593=IFCFACE((#8592));
#8594=IFCPOLYLOOP((#7609,#7619,#7620));
#8595=IFCFACEOUTERBOUND(#8594,.T.);
#8596=IFCFACE((#8595));
#8597=IFCPOLYLOOP((#7619,#7609,#7608));
#8598=IFCFACEOUTERBOUND(#8597,.T.);
#8599=IFCFACE((#8598));
#8600=IFCPOLYLOOP((#7619,#7608,#7618));
#8601=IFCFACEOUTERBOUND(#8600,.T.);
#8602=IFCFACE((#8601));
#8603=IFCPOLYLOOP((#7608,#7607,#7618));
#8604=IFCFACEOUTERBOUND(#8603,.T.);
#8605=IFCFACE((#8604));
#8606=IFCPOLYLOOP((#7607,#7617,#7618));
#8607=IFCFACEOUTERBOUND(#8606,.T.);
#8608=IFCFACE((#8607));
#8609=IFCPOLYLOOP((#7616,#7617,#7606));
#8610=IFCFACEOUTERBOUND(#8609,.T.);
#8611=IFCFACE((#8610));
#8612=IFCPOLYLOOP((#7605,#7499,#7616));
#8613=IFCFACEOUTERBOUND(#8612,.T.);
#8614=IFCFACE((#8613));
#8615=IFCPOLYLOOP((#7610,#7620,#7621));
#8616=IFCFACEOUTERBOUND(#8615,.T.);
#8617=IFCFACE((#8616));
#8618=IFCPOLYLOOP((#7625,#7635,#7452,#7451));
#8619=IFCFACEOUTERBOUND(#8618,.T.);
#8620=IFCFACE((#8619));
#8621=IFCPOLYLOOP((#7624,#7634,#7635,#7625));
#8622=IFCFACEOUTERBOUND(#8621,.T.);
#8623=IFCFACE((#8622));
#8624=IFCPOLYLOOP((#7632,#7633,#7623,#7622));
#8625=IFCFACEOUTERBOUND(#8624,.T.);
#8626=IFCFACE((#8625));
#8627=IFCPOLYLOOP((#7624,#7623,#7633,#7634));
#8628=IFCFACEOUTERBOUND(#8627,.T.);
#8629=IFCFACE((#8628));
#8630=IFCPOLYLOOP((#7631,#7632,#7622,#7621));
#8631=IFCFACEOUTERBOUND(#8630,.T.);
#8632=IFCFACE((#8631));
#8633=IFCPOLYLOOP((#7621,#7620,#7630,#7631));
#8634=IFCFACEOUTERBOUND(#8633,.T.);
#8635=IFCFACE((#8634));
#8636=IFCPOLYLOOP((#7628,#7629,#7619,#7618));
#8637=IFCFACEOUTERBOUND(#8636,.T.);
#8638=IFCFACE((#8637));
#8639=IFCPOLYLOOP((#7620,#7619,#7629,#7630));
#8640=IFCFACEOUTERBOUND(#8639,.T.);
#8641=IFCFACE((#8640));
#8642=IFCPOLYLOOP((#7627,#7617,#7616,#7626));
#8643=IFCFACEOUTERBOUND(#8642,.T.);
#8644=IFCFACE((#8643));
#8645=IFCPOLYLOOP((#7618,#7617,#7627,#7628));
#8646=IFCFACEOUTERBOUND(#8645,.T.);
#8647=IFCFACE((#8646));
#8648=IFCPOLYLOOP((#7626,#7616,#7499,#7498));
#8649=IFCFACEOUTERBOUND(#8648,.T.);
#8650=IFCFACE((#8649));
#8651=IFCPOLYLOOP((#7453,#7452,#7635));
#8652=IFCFACEOUTERBOUND(#8651,.T.);
#8653=IFCFACE((#8652));
#8654=IFCPOLYLOOP((#7642,#7634,#7633));
#8655=IFCFACEOUTERBOUND(#8654,.T.);
#8656=IFCFACE((#8655));
#8657=IFCPOLYLOOP((#7635,#7634,#7643));
#8658=IFCFACEOUTERBOUND(#8657,.T.);
#8659=IFCFACE((#8658));
#8660=IFCPOLYLOOP((#7633,#7632,#7641));
#8661=IFCFACEOUTERBOUND(#8660,.T.);
#8662=IFCFACE((#8661));
#8663=IFCPOLYLOOP((#7634,#7642,#7643));
#8664=IFCFACEOUTERBOUND(#8663,.T.);
#8665=IFCFACE((#8664));
#8666=IFCPOLYLOOP((#7635,#7643,#7651,#7453));
#8667=IFCFACEOUTERBOUND(#8666,.T.);
#8668=IFCFACE((#8667));
#8669=IFCPOLYLOOP((#7632,#7640,#7641));
#8670=IFCFACEOUTERBOUND(#8669,.T.);
#8671=IFCFACE((#8670));
#8672=IFCPOLYLOOP((#7641,#7642,#7633));
#8673=IFCFACEOUTERBOUND(#8672,.T.);
#8674=IFCFACE((#8673));
#8675=IFCPOLYLOOP((#7640,#7631,#7630,#7639));
#8676=IFCFACEOUTERBOUND(#8675,.T.);
#8677=IFCFACE((#8676));
#8678=IFCPOLYLOOP((#7632,#7631,#7640));
#8679=IFCFACEOUTERBOUND(#8678,.T.);
#8680=IFCFACE((#8679));
#8681=IFCPOLYLOOP((#7638,#7629,#7628));
#8682=IFCFACEOUTERBOUND(#8681,.T.);
#8683=IFCFACE((#8682));
#8684=IFCPOLYLOOP((#7636,#7627,#7626));
#8685=IFCFACEOUTERBOUND(#8684,.T.);
#8686=IFCFACE((#8685));
#8687=IFCPOLYLOOP((#7628,#7627,#7637));
#8688=IFCFACEOUTERBOUND(#8687,.T.);
#8689=IFCFACE((#8688));
#8690=IFCPOLYLOOP((#7497,#7626,#7498));
#8691=IFCFACEOUTERBOUND(#8690,.T.);
#8692=IFCFACE((#8691));
#8693=IFCPOLYLOOP((#7629,#7639,#7630));
#8694=IFCFACEOUTERBOUND(#8693,.T.);
#8695=IFCFACE((#8694));
#8696=IFCPOLYLOOP((#7629,#7638,#7639));
#8697=IFCFACEOUTERBOUND(#8696,.T.);
#8698=IFCFACE((#8697));
#8699=IFCPOLYLOOP((#7637,#7638,#7628));
#8700=IFCFACEOUTERBOUND(#8699,.T.);
#8701=IFCFACE((#8700));
#8702=IFCPOLYLOOP((#7627,#7636,#7637));
#8703=IFCFACEOUTERBOUND(#8702,.T.);
#8704=IFCFACE((#8703));
#8705=IFCPOLYLOOP((#7626,#7497,#7656,#7636));
#8706=IFCFACEOUTERBOUND(#8705,.T.);
#8707=IFCFACE((#8706));
#8708=IFCPOLYLOOP((#7643,#7650,#7667,#7652));
#8709=IFCFACEOUTERBOUND(#8708,.T.);
#8710=IFCFACE((#8709));
#8711=IFCPOLYLOOP((#7654,#7643,#7642));
#8712=IFCFACEOUTERBOUND(#8711,.T.);
#8713=IFCFACE((#8712));
#8714=IFCPOLYLOOP((#7660,#7646,#7638,#7645));
#8715=IFCFACEOUTERBOUND(#8714,.T.);
#8716=IFCFACE((#8715));
#8717=IFCPOLYLOOP((#7649,#7642,#7641));
#8718=IFCFACEOUTERBOUND(#8717,.T.);
#8719=IFCFACE((#8718));
#8720=IFCPOLYLOOP((#7652,#7454,#7651));
#8721=IFCFACEOUTERBOUND(#8720,.T.);
#8722=IFCFACE((#8721));
#8723=IFCPOLYLOOP((#7653,#7649,#7641,#7648));
#8724=IFCFACEOUTERBOUND(#8723,.T.);
#8725=IFCFACE((#8724));
#8726=IFCPOLYLOOP((#7643,#7654,#7650));
#8727=IFCFACEOUTERBOUND(#8726,.T.);
#8728=IFCFACE((#8727));
#8729=IFCPOLYLOOP((#7640,#7647,#7655,#7648));
#8730=IFCFACEOUTERBOUND(#8729,.T.);
#8731=IFCFACE((#8730));
#8732=IFCPOLYLOOP((#7659,#7645,#7637));
#8733=IFCFACEOUTERBOUND(#8732,.T.);
#8734=IFCFACE((#8733));
#8735=IFCPOLYLOOP((#7641,#7640,#7648));
#8736=IFCFACEOUTERBOUND(#8735,.T.);
#8737=IFCFACE((#8736));
#8738=IFCPOLYLOOP((#7658,#7647,#7639,#7646));
#8739=IFCFACEOUTERBOUND(#8738,.T.);
#8740=IFCFACE((#8739));
#8741=IFCPOLYLOOP((#7659,#7636,#7644));
#8742=IFCFACEOUTERBOUND(#8741,.T.);
#8743=IFCFACE((#8742));
#8744=IFCPOLYLOOP((#7645,#7638,#7637));
#8745=IFCFACEOUTERBOUND(#8744,.T.);
#8746=IFCFACE((#8745));
#8747=IFCPOLYLOOP((#7454,#7453,#7651));
#8748=IFCFACEOUTERBOUND(#8747,.T.);
#8749=IFCFACE((#8748));
#8750=IFCPOLYLOOP((#7636,#7657,#7644));
#8751=IFCFACEOUTERBOUND(#8750,.T.);
#8752=IFCFACE((#8751));
#8753=IFCPOLYLOOP((#7656,#7497,#7496));
#8754=IFCFACEOUTERBOUND(#8753,.T.);
#8755=IFCFACE((#8754));
#8756=IFCPOLYLOOP((#7657,#7636,#7656));
#8757=IFCFACEOUTERBOUND(#8756,.T.);
#8758=IFCFACE((#8757));
#8759=IFCPOLYLOOP((#7636,#7659,#7637));
#8760=IFCFACEOUTERBOUND(#8759,.T.);
#8761=IFCFACE((#8760));
#8762=IFCPOLYLOOP((#7656,#7496,#7657));
#8763=IFCFACEOUTERBOUND(#8762,.T.);
#8764=IFCFACE((#8763));
#8765=IFCPOLYLOOP((#7642,#7649,#7654));
#8766=IFCFACEOUTERBOUND(#8765,.T.);
#8767=IFCFACE((#8766));
#8768=IFCPOLYLOOP((#7643,#7652,#7651));
#8769=IFCFACEOUTERBOUND(#8768,.T.);
#8770=IFCFACE((#8769));
#8771=IFCPOLYLOOP((#7646,#7639,#7638));
#8772=IFCFACEOUTERBOUND(#8771,.T.);
#8773=IFCFACE((#8772));
#8774=IFCPOLYLOOP((#7639,#7647,#7640));
#8775=IFCFACEOUTERBOUND(#8774,.T.);
#8776=IFCFACE((#8775));
#8777=IFCPOLYLOOP((#7668,#7454,#7652,#7667,#7650));
#8778=IFCFACEOUTERBOUND(#8777,.T.);
#8779=IFCFACE((#8778));
#8780=IFCPOLYLOOP((#7669,#7654,#7649));
#8781=IFCFACEOUTERBOUND(#8780,.T.);
#8782=IFCFACE((#8781));
#8783=IFCPOLYLOOP((#7674,#7663,#7646));
#8784=IFCFACEOUTERBOUND(#8783,.T.);
#8785=IFCFACE((#8784));
#8786=IFCPOLYLOOP((#7671,#7645,#7659));
#8787=IFCFACEOUTERBOUND(#8786,.T.);
#8788=IFCFACE((#8787));
#8789=IFCPOLYLOOP((#7648,#7672,#7653));
#8790=IFCFACEOUTERBOUND(#8789,.T.);
#8791=IFCFACE((#8790));
#8792=IFCPOLYLOOP((#7649,#7665,#7669));
#8793=IFCFACEOUTERBOUND(#8792,.T.);
#8794=IFCFACE((#8793));
#8795=IFCPOLYLOOP((#7668,#7650,#7666));
#8796=IFCFACEOUTERBOUND(#8795,.T.);
#8797=IFCFACE((#8796));
#8798=IFCPOLYLOOP((#7665,#7649,#7653));
#8799=IFCFACEOUTERBOUND(#8798,.T.);
#8800=IFCFACE((#8799));
#8801=IFCPOLYLOOP((#7654,#7666,#7650));
#8802=IFCFACEOUTERBOUND(#8801,.T.);
#8803=IFCFACE((#8802));
#8804=IFCPOLYLOOP((#7655,#7664,#7648));
#8805=IFCFACEOUTERBOUND(#8804,.T.);
#8806=IFCFACE((#8805));
#8807=IFCPOLYLOOP((#7666,#7654,#7669));
#8808=IFCFACEOUTERBOUND(#8807,.T.);
#8809=IFCFACE((#8808));
#8810=IFCPOLYLOOP((#7655,#7647,#7673));
#8811=IFCFACEOUTERBOUND(#8810,.T.);
#8812=IFCFACE((#8811));
#8813=IFCPOLYLOOP((#7664,#7655,#7673));
#8814=IFCFACEOUTERBOUND(#8813,.T.);
#8815=IFCFACE((#8814));
#8816=IFCPOLYLOOP((#7673,#7658,#7663));
#8817=IFCFACEOUTERBOUND(#8816,.T.);
#8818=IFCFACE((#8817));
#8819=IFCPOLYLOOP((#7658,#7673,#7647));
#8820=IFCFACEOUTERBOUND(#8819,.T.);
#8821=IFCFACE((#8820));
#8822=IFCPOLYLOOP((#7670,#7644,#7657));
#8823=IFCFACEOUTERBOUND(#8822,.T.);
#8824=IFCFACE((#8823));
#8825=IFCPOLYLOOP((#7495,#7657,#7496));
#8826=IFCFACEOUTERBOUND(#8825,.T.);
#8827=IFCFACE((#8826));
#8828=IFCPOLYLOOP((#7671,#7662,#7645));
#8829=IFCFACEOUTERBOUND(#8828,.T.);
#8830=IFCFACE((#8829));
#8831=IFCPOLYLOOP((#7454,#7668,#7455));
#8832=IFCFACEOUTERBOUND(#8831,.T.);
#8833=IFCFACE((#8832));
#8834=IFCPOLYLOOP((#7495,#7670,#7657));
#8835=IFCFACEOUTERBOUND(#8834,.T.);
#8836=IFCFACE((#8835));
#8837=IFCPOLYLOOP((#7661,#7644,#7670));
#8838=IFCFACEOUTERBOUND(#8837,.T.);
#8839=IFCFACE((#8838));
#8840=IFCPOLYLOOP((#7659,#7644,#7661));
#8841=IFCFACEOUTERBOUND(#8840,.T.);
#8842=IFCFACE((#8841));
#8843=IFCPOLYLOOP((#7661,#7671,#7659));
#8844=IFCFACEOUTERBOUND(#8843,.T.);
#8845=IFCFACE((#8844));
#8846=IFCPOLYLOOP((#7648,#7664,#7672));
#8847=IFCFACEOUTERBOUND(#8846,.T.);
#8848=IFCFACE((#8847));
#8849=IFCPOLYLOOP((#7660,#7674,#7646));
#8850=IFCFACEOUTERBOUND(#8849,.T.);
#8851=IFCFACE((#8850));
#8852=IFCPOLYLOOP((#7660,#7645,#7662));
#8853=IFCFACEOUTERBOUND(#8852,.T.);
#8854=IFCFACE((#8853));
#8855=IFCPOLYLOOP((#7663,#7658,#7646));
#8856=IFCFACEOUTERBOUND(#8855,.T.);
#8857=IFCFACE((#8856));
#8858=IFCPOLYLOOP((#7674,#7660,#7662));
#8859=IFCFACEOUTERBOUND(#8858,.T.);
#8860=IFCFACE((#8859));
#8861=IFCPOLYLOOP((#7665,#7653,#7672));
#8862=IFCFACEOUTERBOUND(#8861,.T.);
#8863=IFCFACE((#8862));
#8864=IFCPOLYLOOP((#7666,#7681,#7668));
#8865=IFCFACEOUTERBOUND(#8864,.T.);
#8866=IFCFACE((#8865));
#8867=IFCPOLYLOOP((#7688,#7495,#7494));
#8868=IFCFACEOUTERBOUND(#8867,.T.);
#8869=IFCFACE((#8868));
#8870=IFCPOLYLOOP((#7663,#7683,#7673));
#8871=IFCFACEOUTERBOUND(#8870,.T.);
#8872=IFCFACE((#8871));
#8873=IFCPOLYLOOP((#7682,#7664,#7673));
#8874=IFCFACEOUTERBOUND(#8873,.T.);
#8875=IFCFACE((#8874));
#8876=IFCPOLYLOOP((#7686,#7681,#7666));
#8877=IFCFACEOUTERBOUND(#8876,.T.);
#8878=IFCFACE((#8877));
#8879=IFCPOLYLOOP((#7682,#7680,#7664));
#8880=IFCFACEOUTERBOUND(#8879,.T.);
#8881=IFCFACE((#8880));
#8882=IFCPOLYLOOP((#7495,#7688,#7670));
#8883=IFCFACEOUTERBOUND(#8882,.T.);
#8884=IFCFACE((#8883));
#8885=IFCPOLYLOOP((#7455,#7685,#7456));
#8886=IFCFACEOUTERBOUND(#8885,.T.);
#8887=IFCFACE((#8886));
#8888=IFCPOLYLOOP((#7689,#7661,#7678));
#8889=IFCFACEOUTERBOUND(#8888,.T.);
#8890=IFCFACE((#8889));
#8891=IFCPOLYLOOP((#7668,#7681,#7685));
#8892=IFCFACEOUTERBOUND(#8891,.T.);
#8893=IFCFACE((#8892));
#8894=IFCPOLYLOOP((#7682,#7673,#7676));
#8895=IFCFACEOUTERBOUND(#8894,.T.);
#8896=IFCFACE((#8895));
#8897=IFCPOLYLOOP((#7455,#7668,#7685));
#8898=IFCFACEOUTERBOUND(#8897,.T.);
#8899=IFCFACE((#8898));
#8900=IFCPOLYLOOP((#7672,#7664,#7680));
#8901=IFCFACEOUTERBOUND(#8900,.T.);
#8902=IFCFACE((#8901));
#8903=IFCPOLYLOOP((#7661,#7670,#7678));
#8904=IFCFACEOUTERBOUND(#8903,.T.);
#8905=IFCFACE((#8904));
#8906=IFCPOLYLOOP((#7676,#7673,#7683));
#8907=IFCFACEOUTERBOUND(#8906,.T.);
#8908=IFCFACE((#8907));
#8909=IFCPOLYLOOP((#7666,#7669,#7686));
#8910=IFCFACEOUTERBOUND(#8909,.T.);
#8911=IFCFACE((#8910));
#8912=IFCPOLYLOOP((#7669,#7665,#7677));
#8913=IFCFACEOUTERBOUND(#8912,.T.);
#8914=IFCFACE((#8913));
#8915=IFCPOLYLOOP((#7679,#7674,#7684));
#8916=IFCFACEOUTERBOUND(#8915,.T.);
#8917=IFCFACE((#8916));
#8918=IFCPOLYLOOP((#7661,#7689,#7671));
#8919=IFCFACEOUTERBOUND(#8918,.T.);
#8920=IFCFACE((#8919));
#8921=IFCPOLYLOOP((#7672,#7687,#7665));
#8922=IFCFACEOUTERBOUND(#8921,.T.);
#8923=IFCFACE((#8922));
#8924=IFCPOLYLOOP((#7662,#7684,#7674));
#8925=IFCFACEOUTERBOUND(#8924,.T.);
#8926=IFCFACE((#8925));
#8927=IFCPOLYLOOP((#7663,#7679,#7683));
#8928=IFCFACEOUTERBOUND(#8927,.T.);
#8929=IFCFACE((#8928));
#8930=IFCPOLYLOOP((#7662,#7675,#7684));
#8931=IFCFACEOUTERBOUND(#8930,.T.);
#8932=IFCFACE((#8931));
#8933=IFCPOLYLOOP((#7675,#7662,#7671));
#8934=IFCFACEOUTERBOUND(#8933,.T.);
#8935=IFCFACE((#8934));
#8936=IFCPOLYLOOP((#7669,#7677,#7686));
#8937=IFCFACEOUTERBOUND(#8936,.T.);
#8938=IFCFACE((#8937));
#8939=IFCPOLYLOOP((#7687,#7672,#7680));
#8940=IFCFACEOUTERBOUND(#8939,.T.);
#8941=IFCFACE((#8940));
#8942=IFCPOLYLOOP((#7687,#7677,#7665));
#8943=IFCFACEOUTERBOUND(#8942,.T.);
#8944=IFCFACE((#8943));
#8945=IFCPOLYLOOP((#7688,#7678,#7670));
#8946=IFCFACEOUTERBOUND(#8945,.T.);
#8947=IFCFACE((#8946));
#8948=IFCPOLYLOOP((#7689,#7675,#7671));
#8949=IFCFACEOUTERBOUND(#8948,.T.);
#8950=IFCFACE((#8949));
#8951=IFCPOLYLOOP((#7679,#7663,#7674));
#8952=IFCFACEOUTERBOUND(#8951,.T.);
#8953=IFCFACE((#8952));
#8954=IFCPOLYLOOP((#7457,#7456,#7685,#7681,#7686,#7677,#7687,#7680,#7682,#7676,#7683,#7679,#7684,#7675,#7689,#7678,#7688,#7494));
#8955=IFCFACEOUTERBOUND(#8954,.T.);
#8956=IFCFACE((#8955));
#8957=IFCPOLYLOOP((#7458,#7493,#7711,#7701,#7709,#7690,#7708,#7700,#7713,#7691,#7703,#7699,#7712,#7692,#7702,#7698,#7706,#7459));
#8958=IFCFACEOUTERBOUND(#8957,.T.);
#8959=IFCFACE((#8958));
#8960=IFCPOLYLOOP((#7715,#7702,#7692));
#8961=IFCFACEOUTERBOUND(#8960,.T.);
#8962=IFCFACE((#8961));
#8963=IFCPOLYLOOP((#7460,#7706,#7705));
#8964=IFCFACEOUTERBOUND(#8963,.T.);
#8965=IFCFACE((#8964));
#8966=IFCPOLYLOOP((#7699,#7704,#7696));
#8967=IFCFACEOUTERBOUND(#8966,.T.);
#8968=IFCFACE((#8967));
#8969=IFCPOLYLOOP((#7703,#7695,#7704));
#8970=IFCFACEOUTERBOUND(#8969,.T.);
#8971=IFCFACE((#8970));
#8972=IFCPOLYLOOP((#7698,#7697,#7705));
#8973=IFCFACEOUTERBOUND(#8972,.T.);
#8974=IFCFACE((#8973));
#8975=IFCPOLYLOOP((#7713,#7695,#7691));
#8976=IFCFACEOUTERBOUND(#8975,.T.);
#8977=IFCFACE((#8976));
#8978=IFCPOLYLOOP((#7714,#7709,#7693));
#8979=IFCFACEOUTERBOUND(#8978,.T.);
#8980=IFCFACE((#8979));
#8981=IFCPOLYLOOP((#7694,#7708,#7714));
#8982=IFCFACEOUTERBOUND(#8981,.T.);
#8983=IFCFACE((#8982));
#8984=IFCPOLYLOOP((#7703,#7691,#7695));
#8985=IFCFACEOUTERBOUND(#8984,.T.);
#8986=IFCFACE((#8985));
#8987=IFCPOLYLOOP((#7705,#7706,#7698));
#8988=IFCFACEOUTERBOUND(#8987,.T.);
#8989=IFCFACE((#8988));
#8990=IFCPOLYLOOP((#7708,#7690,#7714));
#8991=IFCFACEOUTERBOUND(#8990,.T.);
#8992=IFCFACE((#8991));
#8993=IFCPOLYLOOP((#7709,#7714,#7690));
#8994=IFCFACEOUTERBOUND(#8993,.T.);
#8995=IFCFACE((#8994));
#8996=IFCPOLYLOOP((#7712,#7715,#7692));
#8997=IFCFACEOUTERBOUND(#8996,.T.);
#8998=IFCFACE((#8997));
#8999=IFCPOLYLOOP((#7704,#7699,#7703));
#9000=IFCFACEOUTERBOUND(#8999,.T.);
#9001=IFCFACE((#9000));
#9002=IFCPOLYLOOP((#7492,#7711,#7493));
#9003=IFCFACEOUTERBOUND(#9002,.T.);
#9004=IFCFACE((#9003));
#9005=IFCPOLYLOOP((#7710,#7701,#7711));
#9006=IFCFACEOUTERBOUND(#9005,.T.);
#9007=IFCFACE((#9006));
#9008=IFCPOLYLOOP((#7711,#7492,#7710));
#9009=IFCFACEOUTERBOUND(#9008,.T.);
#9010=IFCFACE((#9009));
#9011=IFCPOLYLOOP((#7697,#7698,#7702));
#9012=IFCFACEOUTERBOUND(#9011,.T.);
#9013=IFCFACE((#9012));
#9014=IFCPOLYLOOP((#7697,#7702,#7715));
#9015=IFCFACEOUTERBOUND(#9014,.T.);
#9016=IFCFACE((#9015));
#9017=IFCPOLYLOOP((#7715,#7712,#7696));
#9018=IFCFACEOUTERBOUND(#9017,.T.);
#9019=IFCFACE((#9018));
#9020=IFCPOLYLOOP((#7700,#7694,#7707));
#9021=IFCFACEOUTERBOUND(#9020,.T.);
#9022=IFCFACE((#9021));
#9023=IFCPOLYLOOP((#7695,#7713,#7707));
#9024=IFCFACEOUTERBOUND(#9023,.T.);
#9025=IFCFACE((#9024));
#9026=IFCPOLYLOOP((#7694,#7700,#7708));
#9027=IFCFACEOUTERBOUND(#9026,.T.);
#9028=IFCFACE((#9027));
#9029=IFCPOLYLOOP((#7459,#7706,#7460));
#9030=IFCFACEOUTERBOUND(#9029,.T.);
#9031=IFCFACE((#9030));
#9032=IFCPOLYLOOP((#7709,#7701,#7693));
#9033=IFCFACEOUTERBOUND(#9032,.T.);
#9034=IFCFACE((#9033));
#9035=IFCPOLYLOOP((#7693,#7701,#7710));
#9036=IFCFACEOUTERBOUND(#9035,.T.);
#9037=IFCFACE((#9036));
#9038=IFCPOLYLOOP((#7712,#7699,#7696));
#9039=IFCFACEOUTERBOUND(#9038,.T.);
#9040=IFCFACE((#9039));
#9041=IFCPOLYLOOP((#7713,#7700,#7707));
#9042=IFCFACEOUTERBOUND(#9041,.T.);
#9043=IFCFACE((#9042));
#9044=IFCPOLYLOOP((#7697,#7721,#7705));
#9045=IFCFACEOUTERBOUND(#9044,.T.);
#9046=IFCFACE((#9045));
#9047=IFCPOLYLOOP((#7728,#7717,#7714));
#9048=IFCFACEOUTERBOUND(#9047,.T.);
#9049=IFCFACE((#9048));
#9050=IFCPOLYLOOP((#7728,#7693,#7716));
#9051=IFCFACEOUTERBOUND(#9050,.T.);
#9052=IFCFACE((#9051));
#9053=IFCPOLYLOOP((#7726,#7721,#7697));
#9054=IFCFACEOUTERBOUND(#9053,.T.);
#9055=IFCFACE((#9054));
#9056=IFCPOLYLOOP((#7460,#7705,#7724));
#9057=IFCFACEOUTERBOUND(#9056,.T.);
#9058=IFCFACE((#9057));
#9059=IFCPOLYLOOP((#7492,#7725,#7710));
#9060=IFCFACEOUTERBOUND(#9059,.T.);
#9061=IFCFACE((#9060));
#9062=IFCPOLYLOOP((#7697,#7715,#7726));
#9063=IFCFACEOUTERBOUND(#9062,.T.);
#9064=IFCFACE((#9063));
#9065=IFCPOLYLOOP((#7695,#7718,#7723,#7719));
#9066=IFCFACEOUTERBOUND(#9065,.T.);
#9067=IFCFACE((#9066));
#9068=IFCPOLYLOOP((#7694,#7717,#7727));
#9069=IFCFACEOUTERBOUND(#9068,.T.);
#9070=IFCFACE((#9069));
#9071=IFCPOLYLOOP((#7460,#7724,#7461));
#9072=IFCFACEOUTERBOUND(#9071,.T.);
#9073=IFCFACE((#9072));
#9074=IFCPOLYLOOP((#7727,#7707,#7694));
#9075=IFCFACEOUTERBOUND(#9074,.T.);
#9076=IFCFACE((#9075));
#9077=IFCPOLYLOOP((#7704,#7722,#7696));
#9078=IFCFACEOUTERBOUND(#9077,.T.);
#9079=IFCFACE((#9078));
#9080=IFCPOLYLOOP((#7725,#7492,#7491));
#9081=IFCFACEOUTERBOUND(#9080,.T.);
#9082=IFCFACE((#9081));
#9083=IFCPOLYLOOP((#7725,#7716,#7710));
#9084=IFCFACEOUTERBOUND(#9083,.T.);
#9085=IFCFACE((#9084));
#9086=IFCPOLYLOOP((#7715,#7720,#7726));
#9087=IFCFACEOUTERBOUND(#9086,.T.);
#9088=IFCFACE((#9087));
#9089=IFCPOLYLOOP((#7722,#7720,#7696));
#9090=IFCFACEOUTERBOUND(#9089,.T.);
#9091=IFCFACE((#9090));
#9092=IFCPOLYLOOP((#7718,#7707,#7727));
#9093=IFCFACEOUTERBOUND(#9092,.T.);
#9094=IFCFACE((#9093));
#9095=IFCPOLYLOOP((#7705,#7721,#7724));
#9096=IFCFACEOUTERBOUND(#9095,.T.);
#9097=IFCFACE((#9096));
#9098=IFCPOLYLOOP((#7693,#7728,#7714));
#9099=IFCFACEOUTERBOUND(#9098,.T.);
#9100=IFCFACE((#9099));
#9101=IFCPOLYLOOP((#7710,#7716,#7693));
#9102=IFCFACEOUTERBOUND(#9101,.T.);
#9103=IFCFACE((#9102));
#9104=IFCPOLYLOOP((#7717,#7694,#7714));
#9105=IFCFACEOUTERBOUND(#9104,.T.);
#9106=IFCFACE((#9105));
#9107=IFCPOLYLOOP((#7722,#7704,#7719));
#9108=IFCFACEOUTERBOUND(#9107,.T.);
#9109=IFCFACE((#9108));
#9110=IFCPOLYLOOP((#7718,#7695,#7707));
#9111=IFCFACEOUTERBOUND(#9110,.T.);
#9112=IFCFACE((#9111));
#9113=IFCPOLYLOOP((#7704,#7695,#7719));
#9114=IFCFACEOUTERBOUND(#9113,.T.);
#9115=IFCFACE((#9114));
#9116=IFCPOLYLOOP((#7715,#7696,#7720));
#9117=IFCFACEOUTERBOUND(#9116,.T.);
#9118=IFCFACE((#9117));
#9119=IFCPOLYLOOP((#7721,#7735,#7724));
#9120=IFCFACEOUTERBOUND(#9119,.T.);
#9121=IFCFACE((#9120));
#9122=IFCPOLYLOOP((#7739,#7735,#7721));
#9123=IFCFACEOUTERBOUND(#9122,.T.);
#9124=IFCFACE((#9123));
#9125=IFCPOLYLOOP((#7742,#7729,#7725));
#9126=IFCFACEOUTERBOUND(#9125,.T.);
#9127=IFCFACE((#9126));
#9128=IFCPOLYLOOP((#7743,#7730,#7728));
#9129=IFCFACEOUTERBOUND(#9128,.T.);
#9130=IFCFACE((#9129));
#9131=IFCPOLYLOOP((#7717,#7730,#7741));
#9132=IFCFACEOUTERBOUND(#9131,.T.);
#9133=IFCFACE((#9132));
#9134=IFCPOLYLOOP((#7491,#7742,#7725));
#9135=IFCFACEOUTERBOUND(#9134,.T.);
#9136=IFCFACE((#9135));
#9137=IFCPOLYLOOP((#7721,#7726,#7739));
#9138=IFCFACEOUTERBOUND(#9137,.T.);
#9139=IFCFACE((#9138));
#9140=IFCPOLYLOOP((#7718,#7731,#7737));
#9141=IFCFACEOUTERBOUND(#9140,.T.);
#9142=IFCFACE((#9141));
#9143=IFCPOLYLOOP((#7722,#7740,#7720));
#9144=IFCFACEOUTERBOUND(#9143,.T.);
#9145=IFCFACE((#9144));
#9146=IFCPOLYLOOP((#7736,#7719,#7723));
#9147=IFCFACEOUTERBOUND(#9146,.T.);
#9148=IFCFACE((#9147));
#9149=IFCPOLYLOOP((#7718,#7737,#7723));
#9150=IFCFACEOUTERBOUND(#9149,.T.);
#9151=IFCFACE((#9150));
#9152=IFCPOLYLOOP((#7730,#7717,#7728));
#9153=IFCFACEOUTERBOUND(#9152,.T.);
#9154=IFCFACE((#9153));
#9155=IFCPOLYLOOP((#7733,#7722,#7719));
#9156=IFCFACEOUTERBOUND(#9155,.T.);
#9157=IFCFACE((#9156));
#9158=IFCPOLYLOOP((#7741,#7727,#7717));
#9159=IFCFACEOUTERBOUND(#9158,.T.);
#9160=IFCFACE((#9159));
#9161=IFCPOLYLOOP((#7736,#7733,#7719));
#9162=IFCFACEOUTERBOUND(#9161,.T.);
#9163=IFCFACE((#9162));
#9164=IFCPOLYLOOP((#7743,#7716,#7729));
#9165=IFCFACEOUTERBOUND(#9164,.T.);
#9166=IFCFACE((#9165));
#9167=IFCPOLYLOOP((#7726,#7720,#7734));
#9168=IFCFACEOUTERBOUND(#9167,.T.);
#9169=IFCFACE((#9168));
#9170=IFCPOLYLOOP((#7740,#7734,#7720));
#9171=IFCFACEOUTERBOUND(#9170,.T.);
#9172=IFCFACE((#9171));
#9173=IFCPOLYLOOP((#7736,#7723,#7732));
#9174=IFCFACEOUTERBOUND(#9173,.T.);
#9175=IFCFACE((#9174));
#9176=IFCPOLYLOOP((#7727,#7731,#7718));
#9177=IFCFACEOUTERBOUND(#9176,.T.);
#9178=IFCFACE((#9177));
#9179=IFCPOLYLOOP((#7461,#7724,#7738));
#9180=IFCFACEOUTERBOUND(#9179,.T.);
#9181=IFCFACE((#9180));
#9182=IFCPOLYLOOP((#7731,#7727,#7741));
#9183=IFCFACEOUTERBOUND(#9182,.T.);
#9184=IFCFACE((#9183));
#9185=IFCPOLYLOOP((#7729,#7716,#7725));
#9186=IFCFACEOUTERBOUND(#9185,.T.);
#9187=IFCFACE((#9186));
#9188=IFCPOLYLOOP((#7461,#7738,#7462));
#9189=IFCFACEOUTERBOUND(#9188,.T.);
#9190=IFCFACE((#9189));
#9191=IFCPOLYLOOP((#7716,#7743,#7728));
#9192=IFCFACEOUTERBOUND(#9191,.T.);
#9193=IFCFACE((#9192));
#9194=IFCPOLYLOOP((#7726,#7734,#7739));
#9195=IFCFACEOUTERBOUND(#9194,.T.);
#9196=IFCFACE((#9195));
#9197=IFCPOLYLOOP((#7740,#7722,#7733));
#9198=IFCFACEOUTERBOUND(#9197,.T.);
#9199=IFCFACE((#9198));
#9200=IFCPOLYLOOP((#7723,#7737,#7732));
#9201=IFCFACEOUTERBOUND(#9200,.T.);
#9202=IFCFACE((#9201));
#9203=IFCPOLYLOOP((#7742,#7491,#7490));
#9204=IFCFACEOUTERBOUND(#9203,.T.);
#9205=IFCFACE((#9204));
#9206=IFCPOLYLOOP((#7724,#7735,#7738));
#9207=IFCFACEOUTERBOUND(#9206,.T.);
#9208=IFCFACE((#9207));
#9209=IFCPOLYLOOP((#7463,#7738,#7752));
#9210=IFCFACEOUTERBOUND(#9209,.T.);
#9211=IFCFACE((#9210));
#9212=IFCPOLYLOOP((#7740,#7733,#7750,#7734));
#9213=IFCFACEOUTERBOUND(#9212,.T.);
#9214=IFCFACE((#9213));
#9215=IFCPOLYLOOP((#7737,#7731,#7747));
#9216=IFCFACEOUTERBOUND(#9215,.T.);
#9217=IFCFACE((#9216));
#9218=IFCPOLYLOOP((#7739,#7734,#7751,#7735));
#9219=IFCFACEOUTERBOUND(#9218,.T.);
#9220=IFCFACE((#9219));
#9221=IFCPOLYLOOP((#7748,#7736,#7732));
#9222=IFCFACEOUTERBOUND(#9221,.T.);
#9223=IFCFACE((#9222));
#9224=IFCPOLYLOOP((#7734,#7750,#7751));
#9225=IFCFACEOUTERBOUND(#9224,.T.);
#9226=IFCFACE((#9225));
#9227=IFCPOLYLOOP((#7749,#7733,#7736));
#9228=IFCFACEOUTERBOUND(#9227,.T.);
#9229=IFCFACE((#9228));
#9230=IFCPOLYLOOP((#7738,#7735,#7752));
#9231=IFCFACEOUTERBOUND(#9230,.T.);
#9232=IFCFACE((#9231));
#9233=IFCPOLYLOOP((#7737,#7748,#7732));
#9234=IFCFACEOUTERBOUND(#9233,.T.);
#9235=IFCFACE((#9234));
#9236=IFCPOLYLOOP((#7733,#7749,#7750));
#9237=IFCFACEOUTERBOUND(#9236,.T.);
#9238=IFCFACE((#9237));
#9239=IFCPOLYLOOP((#7749,#7736,#7748));
#9240=IFCFACEOUTERBOUND(#9239,.T.);
#9241=IFCFACE((#9240));
#9242=IFCPOLYLOOP((#7745,#7730,#7743,#7729));
#9243=IFCFACEOUTERBOUND(#9242,.T.);
#9244=IFCFACE((#9243));
#9245=IFCPOLYLOOP((#7748,#7737,#7747));
#9246=IFCFACEOUTERBOUND(#9245,.T.);
#9247=IFCFACE((#9246));
#9248=IFCPOLYLOOP((#7746,#7731,#7741,#7730));
#9249=IFCFACEOUTERBOUND(#9248,.T.);
#9250=IFCFACE((#9249));
#9251=IFCPOLYLOOP((#7490,#7489,#7742));
#9252=IFCFACEOUTERBOUND(#9251,.T.);
#9253=IFCFACE((#9252));
#9254=IFCPOLYLOOP((#7735,#7751,#7752));
#9255=IFCFACEOUTERBOUND(#9254,.T.);
#9256=IFCFACE((#9255));
#9257=IFCPOLYLOOP((#7744,#7729,#7742));
#9258=IFCFACEOUTERBOUND(#9257,.T.);
#9259=IFCFACE((#9258));
#9260=IFCPOLYLOOP((#7745,#7746,#7730));
#9261=IFCFACEOUTERBOUND(#9260,.T.);
#9262=IFCFACE((#9261));
#9263=IFCPOLYLOOP((#7744,#7745,#7729));
#9264=IFCFACEOUTERBOUND(#9263,.T.);
#9265=IFCFACE((#9264));
#9266=IFCPOLYLOOP((#7744,#7742,#7489));
#9267=IFCFACEOUTERBOUND(#9266,.T.);
#9268=IFCFACE((#9267));
#9269=IFCPOLYLOOP((#7731,#7746,#7747));
#9270=IFCFACEOUTERBOUND(#9269,.T.);
#9271=IFCFACE((#9270));
#9272=IFCPOLYLOOP((#7738,#7463,#7462));
#9273=IFCFACEOUTERBOUND(#9272,.T.);
#9274=IFCFACE((#9273));
#9275=IFCPOLYLOOP((#7762,#7463,#7752));
#9276=IFCFACEOUTERBOUND(#9275,.T.);
#9277=IFCFACE((#9276));
#9278=IFCPOLYLOOP((#7760,#7751,#7750));
#9279=IFCFACEOUTERBOUND(#9278,.T.);
#9280=IFCFACE((#9279));
#9281=IFCPOLYLOOP((#7752,#7751,#7761));
#9282=IFCFACEOUTERBOUND(#9281,.T.);
#9283=IFCFACE((#9282));
#9284=IFCPOLYLOOP((#7750,#7749,#7759));
#9285=IFCFACEOUTERBOUND(#9284,.T.);
#9286=IFCFACE((#9285));
#9287=IFCPOLYLOOP((#7752,#7761,#7762));
#9288=IFCFACEOUTERBOUND(#9287,.T.);
#9289=IFCFACE((#9288));
#9290=IFCPOLYLOOP((#7762,#7464,#7463));
#9291=IFCFACEOUTERBOUND(#9290,.T.);
#9292=IFCFACE((#9291));
#9293=IFCPOLYLOOP((#7750,#7759,#7760));
#9294=IFCFACEOUTERBOUND(#9293,.T.);
#9295=IFCFACE((#9294));
#9296=IFCPOLYLOOP((#7760,#7761,#7751));
#9297=IFCFACEOUTERBOUND(#9296,.T.);
#9298=IFCFACE((#9297));
#9299=IFCPOLYLOOP((#7749,#7758,#7759));
#9300=IFCFACEOUTERBOUND(#9299,.T.);
#9301=IFCFACE((#9300));
#9302=IFCPOLYLOOP((#7749,#7748,#7758));
#9303=IFCFACEOUTERBOUND(#9302,.T.);
#9304=IFCFACE((#9303));
#9305=IFCPOLYLOOP((#7756,#7747,#7746));
#9306=IFCFACEOUTERBOUND(#9305,.T.);
#9307=IFCFACE((#9306));
#9308=IFCPOLYLOOP((#7748,#7747,#7757));
#9309=IFCFACEOUTERBOUND(#9308,.T.);
#9310=IFCFACE((#9309));
#9311=IFCPOLYLOOP((#7754,#7745,#7744));
#9312=IFCFACEOUTERBOUND(#9311,.T.);
#9313=IFCFACE((#9312));
#9314=IFCPOLYLOOP((#7745,#7755,#7746));
#9315=IFCFACEOUTERBOUND(#9314,.T.);
#9316=IFCFACE((#9315));
#9317=IFCPOLYLOOP((#7489,#7753,#7744));
#9318=IFCFACEOUTERBOUND(#9317,.T.);
#9319=IFCFACE((#9318));
#9320=IFCPOLYLOOP((#7756,#7757,#7747));
#9321=IFCFACEOUTERBOUND(#9320,.T.);
#9322=IFCFACE((#9321));
#9323=IFCPOLYLOOP((#7756,#7746,#7755));
#9324=IFCFACEOUTERBOUND(#9323,.T.);
#9325=IFCFACE((#9324));
#9326=IFCPOLYLOOP((#7745,#7754,#7755));
#9327=IFCFACEOUTERBOUND(#9326,.T.);
#9328=IFCFACE((#9327));
#9329=IFCPOLYLOOP((#7753,#7754,#7744));
#9330=IFCFACEOUTERBOUND(#9329,.T.);
#9331=IFCFACE((#9330));
#9332=IFCPOLYLOOP((#7489,#7488,#7753));
#9333=IFCFACEOUTERBOUND(#9332,.T.);
#9334=IFCFACE((#9333));
#9335=IFCPOLYLOOP((#7748,#7757,#7758));
#9336=IFCFACEOUTERBOUND(#9335,.T.);
#9337=IFCFACE((#9336));
#9338=IFCPOLYLOOP((#7762,#7772,#7465,#7464));
#9339=IFCFACEOUTERBOUND(#9338,.T.);
#9340=IFCFACE((#9339));
#9341=IFCPOLYLOOP((#7761,#7771,#7772,#7762));
#9342=IFCFACEOUTERBOUND(#9341,.T.);
#9343=IFCFACE((#9342));
#9344=IFCPOLYLOOP((#7769,#7770,#7760,#7759));
#9345=IFCFACEOUTERBOUND(#9344,.T.);
#9346=IFCFACE((#9345));
#9347=IFCPOLYLOOP((#7761,#7760,#7770,#7771));
#9348=IFCFACEOUTERBOUND(#9347,.T.);
#9349=IFCFACE((#9348));
#9350=IFCPOLYLOOP((#7768,#7769,#7759,#7758));
#9351=IFCFACEOUTERBOUND(#9350,.T.);
#9352=IFCFACE((#9351));
#9353=IFCPOLYLOOP((#7758,#7757,#7767,#7768));
#9354=IFCFACEOUTERBOUND(#9353,.T.);
#9355=IFCFACE((#9354));
#9356=IFCPOLYLOOP((#7766,#7767,#7757,#7756));
#9357=IFCFACEOUTERBOUND(#9356,.T.);
#9358=IFCFACE((#9357));
#9359=IFCPOLYLOOP((#7766,#7756,#7755,#7765));
#9360=IFCFACEOUTERBOUND(#9359,.T.);
#9361=IFCFACE((#9360));
#9362=IFCPOLYLOOP((#7764,#7754,#7753,#7763));
#9363=IFCFACEOUTERBOUND(#9362,.T.);
#9364=IFCFACE((#9363));
#9365=IFCPOLYLOOP((#7754,#7764,#7765,#7755));
#9366=IFCFACEOUTERBOUND(#9365,.T.);
#9367=IFCFACE((#9366));
#9368=IFCPOLYLOOP((#7763,#7753,#7488,#7487));
#9369=IFCFACEOUTERBOUND(#9368,.T.);
#9370=IFCFACE((#9369));
#9371=IFCPOLYLOOP((#7772,#7783,#7465));
#9372=IFCFACEOUTERBOUND(#9371,.T.);
#9373=IFCFACE((#9372));
#9374=IFCPOLYLOOP((#7771,#7782,#7772));
#9375=IFCFACEOUTERBOUND(#9374,.T.);
#9376=IFCFACE((#9375));
#9377=IFCPOLYLOOP((#7780,#7770,#7769));
#9378=IFCFACEOUTERBOUND(#9377,.T.);
#9379=IFCFACE((#9378));
#9380=IFCPOLYLOOP((#7771,#7770,#7781));
#9381=IFCFACEOUTERBOUND(#9380,.T.);
#9382=IFCFACE((#9381));
#9383=IFCPOLYLOOP((#7779,#7769,#7768));
#9384=IFCFACEOUTERBOUND(#9383,.T.);
#9385=IFCFACE((#9384));
#9386=IFCPOLYLOOP((#7772,#7782,#7783));
#9387=IFCFACEOUTERBOUND(#9386,.T.);
#9388=IFCFACE((#9387));
#9389=IFCPOLYLOOP((#7783,#7466,#7465));
#9390=IFCFACEOUTERBOUND(#9389,.T.);
#9391=IFCFACE((#9390));
#9392=IFCPOLYLOOP((#7770,#7780,#7781));
#9393=IFCFACEOUTERBOUND(#9392,.T.);
#9394=IFCFACE((#9393));
#9395=IFCPOLYLOOP((#7781,#7782,#7771));
#9396=IFCFACEOUTERBOUND(#9395,.T.);
#9397=IFCFACE((#9396));
#9398=IFCPOLYLOOP((#7769,#7779,#7780));
#9399=IFCFACEOUTERBOUND(#9398,.T.);
#9400=IFCFACE((#9399));
#9401=IFCPOLYLOOP((#7768,#7778,#7779));
#9402=IFCFACEOUTERBOUND(#9401,.T.);
#9403=IFCFACE((#9402));
#9404=IFCPOLYLOOP((#7766,#7765,#7776));
#9405=IFCFACEOUTERBOUND(#9404,.T.);
#9406=IFCFACE((#9405));
#9407=IFCPOLYLOOP((#7767,#7766,#7777));
#9408=IFCFACEOUTERBOUND(#9407,.T.);
#9409=IFCFACE((#9408));
#9410=IFCPOLYLOOP((#7774,#7764,#7763));
#9411=IFCFACEOUTERBOUND(#9410,.T.);
#9412=IFCFACE((#9411));
#9413=IFCPOLYLOOP((#7764,#7775,#7765));
#9414=IFCFACEOUTERBOUND(#9413,.T.);
#9415=IFCFACE((#9414));
#9416=IFCPOLYLOOP((#7773,#7763,#7487));
#9417=IFCFACEOUTERBOUND(#9416,.T.);
#9418=IFCFACE((#9417));
#9419=IFCPOLYLOOP((#7767,#7777,#7778));
#9420=IFCFACEOUTERBOUND(#9419,.T.);
#9421=IFCFACE((#9420));
#9422=IFCPOLYLOOP((#7777,#7766,#7776));
#9423=IFCFACEOUTERBOUND(#9422,.T.);
#9424=IFCFACE((#9423));
#9425=IFCPOLYLOOP((#7775,#7764,#7774));
#9426=IFCFACEOUTERBOUND(#9425,.T.);
#9427=IFCFACE((#9426));
#9428=IFCPOLYLOOP((#7774,#7763,#7773));
#9429=IFCFACEOUTERBOUND(#9428,.T.);
#9430=IFCFACE((#9429));
#9431=IFCPOLYLOOP((#7776,#7765,#7775));
#9432=IFCFACEOUTERBOUND(#9431,.T.);
#9433=IFCFACE((#9432));
#9434=IFCPOLYLOOP((#7486,#7773,#7487));
#9435=IFCFACEOUTERBOUND(#9434,.T.);
#9436=IFCFACE((#9435));
#9437=IFCPOLYLOOP((#7767,#7778,#7768));
#9438=IFCFACEOUTERBOUND(#9437,.T.);
#9439=IFCFACE((#9438));
#9440=IFCPOLYLOOP((#7783,#7794,#7467,#7466));
#9441=IFCFACEOUTERBOUND(#9440,.T.);
#9442=IFCFACE((#9441));
#9443=IFCPOLYLOOP((#7782,#7793,#7794,#7783));
#9444=IFCFACEOUTERBOUND(#9443,.T.);
#9445=IFCFACE((#9444));
#9446=IFCPOLYLOOP((#7791,#7792,#7781,#7780));
#9447=IFCFACEOUTERBOUND(#9446,.T.);
#9448=IFCFACE((#9447));
#9449=IFCPOLYLOOP((#7782,#7781,#7792,#7793));
#9450=IFCFACEOUTERBOUND(#9449,.T.);
#9451=IFCFACE((#9450));
#9452=IFCPOLYLOOP((#7790,#7791,#7780,#7779));
#9453=IFCFACEOUTERBOUND(#9452,.T.);
#9454=IFCFACE((#9453));
#9455=IFCPOLYLOOP((#7789,#7790,#7779,#7778));
#9456=IFCFACEOUTERBOUND(#9455,.T.);
#9457=IFCFACE((#9456));
#9458=IFCPOLYLOOP((#7778,#7777,#7788,#7789));
#9459=IFCFACEOUTERBOUND(#9458,.T.);
#9460=IFCFACE((#9459));
#9461=IFCPOLYLOOP((#7785,#7774,#7773,#7784));
#9462=IFCFACEOUTERBOUND(#9461,.T.);
#9463=IFCFACE((#9462));
#9464=IFCPOLYLOOP((#7774,#7785,#7786,#7775));
#9465=IFCFACEOUTERBOUND(#9464,.T.);
#9466=IFCFACE((#9465));
#9467=IFCPOLYLOOP((#7784,#7773,#7486,#7485));
#9468=IFCFACEOUTERBOUND(#9467,.T.);
#9469=IFCFACE((#9468));
#9470=IFCPOLYLOOP((#7788,#7777,#7776,#7787));
#9471=IFCFACEOUTERBOUND(#9470,.T.);
#9472=IFCFACE((#9471));
#9473=IFCPOLYLOOP((#7787,#7776,#7775,#7786));
#9474=IFCFACEOUTERBOUND(#9473,.T.);
#9475=IFCFACE((#9474));
#9476=IFCPOLYLOOP((#7794,#7805,#7468,#7467));
#9477=IFCFACEOUTERBOUND(#9476,.T.);
#9478=IFCFACE((#9477));
#9479=IFCPOLYLOOP((#7793,#7804,#7805,#7794));
#9480=IFCFACEOUTERBOUND(#9479,.T.);
#9481=IFCFACE((#9480));
#9482=IFCPOLYLOOP((#7802,#7803,#7792,#7791));
#9483=IFCFACEOUTERBOUND(#9482,.T.);
#9484=IFCFACE((#9483));
#9485=IFCPOLYLOOP((#7793,#7792,#7803,#7804));
#9486=IFCFACEOUTERBOUND(#9485,.T.);
#9487=IFCFACE((#9486));
#9488=IFCPOLYLOOP((#7801,#7802,#7791,#7790));
#9489=IFCFACEOUTERBOUND(#9488,.T.);
#9490=IFCFACE((#9489));
#9491=IFCPOLYLOOP((#7800,#7801,#7790,#7789));
#9492=IFCFACEOUTERBOUND(#9491,.T.);
#9493=IFCFACE((#9492));
#9494=IFCPOLYLOOP((#7789,#7788,#7799,#7800));
#9495=IFCFACEOUTERBOUND(#9494,.T.);
#9496=IFCFACE((#9495));
#9497=IFCPOLYLOOP((#7796,#7785,#7784,#7795));
#9498=IFCFACEOUTERBOUND(#9497,.T.);
#9499=IFCFACE((#9498));
#9500=IFCPOLYLOOP((#7785,#7796,#7797,#7786));
#9501=IFCFACEOUTERBOUND(#9500,.T.);
#9502=IFCFACE((#9501));
#9503=IFCPOLYLOOP((#7795,#7784,#7485,#7484));
#9504=IFCFACEOUTERBOUND(#9503,.T.);
#9505=IFCFACE((#9504));
#9506=IFCPOLYLOOP((#7799,#7788,#7787,#7798));
#9507=IFCFACEOUTERBOUND(#9506,.T.);
#9508=IFCFACE((#9507));
#9509=IFCPOLYLOOP((#7798,#7787,#7786,#7797));
#9510=IFCFACEOUTERBOUND(#9509,.T.);
#9511=IFCFACE((#9510));
#9512=IFCPOLYLOOP((#7805,#7816,#7469,#7468));
#9513=IFCFACEOUTERBOUND(#9512,.T.);
#9514=IFCFACE((#9513));
#9515=IFCPOLYLOOP((#7804,#7815,#7816,#7805));
#9516=IFCFACEOUTERBOUND(#9515,.T.);
#9517=IFCFACE((#9516));
#9518=IFCPOLYLOOP((#7813,#7814,#7803,#7802));
#9519=IFCFACEOUTERBOUND(#9518,.T.);
#9520=IFCFACE((#9519));
#9521=IFCPOLYLOOP((#7804,#7803,#7814,#7815));
#9522=IFCFACEOUTERBOUND(#9521,.T.);
#9523=IFCFACE((#9522));
#9524=IFCPOLYLOOP((#7812,#7813,#7802,#7801));
#9525=IFCFACEOUTERBOUND(#9524,.T.);
#9526=IFCFACE((#9525));
#9527=IFCPOLYLOOP((#7811,#7812,#7801,#7800));
#9528=IFCFACEOUTERBOUND(#9527,.T.);
#9529=IFCFACE((#9528));
#9530=IFCPOLYLOOP((#7800,#7799,#7810,#7811));
#9531=IFCFACEOUTERBOUND(#9530,.T.);
#9532=IFCFACE((#9531));
#9533=IFCPOLYLOOP((#7807,#7796,#7795,#7806));
#9534=IFCFACEOUTERBOUND(#9533,.T.);
#9535=IFCFACE((#9534));
#9536=IFCPOLYLOOP((#7796,#7807,#7808,#7797));
#9537=IFCFACEOUTERBOUND(#9536,.T.);
#9538=IFCFACE((#9537));
#9539=IFCPOLYLOOP((#7806,#7795,#7484,#7483));
#9540=IFCFACEOUTERBOUND(#9539,.T.);
#9541=IFCFACE((#9540));
#9542=IFCPOLYLOOP((#7799,#7798,#7809,#7810));
#9543=IFCFACEOUTERBOUND(#9542,.T.);
#9544=IFCFACE((#9543));
#9545=IFCPOLYLOOP((#7809,#7798,#7797,#7808));
#9546=IFCFACEOUTERBOUND(#9545,.T.);
#9547=IFCFACE((#9546));
#9548=IFCPOLYLOOP((#7816,#7827,#7470,#7469));
#9549=IFCFACEOUTERBOUND(#9548,.T.);
#9550=IFCFACE((#9549));
#9551=IFCPOLYLOOP((#7815,#7826,#7827,#7816));
#9552=IFCFACEOUTERBOUND(#9551,.T.);
#9553=IFCFACE((#9552));
#9554=IFCPOLYLOOP((#7824,#7825,#7814,#7813));
#9555=IFCFACEOUTERBOUND(#9554,.T.);
#9556=IFCFACE((#9555));
#9557=IFCPOLYLOOP((#7815,#7814,#7825,#7826));
#9558=IFCFACEOUTERBOUND(#9557,.T.);
#9559=IFCFACE((#9558));
#9560=IFCPOLYLOOP((#7823,#7824,#7813,#7812));
#9561=IFCFACEOUTERBOUND(#9560,.T.);
#9562=IFCFACE((#9561));
#9563=IFCPOLYLOOP((#7822,#7823,#7812,#7811));
#9564=IFCFACEOUTERBOUND(#9563,.T.);
#9565=IFCFACE((#9564));
#9566=IFCPOLYLOOP((#7811,#7810,#7821,#7822));
#9567=IFCFACEOUTERBOUND(#9566,.T.);
#9568=IFCFACE((#9567));
#9569=IFCPOLYLOOP((#7818,#7807,#7806,#7817));
#9570=IFCFACEOUTERBOUND(#9569,.T.);
#9571=IFCFACE((#9570));
#9572=IFCPOLYLOOP((#7807,#7818,#7819,#7808));
#9573=IFCFACEOUTERBOUND(#9572,.T.);
#9574=IFCFACE((#9573));
#9575=IFCPOLYLOOP((#7817,#7806,#7483,#7482));
#9576=IFCFACEOUTERBOUND(#9575,.T.);
#9577=IFCFACE((#9576));
#9578=IFCPOLYLOOP((#7810,#7809,#7820,#7821));
#9579=IFCFACEOUTERBOUND(#9578,.T.);
#9580=IFCFACE((#9579));
#9581=IFCPOLYLOOP((#7820,#7809,#7808,#7819));
#9582=IFCFACEOUTERBOUND(#9581,.T.);
#9583=IFCFACE((#9582));
#9584=IFCPOLYLOOP((#7827,#7471,#7470));
#9585=IFCFACEOUTERBOUND(#9584,.T.);
#9586=IFCFACE((#9585));
#9587=IFCPOLYLOOP((#7826,#7837,#7827));
#9588=IFCFACEOUTERBOUND(#9587,.T.);
#9589=IFCFACE((#9588));
#9590=IFCPOLYLOOP((#7835,#7825,#7824));
#9591=IFCFACEOUTERBOUND(#9590,.T.);
#9592=IFCFACE((#9591));
#9593=IFCPOLYLOOP((#7826,#7825,#7836));
#9594=IFCFACEOUTERBOUND(#9593,.T.);
#9595=IFCFACE((#9594));
#9596=IFCPOLYLOOP((#7834,#7824,#7823));
#9597=IFCFACEOUTERBOUND(#9596,.T.);
#9598=IFCFACE((#9597));
#9599=IFCPOLYLOOP((#7826,#7836,#7837));
#9600=IFCFACEOUTERBOUND(#9599,.T.);
#9601=IFCFACE((#9600));
#9602=IFCPOLYLOOP((#7837,#7471,#7827));
#9603=IFCFACEOUTERBOUND(#9602,.T.);
#9604=IFCFACE((#9603));
#9605=IFCPOLYLOOP((#7824,#7834,#7835));
#9606=IFCFACEOUTERBOUND(#9605,.T.);
#9607=IFCFACE((#9606));
#9608=IFCPOLYLOOP((#7835,#7836,#7825));
#9609=IFCFACEOUTERBOUND(#9608,.T.);
#9610=IFCFACE((#9609));
#9611=IFCPOLYLOOP((#7823,#7833,#7834));
#9612=IFCFACEOUTERBOUND(#9611,.T.);
#9613=IFCFACE((#9612));
#9614=IFCPOLYLOOP((#7823,#7822,#7833));
#9615=IFCFACEOUTERBOUND(#9614,.T.);
#9616=IFCFACE((#9615));
#9617=IFCPOLYLOOP((#7832,#7822,#7821));
#9618=IFCFACEOUTERBOUND(#9617,.T.);
#9619=IFCFACE((#9618));
#9620=IFCPOLYLOOP((#7828,#7818,#7817));
#9621=IFCFACEOUTERBOUND(#9620,.T.);
#9622=IFCFACE((#9621));
#9623=IFCPOLYLOOP((#7818,#7829,#7819));
#9624=IFCFACEOUTERBOUND(#9623,.T.);
#9625=IFCFACE((#9624));
#9626=IFCPOLYLOOP((#7481,#7817,#7482));
#9627=IFCFACEOUTERBOUND(#9626,.T.);
#9628=IFCFACE((#9627));
#9629=IFCPOLYLOOP((#7821,#7831,#7832));
#9630=IFCFACEOUTERBOUND(#9629,.T.);
#9631=IFCFACE((#9630));
#9632=IFCPOLYLOOP((#7831,#7821,#7820));
#9633=IFCFACEOUTERBOUND(#9632,.T.);
#9634=IFCFACE((#9633));
#9635=IFCPOLYLOOP((#7831,#7820,#7830));
#9636=IFCFACEOUTERBOUND(#9635,.T.);
#9637=IFCFACE((#9636));
#9638=IFCPOLYLOOP((#7820,#7819,#7830));
#9639=IFCFACEOUTERBOUND(#9638,.T.);
#9640=IFCFACE((#9639));
#9641=IFCPOLYLOOP((#7819,#7829,#7830));
#9642=IFCFACEOUTERBOUND(#9641,.T.);
#9643=IFCFACE((#9642));
#9644=IFCPOLYLOOP((#7828,#7829,#7818));
#9645=IFCFACEOUTERBOUND(#9644,.T.);
#9646=IFCFACE((#9645));
#9647=IFCPOLYLOOP((#7817,#7481,#7828));
#9648=IFCFACEOUTERBOUND(#9647,.T.);
#9649=IFCFACE((#9648));
#9650=IFCPOLYLOOP((#7822,#7832,#7833));
#9651=IFCFACEOUTERBOUND(#9650,.T.);
#9652=IFCFACE((#9651));
#9653=IFCPOLYLOOP((#7472,#7471,#7837));
#9654=IFCFACEOUTERBOUND(#9653,.T.);
#9655=IFCFACE((#9654));
#9656=IFCPOLYLOOP((#7845,#7836,#7835));
#9657=IFCFACEOUTERBOUND(#9656,.T.);
#9658=IFCFACE((#9657));
#9659=IFCPOLYLOOP((#7837,#7836,#7846));
#9660=IFCFACEOUTERBOUND(#9659,.T.);
#9661=IFCFACE((#9660));
#9662=IFCPOLYLOOP((#7835,#7834,#7844));
#9663=IFCFACEOUTERBOUND(#9662,.T.);
#9664=IFCFACE((#9663));
#9665=IFCPOLYLOOP((#7836,#7845,#7846));
#9666=IFCFACEOUTERBOUND(#9665,.T.);
#9667=IFCFACE((#9666));
#9668=IFCPOLYLOOP((#7846,#7472,#7837));
#9669=IFCFACEOUTERBOUND(#9668,.T.);
#9670=IFCFACE((#9669));
#9671=IFCPOLYLOOP((#7834,#7843,#7844));
#9672=IFCFACEOUTERBOUND(#9671,.T.);
#9673=IFCFACE((#9672));
#9674=IFCPOLYLOOP((#7844,#7845,#7835));
#9675=IFCFACEOUTERBOUND(#9674,.T.);
#9676=IFCFACE((#9675));
#9677=IFCPOLYLOOP((#7843,#7833,#7842));
#9678=IFCFACEOUTERBOUND(#9677,.T.);
#9679=IFCFACE((#9678));
#9680=IFCPOLYLOOP((#7834,#7833,#7843));
#9681=IFCFACEOUTERBOUND(#9680,.T.);
#9682=IFCFACE((#9681));
#9683=IFCPOLYLOOP((#7841,#7832,#7831));
#9684=IFCFACEOUTERBOUND(#9683,.T.);
#9685=IFCFACE((#9684));
#9686=IFCPOLYLOOP((#7840,#7831,#7830));
#9687=IFCFACEOUTERBOUND(#9686,.T.);
#9688=IFCFACE((#9687));
#9689=IFCPOLYLOOP((#7838,#7829,#7828));
#9690=IFCFACEOUTERBOUND(#9689,.T.);
#9691=IFCFACE((#9690));
#9692=IFCPOLYLOOP((#7830,#7829,#7839));
#9693=IFCFACEOUTERBOUND(#9692,.T.);
#9694=IFCFACE((#9693));
#9695=IFCPOLYLOOP((#7481,#7480,#7828));
#9696=IFCFACEOUTERBOUND(#9695,.T.);
#9697=IFCFACE((#9696));
#9698=IFCPOLYLOOP((#7832,#7841,#7842));
#9699=IFCFACEOUTERBOUND(#9698,.T.);
#9700=IFCFACE((#9699));
#9701=IFCPOLYLOOP((#7841,#7831,#7840));
#9702=IFCFACEOUTERBOUND(#9701,.T.);
#9703=IFCFACE((#9702));
#9704=IFCPOLYLOOP((#7829,#7838,#7839));
#9705=IFCFACEOUTERBOUND(#9704,.T.);
#9706=IFCFACE((#9705));
#9707=IFCPOLYLOOP((#7838,#7828,#7480));
#9708=IFCFACEOUTERBOUND(#9707,.T.);
#9709=IFCFACE((#9708));
#9710=IFCPOLYLOOP((#7840,#7830,#7839));
#9711=IFCFACEOUTERBOUND(#9710,.T.);
#9712=IFCFACE((#9711));
#9713=IFCPOLYLOOP((#7832,#7842,#7833));
#9714=IFCFACEOUTERBOUND(#9713,.T.);
#9715=IFCFACE((#9714));
#9716=IFCPOLYLOOP((#7473,#7472,#7846));
#9717=IFCFACEOUTERBOUND(#9716,.T.);
#9718=IFCFACE((#9717));
#9719=IFCPOLYLOOP((#7853,#7845,#7844));
#9720=IFCFACEOUTERBOUND(#9719,.T.);
#9721=IFCFACE((#9720));
#9722=IFCPOLYLOOP((#7846,#7845,#7854));
#9723=IFCFACEOUTERBOUND(#9722,.T.);
#9724=IFCFACE((#9723));
#9725=IFCPOLYLOOP((#7844,#7843,#7852));
#9726=IFCFACEOUTERBOUND(#9725,.T.);
#9727=IFCFACE((#9726));
#9728=IFCPOLYLOOP((#7846,#7854,#7860,#7473));
#9729=IFCFACEOUTERBOUND(#9728,.T.);
#9730=IFCFACE((#9729));
#9731=IFCPOLYLOOP((#7844,#7852,#7853));
#9732=IFCFACEOUTERBOUND(#9731,.T.);
#9733=IFCFACE((#9732));
#9734=IFCPOLYLOOP((#7853,#7854,#7845));
#9735=IFCFACEOUTERBOUND(#9734,.T.);
#9736=IFCFACE((#9735));
#9737=IFCPOLYLOOP((#7852,#7843,#7851));
#9738=IFCFACEOUTERBOUND(#9737,.T.);
#9739=IFCFACE((#9738));
#9740=IFCPOLYLOOP((#7843,#7842,#7851));
#9741=IFCFACEOUTERBOUND(#9740,.T.);
#9742=IFCFACE((#9741));
#9743=IFCPOLYLOOP((#7850,#7842,#7841));
#9744=IFCFACEOUTERBOUND(#9743,.T.);
#9745=IFCFACE((#9744));
#9746=IFCPOLYLOOP((#7838,#7480,#7479));
#9747=IFCFACEOUTERBOUND(#9746,.T.);
#9748=IFCFACE((#9747));
#9749=IFCPOLYLOOP((#7849,#7841,#7840));
#9750=IFCFACEOUTERBOUND(#9749,.T.);
#9751=IFCFACE((#9750));
#9752=IFCPOLYLOOP((#7840,#7848,#7849));
#9753=IFCFACEOUTERBOUND(#9752,.T.);
#9754=IFCFACE((#9753));
#9755=IFCPOLYLOOP((#7849,#7850,#7841));
#9756=IFCFACEOUTERBOUND(#9755,.T.);
#9757=IFCFACE((#9756));
#9758=IFCPOLYLOOP((#7838,#7847,#7839));
#9759=IFCFACEOUTERBOUND(#9758,.T.);
#9760=IFCFACE((#9759));
#9761=IFCPOLYLOOP((#7838,#7479,#7865,#7847));
#9762=IFCFACEOUTERBOUND(#9761,.T.);
#9763=IFCFACE((#9762));
#9764=IFCPOLYLOOP((#7839,#7847,#7848));
#9765=IFCFACEOUTERBOUND(#9764,.T.);
#9766=IFCFACE((#9765));
#9767=IFCPOLYLOOP((#7839,#7848,#7840));
#9768=IFCFACEOUTERBOUND(#9767,.T.);
#9769=IFCFACE((#9768));
#9770=IFCPOLYLOOP((#7842,#7850,#7851));
#9771=IFCFACEOUTERBOUND(#9770,.T.);
#9772=IFCFACE((#9771));
#9773=IFCPOLYLOOP((#7854,#7861,#7860));
#9774=IFCFACEOUTERBOUND(#9773,.T.);
#9775=IFCFACE((#9774));
#9776=IFCPOLYLOOP((#7854,#7858,#7861));
#9777=IFCFACEOUTERBOUND(#9776,.T.);
#9778=IFCFACE((#9777));
#9779=IFCPOLYLOOP((#7474,#7473,#7860));
#9780=IFCFACEOUTERBOUND(#9779,.T.);
#9781=IFCFACE((#9780));
#9782=IFCPOLYLOOP((#7857,#7851,#7850,#7856,#7859));
#9783=IFCFACEOUTERBOUND(#9782,.T.);
#9784=IFCFACE((#9783));
#9785=IFCPOLYLOOP((#7852,#7857,#7862));
#9786=IFCFACEOUTERBOUND(#9785,.T.);
#9787=IFCFACE((#9786));
#9788=IFCPOLYLOOP((#7858,#7854,#7853));
#9789=IFCFACEOUTERBOUND(#9788,.T.);
#9790=IFCFACE((#9789));
#9791=IFCPOLYLOOP((#7855,#7866,#7864));
#9792=IFCFACEOUTERBOUND(#9791,.T.);
#9793=IFCFACE((#9792));
#9794=IFCPOLYLOOP((#7861,#7474,#7860));
#9795=IFCFACEOUTERBOUND(#9794,.T.);
#9796=IFCFACE((#9795));
#9797=IFCPOLYLOOP((#7858,#7853,#7862));
#9798=IFCFACEOUTERBOUND(#9797,.T.);
#9799=IFCFACE((#9798));
#9800=IFCPOLYLOOP((#7857,#7852,#7851));
#9801=IFCFACEOUTERBOUND(#9800,.T.);
#9802=IFCFACE((#9801));
#9803=IFCPOLYLOOP((#7862,#7853,#7852));
#9804=IFCFACEOUTERBOUND(#9803,.T.);
#9805=IFCFACE((#9804));
#9806=IFCPOLYLOOP((#7864,#7847,#7865));
#9807=IFCFACEOUTERBOUND(#9806,.T.);
#9808=IFCFACE((#9807));
#9809=IFCPOLYLOOP((#7848,#7863,#7849));
#9810=IFCFACEOUTERBOUND(#9809,.T.);
#9811=IFCFACE((#9810));
#9812=IFCPOLYLOOP((#7848,#7866,#7855));
#9813=IFCFACEOUTERBOUND(#9812,.T.);
#9814=IFCFACE((#9813));
#9815=IFCPOLYLOOP((#7848,#7847,#7866));
#9816=IFCFACEOUTERBOUND(#9815,.T.);
#9817=IFCFACE((#9816));
#9818=IFCPOLYLOOP((#7849,#7856,#7850));
#9819=IFCFACEOUTERBOUND(#9818,.T.);
#9820=IFCFACE((#9819));
#9821=IFCPOLYLOOP((#7478,#7865,#7479));
#9822=IFCFACEOUTERBOUND(#9821,.T.);
#9823=IFCFACE((#9822));
#9824=IFCPOLYLOOP((#7849,#7863,#7867,#7856));
#9825=IFCFACEOUTERBOUND(#9824,.T.);
#9826=IFCFACE((#9825));
#9827=IFCPOLYLOOP((#7855,#7863,#7848));
#9828=IFCFACEOUTERBOUND(#9827,.T.);
#9829=IFCFACE((#9828));
#9830=IFCPOLYLOOP((#7865,#7478,#7864));
#9831=IFCFACEOUTERBOUND(#9830,.T.);
#9832=IFCFACE((#9831));
#9833=IFCPOLYLOOP((#7847,#7864,#7866));
#9834=IFCFACEOUTERBOUND(#9833,.T.);
#9835=IFCFACE((#9834));
#9836=IFCPOLYLOOP((#7475,#7474,#7861,#7858,#7862,#7857,#7859,#7856,#7867,#7863,#7855,#7864,#7478));
#9837=IFCFACEOUTERBOUND(#9836,.T.);
#9838=IFCFACE((#9837));
#9839=IFCPOLYLOOP((#7476,#7477,#7525,#7520,#7524,#7519,#7521,#7518,#7523,#7517,#7522,#7441));
#9840=IFCFACEOUTERBOUND(#9839,.T.);
#9841=IFCFACE((#9840));
#9842=IFCCARTESIANPOINT((-97.425279109145094,139.69999999999814,368.29999999999865));
#9843=IFCCARTESIANPOINT((-132.31824233621833,127.,368.29999999999865));
#9844=IFCCARTESIANPOINT((-162.58878358811103,101.59999999999866,368.29999999999865));
#9845=IFCCARTESIANPOINT((-176.98458651060199,76.199999999998695,368.29999999999865));
#9846=IFCCARTESIANPOINT((-183.79049599835278,50.799999999997716,368.29999999999865));
#9847=IFCCARTESIANPOINT((-188.28624413421011,25.303345331529666,368.29999999999865));
#9848=IFCCARTESIANPOINT((-190.50000000000051,0.,368.29999999999865));
#9849=IFCCARTESIANPOINT((-186.07248826841942,-50.606690663062629,368.29999999999865));
#9850=IFCCARTESIANPOINT((-172.40887221219543,-101.60000000000359,368.29999999999865));
#9851=IFCCARTESIANPOINT((-153.9191843114715,-152.40000000000583,368.29999999999865));
#9852=IFCCARTESIANPOINT((-130.23075527719931,-203.20000000000209,368.29999999999865));
#9853=IFCCARTESIANPOINT((-94.990008483197968,-254.,368.29999999999865));
#9854=IFCCARTESIANPOINT((-69.590008483198488,-279.4000000000014,368.29999999999865));
#9855=IFCCARTESIANPOINT((-47.592963227073675,-292.10000000000156,368.29999999999865));
#9856=IFCCARTESIANPOINT((-12.700000000003289,-304.80000000000041,368.29999999999865));
#9857=IFCCARTESIANPOINT((12.700000000003188,-304.80000000000041,368.29999999999865));
#9858=IFCCARTESIANPOINT((47.592963227073191,-292.10000000000167,368.29999999999865));
#9859=IFCCARTESIANPOINT((69.590008483197906,-279.40000000000146,368.29999999999865));
#9860=IFCCARTESIANPOINT((94.990008483197656,-254.,368.29999999999865));
#9861=IFCCARTESIANPOINT((130.23075527719914,-203.20000000000178,368.29999999999865));
#9862=IFCCARTESIANPOINT((153.91918431147309,-152.40000000000163,368.29999999999865));
#9863=IFCCARTESIANPOINT((172.40887221219594,-101.60000000000186,368.29999999999865));
#9864=IFCCARTESIANPOINT((186.07248826841928,-50.606690663062537,368.29999999999865));
#9865=IFCCARTESIANPOINT((190.50000000000048,0.,368.29999999999865));
#9866=IFCCARTESIANPOINT((188.28624413420991,25.30334533153129,368.29999999999865));
#9867=IFCCARTESIANPOINT((183.79049599835284,50.799999999997418,368.29999999999865));
#9868=IFCCARTESIANPOINT((176.98458651060187,76.199999999998795,368.29999999999865));
#9869=IFCCARTESIANPOINT((162.58878358811108,101.59999999999859,368.29999999999865));
#9870=IFCCARTESIANPOINT((132.31824233621836,127.,368.29999999999865));
#9871=IFCCARTESIANPOINT((97.425279109145578,139.69999999999814,368.29999999999865));
#9872=IFCCARTESIANPOINT((25.399999999994055,152.39999999999932,368.29999999999865));
#9873=IFCCARTESIANPOINT((-25.39999999999387,152.39999999999935,368.29999999999865));
#9874=IFCPOLYLOOP((#9842,#9843,#9844,#9845,#9846,#9847,#9848,#9849,#9850,#9851,#9852,#9853,#9854,#9855,#9856,#9857,#9858,#9859,#9860,#9861,#9862,#9863,#9864,#9865,#9866,#9867,#9868,#9869,#9870,#9871,#9872,#9873));
#9875=IFCFACEOUTERBOUND(#9874,.T.);
#9876=IFCFACE((#9875));
#9877=IFCCARTESIANPOINT((-95.775500266164173,133.54294153674311,361.94999999999806));
#9878=IFCCARTESIANPOINT((-24.844446986610212,146.04999999999816,361.94999999999806));
#9879=IFCCARTESIANPOINT((24.844446986610794,146.04999999999814,361.94999999999806));
#9880=IFCCARTESIANPOINT((95.775500266164158,133.54294153674326,361.94999999999806));
#9881=IFCCARTESIANPOINT((129.09426284348081,121.41590371601735,361.94999999999806));
#9882=IFCCARTESIANPOINT((157.6293435157823,97.472128048275437,361.94999999999806));
#9883=IFCCARTESIANPOINT((171.06066395069985,73.773863985914232,361.94999999999806));
#9884=IFCCARTESIANPOINT((177.58511020086263,49.424299089055282,361.94999999999806));
#9885=IFCCARTESIANPOINT((181.98457146844464,24.473714386105915,361.94999999999806));
#9886=IFCCARTESIANPOINT((184.12574403160019,0.,361.94999999999806));
#9887=IFCCARTESIANPOINT((179.79507157105431,-49.499812730167392,361.94999999999806));
#9888=IFCCARTESIANPOINT((166.3470000158155,-99.688699038141266,361.94999999999806));
#9889=IFCCARTESIANPOINT((148.04696022387338,-149.96764514162379,361.94999999999806));
#9890=IFCCARTESIANPOINT((124.70458082616976,-200.02553930115903,361.94999999999806));
#9891=IFCCARTESIANPOINT((90.097158248555573,-249.91259411357453,361.94999999999806));
#9892=IFCCARTESIANPOINT((65.691016996320158,-274.3187353658102,361.94999999999806));
#9893=IFCCARTESIANPOINT((44.899086249818211,-286.32296217927541,361.94999999999806));
#9894=IFCCARTESIANPOINT((11.580323672501331,-298.45000000000158,361.94999999999806));
#9895=IFCCARTESIANPOINT((-11.580323672501162,-298.45000000000164,361.94999999999806));
#9896=IFCCARTESIANPOINT((-44.899086249818268,-286.32296217927552,361.94999999999806));
#9897=IFCCARTESIANPOINT((-65.691016996320428,-274.3187353658102,361.94999999999806));
#9898=IFCCARTESIANPOINT((-90.0971582485558,-249.9125941135745,361.94999999999806));
#9899=IFCCARTESIANPOINT((-124.70458082616939,-200.02553930116002,361.94999999999806));
#9900=IFCCARTESIANPOINT((-148.04696022387293,-149.96764514162504,361.94999999999806));
#9901=IFCCARTESIANPOINT((-166.34700001581436,-99.688699038144307,361.94999999999806));
#9902=IFCCARTESIANPOINT((-179.79507157105436,-49.499812730167086,361.94999999999806));
#9903=IFCCARTESIANPOINT((-184.12574403160022,0.,361.94999999999806));
#9904=IFCCARTESIANPOINT((-181.98457146844484,24.473714386104476,361.94999999999806));
#9905=IFCCARTESIANPOINT((-177.58511020086323,49.424299089053001,361.94999999999806));
#9906=IFCCARTESIANPOINT((-171.06066395069996,73.773863985914048,361.94999999999806));
#9907=IFCCARTESIANPOINT((-157.62934351578255,97.47212804827528,361.94999999999806));
#9908=IFCCARTESIANPOINT((-129.094262843481,121.41590371601733,361.94999999999806));
#9909=IFCPOLYLOOP((#9877,#9878,#9879,#9880,#9881,#9882,#9883,#9884,#9885,#9886,#9887,#9888,#9889,#9890,#9891,#9892,#9893,#9894,#9895,#9896,#9897,#9898,#9899,#9900,#9901,#9902,#9903,#9904,#9905,#9906,#9907,#9908));
#9910=IFCFACEOUTERBOUND(#9909,.T.);
#9911=IFCFACE((#9910));
#9912=IFCPOLYLOOP((#9877,#9908,#9843,#9842));
#9913=IFCFACEOUTERBOUND(#9912,.T.);
#9914=IFCFACE((#9913));
#9915=IFCPOLYLOOP((#9908,#9907,#9844,#9843));
#9916=IFCFACEOUTERBOUND(#9915,.T.);
#9917=IFCFACE((#9916));
#9918=IFCPOLYLOOP((#9907,#9906,#9845,#9844));
#9919=IFCFACEOUTERBOUND(#9918,.T.);
#9920=IFCFACE((#9919));
#9921=IFCPOLYLOOP((#9906,#9905,#9846,#9845));
#9922=IFCFACEOUTERBOUND(#9921,.T.);
#9923=IFCFACE((#9922));
#9924=IFCPOLYLOOP((#9905,#9904,#9847,#9846));
#9925=IFCFACEOUTERBOUND(#9924,.T.);
#9926=IFCFACE((#9925));
#9927=IFCPOLYLOOP((#9904,#9903,#9848,#9847));
#9928=IFCFACEOUTERBOUND(#9927,.T.);
#9929=IFCFACE((#9928));
#9930=IFCPOLYLOOP((#9903,#9902,#9849,#9848));
#9931=IFCFACEOUTERBOUND(#9930,.T.);
#9932=IFCFACE((#9931));
#9933=IFCPOLYLOOP((#9902,#9901,#9850,#9849));
#9934=IFCFACEOUTERBOUND(#9933,.T.);
#9935=IFCFACE((#9934));
#9936=IFCPOLYLOOP((#9901,#9900,#9851,#9850));
#9937=IFCFACEOUTERBOUND(#9936,.T.);
#9938=IFCFACE((#9937));
#9939=IFCPOLYLOOP((#9900,#9899,#9852,#9851));
#9940=IFCFACEOUTERBOUND(#9939,.T.);
#9941=IFCFACE((#9940));
#9942=IFCPOLYLOOP((#9899,#9898,#9853,#9852));
#9943=IFCFACEOUTERBOUND(#9942,.T.);
#9944=IFCFACE((#9943));
#9945=IFCPOLYLOOP((#9898,#9897,#9854,#9853));
#9946=IFCFACEOUTERBOUND(#9945,.T.);
#9947=IFCFACE((#9946));
#9948=IFCPOLYLOOP((#9897,#9896,#9855,#9854));
#9949=IFCFACEOUTERBOUND(#9948,.T.);
#9950=IFCFACE((#9949));
#9951=IFCPOLYLOOP((#9896,#9895,#9856,#9855));
#9952=IFCFACEOUTERBOUND(#9951,.T.);
#9953=IFCFACE((#9952));
#9954=IFCPOLYLOOP((#9895,#9894,#9857,#9856));
#9955=IFCFACEOUTERBOUND(#9954,.T.);
#9956=IFCFACE((#9955));
#9957=IFCPOLYLOOP((#9894,#9893,#9858,#9857));
#9958=IFCFACEOUTERBOUND(#9957,.T.);
#9959=IFCFACE((#9958));
#9960=IFCPOLYLOOP((#9893,#9892,#9859,#9858));
#9961=IFCFACEOUTERBOUND(#9960,.T.);
#9962=IFCFACE((#9961));
#9963=IFCPOLYLOOP((#9892,#9891,#9860,#9859));
#9964=IFCFACEOUTERBOUND(#9963,.T.);
#9965=IFCFACE((#9964));
#9966=IFCPOLYLOOP((#9891,#9890,#9861,#9860));
#9967=IFCFACEOUTERBOUND(#9966,.T.);
#9968=IFCFACE((#9967));
#9969=IFCPOLYLOOP((#9890,#9889,#9862,#9861));
#9970=IFCFACEOUTERBOUND(#9969,.T.);
#9971=IFCFACE((#9970));
#9972=IFCPOLYLOOP((#9889,#9888,#9863,#9862));
#9973=IFCFACEOUTERBOUND(#9972,.T.);
#9974=IFCFACE((#9973));
#9975=IFCPOLYLOOP((#9888,#9887,#9864,#9863));
#9976=IFCFACEOUTERBOUND(#9975,.T.);
#9977=IFCFACE((#9976));
#9978=IFCPOLYLOOP((#9887,#9886,#9865,#9864));
#9979=IFCFACEOUTERBOUND(#9978,.T.);
#9980=IFCFACE((#9979));
#9981=IFCPOLYLOOP((#9886,#9885,#9866,#9865));
#9982=IFCFACEOUTERBOUND(#9981,.T.);
#9983=IFCFACE((#9982));
#9984=IFCPOLYLOOP((#9885,#9884,#9867,#9866));
#9985=IFCFACEOUTERBOUND(#9984,.T.);
#9986=IFCFACE((#9985));
#9987=IFCPOLYLOOP((#9884,#9883,#9868,#9867));
#9988=IFCFACEOUTERBOUND(#9987,.T.);
#9989=IFCFACE((#9988));
#9990=IFCPOLYLOOP((#9883,#9882,#9869,#9868));
#9991=IFCFACEOUTERBOUND(#9990,.T.);
#9992=IFCFACE((#9991));
#9993=IFCPOLYLOOP((#9882,#9881,#9870,#9869));
#9994=IFCFACEOUTERBOUND(#9993,.T.);
#9995=IFCFACE((#9994));
#9996=IFCPOLYLOOP((#9881,#9880,#9871,#9870));
#9997=IFCFACEOUTERBOUND(#9996,.T.);
#9998=IFCFACE((#9997));
#9999=IFCPOLYLOOP((#9880,#9879,#9872,#9871));
#10000=IFCFACEOUTERBOUND(#9999,.T.);
#10001=IFCFACE((#10000));
#10002=IFCPOLYLOOP((#9879,#9878,#9873,#9872));
#10003=IFCFACEOUTERBOUND(#10002,.T.);
#10004=IFCFACE((#10003));
#10005=IFCPOLYLOOP((#9878,#9877,#9842,#9873));
#10006=IFCFACEOUTERBOUND(#10005,.T.);
#10007=IFCFACE((#10006));
#10008=IFCCARTESIANPOINT((177.8000000000024,419.09999999999974,387.21814527230549));
#10009=IFCCARTESIANPOINT((-177.80000000000163,419.09999999999974,387.21814527230549));
#10010=IFCCARTESIANPOINT((-177.80000000000163,298.44999999999919,387.21814527230549));
#10011=IFCCARTESIANPOINT((-175.24778394209508,288.92499999999819,387.21814527230549));
#10012=IFCCARTESIANPOINT((-168.27500000000086,281.9522160579038,387.21814527230549));
#10013=IFCCARTESIANPOINT((-158.74999999999977,279.39999999999588,387.21814527230549));
#10014=IFCCARTESIANPOINT((158.74999999999994,279.39999999999588,387.21814527230549));
#10015=IFCCARTESIANPOINT((168.27500000000089,281.95221605790249,387.21814527230549));
#10016=IFCCARTESIANPOINT((175.24778394209531,288.92499999999666,387.21814527230549));
#10017=IFCCARTESIANPOINT((177.8000000000024,298.44999999999771,387.21814527230549));
#10018=IFCCARTESIANPOINT((177.8000000000024,419.09999999999974,374.64999999999918));
#10019=IFCCARTESIANPOINT((177.80000000000211,298.44999999999766,374.64999999999918));
#10020=IFCCARTESIANPOINT((175.24778394209531,288.92499999999666,374.64999999999918));
#10021=IFCCARTESIANPOINT((168.27500000000089,281.95221605790249,374.64999999999918));
#10022=IFCCARTESIANPOINT((158.75000000000009,279.39999999999588,374.64999999999918));
#10023=IFCCARTESIANPOINT((-158.74999999999989,279.39999999999696,374.64999999999918));
#10024=IFCCARTESIANPOINT((-168.27500000000086,281.9522160579038,374.64999999999918));
#10025=IFCCARTESIANPOINT((-175.24778394209508,288.92499999999819,374.64999999999918));
#10026=IFCCARTESIANPOINT((-177.80000000000163,298.44999999999908,374.64999999999918));
#10027=IFCCARTESIANPOINT((-177.80000000000163,419.09999999999974,374.64999999999918));
#10028=IFCCARTESIANPOINT((-176.51050408638221,293.63753573421866,387.21814527230549));
#10029=IFCCARTESIANPOINT((-176.52389197104841,293.68749999999875,374.64999999999918));
#10030=IFCCARTESIANPOINT((-171.76139197104808,285.43860802895108,387.21814527230549));
#10031=IFCCARTESIANPOINT((-171.76139197104808,285.43860802895108,374.64999999999918));
#10032=IFCCARTESIANPOINT((-163.56246426501053,280.68949591341027,374.64999999999918));
#10033=IFCCARTESIANPOINT((-163.51250000000053,280.67610802895041,387.21814527230549));
#10034=IFCCARTESIANPOINT((163.56246426529793,280.68949591348604,387.21814527230549));
#10035=IFCCARTESIANPOINT((163.51250000000033,280.67610802894916,374.64999999999918));
#10036=IFCCARTESIANPOINT((171.761391971048,285.43860802894949,387.21814527230549));
#10037=IFCCARTESIANPOINT((171.761391971048,285.43860802894949,374.64999999999918));
#10038=IFCCARTESIANPOINT((176.51050408659501,293.63753573500998,374.64999999999918));
#10039=IFCCARTESIANPOINT((176.52389197104867,293.68749999999704,387.21814527230549));
#10040=IFCPOLYLOOP((#10017,#10008,#10009,#10010,#10028,#10011,#10030,#10012,#10033,#10013,#10014,#10034,#10015,#10036,#10016,#10039));
#10041=IFCFACEOUTERBOUND(#10040,.T.);
#10042=IFCFACE((#10041));
#10043=IFCPOLYLOOP((#10026,#10027,#10018,#10019,#10038,#10020,#10037,#10021,#10035,#10022,#10023,#10032,#10024,#10031,#10025,#10029));
#10044=IFCFACEOUTERBOUND(#10043,.T.);
#10045=IFCFACE((#10044));
#10046=IFCPOLYLOOP((#10009,#10008,#10018,#10027));
#10047=IFCFACEOUTERBOUND(#10046,.T.);
#10048=IFCFACE((#10047));
#10049=IFCPOLYLOOP((#10010,#10009,#10027,#10026));
#10050=IFCFACEOUTERBOUND(#10049,.T.);
#10051=IFCFACE((#10050));
#10052=IFCPOLYLOOP((#10025,#10011,#10028,#10010,#10026,#10029));
#10053=IFCFACEOUTERBOUND(#10052,.T.);
#10054=IFCFACE((#10053));
#10055=IFCPOLYLOOP((#10012,#10030,#10011,#10025,#10031,#10024));
#10056=IFCFACEOUTERBOUND(#10055,.T.);
#10057=IFCFACE((#10056));
#10058=IFCPOLYLOOP((#10012,#10024,#10032,#10023,#10013,#10033));
#10059=IFCFACEOUTERBOUND(#10058,.T.);
#10060=IFCFACE((#10059));
#10061=IFCPOLYLOOP((#10014,#10013,#10023,#10022));
#10062=IFCFACEOUTERBOUND(#10061,.T.);
#10063=IFCFACE((#10062));
#10064=IFCPOLYLOOP((#10021,#10015,#10034,#10014,#10022,#10035));
#10065=IFCFACEOUTERBOUND(#10064,.T.);
#10066=IFCFACE((#10065));
#10067=IFCPOLYLOOP((#10016,#10036,#10015,#10021,#10037,#10020));
#10068=IFCFACEOUTERBOUND(#10067,.T.);
#10069=IFCFACE((#10068));
#10070=IFCPOLYLOOP((#10016,#10020,#10038,#10019,#10017,#10039));
#10071=IFCFACEOUTERBOUND(#10070,.T.);
#10072=IFCFACE((#10071));
#10073=IFCPOLYLOOP((#10008,#10017,#10019,#10018));
#10074=IFCFACEOUTERBOUND(#10073,.T.);
#10075=IFCFACE((#10074));
#10076=IFCCARTESIANPOINT((-162.58878358811091,101.59999999999886,387.34999999999866));
#10077=IFCCARTESIANPOINT((-176.98458651060201,76.199999999998496,387.34999999999866));
#10078=IFCCARTESIANPOINT((-183.7904959983527,50.799999999998889,387.34999999999866));
#10079=IFCCARTESIANPOINT((-188.28624413420994,25.303345331530604,387.34999999999866));
#10080=IFCCARTESIANPOINT((-190.50000000000057,0.,387.34999999999866));
#10081=IFCCARTESIANPOINT((-186.07248826841939,-50.606690663062444,387.34999999999866));
#10082=IFCCARTESIANPOINT((-172.4088722121958,-101.60000000000208,387.34999999999866));
#10083=IFCCARTESIANPOINT((-153.91918431147184,-152.40000000000461,387.34999999999866));
#10084=IFCCARTESIANPOINT((-130.23075527719891,-203.20000000000175,387.34999999999866));
#10085=IFCCARTESIANPOINT((-94.990008483198309,-254.,387.34999999999866));
#10086=IFCCARTESIANPOINT((-69.590008483198488,-279.4000000000014,387.34999999999866));
#10087=IFCCARTESIANPOINT((-47.592963227072993,-292.10000000000184,387.34999999999866));
#10088=IFCCARTESIANPOINT((-12.700000000003509,-304.80000000000041,387.34999999999866));
#10089=IFCCARTESIANPOINT((12.70000000000344,-304.80000000000069,387.34999999999866));
#10090=IFCCARTESIANPOINT((47.592963227073604,-292.10000000000167,387.34999999999866));
#10091=IFCCARTESIANPOINT((69.590008483198332,-279.40000000000168,387.34999999999866));
#10092=IFCCARTESIANPOINT((94.990008483197556,-254.,387.34999999999866));
#10093=IFCCARTESIANPOINT((130.23075527719959,-203.20000000000138,387.34999999999866));
#10094=IFCCARTESIANPOINT((153.91918431147394,-152.4000000000006,387.34999999999866));
#10095=IFCCARTESIANPOINT((172.40887221219737,-101.59999999999893,387.34999999999866));
#10096=IFCCARTESIANPOINT((186.07248826841959,-50.606690663062246,387.34999999999866));
#10097=IFCCARTESIANPOINT((190.50000000000063,0.,387.34999999999866));
#10098=IFCCARTESIANPOINT((188.28624413421016,25.303345331530039,387.34999999999866));
#10099=IFCCARTESIANPOINT((183.79049599835258,50.799999999999045,387.34999999999866));
#10100=IFCCARTESIANPOINT((176.98458651060187,76.199999999998752,387.34999999999866));
#10101=IFCCARTESIANPOINT((162.58878358811103,101.59999999999883,387.34999999999866));
#10102=IFCCARTESIANPOINT((132.31824233621805,127.,387.34999999999866));
#10103=IFCCARTESIANPOINT((97.425279109144299,139.69999999999845,387.34999999999866));
#10104=IFCCARTESIANPOINT((25.399999999994041,152.39999999999941,387.34999999999866));
#10105=IFCCARTESIANPOINT((-25.399999999994243,152.39999999999941,387.34999999999866));
#10106=IFCCARTESIANPOINT((-97.425279109144995,139.69999999999828,387.34999999999866));
#10107=IFCCARTESIANPOINT((-132.31824233621839,127.,387.34999999999866));
#10108=IFCPOLYLOOP((#10076,#10077,#10078,#10079,#10080,#10081,#10082,#10083,#10084,#10085,#10086,#10087,#10088,#10089,#10090,#10091,#10092,#10093,#10094,#10095,#10096,#10097,#10098,#10099,#10100,#10101,#10102,#10103,#10104,#10105,#10106,#10107));
#10109=IFCFACEOUTERBOUND(#10108,.T.);
#10110=IFCFACE((#10109));
#10111=IFCCARTESIANPOINT((-162.58878358811091,101.59999999999886,368.29999999999865));
#10112=IFCCARTESIANPOINT((-132.31824233621839,127.,368.29999999999865));
#10113=IFCCARTESIANPOINT((-97.425279109144995,139.69999999999828,368.29999999999865));
#10114=IFCCARTESIANPOINT((-25.399999999994243,152.39999999999941,368.29999999999865));
#10115=IFCCARTESIANPOINT((25.399999999994041,152.39999999999941,368.29999999999865));
#10116=IFCCARTESIANPOINT((97.425279109144299,139.69999999999845,368.29999999999865));
#10117=IFCCARTESIANPOINT((132.31824233621805,127.,368.29999999999865));
#10118=IFCCARTESIANPOINT((162.58878358811103,101.59999999999876,368.29999999999865));
#10119=IFCCARTESIANPOINT((176.98458651060187,76.199999999998752,368.29999999999865));
#10120=IFCCARTESIANPOINT((183.79049599835258,50.799999999999045,368.29999999999865));
#10121=IFCCARTESIANPOINT((188.28624413421016,25.303345331530039,368.29999999999865));
#10122=IFCCARTESIANPOINT((190.50000000000063,0.,368.29999999999865));
#10123=IFCCARTESIANPOINT((186.07248826841959,-50.606690663062246,368.29999999999865));
#10124=IFCCARTESIANPOINT((172.40887221219737,-101.59999999999893,368.29999999999865));
#10125=IFCCARTESIANPOINT((153.91918431147394,-152.4000000000006,368.29999999999865));
#10126=IFCCARTESIANPOINT((130.23075527719959,-203.20000000000138,368.29999999999865));
#10127=IFCCARTESIANPOINT((94.990008483197556,-254.,368.29999999999865));
#10128=IFCCARTESIANPOINT((69.590008483198332,-279.40000000000168,368.29999999999865));
#10129=IFCCARTESIANPOINT((47.592963227073604,-292.10000000000167,368.29999999999865));
#10130=IFCCARTESIANPOINT((12.70000000000344,-304.80000000000069,368.29999999999865));
#10131=IFCCARTESIANPOINT((-12.700000000003509,-304.80000000000041,368.29999999999865));
#10132=IFCCARTESIANPOINT((-47.592963227072993,-292.10000000000184,368.29999999999865));
#10133=IFCCARTESIANPOINT((-69.590008483198488,-279.4000000000014,368.29999999999865));
#10134=IFCCARTESIANPOINT((-94.990008483198309,-254.,368.29999999999865));
#10135=IFCCARTESIANPOINT((-130.23075527719891,-203.20000000000175,368.29999999999865));
#10136=IFCCARTESIANPOINT((-153.91918431147184,-152.40000000000461,368.29999999999865));
#10137=IFCCARTESIANPOINT((-172.4088722121958,-101.60000000000208,368.29999999999865));
#10138=IFCCARTESIANPOINT((-186.07248826841939,-50.606690663062444,368.29999999999865));
#10139=IFCCARTESIANPOINT((-190.50000000000057,0.,368.29999999999865));
#10140=IFCCARTESIANPOINT((-188.28624413420994,25.303345331530604,368.29999999999865));
#10141=IFCCARTESIANPOINT((-183.7904959983527,50.799999999998889,368.29999999999865));
#10142=IFCCARTESIANPOINT((-176.98458651060201,76.199999999998496,368.29999999999865));
#10143=IFCPOLYLOOP((#10111,#10112,#10113,#10114,#10115,#10116,#10117,#10118,#10119,#10120,#10121,#10122,#10123,#10124,#10125,#10126,#10127,#10128,#10129,#10130,#10131,#10132,#10133,#10134,#10135,#10136,#10137,#10138,#10139,#10140,#10141,#10142));
#10144=IFCFACEOUTERBOUND(#10143,.T.);
#10145=IFCFACE((#10144));
#10146=IFCPOLYLOOP((#10077,#10076,#10111,#10142));
#10147=IFCFACEOUTERBOUND(#10146,.T.);
#10148=IFCFACE((#10147));
#10149=IFCPOLYLOOP((#10078,#10077,#10142,#10141));
#10150=IFCFACEOUTERBOUND(#10149,.T.);
#10151=IFCFACE((#10150));
#10152=IFCPOLYLOOP((#10079,#10078,#10141,#10140));
#10153=IFCFACEOUTERBOUND(#10152,.T.);
#10154=IFCFACE((#10153));
#10155=IFCPOLYLOOP((#10080,#10079,#10140,#10139));
#10156=IFCFACEOUTERBOUND(#10155,.T.);
#10157=IFCFACE((#10156));
#10158=IFCPOLYLOOP((#10081,#10080,#10139,#10138));
#10159=IFCFACEOUTERBOUND(#10158,.T.);
#10160=IFCFACE((#10159));
#10161=IFCPOLYLOOP((#10082,#10081,#10138,#10137));
#10162=IFCFACEOUTERBOUND(#10161,.T.);
#10163=IFCFACE((#10162));
#10164=IFCPOLYLOOP((#10083,#10082,#10137,#10136));
#10165=IFCFACEOUTERBOUND(#10164,.T.);
#10166=IFCFACE((#10165));
#10167=IFCPOLYLOOP((#10084,#10083,#10136,#10135));
#10168=IFCFACEOUTERBOUND(#10167,.T.);
#10169=IFCFACE((#10168));
#10170=IFCPOLYLOOP((#10085,#10084,#10135,#10134));
#10171=IFCFACEOUTERBOUND(#10170,.T.);
#10172=IFCFACE((#10171));
#10173=IFCPOLYLOOP((#10086,#10085,#10134,#10133));
#10174=IFCFACEOUTERBOUND(#10173,.T.);
#10175=IFCFACE((#10174));
#10176=IFCPOLYLOOP((#10087,#10086,#10133,#10132));
#10177=IFCFACEOUTERBOUND(#10176,.T.);
#10178=IFCFACE((#10177));
#10179=IFCPOLYLOOP((#10088,#10087,#10132,#10131));
#10180=IFCFACEOUTERBOUND(#10179,.T.);
#10181=IFCFACE((#10180));
#10182=IFCPOLYLOOP((#10089,#10088,#10131,#10130));
#10183=IFCFACEOUTERBOUND(#10182,.T.);
#10184=IFCFACE((#10183));
#10185=IFCPOLYLOOP((#10090,#10089,#10130,#10129));
#10186=IFCFACEOUTERBOUND(#10185,.T.);
#10187=IFCFACE((#10186));
#10188=IFCPOLYLOOP((#10091,#10090,#10129,#10128));
#10189=IFCFACEOUTERBOUND(#10188,.T.);
#10190=IFCFACE((#10189));
#10191=IFCPOLYLOOP((#10092,#10091,#10128,#10127));
#10192=IFCFACEOUTERBOUND(#10191,.T.);
#10193=IFCFACE((#10192));
#10194=IFCPOLYLOOP((#10093,#10092,#10127,#10126));
#10195=IFCFACEOUTERBOUND(#10194,.T.);
#10196=IFCFACE((#10195));
#10197=IFCPOLYLOOP((#10094,#10093,#10126,#10125));
#10198=IFCFACEOUTERBOUND(#10197,.T.);
#10199=IFCFACE((#10198));
#10200=IFCPOLYLOOP((#10095,#10094,#10125,#10124));
#10201=IFCFACEOUTERBOUND(#10200,.T.);
#10202=IFCFACE((#10201));
#10203=IFCPOLYLOOP((#10096,#10095,#10124,#10123));
#10204=IFCFACEOUTERBOUND(#10203,.T.);
#10205=IFCFACE((#10204));
#10206=IFCPOLYLOOP((#10097,#10096,#10123,#10122));
#10207=IFCFACEOUTERBOUND(#10206,.T.);
#10208=IFCFACE((#10207));
#10209=IFCPOLYLOOP((#10098,#10097,#10122,#10121));
#10210=IFCFACEOUTERBOUND(#10209,.T.);
#10211=IFCFACE((#10210));
#10212=IFCPOLYLOOP((#10099,#10098,#10121,#10120));
#10213=IFCFACEOUTERBOUND(#10212,.T.);
#10214=IFCFACE((#10213));
#10215=IFCPOLYLOOP((#10100,#10099,#10120,#10119));
#10216=IFCFACEOUTERBOUND(#10215,.T.);
#10217=IFCFACE((#10216));
#10218=IFCPOLYLOOP((#10101,#10100,#10119,#10118));
#10219=IFCFACEOUTERBOUND(#10218,.T.);
#10220=IFCFACE((#10219));
#10221=IFCPOLYLOOP((#10102,#10101,#10118,#10117));
#10222=IFCFACEOUTERBOUND(#10221,.T.);
#10223=IFCFACE((#10222));
#10224=IFCPOLYLOOP((#10103,#10102,#10117,#10116));
#10225=IFCFACEOUTERBOUND(#10224,.T.);
#10226=IFCFACE((#10225));
#10227=IFCPOLYLOOP((#10104,#10103,#10116,#10115));
#10228=IFCFACEOUTERBOUND(#10227,.T.);
#10229=IFCFACE((#10228));
#10230=IFCPOLYLOOP((#10105,#10104,#10115,#10114));
#10231=IFCFACEOUTERBOUND(#10230,.T.);
#10232=IFCFACE((#10231));
#10233=IFCPOLYLOOP((#10106,#10105,#10114,#10113));
#10234=IFCFACEOUTERBOUND(#10233,.T.);
#10235=IFCFACE((#10234));
#10236=IFCPOLYLOOP((#10107,#10106,#10113,#10112));
#10237=IFCFACEOUTERBOUND(#10236,.T.);
#10238=IFCFACE((#10237));
#10239=IFCPOLYLOOP((#10076,#10107,#10112,#10111));
#10240=IFCFACEOUTERBOUND(#10239,.T.);
#10241=IFCFACE((#10240));
#10242=IFCCLOSEDSHELL((#1875,#1878,#1881,#1884,#1887,#1890,#1893,#1896,#1899,#1902,#1905,#1908,#1911,#1914,#1917,#1920,#1923,#1926,#1929,#1932,#1935,#1938,#1941,#1944,#1947,#1950));
#10243=IFCFACETEDBREP(#10242);
#10244=IFCCOLOURRGB($,0.97647058823529409,0.93725490196078431,0.90196078431372551);
#10245=IFCSURFACESTYLERENDERING(#10244,0.,$,$,$,$,IFCNORMALISEDRATIOMEASURE(0.5),IFCSPECULAREXPONENT(128.),.NOTDEFINED.);
#10246=IFCSURFACESTYLE('Porcelain, Linen',.BOTH.,(#10245));
#10247=IFCPRESENTATIONSTYLEASSIGNMENT((#10246));
#10248=IFCSTYLEDITEM(#10243,(#10247),$);
#10249=IFCCLOSEDSHELL((#1977,#1980,#1983,#1986,#1989,#1992,#1995,#1998,#2001,#2004,#2007,#2010,#2013,#2016,#2019,#2022,#2025,#2028,#2031,#2034,#2037,#2040,#2043));
#10250=IFCFACETEDBREP(#10249);
#10251=IFCSTYLEDITEM(#10250,(#10247),$);
#10252=IFCCLOSEDSHELL((#2078,#2113,#2116,#2119,#2122,#2125,#2128,#2131,#2134,#2137,#2140,#2143,#2146,#2149,#2152,#2155,#2158,#2161,#2164,#2167,#2170,#2173,#2176,#2179,#2182,#2185,#2188,#2191,#2194,#2197,#2200,#2203,#2206,#2209));
#10253=IFCFACETEDBREP(#10252);
#10254=IFCCOLOURRGB($,0.97647058823529409,0.93725490196078431,0.90196078431372551);
#10255=IFCSURFACESTYLERENDERING(#10254,0.,$,$,$,$,IFCNORMALISEDRATIOMEASURE(0.5),IFCSPECULAREXPONENT(128.),.NOTDEFINED.);
#10256=IFCSURFACESTYLE('Laminate, Linen, Matte',.BOTH.,(#10255));
#10257=IFCPRESENTATIONSTYLEASSIGNMENT((#10256));
#10258=IFCSTYLEDITEM(#10253,(#10257),$);
#10259=IFCCLOSEDSHELL((#2252,#2255,#2258,#2261,#2264,#2267,#2270,#2273,#2276,#2279,#2282,#2285,#2288,#2291));
#10260=IFCFACETEDBREP(#10259);
#10261=IFCSTYLEDITEM(#10260,(#10247),$);
#10262=IFCCLOSEDSHELL((#2324,#2327,#2330,#2333,#2336,#2339,#2342,#2345,#2348,#2351));
#10263=IFCFACETEDBREP(#10262);
#10264=IFCSTYLEDITEM(#10263,(#10247),$);
#10265=IFCCLOSEDSHELL((#3171,#3174,#3177,#3180,#3183,#3186,#3189,#3192,#3195,#3198,#3201,#3204,#3207,#3210,#3213,#3216,#3219,#3222,#3225,#3228,#3231,#3234,#3237,#3240,#3243,#3246,#3249,#3252,#3255,#3258,#3261,#3264,#3267,#3270,#3273,#3276,#3279,#3282,#3285,#3288,#3291,#3294,#3297,#3300,#3303,#3306,#3309,#3312,#3315,#3318,#3321,#3324,#3327,#3330,#3333,#3336,#3339,#3342,#3345,#3348,#3351,#3354,#3357,#3360,#3363,#3366,#3369,#3372,#3375,#3378,#3381,#3384,#3387,#3390,#3393,#3396,#3399,#3402,#3405,#3408,#3411,#3414,#3417,#3420,#3423,#3426,#3429,#3432,#3435,#3438,#3441,#3444,#3447,#3450,#3453,#3456,#3459,#3462,#3465,#3468,#3471,#3474,#3477,#3480,#3483,#3486,#3489,#3492,#3495,#3498,#3501,#3504,#3507,#3510,#3513,#3516,#3519,#3522,#3525,#3528,#3531,#3534,#3537,#3540,#3543,#3546,#3549,#3552,#3555,#3558,#3561,#3564,#3567,#3570,#3573,#3576,#3579,#3582,#3585,#3588,#3591,#3594,#3597,#3600,#3603,#3606,#3609,#3612,#3615,#3618,#3621,#3624,#3627,#3630,#3633,#3636,#3639,#3642,#3645,#3648,#3651,#3654,#3657,#3660,#3663,#3666,#3669,#3672,#3675,#3678,#3681,#3684,#3687,#3690,#3693,#3696,#3699,#3702,#3705,#3708,#3711,#3714,#3717,#3720,#3723,#3726,#3729,#3732,#3735,#3738,#3741,#3744,#3747,#3750,#3753,#3756,#3759,#3762,#3765,#3768,#3771,#3774,#3777,#3780,#3783,#3786,#3789,#3792,#3795,#3798,#3801,#3804,#3807,#3810,#3813,#3816,#3819,#3822,#3825,#3828,#3831,#3834,#3837,#3840,#3843,#3846,#3849,#3852,#3855,#3858,#3861,#3864,#3867,#3870,#3873,#3876,#3879,#3882,#3885,#3888,#3891,#3894,#3897,#3900,#3903,#3906,#3909,#3912,#3915,#3918,#3921,#3924,#3927,#3930,#3933,#3936,#3939,#3942,#3945,#3948,#3951,#3954,#3957,#3960,#3963,#3966,#3969,#3972,#3975,#3978,#3981,#3984,#3987,#3990,#3993,#3996,#3999,#4002,#4005,#4008,#4011,#4014,#4017,#4020,#4023,#4026,#4029,#4032,#4035,#4038,#4041,#4044,#4047,#4050,#4053,#4056,#4059,#4062,#4065,#4068,#4071,#4074,#4077,#4080,#4083,#4086,#4089,#4092,#4095,#4098,#4101,#4104,#4107,#4110,#4113,#4116,#4119,#4122,#4125,#4128,#4131,#4134,#4137,#4140,#4143,#4146,#4149,#4152,#4155,#4158,#4161,#4164,#4167,#4170,#4173,#4176,#4179,#4182,#4185,#4188,#4191,#4194,#4197,#4200,#4203,#4206,#4209,#4212,#4215,#4218,#4221,#4224,#4227,#4230,#4233,#4236,#4239,#4242,#4245,#4248,#4251,#4254,#4257,#4260,#4263,#4266,#4269,#4272,#4275,#4278,#4281,#4284,#4287,#4290,#4293,#4296,#4299,#4302,#4305,#4308,#4311,#4314,#4317,#4320,#4323,#4326,#4329,#4332,#4335,#4338,#4341,#4344,#4347,#4350,#4353,#4356,#4359,#4362,#4365,#4368,#4371,#4374,#4377,#4380,#4383,#4386,#4389,#4392,#4395,#4398,#4401,#4404,#4407,#4410,#4413,#4416,#4419,#4422,#4425,#4428,#4431,#4434,#4437,#4440,#4443,#4446,#4449,#4452,#4455,#4458,#4461,#4464,#4467,#4470,#4473,#4476,#4479,#4482,#4485,#4488,#4491,#4494,#4497,#4500,#4503,#4506,#4509,#4512,#4515,#4518,#4521,#4524,#4527,#4530,#4533,#4536,#4539,#4542,#4545,#4548,#4551,#4554,#4557,#4560,#4563,#4566,#4569,#4572,#4575,#4578,#4581,#4584,#4587,#4590,#4593,#4596,#4599,#4602,#4605,#4608,#4611,#4614,#4617,#4620,#4623,#4626,#4629,#4632,#4635,#4638,#4641,#4644,#4647,#4650,#4653,#4656,#4659,#4662,#4665,#4668,#4671,#4674,#4677,#4680,#4683,#4686,#4689,#4692,#4695,#4698,#4701,#4704,#4707,#4710,#4713,#4716,#4719,#4722,#4725,#4728,#4731,#4734,#4737,#4740,#4743,#4746,#4749,#4752,#4755,#4758,#4761,#4764,#4767,#4770,#4773,#4776,#4779,#4782,#4785,#4788,#4791,#4794,#4797,#4800,#4803,#4806,#4809,#4812,#4815,#4818,#4821,#4824,#4827,#4830,#4833,#4836,#4839,#4842,#4845,#4848,#4851,#4854,#4857,#4860,#4863,#4866,#4869,#4872,#4875,#4878,#4881,#4884,#4887,#4890,#4893,#4896,#4899,#4902,#4905,#4908,#4911,#4914,#4917,#4920,#4923,#4926,#4929,#4932,#4935,#4938,#4941,#4944,#4947,#4950,#4953,#4956,#4959,#4962,#4965,#4968,#4971,#4974,#4977,#4980,#4983,#4986,#4989,#4992,#4995,#4998,#5001,#5004,#5007,#5010,#5013,#5016,#5019,#5022,#5025,#5028,#5031,#5034,#5037,#5040,#5043,#5046,#5049,#5052,#5055,#5058,#5061,#5064,#5067,#5070,#5073,#5076,#5079,#5082,#5085,#5088,#5091,#5094,#5097,#5100,#5103,#5106,#5109,#5112,#5115,#5118,#5121,#5124,#5127,#5130,#5133,#5136,#5139,#5142,#5145,#5148,#5151,#5154,#5157,#5160,#5163,#5166,#5169,#5172,#5175,#5178,#5181,#5184,#5187,#5190,#5193,#5196,#5199,#5202,#5205,#5208,#5211,#5214,#5217,#5220,#5223,#5226,#5229,#5232,#5235,#5238,#5241,#5244,#5247,#5250,#5253,#5256,#5259,#5262,#5265,#5268,#5271,#5274,#5277,#5280,#5283,#5286,#5289,#5292,#5295,#5298,#5301,#5304,#5307,#5310,#5313,#5316,#5319,#5322,#5325,#5328,#5331,#5334,#5337,#5340,#5343,#5346,#5349,#5352,#5355,#5358,#5361,#5364,#5367,#5370,#5373,#5376,#5379,#5382,#5385,#5388,#5391,#5394,#5397,#5400,#5403,#5406,#5409,#5412,#5415,#5418,#5421,#5424,#5427,#5430,#5433,#5436,#5439,#5442,#5445,#5448,#5451,#5454,#5457,#5460,#5463,#5466,#5469,#5472,#5475,#5478,#5481,#5484,#5487,#5490,#5493,#5496,#5499,#5502,#5505,#5508,#5511,#5514,#5517,#5520,#5523,#5526,#5529,#5532,#5535,#5538,#5541,#5544,#5547,#5550,#5553,#5556,#5559,#5562,#5565,#5568,#5571,#5574,#5577,#5580,#5583,#5586,#5589,#5592,#5595,#5598,#5601,#5604,#5607,#5610,#5613,#5616,#5619,#5622,#5625,#5628,#5631,#5634,#5637,#5640,#5643,#5646,#5649,#5652,#5655,#5658,#5661,#5664,#5667,#5670,#5673,#5676,#5679,#5682,#5685,#5688,#5691,#5694,#5697,#5700,#5703,#5706,#5709,#5712,#5715,#5718,#5721,#5724,#5727,#5730,#5733,#5736,#5739,#5742,#5745,#5748,#5751,#5754,#5757,#5760,#5763,#5766,#5769,#5772,#5775,#5778,#5781,#5784,#5787,#5790,#5793,#5796,#5799,#5802,#5805,#5808,#5811,#5814,#5817,#5820,#5823,#5826,#5829,#5832,#5835,#5838,#5841,#5844,#5847,#5850,#5853,#5856,#5859,#5862,#5865,#5868,#5871,#5874,#5877,#5880,#5883,#5886,#5889,#5892,#5895,#5898,#5901,#5904,#5907,#5910,#5913,#5916,#5919,#5922,#5925,#5928,#5931,#5934,#5937,#5940,#5943,#5946,#5949,#5952,#5955,#5958,#5961,#5964,#5967,#5970,#5973,#5976,#5979,#5982,#5985,#5988,#5991,#5994,#5997,#6000,#6003,#6006,#6009,#6012,#6015,#6018,#6021,#6024,#6027,#6030,#6033,#6036,#6039,#6042,#6045,#6048,#6051,#6054,#6057,#6060,#6063,#6066,#6069,#6072,#6075,#6078,#6081,#6084,#6087,#6090,#6093,#6096,#6099,#6102,#6105,#6108,#6111,#6114,#6117,#6120,#6123,#6126,#6129,#6132,#6135,#6138,#6141,#6144,#6147,#6150,#6153,#6156,#6159,#6162,#6165,#6168,#6171,#6174,#6177,#6180,#6183,#6186,#6189,#6192,#6195,#6198,#6201,#6204,#6207,#6210,#6213,#6216,#6219,#6222,#6225,#6228,#6231,#6234,#6237,#6240,#6243,#6246,#6249,#6252,#6255,#6258,#6261,#6264,#6267,#6270,#6273,#6276,#6279,#6282,#6285,#6288,#6291,#6294,#6297,#6300,#6303,#6306,#6309,#6312,#6315,#6318,#6321,#6324,#6327,#6330,#6333,#6336,#6339,#6342,#6345,#6348,#6351,#6354,#6357,#6360,#6363,#6366,#6369,#6372,#6375,#6378,#6381,#6384,#6387,#6390,#6393,#6396,#6399,#6402,#6405,#6408,#6411,#6414,#6417,#6420,#6423,#6426,#6429,#6432,#6435,#6438,#6441,#6444,#6447,#6450,#6453,#6456,#6459,#6462,#6465,#6468,#6471,#6474,#6477,#6480,#6483,#6486,#6489,#6492,#6495,#6498,#6501,#6504,#6507,#6510,#6513,#6516,#6519,#6522,#6525,#6528,#6531,#6534,#6537,#6540,#6543,#6546,#6549,#6552,#6555,#6558,#6561,#6564,#6567,#6570,#6573,#6576,#6579,#6582,#6585,#6588,#6591,#6594,#6597,#6600,#6603,#6606,#6609,#6612,#6615,#6618,#6621,#6624,#6627,#6630,#6633,#6636,#6639,#6642,#6645,#6648,#6651,#6654,#6657,#6660,#6663,#6666,#6669,#6672,#6675,#6678,#6681,#6684,#6687,#6690,#6693,#6696,#6699,#6702,#6705,#6708,#6711,#6714,#6717,#6720,#6723,#6726,#6729,#6732,#6735,#6738,#6741,#6744,#6747,#6750,#6753,#6756,#6759,#6762,#6765,#6768,#6771,#6774,#6777,#6780,#6783,#6786,#6789,#6792,#6795,#6798,#6801,#6804,#6807,#6810,#6813,#6816,#6819,#6822,#6825,#6828,#6831,#6834,#6837,#6840,#6843,#6846,#6849,#6852,#6855,#6858,#6861,#6864,#6867,#6870,#6873,#6876,#6879,#6882,#6885,#6888,#6891,#6894,#6897,#6900,#6903,#6906,#6909,#6912,#6915,#6918,#6921,#6924,#6927,#6930,#6933,#6936,#6939,#6942,#6945,#6948,#6951,#6954,#6957,#6960,#6963,#6966,#6969,#6972,#6975,#6978,#6981,#6984,#6987,#6990,#6993,#6996,#6999,#7002,#7005,#7008,#7011,#7014));
#10266=IFCFACETEDBREP(#10265);
#10267=IFCSTYLEDITEM(#10266,(#10247),$);
#10268=IFCCLOSEDSHELL((#7053,#7056,#7059,#7062,#7065,#7068,#7071,#7074,#7077,#7080,#7083,#7086,#7089,#7092,#7095,#7098));
#10269=IFCFACETEDBREP(#10268);
#10270=IFCSTYLEDITEM(#10269,(#10247),$);
#10271=IFCCLOSEDSHELL((#7107,#7116,#7119,#7122,#7125,#7128,#7131,#7134));
#10272=IFCFACETEDBREP(#10271);
#10273=IFCSTYLEDITEM(#10272,(#10247),$);
#10274=IFCCLOSEDSHELL((#7193,#7196,#7199,#7202,#7205,#7208,#7211,#7214,#7217,#7220,#7223,#7226,#7229,#7232,#7235,#7238,#7241,#7244,#7247,#7250,#7253,#7256,#7259,#7262));
#10275=IFCFACETEDBREP(#10274);
#10276=IFCSTYLEDITEM(#10275,(#10247),$);
#10277=IFCCLOSEDSHELL((#7314,#7317,#7320,#7323,#7326,#7329,#7332,#7335,#7338,#7341,#7344,#7347,#7350,#7353,#7356,#7359,#7362,#7365,#7368,#7371,#7374,#7377,#7380,#7383,#7386,#7389,#7392,#7395,#7398,#7401,#7404,#7407,#7410,#7413,#7416,#7419,#7422,#7425,#7428,#7431,#7434,#7437,#7440));
#10278=IFCFACETEDBREP(#10277);
#10279=IFCSTYLEDITEM(#10278,(#10247),$);
#10280=IFCCLOSEDSHELL((#7870,#7873,#7876,#7879,#7882,#7885,#7888,#7891,#7894,#7897,#7900,#7903,#7906,#7909,#7912,#7915,#7918,#7921,#7924,#7927,#7930,#7933,#7936,#7939,#7942,#7945,#7948,#7951,#7954,#7957,#7960,#7963,#7966,#7969,#7972,#7975,#7978,#7981,#7984,#7987,#7990,#7993,#7996,#7999,#8002,#8005,#8008,#8011,#8014,#8017,#8020,#8023,#8026,#8029,#8032,#8035,#8038,#8041,#8044,#8047,#8050,#8053,#8056,#8059,#8062,#8065,#8068,#8071,#8074,#8077,#8080,#8083,#8086,#8089,#8092,#8095,#8098,#8101,#8104,#8107,#8110,#8113,#8116,#8119,#8122,#8125,#8128,#8131,#8134,#8137,#8140,#8143,#8146,#8149,#8152,#8155,#8158,#8161,#8164,#8167,#8170,#8173,#8176,#8179,#8182,#8185,#8188,#8191,#8194,#8197,#8200,#8203,#8206,#8209,#8212,#8215,#8218,#8221,#8224,#8227,#8230,#8233,#8236,#8239,#8242,#8245,#8248,#8251,#8254,#8257,#8260,#8263,#8266,#8269,#8272,#8275,#8278,#8281,#8284,#8287,#8290,#8293,#8296,#8299,#8302,#8305,#8308,#8311,#8314,#8317,#8320,#8323,#8326,#8329,#8332,#8335,#8338,#8341,#8344,#8347,#8350,#8353,#8356,#8359,#8362,#8365,#8368,#8371,#8374,#8377,#8380,#8383,#8386,#8389,#8392,#8395,#8398,#8401,#8404,#8407,#8410,#8413,#8416,#8419,#8422,#8425,#8428,#8431,#8434,#8437,#8440,#8443,#8446,#8449,#8452,#8455,#8458,#8461,#8464,#8467,#8470,#8473,#8476,#8479,#8482,#8485,#8488,#8491,#8494,#8497,#8500,#8503,#8506,#8509,#8512,#8515,#8518,#8521,#8524,#8527,#8530,#8533,#8536,#8539,#8542,#8545,#8548,#8551,#8554,#8557,#8560,#8563,#8566,#8569,#8572,#8575,#8578,#8581,#8584,#8587,#8590,#8593,#8596,#8599,#8602,#8605,#8608,#8611,#8614,#8617,#8620,#8623,#8626,#8629,#8632,#8635,#8638,#8641,#8644,#8647,#8650,#8653,#8656,#8659,#8662,#8665,#8668,#8671,#8674,#8677,#8680,#8683,#8686,#8689,#8692,#8695,#8698,#8701,#8704,#8707,#8710,#8713,#8716,#8719,#8722,#8725,#8728,#8731,#8734,#8737,#8740,#8743,#8746,#8749,#8752,#8755,#8758,#8761,#8764,#8767,#8770,#8773,#8776,#8779,#8782,#8785,#8788,#8791,#8794,#8797,#8800,#8803,#8806,#8809,#8812,#8815,#8818,#8821,#8824,#8827,#8830,#8833,#8836,#8839,#8842,#8845,#8848,#8851,#8854,#8857,#8860,#8863,#8866,#8869,#8872,#8875,#8878,#8881,#8884,#8887,#8890,#8893,#8896,#8899,#8902,#8905,#8908,#8911,#8914,#8917,#8920,#8923,#8926,#8929,#8932,#8935,#8938,#8941,#8944,#8947,#8950,#8953,#8956,#8959,#8962,#8965,#8968,#8971,#8974,#8977,#8980,#8983,#8986,#8989,#8992,#8995,#8998,#9001,#9004,#9007,#9010,#9013,#9016,#9019,#9022,#9025,#9028,#9031,#9034,#9037,#9040,#9043,#9046,#9049,#9052,#9055,#9058,#9061,#9064,#9067,#9070,#9073,#9076,#9079,#9082,#9085,#9088,#9091,#9094,#9097,#9100,#9103,#9106,#9109,#9112,#9115,#9118,#9121,#9124,#9127,#9130,#9133,#9136,#9139,#9142,#9145,#9148,#9151,#9154,#9157,#9160,#9163,#9166,#9169,#9172,#9175,#9178,#9181,#9184,#9187,#9190,#9193,#9196,#9199,#9202,#9205,#9208,#9211,#9214,#9217,#9220,#9223,#9226,#9229,#9232,#9235,#9238,#9241,#9244,#9247,#9250,#9253,#9256,#9259,#9262,#9265,#9268,#9271,#9274,#9277,#9280,#9283,#9286,#9289,#9292,#9295,#9298,#9301,#9304,#9307,#9310,#9313,#9316,#9319,#9322,#9325,#9328,#9331,#9334,#9337,#9340,#9343,#9346,#9349,#9352,#9355,#9358,#9361,#9364,#9367,#9370,#9373,#9376,#9379,#9382,#9385,#9388,#9391,#9394,#9397,#9400,#9403,#9406,#9409,#9412,#9415,#9418,#9421,#9424,#9427,#9430,#9433,#9436,#9439,#9442,#9445,#9448,#9451,#9454,#9457,#9460,#9463,#9466,#9469,#9472,#9475,#9478,#9481,#9484,#9487,#9490,#9493,#9496,#9499,#9502,#9505,#9508,#9511,#9514,#9517,#9520,#9523,#9526,#9529,#9532,#9535,#9538,#9541,#9544,#9547,#9550,#9553,#9556,#9559,#9562,#9565,#9568,#9571,#9574,#9577,#9580,#9583,#9586,#9589,#9592,#9595,#9598,#9601,#9604,#9607,#9610,#9613,#9616,#9619,#9622,#9625,#9628,#9631,#9634,#9637,#9640,#9643,#9646,#9649,#9652,#9655,#9658,#9661,#9664,#9667,#9670,#9673,#9676,#9679,#9682,#9685,#9688,#9691,#9694,#9697,#9700,#9703,#9706,#9709,#9712,#9715,#9718,#9721,#9724,#9727,#9730,#9733,#9736,#9739,#9742,#9745,#9748,#9751,#9754,#9757,#9760,#9763,#9766,#9769,#9772,#9775,#9778,#9781,#9784,#9787,#9790,#9793,#9796,#9799,#9802,#9805,#9808,#9811,#9814,#9817,#9820,#9823,#9826,#9829,#9832,#9835,#9838,#9841));
#10281=IFCFACETEDBREP(#10280);
#10282=IFCSTYLEDITEM(#10281,(#10247),$);
#10283=IFCCLOSEDSHELL((#9876,#9911,#9914,#9917,#9920,#9923,#9926,#9929,#9932,#9935,#9938,#9941,#9944,#9947,#9950,#9953,#9956,#9959,#9962,#9965,#9968,#9971,#9974,#9977,#9980,#9983,#9986,#9989,#9992,#9995,#9998,#10001,#10004,#10007));
#10284=IFCFACETEDBREP(#10283);
#10285=IFCSTYLEDITEM(#10284,(#10257),$);
#10286=IFCCLOSEDSHELL((#10042,#10045,#10048,#10051,#10054,#10057,#10060,#10063,#10066,#10069,#10072,#10075));
#10287=IFCFACETEDBREP(#10286);
#10288=IFCSTYLEDITEM(#10287,(#10247),$);
#10289=IFCCLOSEDSHELL((#10110,#10145,#10148,#10151,#10154,#10157,#10160,#10163,#10166,#10169,#10172,#10175,#10178,#10181,#10184,#10187,#10190,#10193,#10196,#10199,#10202,#10205,#10208,#10211,#10214,#10217,#10220,#10223,#10226,#10229,#10232,#10235,#10238,#10241));
#10290=IFCFACETEDBREP(#10289);
#10291=IFCSTYLEDITEM(#10290,(#10247),$);
#10292=IFCSHAPEREPRESENTATION(#15,'Body','Brep',(#10243,#10250,#10253,#10260,#10263,#10266,#10269,#10272,#10275,#10278,#10281,#10284,#10287,#10290));
#10293=IFCAXIS2PLACEMENT3D(#10,$,$);
#10294=IFCREPRESENTATIONMAP(#10293,#10292);
#10295=IFCDISTRIBUTIONELEMENTTYPE('3dwPwqaa56eAjoUPFz1OYs',#6,'R_Toilet-Domestic-3D:M_Toilet-Domestic-3D',$,$,$,(#10294),'547743',$);
#10296=IFCMATERIAL('Porcelain, Linen');
#10297=IFCPRESENTATIONSTYLEASSIGNMENT((#10246));
#10298=IFCSTYLEDITEM($,(#10297),$);
#10299=IFCSTYLEDREPRESENTATION(#13,'Style','Material',(#10298));
#10300=IFCMATERIALDEFINITIONREPRESENTATION($,$,(#10299),#10296);
#10301=IFCMATERIAL('Laminate, Linen, Matte');
#10302=IFCPRESENTATIONSTYLEASSIGNMENT((#10256));
#10303=IFCSTYLEDITEM($,(#10302),$);
#10304=IFCSTYLEDREPRESENTATION(#13,'Style','Material',(#10303));
#10305=IFCMATERIALDEFINITIONREPRESENTATION($,$,(#10304),#10301);
#10306=IFCMATERIALLIST((#10296,#10301));
#10307=IFCMAPPEDITEM(#10294,#1045);
#10308=IFCSHAPEREPRESENTATION(#15,'Body','MappedRepresentation',(#10307));
#10309=IFCPRODUCTDEFINITIONSHAPE($,$,(#10308));
#10310=IFCCARTESIANPOINT((5618.4135418074256,1084.6846240374903,0.));
#10311=IFCAXIS2PLACEMENT3D(#10310,#43,#88);
#10312=IFCLOCALPLACEMENT(#28,#10311);
#10313=IFCFLOWTERMINAL('1ZbzvERVP2EPsD9m_40C6a',#6,'R_Toilet-Domestic-3D:M_Toilet-Domestic-3D:850202',$,$,#10312,#10309,'850202');
#10314=IFCPROPERTYSINGLEVALUE('Reference',$,IFCIDENTIFIER('M_Toilet-Domestic-3D'),$);
#10315=IFCPROPERTYSET('2osniBUp_qP_hI4eC5vxfu',#6,'Pset_DistributionFlowElementCommon',$,(#10314));
#10316=IFCPROPERTYSET('230xUg4fu6NITyymmFTd4n',#6,'Pset_QuantityTakeOff',$,(#10314));
#10317=IFCRELDEFINESBYPROPERTIES('3YztDiPMDVwpNT4HlHvfze',#6,$,$,(#10313),#10315);
#10318=IFCRELDEFINESBYPROPERTIES('1GrESY$OvuOF9zz$TcKI3$',#6,$,$,(#10313),#10316);
#10319=IFCAXIS2PLACEMENT3D(#10,$,$);
#10320=IFCLOCALPLACEMENT(#28,#10319);
#10321=IFCCARTESIANPOINT((-1278.3912456668329,-300.));
#10322=IFCCARTESIANPOINT((1316.7142023145705,-300.));
#10323=IFCCARTESIANPOINT((1242.9408528726672,300.));
#10324=IFCCARTESIANPOINT((-1281.2638095204043,300.));
#10325=IFCPOLYLINE((#10321,#10322,#10323,#10324,#10321));
#10326=IFCARBITRARYCLOSEDPROFILEDEF(.AREA.,$,#10325);
#10327=IFCCARTESIANPOINT((3499.107140975314,11.509845874887768,900.));
#10328=IFCDIRECTION((0.99391022867031587,0.11019281893354296,0.));
#10329=IFCAXIS2PLACEMENT3D(#10327,#1007,#10328);
#10330=IFCEXTRUDEDAREASOLID(#10326,#10329,#43,899.99999999999989);
#10331=IFCCOLOURRGB($,0.97647058823529409,0.97647058823529409,0.97647058823529409);
#10332=IFCSURFACESTYLERENDERING(#10331,0.,$,$,$,$,IFCNORMALISEDRATIOMEASURE(0.5),IFCSPECULAREXPONENT(128.),.NOTDEFINED.);
#10333=IFCSURFACESTYLE('Gypsum Wall Board',.BOTH.,(#10332));
#10334=IFCPRESENTATIONSTYLEASSIGNMENT((#10333));
#10335=IFCSTYLEDITEM(#10330,(#10334),$);
#10336=IFCSHAPEREPRESENTATION(#15,'Body','SweptSolid',(#10330));
#10337=IFCPRODUCTDEFINITIONSHAPE($,$,(#10336));
#10338=IFCSLAB('0k4Y6F2hL0BBDDEi4rhrzj',#6,'Floor:Kjokkenbenk:850392',$,$,#10320,#10337,'850392',.FLOOR.);
#10339=IFCSLABTYPE('0k4Y6F2hL0BBDDEi4rhrzQ',#6,'Floor:Kjokkenbenk',$,$,(#10357),$,'850415',$,.FLOOR.);
#10340=IFCMATERIAL('Gypsum Wall Board');
#10341=IFCPRESENTATIONSTYLEASSIGNMENT((#10333));
#10342=IFCSTYLEDITEM($,(#10341),$);
#10343=IFCSTYLEDREPRESENTATION(#13,'Style','Material',(#10342));
#10344=IFCMATERIALDEFINITIONREPRESENTATION($,$,(#10343),#10340);
#10345=IFCMATERIALLAYER(#10340,900.00000000000011,$);
#10346=IFCMATERIALLAYERSET((#10345),'Floor:Kjokkenbenk');
#10347=IFCMATERIALLAYERSETUSAGE(#10346,.AXIS3.,.POSITIVE.,0.);
#10348=IFCPROPERTYSINGLEVALUE('Reference',$,IFCIDENTIFIER('Kjokkenbenk'),$);
#10349=IFCPROPERTYSET('3heiQces0I4DXnlOcpYo8o',#6,'Pset_QuantityTakeOff',$,(#10348));
#10350=IFCPROPERTYSINGLEVALUE('Reference',$,IFCLABEL('Kjokkenbenk'),$);
#10351=IFCPROPERTYSET('0BEEQWZW56RJ9IlOzq$h70',#6,'Pset_ReinforcementBarPitchOfSlab',$,(#10350));
#10352=IFCPROPERTYSET('1YJsJhNRqqfqtGzaAgPSpC',#6,'Pset_SlabCommon',$,(#82,#1054,#1840,#10348));
#10353=IFCRELDEFINESBYPROPERTIES('3LgOJmJcapMMAUiDp1NYaP',#6,$,$,(#10338),#10349);
#10354=IFCRELDEFINESBYPROPERTIES('08N_thY55jGpy4yypjvNMO',#6,$,$,(#10338),#10351);
#10355=IFCRELDEFINESBYPROPERTIES('1xLYOzTOdUF9QsBRAbUETv',#6,$,$,(#10338),#10352);
#10356=IFCPROPERTYSINGLEVALUE('ThermalTransmittance',$,IFCTHERMALTRANSMITTANCEMEASURE(0.72222222222222221),$);
#10357=IFCPROPERTYSET('3r$nWnPQmT_OwjgdaQ636U',#6,'Pset_SlabCommon',$,(#10356));
#10358=IFCPROPERTYSINGLEVALUE('Name',$,IFCLABEL('-1'),$);
#10359=IFCPROPERTYSET('3yc3VnLFsBrBQ4rTXKX828',#6,'Pset_AirSideSystemInformation',$,(#10358));
#10360=IFCPROPERTYSINGLEVALUE('AboveGround',$,IFCLOGICAL(.U.),$);
#10361=IFCPROPERTYSET('2igo$7GtKAqq_bK9KmLXQQ',#6,'Pset_BuildingStoreyCommon',$,(#10360));
#10362=IFCPROPERTYSINGLEVALUE('Name',$,IFCLABEL('-1'),$);
#10363=IFCPROPERTYSET('1Sl_NNU1cW9bwxIjkWBEro',#6,'Pset_ProductRequirements',$,(#10362));
#10364=IFCRELDEFINESBYPROPERTIES('1_a0ir8S85rMrOsj8obCH2',#6,$,$,(#26),#10359);
#10365=IFCRELDEFINESBYPROPERTIES('3knq58MbJEVT7WRkcd_WtG',#6,$,$,(#26),#10361);
#10366=IFCRELDEFINESBYPROPERTIES('2pLsZEtPuY3M7RMhxrf$YY',#6,$,$,(#26),#10363);
#10367=IFCPROPERTYSINGLEVALUE('Name',$,IFCLABEL('1'),$);
#10368=IFCPROPERTYSET('0lsD05maYiNDgpUkCK$ppD',#6,'Pset_AirSideSystemInformation',$,(#10367));
#10369=IFCPROPERTYSET('2wA2Yjn7YuSKm7KtVR5wpY',#6,'Pset_BuildingStoreyCommon',$,(#10360));
#10370=IFCPROPERTYSINGLEVALUE('Name',$,IFCLABEL('1'),$);
#10371=IFCPROPERTYSET('3A5hXG8UohXXm2rzdxQ9x6',#6,'Pset_ProductRequirements',$,(#10370));
#10372=IFCRELDEFINESBYPROPERTIES('1tK2hCnbP9DMelIqrHU0s$',#6,$,$,(#29),#10368);
#10373=IFCRELDEFINESBYPROPERTIES('2KQIZHotT_5sKOp958MJP2',#6,$,$,(#29),#10369);
#10374=IFCRELDEFINESBYPROPERTIES('28BOQeK_byXJ9X12XlCW5t',#6,$,$,(#29),#10371);
#10375=IFCRELCONTAINEDINSPATIALSTRUCTURE('0AOVyMliz5pBSZEGw8l1wa',#6,$,$,(#66,#106,#136,#164,#193,#220,#249,#284,#312,#340,#367,#393,#422,#455,#487,#515,#543,#576,#603,#629,#656,#684,#711,#738,#766,#798,#827,#858,#884,#911,#941,#970,#1052,#1117,#1172,#1228,#1283,#1339,#1429,#1444,#1456,#1525,#1540,#1552,#1574,#1600,#1656,#1686,#1713,#1739,#1763,#1789,#1826,#10313,#10338),#29);
#10376=IFCPROPERTYSINGLEVALUE('Name',$,IFCLABEL('2'),$);
#10377=IFCPROPERTYSET('3qZa4nej4voch7Yo0Lo2ow',#6,'Pset_AirSideSystemInformation',$,(#10376));
#10378=IFCPROPERTYSET('0ngo8XE6Safn8KLKKvanft',#6,'Pset_BuildingStoreyCommon',$,(#10360));
#10379=IFCPROPERTYSINGLEVALUE('Name',$,IFCLABEL('2'),$);
#10380=IFCPROPERTYSET('1Okb7kwQaLK89lasBEGXrS',#6,'Pset_ProductRequirements',$,(#10379));
#10381=IFCRELDEFINESBYPROPERTIES('2eICiFFDAVR0jNXF39WC1X',#6,$,$,(#33),#10377);
#10382=IFCRELDEFINESBYPROPERTIES('1LRYro_0wdaS5dUw9cQSAl',#6,$,$,(#33),#10378);
#10383=IFCRELDEFINESBYPROPERTIES('1d$BYxZ0D8McGtkDfi9ZJx',#6,$,$,(#33),#10380);
#10384=IFCPROPERTYSINGLEVALUE('Name',$,IFCLABEL('3'),$);
#10385=IFCPROPERTYSET('2Y6avxtbGc3Kmg3AzxRp5L',#6,'Pset_AirSideSystemInformation',$,(#10384));
#10386=IFCPROPERTYSET('0MQyRK1Zai5LWcTkdrERBC',#6,'Pset_BuildingStoreyCommon',$,(#10360));
#10387=IFCPROPERTYSINGLEVALUE('Name',$,IFCLABEL('3'),$);
#10388=IFCPROPERTYSET('2YBTUo$1sbCVNR7cMWvbmT',#6,'Pset_ProductRequirements',$,(#10387));
#10389=IFCRELDEFINESBYPROPERTIES('3PAFjxp_RIL$hTVA4_B1$W',#6,$,$,(#37),#10385);
#10390=IFCRELDEFINESBYPROPERTIES('2E1N5kfPkSuufrYHz3TAVs',#6,$,$,(#37),#10386);
#10391=IFCRELDEFINESBYPROPERTIES('2tWH9L1vwNeTeSdQp3tRXi',#6,$,$,(#37),#10388);
#10392=IFCPROPERTYSINGLEVALUE('Name',$,IFCLABEL('4'),$);
#10393=IFCPROPERTYSET('0BpNGs14j17UnByot7Tyyh',#6,'Pset_AirSideSystemInformation',$,(#10392));
#10394=IFCPROPERTYSET('1Ai9X4pPCKJCibpB7lfVQw',#6,'Pset_BuildingStoreyCommon',$,(#10360));
#10395=IFCPROPERTYSINGLEVALUE('Name',$,IFCLABEL('4'),$);
#10396=IFCPROPERTYSET('2doLCOPXjyUVpEXYLJirgu',#6,'Pset_ProductRequirements',$,(#10395));
#10397=IFCRELDEFINESBYPROPERTIES('0qJgPnvPTMfRHb4yL6vO7i',#6,$,$,(#41),#10393);
#10398=IFCRELDEFINESBYPROPERTIES('0QgljbW9owEZmx7T_W8aQ8',#6,$,$,(#41),#10394);
#10399=IFCRELDEFINESBYPROPERTIES('135n1wxFs7$NmmEpejZONF',#6,$,$,(#41),#10396);
#10400=IFCRELAGGREGATES('2B2nZ_i12zrK52AbWB1wfd',#6,$,$,#18,(#22));
#10401=IFCRELAGGREGATES('27PCKGLxT4mxtV9cw6mgBW',#6,$,$,#22,(#26,#29,#33,#37,#41));
#10402=IFCPROPERTYSINGLEVALUE('NumberOfStoreys',$,IFCINTEGER(5),$);
#10403=IFCPROPERTYSINGLEVALUE('IsLandmarked',$,IFCLOGICAL(.U.),$);
#10404=IFCPROPERTYSET('1nlhy1J3ZaBOV$eZgWY7Ux',#6,'Pset_BuildingCommon',$,(#10402,#10403));
#10405=IFCRELDEFINESBYPROPERTIES('2cRQoPd79pO_VysQZ9AN2U',#6,$,$,(#22),#10404);
#10406=IFCRELASSOCIATESMATERIAL('0wQKuNy_XJUsclTKq7x4_3',#6,$,$,(#66),#74);
#10407=IFCRELASSOCIATESMATERIAL('0PmFom$vOWI_AnvQsrHdJ1',#6,$,$,(#106),#107);
#10408=IFCRELASSOCIATESMATERIAL('2Bj1kASawWwlhQznfNd2pr',#6,$,$,(#136),#137);
#10409=IFCRELASSOCIATESMATERIAL('0jIrjN2z$sEv__cg07yvKw',#6,$,$,(#164),#165);
#10410=IFCRELASSOCIATESMATERIAL('2QEG8eucAiUvOauNwKy8pA',#6,$,$,(#193),#194);
#10411=IFCRELASSOCIATESMATERIAL('3EeVlbvlh7BUNBXjP4pDN$',#6,$,$,(#220),#221);
#10412=IFCRELASSOCIATESMATERIAL('0PkowoIzRrXVOJv8slSrsP',#6,$,$,(#249),#252);
#10413=IFCRELASSOCIATESMATERIAL('1vihamsZESSSwj2kqO4LPU',#6,$,$,(#284),#285);
#10414=IFCRELASSOCIATESMATERIAL('03BbLEl4VKaw0zDtVPeYCK',#6,$,$,(#312),#313);
#10415=IFCRELASSOCIATESMATERIAL('02jaMlbze0EZlXxqs4$XXp',#6,$,$,(#340),#341);
#10416=IFCRELASSOCIATESMATERIAL('3zP5wn_n5rmF5uiNgRr0yE',#6,$,$,(#367),#368);
#10417=IFCRELASSOCIATESMATERIAL('1mVkvW8FwzipXzatpmwC4O',#6,$,$,(#393),#394);
#10418=IFCRELASSOCIATESMATERIAL('1Bl8txF9A6ZSwbMaNavZwr',#6,$,$,(#422),#425);
#10419=IFCRELASSOCIATESMATERIAL('0xbrGrtgX1upbgaGHd2s9N',#6,$,$,(#455),#458);
#10420=IFCRELASSOCIATESMATERIAL('1IrcLSDyCTPTb4sf1LWAqg',#6,$,$,(#487),#488);
#10421=IFCRELASSOCIATESMATERIAL('2oNPBbviHkgKNl1nVRrN5P',#6,$,$,(#515),#516);
#10422=IFCRELASSOCIATESMATERIAL('1z2zLhUdZztIcuROHCblEZ',#6,$,$,(#543),#546);
#10423=IFCRELASSOCIATESMATERIAL('2Ai2caniQalX_8RjR23f4Q',#6,$,$,(#576),#577);
#10424=IFCRELASSOCIATESMATERIAL('3G70S3$2Id8bsbdcudWKsk',#6,$,$,(#603),#604);
#10425=IFCRELASSOCIATESMATERIAL('3IvubM365RkOA25_2KUrm4',#6,$,$,(#629),#630);
#10426=IFCRELASSOCIATESMATERIAL('0h2RyBTxn7uNRvcQAbgq$O',#6,$,$,(#656),#657);
#10427=IFCRELASSOCIATESMATERIAL('28KHtGE0zyZeVA_o7AfyQ8',#6,$,$,(#684),#685);
#10428=IFCRELASSOCIATESMATERIAL('01hJb7Sj__S3mE6lvC6pgz',#6,$,$,(#711),#712);
#10429=IFCRELASSOCIATESMATERIAL('1DnEqy9$2VENdhIKBeBUkm',#6,$,$,(#738),#739);
#10430=IFCRELASSOCIATESMATERIAL('1a9X8qKRnkZJREaRF8AcX$',#6,$,$,(#766),#769);
#10431=IFCRELASSOCIATESMATERIAL('2RJnUAUozomv73YLxYY23h',#6,$,$,(#798),#799);
#10432=IFCRELASSOCIATESMATERIAL('1nEJEgRr_2gozZwq2qBopC',#6,$,$,(#827),#828);
#10433=IFCRELASSOCIATESMATERIAL('33qkTJOxz1g_0o1qNkEzPK',#6,$,$,(#858),#859);
#10434=IFCRELASSOCIATESMATERIAL('1W$H1mXv8O$g5$UoW9Fam3',#6,$,$,(#884),#885);
#10435=IFCRELASSOCIATESMATERIAL('12eOVLAdIw2lDWLJ6LthM7',#6,$,$,(#911),#912);
#10436=IFCRELASSOCIATESMATERIAL('00SyKRzmA6waWdzhdZ03Q7',#6,$,$,(#941),#942);
#10437=IFCRELASSOCIATESMATERIAL('2e5vmfEFdYYDlh8nA6_$Ow',#6,$,$,(#970),#971);
#10438=IFCRELASSOCIATESMATERIAL('1w0MCIV20dn6SlVu081M2Q',#6,$,$,(#1033,#1052,#1109,#1117,#1165,#1172,#1220,#1228,#1276,#1283,#1331,#1339,#1649,#1656),#1044);
#10439=IFCRELASSOCIATESMATERIAL('3qW0QZBzkNQjTRjVbMtKzj',#6,$,$,(#1410,#1429,#1444,#1456,#1517,#1525,#1540,#1552),#1421);
#10440=IFCRELASSOCIATESMATERIAL('3E3ephKJfSMoXbjkl8p24r',#6,$,$,(#1574),#1575);
#10441=IFCRELASSOCIATESMATERIAL('2e$FR7wrnMzTj_ZxGJ5no3',#6,$,$,(#1600),#1601);
#10442=IFCRELASSOCIATESMATERIAL('1Bc$AM2sGrSgsq72b6VzyB',#6,$,$,(#1686),#1687);
#10443=IFCRELASSOCIATESMATERIAL('2H1wfW8M4XEqTswotlV015',#6,$,$,(#1713),#1714);
#10444=IFCRELASSOCIATESMATERIAL('0emc5P9YlTMKb9Oy9UDRKJ',#6,$,$,(#1739),#1740);
#10445=IFCRELASSOCIATESMATERIAL('0l24Hl4o0CItG7lHX7SYi2',#6,$,$,(#1763),#1764);
#10446=IFCRELASSOCIATESMATERIAL('3BmL12gpUa91tbNI2UHQQP',#6,$,$,(#1789),#1790);
#10447=IFCRELASSOCIATESMATERIAL('3H26W8S5ngIh1mHb9xQzI$',#6,$,$,(#1826),#1835);
#10448=IFCRELASSOCIATESMATERIAL('37SUw7Al0_TiyaaXtrp2Xw',#6,$,$,(#10295,#10313),#10306);
#10449=IFCRELASSOCIATESMATERIAL('07ndUdgwf8w2Ot4I9AVgrf',#6,$,$,(#10338),#10347);
#10450=IFCRELASSOCIATESMATERIAL('0ZgBpY2DuGW3YoMgThkrIB',#6,$,$,(#75),#73);
#10451=IFCRELASSOCIATESMATERIAL('0qjbhrAq_gt6PEIb$3RhG_',#6,$,$,(#253),#251);
#10452=IFCRELASSOCIATESMATERIAL('0nKu29THI_8DpCxdL2rELN',#6,$,$,(#426),#424);
#10453=IFCRELASSOCIATESMATERIAL('2lTdd$sO_UTB$nhbvTNOac',#6,$,$,(#459),#457);
#10454=IFCRELASSOCIATESMATERIAL('01E3mKiI69CzCk0IEMm33J',#6,$,$,(#547),#545);
#10455=IFCRELASSOCIATESMATERIAL('2RGa467SQlgWlgqqefLw$F',#6,$,$,(#770),#768);
#10456=IFCRELASSOCIATESMATERIAL('1Zlv79aJQp7LQuz66ryPf5',#6,$,$,(#1827),#1834);
#10457=IFCRELASSOCIATESMATERIAL('2OYMrVuF0caH_EE6PRstWA',#6,$,$,(#10339),#10346);
#10458=IFCRELDEFINESBYTYPE('25Vs6hQfUF1ETNRywTfOqa',#6,$,$,(#66,#106,#136,#164,#193,#220,#284,#340,#367,#393,#515,#711,#738),#75);
#10459=IFCRELDEFINESBYTYPE('1KZxkHWD7bko01CFDaSmw0',#6,$,$,(#249,#312),#253);
#10460=IFCRELDEFINESBYTYPE('1ftti$xqkZQU$O63OWp8KR',#6,$,$,(#422),#426);
#10461=IFCRELDEFINESBYTYPE('3VZS0PE0H401S_maI6FyFn',#6,$,$,(#455,#487),#459);
#10462=IFCRELDEFINESBYTYPE('3bip_cJFNozOvbYEFIwZgI',#6,$,$,(#543,#576,#603,#629,#656,#684),#547);
#10463=IFCRELDEFINESBYTYPE('3WRSO7L4rVMmMcFI70vrg8',#6,$,$,(#766,#798,#827,#858,#884,#911,#941,#970,#1574,#1600,#1686,#1713,#1739,#1763,#1789),#770);
#10464=IFCRELDEFINESBYTYPE('2vzK0frGjDDBwK7ngFXIC8',#6,$,$,(#1052),#1033);
#10465=IFCRELDEFINESBYTYPE('2hAGgsTzaPC6xfGlXiuSW7',#6,$,$,(#1117),#1109);
#10466=IFCRELDEFINESBYTYPE('3BdmCT$MYtPMvhL3WjEy0f',#6,$,$,(#1172),#1165);
#10467=IFCRELDEFINESBYTYPE('3Zc7cdw8mQfroAXOmhKr64',#6,$,$,(#1228),#1220);
#10468=IFCRELDEFINESBYTYPE('17Aal6fAJP5ptoFkHOCrHl',#6,$,$,(#1283),#1276);
#10469=IFCRELDEFINESBYTYPE('1xY1O2xq$JgYwQJ_mO2KcR',#6,$,$,(#1339),#1331);
#10470=IFCRELDEFINESBYTYPE('0gAFjtIk1ACllWucZc2Lhs',#6,$,$,(#1429,#1444,#1456),#1410);
#10471=IFCRELDEFINESBYTYPE('3ihgwYR0e4vCUw1$4n59kt',#6,$,$,(#1525,#1540,#1552),#1517);
#10472=IFCRELDEFINESBYTYPE('0y3vQXZyRIPhPlvLIPcfev',#6,$,$,(#1656),#1649);
#10473=IFCRELDEFINESBYTYPE('1c_qU9vKvGjzSVBklnIQZh',#6,$,$,(#1826),#1827);
#10474=IFCRELDEFINESBYTYPE('21xsXcVwlxhgtmJgS506Si',#6,$,$,(#10313),#10295);
#10475=IFCRELDEFINESBYTYPE('2jcyQ2MuIaD8DeyMjpLWFS',#6,$,$,(#10338),#10339);
#10476=IFCRELCONNECTSPATHELEMENTS('3Cq470CvBQWKaVUvs3pAEI',#6,'3$Na_1Pi1D4gOO1Cka60nf|3$Na_1Pi1D4gOO1Cka60nt','Structural',$,#66,#106,(),(),.ATEND.,.ATSTART.);
#10477=IFCRELCONNECTSPATHELEMENTS('1vU3oPJz5rMqaVysb41Rn9',#6,'3$Na_1Pi1D4gOO1Cka60nf|3$Na_1Pi1D4gOO1Cka60w7','Structural',$,#66,#738,(),(),.ATSTART.,.ATEND.);
#10478=IFCRELCONNECTSPATHELEMENTS('2xlRkb0Odrnr5b_WDnoNgb',#6,'3$Na_1Pi1D4gOO1Cka60nt|3$Na_1Pi1D4gOO1Cka60nz','Structural',$,#106,#136,(),(),.ATEND.,.ATSTART.);
#10479=IFCRELCONNECTSPATHELEMENTS('3vpXheRTsP0LLw_B0pSZbc',#6,'3$Na_1Pi1D4gOO1Cka60nz|3$Na_1Pi1D4gOO1Cka60nx','Structural',$,#136,#164,(),(),.ATEND.,.ATSTART.);
#10480=IFCRELCONNECTSPATHELEMENTS('1y28V5PhtcxiTFDwtl$Mv_',#6,'3$Na_1Pi1D4gOO1Cka60nx|3$Na_1Pi1D4gOO1Cka60s1','Structural',$,#164,#193,(),(),.ATEND.,.ATSTART.);
#10481=IFCRELCONNECTSPATHELEMENTS('0QO1UmuoKr7fwQQ0u521sH',#6,'3$Na_1Pi1D4gOO1Cka60s1|3$Na_1Pi1D4gOO1Cka60sF','Structural',$,#193,#220,(),(),.ATEND.,.ATSTART.);
#10482=IFCRELCONNECTSPATHELEMENTS('2iLW2je4BP6AZrdp32psSu',#6,'3$Na_1Pi1D4gOO1Cka60sF|3$Na_1Pi1D4gOO1Cka60ts','Structural',$,#220,#284,(),(),.ATEND.,.ATSTART.);
#10483=IFCRELCONNECTSPATHELEMENTS('2VewheS1qm9ykTkuW05NWn',#6,'3$Na_1Pi1D4gOO1Cka60sL|3$Na_1Pi1D4gOO1Cka60t_','Structural',$,#249,#312,(),(),.ATEND.,.ATSTART.);
#10484=IFCRELCONNECTSPATHELEMENTS('1mI9PrO0YZbORGJVWmUnFS',#6,'3$Na_1Pi1D4gOO1Cka60sL|3$Na_1Pi1D4gOO1Cka60ts','Structural',$,#249,#284,(),(),.ATSTART.,.ATEND.);
#10485=IFCRELCONNECTSPATHELEMENTS('0jy5HA8l9RXv_ag52OcZVB',#6,'3$Na_1Pi1D4gOO1Cka60sL|1ZbzvERVP2EPsD9m_40DJ4','Structural',$,#249,#941,(),(),.ATEND.,.ATEND.);
#10486=IFCRELCONNECTSPATHELEMENTS('1dec3f3Y0YuBYaYx$OKRkB',#6,'3$Na_1Pi1D4gOO1Cka60ts|1ZbzvERVP2EPsD9m_40DJ4','Structural',$,#284,#941,(),(),.ATEND.,.ATSTART.);
#10487=IFCRELCONNECTSPATHELEMENTS('3HpbByzecSQPI8eMuBO9Wf',#6,'3$Na_1Pi1D4gOO1Cka60t_|3$Na_1Pi1D4gOO1Cka60q4','Structural',$,#312,#340,(),(),.ATEND.,.ATSTART.);
#10488=IFCRELCONNECTSPATHELEMENTS('1GyiPZMGmcxCZzZGdCwt4X',#6,'3$Na_1Pi1D4gOO1Cka60q4|3$Na_1Pi1D4gOO1Cka60q3','Structural',$,#340,#367,(),(),.ATEND.,.ATSTART.);
#10489=IFCRELCONNECTSPATHELEMENTS('3cZiTZMkn9rEY1aqapcSRF',#6,'3$Na_1Pi1D4gOO1Cka60q3|3$Na_1Pi1D4gOO1Cka60q9','Structural',$,#367,#393,(),(),.ATEND.,.ATSTART.);
#10490=IFCRELCONNECTSPATHELEMENTS('27VRe8yMcKUUaxzAOxM58H',#6,'3$Na_1Pi1D4gOO1Cka60q9|3$Na_1Pi1D4gOO1Cka60qN','Structural',$,#393,#422,(),(),.ATEND.,.ATSTART.);
#10491=IFCRELCONNECTSPATHELEMENTS('18uzsPtDR2EEsBsT$dhxIy',#6,'3$Na_1Pi1D4gOO1Cka60qN|3$Na_1Pi1D4gOO1Cka60qT','Structural',$,#422,#455,(),(),.ATEND.,.ATSTART.);
#10492=IFCRELCONNECTSPATHELEMENTS('1zKn3Gme9P1SNRF$lOGE7P',#6,'3$Na_1Pi1D4gOO1Cka60qN|1ZbzvERVP2EPsD9m_40DJ4','Structural',$,#422,#941,(),(),.ATSTART.,.ATSTART.);
#10493=IFCRELCONNECTSPATHELEMENTS('2NhFW0cokUf8rlHvhSp6RD',#6,'3$Na_1Pi1D4gOO1Cka60qT|3$Na_1Pi1D4gOO1Cka60qR','Structural',$,#455,#487,(),(),.ATEND.,.ATSTART.);
#10494=IFCRELCONNECTSPATHELEMENTS('1PqJTDehq1Zx5Fv3UDx$bJ',#6,'3$Na_1Pi1D4gOO1Cka60qT|1ZbzvERVP2EPsD9m_40DJ4','Structural',$,#455,#941,(),(),.ATSTART.,.ATEND.);
#10495=IFCRELCONNECTSPATHELEMENTS('1G1NEmC4f6or2FuSumPwZJ',#6,'3$Na_1Pi1D4gOO1Cka60qR|3$Na_1Pi1D4gOO1Cka60wI','Structural',$,#487,#766,(),(),.ATEND.,.ATSTART.);
#10496=IFCRELCONNECTSPATHELEMENTS('3r3jfA_I6gfyFRkCKQUglU',#6,'3$Na_1Pi1D4gOO1Cka60rK|3$Na_1Pi1D4gOO1Cka60rI','Structural',$,#515,#543,(),(),.ATEND.,.ATSTART.);
#10497=IFCRELCONNECTSPATHELEMENTS('0qdmG4NBxdYs9PXfV0qoSW',#6,'3$Na_1Pi1D4gOO1Cka60rK|3$Na_1Pi1D4gOO1Cka60wI','Structural',$,#515,#766,(),(),.ATPATH.,.ATEND.);
#10498=IFCRELCONNECTSPATHELEMENTS('1K4R3Euv6AECFCfT5hx2$R',#6,'3$Na_1Pi1D4gOO1Cka60rI|3$Na_1Pi1D4gOO1Cka60rP','Structural',$,#543,#576,(),(),.ATEND.,.ATSTART.);
#10499=IFCRELCONNECTSPATHELEMENTS('3j50o25inisSRE7QYPXBgw',#6,'3$Na_1Pi1D4gOO1Cka60rP|3$Na_1Pi1D4gOO1Cka60rd','Structural',$,#576,#603,(),(),.ATEND.,.ATSTART.);
#10500=IFCRELCONNECTSPATHELEMENTS('1MzjSiJG7bZgDeG06MNOoE',#6,'3$Na_1Pi1D4gOO1Cka60rd|3$Na_1Pi1D4gOO1Cka60rj','Structural',$,#603,#629,(),(),.ATEND.,.ATSTART.);
#10501=IFCRELCONNECTSPATHELEMENTS('2ltsKW$Ge4WfYBUB_iCj5D',#6,'3$Na_1Pi1D4gOO1Cka60rj|3$Na_1Pi1D4gOO1Cka60rh','Structural',$,#629,#656,(),(),.ATEND.,.ATSTART.);
#10502=IFCRELCONNECTSPATHELEMENTS('2ASd5u2mbau5jelz5rYEKu',#6,'3$Na_1Pi1D4gOO1Cka60rh|3$Na_1Pi1D4gOO1Cka60rn','Structural',$,#656,#684,(),(),.ATEND.,.ATSTART.);
#10503=IFCRELCONNECTSPATHELEMENTS('0JKldhQ8i0B$ztmgqJn9mH',#6,'3$Na_1Pi1D4gOO1Cka60rn|3$Na_1Pi1D4gOO1Cka60ru','Structural',$,#684,#711,(),(),.ATEND.,.ATSTART.);
#10504=IFCRELCONNECTSPATHELEMENTS('1vOli2TkncwvFRtGEAWKpY',#6,'3$Na_1Pi1D4gOO1Cka60ru|3$Na_1Pi1D4gOO1Cka60w7','Structural',$,#711,#738,(),(),.ATEND.,.ATSTART.);
#10505=IFCRELCONNECTSPATHELEMENTS('2I9d45qSoSe90pvqIFbcu6',#6,'3$Na_1Pi1D4gOO1Cka60rP|1ZbzvERVP2EPsD9m_40D9l','Structural',$,#576,#798,(),(),.ATSTART.,.ATPATH.);
#10506=IFCRELCONNECTSPATHELEMENTS('12Jun4Gp2Ajv$9ieTktU$5',#6,'3$Na_1Pi1D4gOO1Cka60nt|1ZbzvERVP2EPsD9m_40D9l','Structural',$,#106,#798,(),(),.ATEND.,.ATPATH.);
#10507=IFCRELCONNECTSPATHELEMENTS('3BgUbRszGqKhatsc9984vN',#6,'3$Na_1Pi1D4gOO1Cka60nz|1ZbzvERVP2EPsD9m_40DCo','Structural',$,#136,#827,(),(),.ATSTART.,.ATPATH.);
#10508=IFCRELCONNECTSPATHELEMENTS('14kMXOEsPKduoVXAwMNeHw',#6,'1ZbzvERVP2EPsD9m_40DCo|1ZbzvERVP2EPsD9m_40DC7','Structural',$,#827,#858,(),(),.ATSTART.,.ATEND.);
#10509=IFCRELCONNECTSPATHELEMENTS('0epYB1uiaJqZEKaEmS0UoD',#6,'1ZbzvERVP2EPsD9m_40DC7|1ZbzvERVP2EPsD9m_40DDY','Structural',$,#858,#884,(),(),.ATSTART.,.ATEND.);
#10510=IFCRELCONNECTSPATHELEMENTS('1Kv$f6xZOB6e$7ZpRDe3MG',#6,'3$Na_1Pi1D4gOO1Cka60qT|1ZbzvERVP2EPsD9m_40DDY','Structural',$,#455,#884,(),(),.ATEND.,.ATPATH.);
#10511=IFCRELCONNECTSPATHELEMENTS('3PPJY8L54TPxrPWgZqjNC1',#6,'1ZbzvERVP2EPsD9m_40DC7|1ZbzvERVP2EPsD9m_40DI5','Structural',$,#858,#911,(),(),.ATSTART.,.ATPATH.);
#10512=IFCRELCONNECTSPATHELEMENTS('2fT1DQgtld9AdbxJfhhthm',#6,'1ZbzvERVP2EPsD9m_40DHp|1ZbzvERVP2EPsD9m_40DS6','Structural',$,#970,#1686,(),(),.ATPATH.,.ATSTART.);
#10513=IFCRELCONNECTSPATHELEMENTS('3fHWH6gE6BKs4ej47afHUB',#6,'1ZbzvERVP2EPsD9m_40DJ4|1ZbzvERVP2EPsD9m_40DHp','Structural',$,#941,#970,(),(),.ATEND.,.ATPATH.);
#10514=IFCRELCONNECTSPATHELEMENTS('0Cx4r0nI7$K8Lu0AcWCu3D',#6,'3$Na_1Pi1D4gOO1Cka60qR|1ZbzvERVP2EPsD9m_40DNj','Structural',$,#487,#1574,(),(),.ATSTART.,.ATPATH.);
#10515=IFCRELCONNECTSPATHELEMENTS('1FDjnr76U7SYcQJ$yrCw0m',#6,'1ZbzvERVP2EPsD9m_40DC7|1ZbzvERVP2EPsD9m_40DNj','Structural',$,#858,#1574,(),(),.ATEND.,.ATPATH.);
#10516=IFCRELCONNECTSPATHELEMENTS('27Bq9RD12ZVuDlqawIqHh8',#6,'1ZbzvERVP2EPsD9m_40DCo|1ZbzvERVP2EPsD9m_40DKM','Structural',$,#827,#1600,(),(),.ATEND.,.ATPATH.);
#10517=IFCRELCONNECTSPATHELEMENTS('0wPolWVwo8F7R1Uc5hUynH',#6,'3$Na_1Pi1D4gOO1Cka60s1|1ZbzvERVP2EPsD9m_40DS6','Structural',$,#193,#1686,(),(),.ATEND.,.ATPATH.);
#10518=IFCRELCONNECTSPATHELEMENTS('0wWm_TtKKswe5QPa_hZl4W',#6,'1ZbzvERVP2EPsD9m_40Cf2|1ZbzvERVP2EPsD9m_40CkS','Structural',$,#1713,#1739,(),(),.ATEND.,.ATSTART.);
#10519=IFCRELCONNECTSPATHELEMENTS('1ob9xG4cAJoQ76maKj8Dj1',#6,'1ZbzvERVP2EPsD9m_40DS6|1ZbzvERVP2EPsD9m_40Cf2','Structural',$,#1686,#1713,(),(),.ATEND.,.ATPATH.);
#10520=IFCRELCONNECTSPATHELEMENTS('1qQfFJ3KaxBGqfJ9sMZzDd',#6,'1ZbzvERVP2EPsD9m_40DHp|1ZbzvERVP2EPsD9m_40CkS','Structural',$,#970,#1739,(),(),.ATSTART.,.ATPATH.);
#10521=IFCRELCONNECTSPATHELEMENTS('1ByC5nMqPhL1BsxBcBkOb9',#6,'1ZbzvERVP2EPsD9m_40Csr|1ZbzvERVP2EPsD9m_40CsG','Structural',$,#1763,#1789,(),(),.ATSTART.,.ATSTART.);
#10522=IFCRELCONNECTSPATHELEMENTS('2VnlCFkM9KSkzi0mr_6odB',#6,'1ZbzvERVP2EPsD9m_40DJ4|1ZbzvERVP2EPsD9m_40Csr','Structural',$,#941,#1763,(),(),.ATEND.,.ATPATH.);
#10523=IFCRELCONNECTSPATHELEMENTS('2hqK6XWdQI9xwDy3JvV_ou',#6,'3$Na_1Pi1D4gOO1Cka60sL|1ZbzvERVP2EPsD9m_40CsG','Structural',$,#249,#1789,(),(),.ATEND.,.ATPATH.);
#10524=IFCPRESENTATIONLAYERASSIGNMENT('A-WALL-____-OTLN',$,(#50,#65,#93,#105,#121,#135,#151,#163,#179,#192,#208,#219,#235,#248,#268,#283,#299,#311,#327,#339,#355,#366,#381,#392,#407,#421,#441,#454,#474,#486,#502,#514,#530,#542,#562,#575,#591,#602,#617,#628,#644,#655,#671,#683,#699,#710,#725,#737,#752,#765,#785,#797,#813,#826,#842,#857,#872,#883,#899,#910,#925,#940,#956,#969,#1562,#1573,#1588,#1599,#1670,#1685,#1700,#1712,#1727,#1738,#1753,#1762,#1777,#1788),$);
#10525=IFCPRESENTATIONLAYERASSIGNMENT('A-DOOR-____-OTLN',$,(#1028,#1047,#1104,#1111,#1160,#1167,#1215,#1222,#1271,#1278,#1326,#1333,#1644,#1651),$);
#10526=IFCPRESENTATIONLAYERASSIGNMENT('A-GLAZ-____-OTLN',$,(#1406,#1423,#1438,#1450,#1513,#1519,#1534,#1546),$);
#10527=IFCPRESENTATIONLAYERASSIGNMENT('A-FLOR-____-OTLN',$,(#1824,#10336),$);
#10528=IFCPRESENTATIONLAYERASSIGNMENT('P-SANR-FIXT-OTLN',$,(#10292,#10308),$);
#10529=IFCCARTESIANPOINT((799.99999999999716,699.99999999999977));
#10530=IFCAXIS2PLACEMENT2D(#10529,#1011);
#10531=IFCRECTANGLEPROFILEDEF(.AREA.,$,#10530,1599.9999999999941,1399.9999999999995);
#10532=IFCAXIS2PLACEMENT3D(#10,#88,#43);
#10533=IFCEXTRUDEDAREASOLID(#10531,#10532,#43,300.);
#10534=IFCSHAPEREPRESENTATION(#15,'Body','SweptSolid',(#10533));
#10535=IFCPRODUCTDEFINITIONSHAPE($,$,(#10534));
#10536=IFCCARTESIANPOINT((263.6683969811919,-150.,1000.));
#10537=IFCAXIS2PLACEMENT3D(#10536,$,$);
#10538=IFCLOCALPLACEMENT(#46,#10537);
#10539=IFCOPENINGELEMENT('22Q7fwXPqwc9G7aKZYmDos',#6,'R_Window:1400x1600:847129:1',$,'Opening',#10538,#10535,'847129');
#10540=IFCRELVOIDSELEMENT('1ZbzvERVP2EPsD9nk40DMd',#6,$,$,#66,#10539);
#10541=IFCRELFILLSELEMENT('2o6gPsObsh$ZZFQQ$mU8RC',#6,$,$,#10539,#1456);
#10542=IFCAXIS2PLACEMENT3D(#10,$,$);
#10543=IFCLOCALPLACEMENT(#10538,#10542);
#10544=IFCCARTESIANPOINT((799.99999999999716,700.));
#10545=IFCAXIS2PLACEMENT2D(#10544,#1011);
#10546=IFCRECTANGLEPROFILEDEF(.AREA.,$,#10545,1599.9999999999941,1399.9999999999995);
#10547=IFCAXIS2PLACEMENT3D(#10,#88,#43);
#10548=IFCEXTRUDEDAREASOLID(#10546,#10547,#43,300.);
#10549=IFCSHAPEREPRESENTATION(#15,'Body','SweptSolid',(#10548));
#10550=IFCPRODUCTDEFINITIONSHAPE($,$,(#10549));
#10551=IFCCARTESIANPOINT((638.86918347325104,-150.,1000.));
#10552=IFCAXIS2PLACEMENT3D(#10551,$,$);
#10553=IFCLOCALPLACEMENT(#118,#10552);
#10554=IFCOPENINGELEMENT('1pc7EecusKQ9TmmBs0F3rU',#6,'R_Window:1400x1600:847127:1',$,'Opening',#10553,#10550,'847127');
#10555=IFCRELVOIDSELEMENT('1ZbzvERVP2EPsD9nk40DMf',#6,$,$,#136,#10554);
#10556=IFCRELFILLSELEMENT('3dgayoyHWPW8LBVrDY4m2X',#6,$,$,#10554,#1444);
#10557=IFCAXIS2PLACEMENT3D(#10,$,$);
#10558=IFCLOCALPLACEMENT(#10553,#10557);
#10559=IFCCARTESIANPOINT((799.99999999999716,700.));
#10560=IFCAXIS2PLACEMENT2D(#10559,#1011);
#10561=IFCRECTANGLEPROFILEDEF(.AREA.,$,#10560,1599.9999999999941,1399.9999999999995);
#10562=IFCAXIS2PLACEMENT3D(#10,#88,#43);
#10563=IFCEXTRUDEDAREASOLID(#10561,#10562,#43,300.);
#10564=IFCSHAPEREPRESENTATION(#15,'Body','SweptSolid',(#10563));
#10565=IFCPRODUCTDEFINITIONSHAPE($,$,(#10564));
#10566=IFCCARTESIANPOINT((802.88847323359892,-150.,1000.));
#10567=IFCAXIS2PLACEMENT3D(#10566,$,$);
#10568=IFCLOCALPLACEMENT(#148,#10567);
#10569=IFCOPENINGELEMENT('0IH8EiY$DzpCWcCQ90Qs1f',#6,'R_Window:1400x1600:847124:1',$,'Opening',#10568,#10565,'847124');
#10570=IFCRELVOIDSELEMENT('1ZbzvERVP2EPsD9nk40DMg',#6,$,$,#164,#10569);
#10571=IFCRELFILLSELEMENT('0uqOb7aYAhNRQ7COYvf6DL',#6,$,$,#10569,#1429);
#10572=IFCAXIS2PLACEMENT3D(#10,$,$);
#10573=IFCLOCALPLACEMENT(#10568,#10572);
#10574=IFCCARTESIANPOINT((649.99999999999864,450.00000000000028));
#10575=IFCAXIS2PLACEMENT2D(#10574,#1011);
#10576=IFCRECTANGLEPROFILEDEF(.AREA.,$,#10575,1299.9999999999973,900.00000000000057);
#10577=IFCAXIS2PLACEMENT3D(#10,#88,#43);
#10578=IFCEXTRUDEDAREASOLID(#10576,#10577,#43,300.);
#10579=IFCSHAPEREPRESENTATION(#15,'Body','SweptSolid',(#10578));
#10580=IFCPRODUCTDEFINITIONSHAPE($,$,(#10579));
#10581=IFCCARTESIANPOINT((986.77444975415881,-150.,1000.));
#10582=IFCAXIS2PLACEMENT3D(#10581,$,$);
#10583=IFCLOCALPLACEMENT(#324,#10582);
#10584=IFCOPENINGELEMENT('1v8FCS_HnvgqN_Z9c1S$ZV',#6,'R_Window:900 x 1000:847139:1',$,'Opening',#10583,#10580,'847139');
#10585=IFCRELVOIDSELEMENT('1ZbzvERVP2EPsD9nk40DMT',#6,$,$,#340,#10584);
#10586=IFCRELFILLSELEMENT('0lYgMA$g9KIR3hRaeND3BK',#6,$,$,#10584,#1525);
#10587=IFCAXIS2PLACEMENT3D(#10,$,$);
#10588=IFCLOCALPLACEMENT(#10583,#10587);
#10589=IFCCARTESIANPOINT((649.99999999999864,450.00000000000057));
#10590=IFCAXIS2PLACEMENT2D(#10589,#1011);
#10591=IFCRECTANGLEPROFILEDEF(.AREA.,$,#10590,1299.9999999999973,900.00000000000068);
#10592=IFCAXIS2PLACEMENT3D(#10,#88,#43);
#10593=IFCEXTRUDEDAREASOLID(#10591,#10592,#43,300.);
#10594=IFCSHAPEREPRESENTATION(#15,'Body','SweptSolid',(#10593));
#10595=IFCPRODUCTDEFINITIONSHAPE($,$,(#10594));
#10596=IFCCARTESIANPOINT((1846.5823134258164,-150.,1000.));
#10597=IFCAXIS2PLACEMENT3D(#10596,$,$);
#10598=IFCLOCALPLACEMENT(#324,#10597);
#10599=IFCOPENINGELEMENT('3tZpK3ocAvXrUwtgS0fs$T',#6,'R_Window:900 x 1000:847159:1',$,'Opening',#10598,#10595,'847159');
#10600=IFCRELVOIDSELEMENT('1ZbzvERVP2EPsD9nk40DM9',#6,$,$,#340,#10599);
#10601=IFCRELFILLSELEMENT('3XNwra5hys45XDPOpjP9iV',#6,$,$,#10599,#1540);
#10602=IFCAXIS2PLACEMENT3D(#10,$,$);
#10603=IFCLOCALPLACEMENT(#10598,#10602);
#10604=IFCCARTESIANPOINT((649.99999999999864,450.00000000000028));
#10605=IFCAXIS2PLACEMENT2D(#10604,#1011);
#10606=IFCRECTANGLEPROFILEDEF(.AREA.,$,#10605,1299.9999999999973,900.00000000000057);
#10607=IFCAXIS2PLACEMENT3D(#10,#88,#43);
#10608=IFCEXTRUDEDAREASOLID(#10606,#10607,#43,300.);
#10609=IFCSHAPEREPRESENTATION(#15,'Body','SweptSolid',(#10608));
#10610=IFCPRODUCTDEFINITIONSHAPE($,$,(#10609));
#10611=IFCCARTESIANPOINT((2681.7903720477816,-150.,1000.));
#10612=IFCAXIS2PLACEMENT3D(#10611,$,$);
#10613=IFCLOCALPLACEMENT(#324,#10612);
#10614=IFCOPENINGELEMENT('0XRPoVMR8DKxjn6ztwM6gu',#6,'R_Window:900 x 1000:847161:1',$,'Opening',#10613,#10610,'847161');
#10615=IFCRELVOIDSELEMENT('1ZbzvERVP2EPsD9nk40DM7',#6,$,$,#340,#10614);
#10616=IFCRELFILLSELEMENT('298j_y2ivNlWPy2lVGSV7L',#6,$,$,#10614,#1552);
#10617=IFCAXIS2PLACEMENT3D(#10,$,$);
#10618=IFCLOCALPLACEMENT(#10613,#10617);
#10619=IFCCARTESIANPOINT((1029.9999999999998,400.00000000000023));
#10620=IFCDIRECTION((0.,-1.));
#10621=IFCAXIS2PLACEMENT2D(#10619,#10620);
#10622=IFCRECTANGLEPROFILEDEF(.AREA.,$,#10621,799.99999999999977,2059.9999999999995);
#10623=IFCAXIS2PLACEMENT3D(#10,#263,#43);
#10624=IFCEXTRUDEDAREASOLID(#10622,#10623,#43,240.);
#10625=IFCSHAPEREPRESENTATION(#15,'Body','SweptSolid',(#10624));
#10626=IFCPRODUCTDEFINITIONSHAPE($,$,(#10625));
#10627=IFCCARTESIANPOINT((1713.5305811857702,120.,0.));
#10628=IFCAXIS2PLACEMENT3D(#10627,$,$);
#10629=IFCLOCALPLACEMENT(#438,#10628);
#10630=IFCOPENINGELEMENT('2vltkGfjMFTMVfXufFTX5f',#6,'M_Single-Flush:800:847114:1',$,'Opening',#10629,#10626,'847114');
#10631=IFCRELVOIDSELEMENT('1ZbzvERVP2EPsD9nk40DMq',#6,$,$,#455,#10630);
#10632=IFCRELFILLSELEMENT('3y78K_KP3CZ9izBVyd9O6i',#6,$,$,#10630,#1339);
#10633=IFCAXIS2PLACEMENT3D(#10,#43,#780);
#10634=IFCLOCALPLACEMENT(#10629,#10633);
#10635=IFCCARTESIANPOINT((1059.9999999999998,325.00000000000023));
#10636=IFCAXIS2PLACEMENT2D(#10635,#10620);
#10637=IFCRECTANGLEPROFILEDEF(.AREA.,$,#10636,649.99999999999977,2119.9999999999995);
#10638=IFCAXIS2PLACEMENT3D(#10,#263,#43);
#10639=IFCEXTRUDEDAREASOLID(#10637,#10638,#43,100.);
#10640=IFCSHAPEREPRESENTATION(#15,'Body','SweptSolid',(#10639));
#10641=IFCPRODUCTDEFINITIONSHAPE($,$,(#10640));
#10642=IFCCARTESIANPOINT((2560.6352989966031,50.,0.));
#10643=IFCAXIS2PLACEMENT3D(#10642,$,$);
#10644=IFCLOCALPLACEMENT(#782,#10643);
#10645=IFCOPENINGELEMENT('3JtblXrvOqJAc6F3YRvgD3',#6,'M_Single-Flush:650:847078:1',$,'Opening',#10644,#10641,'847078');
#10646=IFCRELVOIDSELEMENT('1ZbzvERVP2EPsD9nk40DHO',#6,$,$,#798,#10645);
#10647=IFCRELFILLSELEMENT('1$_5eHPjeOewtQMaiZl4AG',#6,$,$,#10645,#1052);
#10648=IFCAXIS2PLACEMENT3D(#10,#43,#780);
#10649=IFCLOCALPLACEMENT(#10644,#10648);
#10650=IFCCARTESIANPOINT((1024.9999999999998,349.99999999999983));
#10651=IFCAXIS2PLACEMENT2D(#10650,#12);
#10652=IFCRECTANGLEPROFILEDEF(.AREA.,$,#10651,699.99999999999977,2049.9999999999995);
#10653=IFCAXIS2PLACEMENT3D(#10,#88,#43);
#10654=IFCEXTRUDEDAREASOLID(#10652,#10653,#43,99.999999999999957);
#10655=IFCSHAPEREPRESENTATION(#15,'Body','SweptSolid',(#10654));
#10656=IFCPRODUCTDEFINITIONSHAPE($,$,(#10655));
#10657=IFCCARTESIANPOINT((1356.3618845461401,-50.,0.));
#10658=IFCAXIS2PLACEMENT3D(#10657,$,$);
#10659=IFCLOCALPLACEMENT(#810,#10658);
#10660=IFCOPENINGELEMENT('2l5Y0gdYB6pXvpqn9eDmpy',#6,'M_Single-Flush:700:847088:1',$,'Opening',#10659,#10656,'847088');
#10661=IFCRELVOIDSELEMENT('1ZbzvERVP2EPsD9nk40DHE',#6,$,$,#827,#10660);
#10662=IFCRELFILLSELEMENT('0ZE18tvMJcAuzptrnT7Y0v',#6,$,$,#10660,#1117);
#10663=IFCAXIS2PLACEMENT3D(#10,$,$);
#10664=IFCLOCALPLACEMENT(#10659,#10663);
#10665=IFCCARTESIANPOINT((1059.9999999999998,275.00000000000011));
#10666=IFCAXIS2PLACEMENT2D(#10665,#12);
#10667=IFCRECTANGLEPROFILEDEF(.AREA.,$,#10666,549.99999999999977,2119.9999999999995);
#10668=IFCAXIS2PLACEMENT3D(#10,#263,#43);
#10669=IFCEXTRUDEDAREASOLID(#10667,#10668,#43,100.);
#10670=IFCSHAPEREPRESENTATION(#15,'Body','SweptSolid',(#10669));
#10671=IFCPRODUCTDEFINITIONSHAPE($,$,(#10670));
#10672=IFCCARTESIANPOINT((732.92823243173234,50.,0.));
#10673=IFCAXIS2PLACEMENT3D(#10672,$,$);
#10674=IFCLOCALPLACEMENT(#869,#10673);
#10675=IFCOPENINGELEMENT('2hPdopSK_118PtsE3G$R1_',#6,'M_Single-Flush:550:847109:1',$,'Opening',#10674,#10671,'847109');
#10676=IFCRELVOIDSELEMENT('1ZbzvERVP2EPsD9nk40DMx',#6,$,$,#884,#10675);
#10677=IFCRELFILLSELEMENT('06tsZz7DoRpz3z1IVmWDXN',#6,$,$,#10675,#1283);
#10678=IFCAXIS2PLACEMENT3D(#10,#43,#780);
#10679=IFCLOCALPLACEMENT(#10674,#10678);
#10680=IFCCARTESIANPOINT((1029.9999999999998,399.99999999999994));
#10681=IFCAXIS2PLACEMENT2D(#10680,#12);
#10682=IFCRECTANGLEPROFILEDEF(.AREA.,$,#10681,799.99999999999977,2059.9999999999995);
#10683=IFCAXIS2PLACEMENT3D(#10,#88,#43);
#10684=IFCEXTRUDEDAREASOLID(#10682,#10683,#43,100.);
#10685=IFCSHAPEREPRESENTATION(#15,'Body','SweptSolid',(#10684));
#10686=IFCPRODUCTDEFINITIONSHAPE($,$,(#10685));
#10687=IFCCARTESIANPOINT((247.01941767108309,-50.,0.));
#10688=IFCAXIS2PLACEMENT3D(#10687,$,$);
#10689=IFCLOCALPLACEMENT(#922,#10688);
#10690=IFCOPENINGELEMENT('0NnaXPv8Mq3Ixxw1FFfDDh',#6,'M_Single-Flush:800:847097:1',$,'Opening',#10689,#10686,'847097');
#10691=IFCRELVOIDSELEMENT('1ZbzvERVP2EPsD9nk40DH7',#6,$,$,#941,#10690);
#10692=IFCRELFILLSELEMENT('1Iho9O8LG2oke9QzR0iwqr',#6,$,$,#10690,#1172);
#10693=IFCAXIS2PLACEMENT3D(#10,$,$);
#10694=IFCLOCALPLACEMENT(#10689,#10693);
#10695=IFCCARTESIANPOINT((1029.9999999999998,375.00000000000006));
#10696=IFCAXIS2PLACEMENT2D(#10695,#12);
#10697=IFCRECTANGLEPROFILEDEF(.AREA.,$,#10696,749.99999999999977,2059.9999999999995);
#10698=IFCAXIS2PLACEMENT3D(#10,#88,#43);
#10699=IFCEXTRUDEDAREASOLID(#10697,#10698,#43,99.999999999999957);
#10700=IFCSHAPEREPRESENTATION(#15,'Body','SweptSolid',(#10699));
#10701=IFCPRODUCTDEFINITIONSHAPE($,$,(#10700));
#10702=IFCCARTESIANPOINT((508.09287428702572,-50.,0.));
#10703=IFCAXIS2PLACEMENT3D(#10702,$,$);
#10704=IFCLOCALPLACEMENT(#953,#10703);
#10705=IFCOPENINGELEMENT('2Y7iQr_XGVrckDwapOi1lt',#6,'M_Single-Flush:750:847102:1',$,'Opening',#10704,#10701,'847102');
#10706=IFCRELVOIDSELEMENT('1ZbzvERVP2EPsD9nk40DH0',#6,$,$,#970,#10705);
#10707=IFCRELFILLSELEMENT('24vkAL5v1lyrz2YxwhxiRv',#6,$,$,#10705,#1228);
#10708=IFCAXIS2PLACEMENT3D(#10,$,$);
#10709=IFCLOCALPLACEMENT(#10704,#10708);
#10710=IFCCARTESIANPOINT((1059.9999999999998,250.00000000000043));
#10711=IFCAXIS2PLACEMENT2D(#10710,#10620);
#10712=IFCRECTANGLEPROFILEDEF(.AREA.,$,#10711,500.00000000000028,2119.9999999999995);
#10713=IFCAXIS2PLACEMENT3D(#10,#263,#43);
#10714=IFCEXTRUDEDAREASOLID(#10712,#10713,#43,100.);
#10715=IFCSHAPEREPRESENTATION(#15,'Body','SweptSolid',(#10714));
#10716=IFCPRODUCTDEFINITIONSHAPE($,$,(#10715));
#10717=IFCCARTESIANPOINT((829.94957168906365,50.,0.));
#10718=IFCAXIS2PLACEMENT3D(#10717,$,$);
#10719=IFCLOCALPLACEMENT(#1585,#10718);
#10720=IFCOPENINGELEMENT('1nSOG44yJtAI6i3BD$sVoq',#6,'M_Single-Flush:500:847380:1',$,'Opening',#10719,#10716,'847380');
#10721=IFCRELVOIDSELEMENT('1ZbzvERVP2EPsD9nk40DQg',#6,$,$,#1600,#10720);
#10722=IFCRELFILLSELEMENT('1ylMzfRHMpA6BiMTteS4cy',#6,$,$,#10720,#1656);
#10723=IFCAXIS2PLACEMENT3D(#10,#43,#780);
#10724=IFCLOCALPLACEMENT(#10719,#10723);
#10725=IFCUNITASSIGNMENT((#7,#8,#9,#995,#1065));
ENDSEC;

END-ISO-10303-21;